Date,FX
2010-01-05,1.6038647343
2010-01-06,1.5969285555
2010-01-07,1.5900400178
2010-01-08,1.5976046564
2010-01-11,1.6161975748
2010-01-12,1.6140213999000002
2010-01-13,1.6278783814
2010-01-14,1.6267265581
2010-01-15,1.6314624596
2010-01-19,1.6331922681
2010-01-20,1.6258628624
2010-01-21,1.6165517241
2010-01-22,1.6130320666
2010-01-25,1.6130172119
2010-01-26,1.6128478186
2010-01-27,1.622600173
2010-01-28,1.6247678737
2010-01-29,1.6116784952
2010-02-01,1.5903297708000002
2010-02-02,1.5950786838
2010-02-03,1.5959826524
2010-02-04,1.5859580804
2010-02-05,1.567821357
2010-02-08,1.560894875
2010-02-09,1.5629259428
2010-02-10,1.5617185724
2010-02-11,1.5633048433
2010-02-12,1.5616154643
2010-02-16,1.5679494543
2010-02-17,1.5795166858
2010-02-18,1.5587086397
2010-02-19,1.5392234999
2010-02-22,1.5489371377
2010-02-23,1.5424903431
2010-02-24,1.5438176638
2010-02-25,1.5312748326
2010-02-26,1.5201075388999998
2010-03-01,1.4916731003
2010-03-02,1.4947867821
2010-03-03,1.5061278569
2010-03-04,1.5102762431
2010-03-05,1.5049307478999998
2010-03-08,1.513962766
2010-03-09,1.4956972639
2010-03-10,1.4933070002000002
2010-03-11,1.5030816641
2010-03-12,1.5154684576
2010-03-15,1.5052169138
2010-03-16,1.513176756
2010-03-17,1.5349252399000002
2010-03-18,1.5279642058
2010-03-19,1.514589156
2010-03-22,1.4984427141
2010-03-23,1.5012770683
2010-03-24,1.490945674
2010-03-25,1.4932915921
2010-03-26,1.4830075522
2010-03-29,1.4977762953
2010-03-30,1.5092354192
2010-03-31,1.5148347943
2010-04-01,1.5220658869
2010-04-05,1.5220658869
2010-04-06,1.5181323663
2010-04-07,1.5178927006999998
2010-04-08,1.5195428571
2010-04-09,1.5348623853
2010-04-12,1.5393767705
2010-04-13,1.5414207898
2010-04-14,1.5447016111
2010-04-15,1.5437396706
2010-04-16,1.5431535743
2010-04-19,1.5254968768
2010-04-20,1.5386195094
2010-04-21,1.5388952819
2010-04-22,1.538967407
2010-04-23,1.5347630578
2010-04-26,1.5446428571000002
2010-04-27,1.5327835765
2010-04-28,1.5210151585
2010-04-29,1.5274529008000002
2010-04-30,1.5299322073
2010-05-03,1.5251152074
2010-05-04,1.516246742
2010-05-05,1.5114021752000002
2010-05-06,1.5098167151
2010-05-07,1.4683485974
2010-05-10,1.5009548059
2010-05-11,1.4771986971000002
2010-05-12,1.4935248411000002
2010-05-13,1.4756154748
2010-05-14,1.4574728736000002
2010-05-17,1.4436520925999998
2010-05-18,1.4468828221
2010-05-19,1.4299865975
2010-05-20,1.4268857011000002
2010-05-21,1.4358591371
2010-05-24,1.4358736059
2010-05-25,1.4345402265
2010-05-26,1.4401544402000002
2010-05-27,1.4481536189
2010-05-28,1.4570268838999998
2010-06-01,1.4562118126
2010-06-02,1.4659547663
2010-06-03,1.4679909058
2010-06-04,1.4574898785
2010-06-07,1.4502789231
2010-06-08,1.442183443
2010-06-09,1.4541712072
2010-06-10,1.4596461464
2010-06-11,1.4623176173
2010-06-14,1.4743620607
2010-06-15,1.4733173077
2010-06-16,1.4776433773
2010-06-17,1.4807761409
2010-06-18,1.480435563
2010-06-21,1.485553291
2010-06-22,1.4697841727
2010-06-23,1.491189695
2010-06-24,1.498106292
2010-06-25,1.4927149102
2010-06-28,1.5047560975999998
2010-06-29,1.5051826259
2010-06-30,1.5011315677
2010-07-01,1.4994830627000002
2010-07-02,1.5206010663999998
2010-07-06,1.5164556962
2010-07-07,1.5106382979
2010-07-08,1.5150789852000002
2010-07-09,1.5116028708000002
2010-07-12,1.5032882937
2010-07-13,1.511060351
2010-07-14,1.5225937912
2010-07-15,1.535092443
2010-07-16,1.5378245697
2010-07-19,1.5274077567
2010-07-20,1.5156056405
2010-07-21,1.5268330454
2010-07-22,1.5246796393000002
2010-07-23,1.5404921166
2010-07-26,1.5500149835
2010-07-27,1.5548795037
2010-07-28,1.5578871635
2010-07-29,1.5619696425999998
2010-07-30,1.5604263984
2010-08-02,1.5826876513
2010-08-03,1.5932754881
2010-08-04,1.5941574119
2010-08-05,1.5897745086
2010-08-06,1.5872786411000002
2010-08-09,1.595977842
2010-08-10,1.5724377395
2010-08-11,1.5723604735
2010-08-12,1.5586156471
2010-08-13,1.5585728203
2010-08-16,1.5613201802
2010-08-17,1.5625759416999998
2010-08-18,1.5644358071000002
2010-08-19,1.5643166169
2010-08-20,1.551825174
2010-08-23,1.5551475088999998
2010-08-24,1.5392408153
2010-08-25,1.5409896151
2010-08-26,1.5527555202
2010-08-27,1.5492322691
2010-08-30,1.5554194734
2010-08-31,1.537342386
2010-09-01,1.5402202034
2010-09-02,1.5392374662
2010-09-03,1.5403264522
2010-09-07,1.5324675325
2010-09-08,1.544553251
2010-09-09,1.5397190603
2010-09-10,1.5454214234
2010-09-13,1.5400625602000002
2010-09-14,1.5402133525
2010-09-15,1.5546379413999998
2010-09-16,1.5621118012
2010-09-17,1.562668262
2010-09-20,1.5595848741999998
2010-09-21,1.5518363002000002
2010-09-22,1.5624926926
2010-09-23,1.5664902998
2010-09-24,1.5715038959999998
2010-09-27,1.5847836312
2010-09-28,1.5838089075
2010-09-29,1.5793687631
2010-09-30,1.5870690156
2010-10-01,1.582065468
2010-10-04,1.5832948244
2010-10-05,1.5899388485
2010-10-06,1.5878982352000002
2010-10-07,1.5972103127
2010-10-08,1.5854188093
2010-10-11,1.5934141322
2010-10-12,1.5834478022
2010-10-13,1.5839763958000002
2010-10-14,1.6038444040000002
2010-10-15,1.6055840456
2010-10-18,1.5886589688
2010-10-19,1.5738133091
2010-10-20,1.5715419501
2010-10-21,1.5744776455
2010-10-22,1.5703820579
2010-10-25,1.5720127724
2010-10-26,1.586588356
2010-10-27,1.5822777555
2010-10-28,1.5920266544
2010-10-29,1.5953258116999998
2010-11-01,1.6066916643
2010-11-02,1.602240256
2010-11-03,1.6102493393
2010-11-04,1.6263058743
2010-11-05,1.6227676000000002
2010-11-08,1.6131911441
2010-11-09,1.6170928277
2010-11-10,1.6070490751
2010-11-11,1.6134730891999998
2010-11-12,1.6117315152
2010-11-15,1.6070291308000002
2010-11-16,1.5995299647
2010-11-17,1.5879615996
2010-11-18,1.6013846515
2010-11-19,1.5989242283
2010-11-22,1.5963270558000002
2010-11-23,1.5916032784999998
2010-11-24,1.58082484
2010-11-26,1.5656446076
2010-11-29,1.5575829384
2010-11-30,1.5517220796000002
2010-12-01,1.5626117002000002
2010-12-02,1.5577264653999998
2010-12-03,1.5620283019
2010-12-06,1.567516525
2010-12-07,1.5782449509999998
2010-12-08,1.5776263894
2010-12-09,1.5764733954
2010-12-10,1.582034283
2010-12-13,1.5723851852
2010-12-14,1.5831025747
2010-12-15,1.5664204479
2010-12-16,1.5611769562
2010-12-17,1.5566120796
2010-12-20,1.553651619
2010-12-21,1.5471010232
2010-12-22,1.5440414508000002
2010-12-23,1.5402027824000002
2010-12-27,1.5412413469
2010-12-28,1.5460776847
2010-12-29,1.5383534372
2010-12-30,1.543827017
2010-12-31,1.5523671217
2011-01-03,1.5497323844
2011-01-04,1.562852984
2011-01-05,1.5575857597999998
2011-01-06,1.5501480166
2011-01-07,1.5461052129
2011-01-10,1.5512142342
2011-01-11,1.5564370718
2011-01-12,1.560098611
2011-01-13,1.5793000299000002
2011-01-14,1.5850154358
2011-01-18,1.6000718004
2011-01-19,1.6015652793
2011-01-20,1.5969653864
2011-01-21,1.5939876216
2011-01-24,1.5935885391999998
2011-01-25,1.577262181
2011-01-26,1.58482479
2011-01-27,1.59571869
2011-01-28,1.5925194563999998
2011-01-31,1.5904286212
2011-02-01,1.6114104966999998
2011-02-02,1.620260594
2011-02-03,1.6196311788999995
2011-02-04,1.6089471199
2011-02-07,1.6130683171
2011-02-08,1.606764082
2011-02-09,1.6055294118
2011-02-10,1.604623732
2011-02-11,1.5991486343
2011-02-14,1.6
2011-02-15,1.6131343284
2011-02-16,1.6047036465
2011-02-17,1.6125579736000002
2011-02-18,1.6232281119999998
2011-02-22,1.6157902204
2011-02-23,1.6232415179
2011-02-24,1.6178785387
2011-02-25,1.6090260727
2011-02-28,1.6221857411000002
2011-03-01,1.6276194961
2011-03-02,1.6288039632
2011-03-03,1.6269235287
2011-03-04,1.6265951868
2011-03-07,1.6292682927000002
2011-03-08,1.6151074956
2011-03-09,1.6214202561000002
2011-03-10,1.6130990602000002
2011-03-11,1.5992800743
2011-03-14,1.6108095622999998
2011-03-15,1.6006456076
2011-03-16,1.6085552865
2011-03-17,1.6143869964
2011-03-18,1.6170748455
2011-03-21,1.6283124928
2011-03-22,1.6375893063
2011-03-23,1.6250143695
2011-03-24,1.6162910422
2011-03-25,1.6079972659
2011-03-28,1.5977227441
2011-03-29,1.5957796812
2011-03-30,1.6031402890000002
2011-03-31,1.607672287
2011-04-01,1.6041973908000002
2011-04-04,1.6164368012
2011-04-05,1.6229592713999998
2011-04-06,1.6296296296
2011-04-07,1.6306656011000005
2011-04-08,1.6347125263
2011-04-11,1.6335445903
2011-04-12,1.6286791603
2011-04-13,1.6287929872
2011-04-14,1.6318413598
2011-04-15,1.6349852908000002
2011-04-18,1.6267806268
2011-04-19,1.628929385
2011-04-20,1.636968535
2011-04-21,1.6548280949
2011-04-25,1.6548280949
2011-04-26,1.6476356873
2011-04-27,1.6547833935
2011-04-28,1.6644914491
2011-04-29,1.6664797578
2011-05-02,1.6685784975
2011-05-03,1.6478064552
2011-05-04,1.6537393044
2011-05-05,1.6484727091
2011-05-06,1.6405702002000002
2011-05-09,1.6374182542
2011-05-10,1.635493792
2011-05-11,1.6488084984
2011-05-12,1.626501178
2011-05-13,1.6265163163999998
2011-05-16,1.620974212
2011-05-17,1.623439111
2011-05-18,1.6155112700999998
2011-05-19,1.6186315669999998
2011-05-20,1.6232825950999998
2011-05-23,1.611957459
2011-05-24,1.6141375952
2011-05-25,1.622347786
2011-05-26,1.631318365
2011-05-27,1.6456134279
2011-05-31,1.6495613784
2011-06-01,1.6427797731
2011-06-02,1.6376918285
2011-06-03,1.6324507041999998
2011-06-06,1.6394473772999998
2011-06-07,1.6417726483
2011-06-08,1.6360174712
2011-06-09,1.6431302001
2011-06-10,1.6305718145
2011-06-13,1.6300249830000002
2011-06-14,1.6399545969999998
2011-06-15,1.6246447653
2011-06-16,1.6095053125
2011-06-17,1.6168139588
2011-06-20,1.6185332575
2011-06-21,1.6209540994999998
2011-06-22,1.6120255291
2011-06-23,1.5975719424
2011-06-24,1.6003601372999998
2011-06-27,1.5966055974000002
2011-06-28,1.5948333706
2011-06-29,1.6031340298
2011-06-30,1.6013517256999998
2011-07-01,1.6008839779
2011-07-05,1.6096393588999998
2011-07-06,1.6000447002
2011-07-07,1.5970182715
2011-07-08,1.5944917152000002
2011-07-11,1.5960031793
2011-07-12,1.5833002889
2011-07-13,1.5950357021
2011-07-14,1.612123276
2011-07-15,1.6120797721
2011-07-18,1.6085437783
2011-07-19,1.6111047901
2011-07-20,1.6132402203
2011-07-21,1.61852737
2011-07-22,1.6303387334
2011-07-25,1.6294617563999998
2011-07-26,1.6400521335
2011-07-27,1.6358283319999998
2011-07-28,1.6317656482
2011-07-29,1.6299937132
2011-08-01,1.6389062589
2011-08-02,1.6253727919
2011-08-03,1.6388745631
2011-08-04,1.6327959149000002
2011-08-05,1.6287900581
2011-08-08,1.6367506616
2011-08-09,1.6340625358
2011-08-10,1.6246748841
2011-08-11,1.6150508165000002
2011-08-12,1.6260626462
2011-08-15,1.6315849487
2011-08-16,1.6346044394
2011-08-17,1.6496125798
2011-08-18,1.6504709396
2011-08-19,1.6541137239
2011-08-22,1.6497453214
2011-08-23,1.650913242
2011-08-24,1.6455364269
2011-08-25,1.6368588289
2011-08-26,1.6261502850999998
2011-08-29,1.6376893511
2011-08-30,1.6298308154
2011-08-31,1.63166215
2011-09-01,1.6210848842
2011-09-02,1.6219137558
2011-09-06,1.6074563904
2011-09-07,1.5986332574000002
2011-09-08,1.6019162769
2011-09-09,1.5956807944999998
2011-09-12,1.5876300645
2011-09-13,1.5808376296000002
2011-09-14,1.5789534215
2011-09-15,1.5802737843
2011-09-16,1.5785247218
2011-09-19,1.5713627462
2011-09-20,1.5717069815
2011-09-21,1.5617913183
2011-09-22,1.5399942743
2011-09-23,1.5395196882
2011-09-26,1.5524379025
2011-09-27,1.5611634859
2011-09-28,1.5636363636
2011-09-29,1.5637741917
2011-09-30,1.5580684244
2011-10-03,1.5503722662
2011-10-04,1.5389375365
2011-10-05,1.5454229432
2011-10-06,1.5308029534
2011-10-07,1.5534227567
2011-10-10,1.5643917597
2011-10-11,1.5636635256
2011-10-12,1.5726280916
2011-10-13,1.5672775019
2011-10-14,1.5783036122999998
2011-10-17,1.5762013730000002
2011-10-18,1.5715927372999998
2011-10-19,1.5804331676
2011-10-20,1.5779428571
2011-10-21,1.5900893114
2011-10-24,1.5942929466999998
2011-10-25,1.5995862545
2011-10-26,1.597316206
2011-10-27,1.6019627981
2011-10-28,1.6102803206999998
2011-10-31,1.6035963807
2011-11-01,1.5935216044
2011-11-02,1.602158023
2011-11-03,1.6028162458000002
2011-11-04,1.5991872279
2011-11-07,1.6043430039
2011-11-08,1.6068993647999998
2011-11-09,1.5966504655000002
2011-11-10,1.5955938361000002
2011-11-11,1.5931372549
2011-11-14,1.5945598878999998
2011-11-15,1.5855644736
2011-11-16,1.5783682547
2011-11-17,1.5784543326
2011-11-18,1.5821921799
2011-11-21,1.5648837209
2011-11-22,1.5634746448
2011-11-23,1.5560850866
2011-11-25,1.5457147865
2011-11-28,1.5553484036
2011-11-29,1.5622327652
2011-11-30,1.5678896938999998
2011-12-01,1.5704807357
2011-12-02,1.5706812369
2011-12-05,1.5643875473
2011-12-06,1.5637149028
2011-12-07,1.5600909674
2011-12-08,1.572467167
2011-12-09,1.5687745413999998
2011-12-12,1.5626179244999998
2011-12-13,1.557577548
2011-12-14,1.5486293206
2011-12-15,1.5510811938
2011-12-16,1.5542204509
2011-12-19,1.5526315788999998
2011-12-20,1.5623804971000002
2011-12-21,1.5684248468000002
2011-12-22,1.5672072072
2011-12-23,1.5672788381
2011-12-27,1.5679664067
2011-12-28,1.5672500599
2011-12-29,1.5417464115
2011-12-30,1.5490243026
2012-01-03,1.5583762424
2012-01-04,1.5579352665000001
2012-01-05,1.5521016027
2012-01-06,1.545982575
2012-01-09,1.5446601941999998
2012-01-10,1.546486356
2012-01-11,1.5398958712000002
2012-01-12,1.5334416953
2012-01-13,1.5327652424
2012-01-17,1.5401288458000002
2012-01-18,1.5387659650999999
2012-01-19,1.545117281
2012-01-20,1.5471879122
2012-01-23,1.5565919283
2012-01-24,1.5579918524
2012-01-25,1.5554353705000001
2012-01-26,1.5686157518000001
2012-01-27,1.5707713449
2012-01-30,1.5685570711
2012-01-31,1.5777751168
2012-02-01,1.5850577478
2012-02-02,1.5820697155
2012-02-03,1.5813506368999999
2012-02-06,1.5749305638999995
2012-02-07,1.5794989159000001
2012-02-08,1.5897957962
2012-02-09,1.5882388095
2012-02-10,1.5770656463
2012-02-13,1.5800202658000002
2012-02-14,1.5721363338
2012-02-15,1.5682798275
2012-02-16,1.5670227533
2012-02-17,1.5833233065
2012-02-21,1.5808225728999998
2012-02-22,1.5671641791
2012-02-23,1.571918213
2012-02-24,1.5813240581999999
2012-02-27,1.5843786981999999
2012-02-28,1.5867437197999998
2012-02-29,1.5929612513
2012-03-01,1.5944424482
2012-03-02,1.5872463072
2012-03-05,1.5838974419999998
2012-03-06,1.5798450544
2012-03-07,1.5714456821
2012-03-08,1.5789661956999999
2012-03-09,1.5779651893000002
2012-03-12,1.5632745472
2012-03-13,1.5623093030000001
2012-03-14,1.5710849169999999
2012-03-15,1.5666206731
2012-03-16,1.5811934901
2012-03-19,1.5873015872999998
2012-03-20,1.5859168469
2012-03-21,1.5839271813
2012-03-22,1.5801032041
2012-03-23,1.583403085
2012-03-26,1.589559387
2012-03-27,1.5950472544999998
2012-03-28,1.5896305125
2012-03-29,1.5879396984999998
2012-03-30,1.601630891
2012-04-02,1.6026713194
2012-04-03,1.5993033450999998
2012-04-04,1.5862401931
2012-04-05,1.5855374909
2012-04-09,1.5855374909
2012-04-10,1.5859233281
2012-04-11,1.5898056783
2012-04-12,1.5948829878
2012-04-13,1.5940834141999998
2012-04-16,1.5830801021
2012-04-17,1.5948506194
2012-04-18,1.598364158
2012-04-19,1.6015175621000002
2012-04-20,1.6112366412
2012-04-23,1.608008817
2012-04-24,1.6140544518000002
2012-04-25,1.6116670735
2012-04-26,1.6186918177
2012-04-27,1.6225929106
2012-04-30,1.6254382188
2012-05-01,1.6254382188
2012-05-02,1.6170186565
2012-05-03,1.6176271186000002
2012-05-04,1.6173409693
2012-05-07,1.6160551538999999
2012-05-08,1.6151032302000001
2012-05-09,1.6087955774
2012-05-10,1.6164879022
2012-05-11,1.6113531682
2012-05-14,1.607875
2012-05-15,1.6051743532
2012-05-16,1.5937441351
2012-05-17,1.5836663337
2012-05-18,1.5818204427000002
2012-05-21,1.5789473684
2012-05-22,1.5788302213
2012-05-23,1.5737195425
2012-05-24,1.5677632811000002
2012-05-25,1.5676621267
2012-05-29,1.5665499124000002
2012-05-30,1.5591350674000002
2012-05-31,1.5505688211000002
2012-06-01,1.5306832298
2012-06-04,1.5383759044999998
2012-06-05,1.5343497315
2012-06-06,1.548431105
2012-06-07,1.5576304724
2012-06-08,1.5431647998
2012-06-11,1.5530518757
2012-06-12,1.5540212726
2012-06-13,1.5545082475999998
2012-06-14,1.5510380623
2012-06-15,1.551422589
2012-06-18,1.5655086849000002
2012-06-19,1.5671882762
2012-06-20,1.57617866
2012-06-21,1.5701096722
2012-06-22,1.5591892563999998
2012-06-25,1.5554586785
2012-06-26,1.5601550775
2012-06-27,1.5599449931
2012-06-28,1.5544845716
2012-06-29,1.5604858701
2012-07-02,1.5660987438999998
2012-07-03,1.56649019
2012-07-05,1.5563627255
2012-07-06,1.5539234149
2012-07-09,1.5490171371
2012-07-10,1.5509405378
2012-07-11,1.5555414578
2012-07-12,1.5442556428999998
2012-07-13,1.5473015873
2012-07-16,1.5523967363999998
2012-07-17,1.5621700693
2012-07-18,1.5604591837000001
2012-07-19,1.5692209450999999
2012-07-20,1.5674182566
2012-07-23,1.5523211080000001
2012-07-24,1.5528580604
2012-07-25,1.5492849847
2012-07-26,1.5661727133
2012-07-27,1.5731528195
2012-07-30,1.5703019812
2012-07-31,1.5669366669
2012-08-01,1.5616507937000002
2012-08-02,1.5619939271
2012-08-03,1.5550193663
2012-08-06,1.5571069182
2012-08-07,1.5674313083000002
2012-08-08,1.5638945233000001
2012-08-09,1.5628255622
2012-08-10,1.5598524361000001
2012-08-13,1.5695477962
2012-08-14,1.5715012723
2012-08-15,1.5686174291
2012-08-16,1.5703050067
2012-08-17,1.5712921098
2012-08-20,1.5699789393
2012-08-21,1.5764571574000001
2012-08-22,1.5799961922
2012-08-23,1.5866514979
2012-08-24,1.5839665653
2012-08-27,1.5811922669
2012-08-28,1.5789606140999999
2012-08-29,1.5843647386000002
2012-08-30,1.5856402478
2012-08-31,1.5857906319
2012-09-04,1.5880570635
2012-09-05,1.5914468274
2012-09-06,1.5924899194
2012-09-07,1.5948286683000001
2012-09-10,1.5975990997
2012-09-11,1.6027826523
2012-09-12,1.6085817638
2012-09-13,1.61083037
2012-09-14,1.621772246
2012-09-17,1.6216618130000002
2012-09-18,1.6246421904
2012-09-19,1.6197832316
2012-09-20,1.6189059825
2012-09-21,1.6261424815
2012-09-24,1.6209839357
2012-09-25,1.6236032643
2012-09-26,1.6159265316
2012-09-27,1.6216148128999999
2012-09-28,1.6201992356000001
2012-10-01,1.6130527371
2012-10-02,1.615038721
2012-10-03,1.6112880065000001
2012-10-04,1.6109210772
2012-10-05,1.6186741363
2012-10-08,1.6029193469
2012-10-09,1.6032924866999998
2012-10-10,1.6012174668999999
2012-10-11,1.6042222912000002
2012-10-12,1.608183509
2012-10-15,1.6064152579
2012-10-16,1.6112140299000002
2012-10-17,1.6167590881
2012-10-18,1.6157162212
2012-10-19,1.603814211
2012-10-22,1.6038060159999998
2012-10-23,1.5983531002000002
2012-10-24,1.6011381913
2012-10-25,1.6142377934999999
2012-10-26,1.6110833749000002
2012-10-31,1.6111352223
2012-11-01,1.615513914
2012-11-02,1.6030439122
2012-11-05,1.5973246656
2012-11-06,1.5981022536000002
2012-11-07,1.5964428858000002
2012-11-08,1.5988952357
2012-11-09,1.5922232675
2012-11-12,1.5879052369
2012-11-13,1.5876946163999999
2012-11-14,1.5855968104
2012-11-15,1.583710969
2012-11-16,1.5882609508
2012-11-19,1.5888944222999999
2012-11-20,1.5918722425999998
2012-11-21,1.5932561901
2012-11-23,1.5935069743999999
2012-11-26,1.6005926292
2012-11-27,1.6038856577
2012-11-28,1.5976551365
2012-11-29,1.6031485571000001
2012-11-30,1.6016280216999998
2012-12-03,1.6078069203
2012-12-04,1.6117198080000001
2012-12-05,1.6091883237
2012-12-06,1.611141924
2012-12-07,1.6009180002
2012-12-10,1.6074092491
2012-12-11,1.6092395343
2012-12-12,1.6143608790000001
2012-12-13,1.6143447935
2012-12-14,1.6119531731
2012-12-17,1.6206896552
2012-12-18,1.6213090551
2012-12-19,1.6299473104
2012-12-20,1.6260741468000002
2012-12-21,1.6223286662
2012-12-24,1.6168807338999998
2012-12-26,1.6168807338999998
2012-12-27,1.6180021954
2012-12-28,1.613685048
2012-12-31,1.616713638
2013-01-02,1.6292383292
2013-01-03,1.6160345359000001
2013-01-04,1.6018712298
2013-01-07,1.6063816681
2013-01-08,1.6066298343
2013-01-09,1.6018649163
2013-01-10,1.6046255507
2013-01-11,1.6124878523
2013-01-14,1.6050288738999998
2013-01-15,1.6051791628999998
2013-01-16,1.5994458499000002
2013-01-17,1.6026855293
2013-01-18,1.5914954611
2013-01-22,1.5860179837000001
2013-01-23,1.5855834424000002
2013-01-24,1.5818224908
2013-01-25,1.5819826169
2013-01-28,1.5733177297
2013-01-29,1.57368791
2013-01-30,1.5776535011000001
2013-01-31,1.5810968495
2013-02-01,1.5833816874000002
2013-02-04,1.5723401787
2013-02-05,1.5742528201
2013-02-06,1.5660989456999999
2013-02-07,1.5707328386000001
2013-02-08,1.5801973179
2013-02-11,1.5689513766999998
2013-02-12,1.5598374927
2013-02-13,1.5565819861
2013-02-14,1.5507330696000001
2013-02-15,1.5486982799000002
2013-02-19,1.5466342255
2013-02-20,1.5309744647
2013-02-21,1.525804212
2013-02-22,1.5296096514
2013-02-25,1.5137103197
2013-02-26,1.51476891
2013-02-27,1.5157687634
2013-02-28,1.5213209733000002
2013-03-01,1.5034115878
2013-03-04,1.5054398147999999
2013-03-05,1.5159339381
2013-03-06,1.5079824155000001
2013-03-07,1.5040462428
2013-03-08,1.5028702641
2013-03-11,1.4878342016
2013-03-12,1.4895583704
2013-03-13,1.4958515787
2013-03-14,1.4943975972999999
2013-03-15,1.5145833333
2013-03-18,1.5100443822
2013-03-19,1.5124145586000002
2013-03-20,1.5136810103
2013-03-21,1.515880937
2013-03-22,1.5182926828999999
2013-03-25,1.5189055894999999
2013-03-26,1.5148409894
2013-03-27,1.5107377388999998
2013-03-28,1.5143093661000002
2013-04-01,1.5143093661000002
2013-04-02,1.5161176053999998
2013-04-03,1.5120226308000002
2013-04-04,1.5125376128
2013-04-05,1.5244376399000001
2013-04-08,1.530407192
2013-04-09,1.5309656588999998
2013-04-10,1.5308844174
2013-04-11,1.5397887324000001
2013-04-12,1.5360715547
2013-04-15,1.5337085239
2013-04-16,1.5321507761000002
2013-04-17,1.5243236966999998
2013-04-18,1.5260879738
2013-04-19,1.5349953184
2013-04-22,1.5224804391
2013-04-23,1.5252744672
2013-04-24,1.5256304985
2013-04-25,1.5464648853
2013-04-26,1.5475
2013-04-29,1.5536729858000002
2013-04-30,1.5482648347999999
2013-05-01,1.5482648347999999
2013-05-02,1.5581148122
2013-05-03,1.5554501244999999
2013-05-06,1.5546198553
2013-05-07,1.5525941719999998
2013-05-08,1.5509505254
2013-05-09,1.5564635518
2013-05-10,1.5383157644999998
2013-05-13,1.5369032105000002
2013-05-14,1.5300359606
2013-05-15,1.5198487713
2013-05-16,1.5245416913
2013-05-17,1.5234092927
2013-05-20,1.5199858088999998
2013-05-21,1.5152514427000001
2013-05-22,1.5102255463
2013-05-23,1.5071040168
2013-05-24,1.5098897252
2013-05-28,1.5126856074000001
2013-05-29,1.5114067331999999
2013-05-30,1.5126796775
2013-05-31,1.5235752358
2013-06-03,1.5271190419999998
2013-06-04,1.5297966815000001
2013-06-05,1.5353974502
2013-06-06,1.5449299258000002
2013-06-07,1.5576177611000002
2013-06-10,1.5532690499000001
2013-06-11,1.5543974703999999
2013-06-12,1.5652225169
2013-06-13,1.5673925838999998
2013-06-14,1.5623018203
2013-06-17,1.5735944782
2013-06-18,1.56201822
2013-06-19,1.5664874971
2013-06-20,1.5447630193000002
2013-06-21,1.5445915856
2013-06-24,1.5374493333
2013-06-25,1.5477256658
2013-06-26,1.5354869135
2013-06-27,1.5276052045
2013-06-28,1.5258982734
2013-07-01,1.5225693431
2013-07-02,1.5173097098
2013-07-03,1.5260244936000005
2013-07-05,1.49706583
2013-07-08,1.4914113278
2013-07-09,1.4863583815
2013-07-10,1.4895373169
2013-07-11,1.5116467725
2013-07-12,1.5108380665
2013-07-15,1.5047993524
2013-07-16,1.5090302541999998
2013-07-17,1.5218675781
2013-07-18,1.5208502730000002
2013-07-19,1.5260189546
2013-07-22,1.5327124562999999
2013-07-23,1.5333604793
2013-07-24,1.5355900765000001
2013-07-25,1.5285400023
2013-07-26,1.5399802566999998
2013-07-29,1.5369469538999998
2013-07-30,1.5315616533
2013-07-31,1.5197481397
2013-08-01,1.5227795674000002
2013-08-02,1.5152349802
2013-08-05,1.5339311541999998
2013-08-06,1.5339301184
2013-08-07,1.5479029725
2013-08-08,1.5498839907
2013-08-09,1.5525628374
2013-08-12,1.5467039366
2013-08-13,1.5461578733
2013-08-14,1.5499765918000001
2013-08-15,1.5583030587
2013-08-16,1.5634339291
2013-08-19,1.5645444953
2013-08-20,1.5664990057
2013-08-21,1.5691423882
2013-08-22,1.5581544938999998
2013-08-23,1.5545338144999998
2013-08-26,1.5563191613
2013-08-27,1.5493088628
2013-08-28,1.546223355
2013-08-29,1.5517604398
2013-08-30,1.549856549
2013-09-03,1.5545851528
2013-09-04,1.5609149087
2013-09-05,1.565887795
2013-09-06,1.5578384797999998
2013-09-09,1.5682871746
2013-09-10,1.5690922019
2013-09-11,1.5768956501
2013-09-12,1.5802615933000002
2013-09-13,1.5829265388999998
2013-09-16,1.5929636255000001
2013-09-17,1.59056806
2013-09-18,1.5975113663999998
2013-09-19,1.6086698337
2013-09-20,1.6019440493000001
2013-09-23,1.6058966891
2013-09-24,1.5957409009
2013-09-25,1.6044674152
2013-09-26,1.6035875505000001
2013-09-27,1.611547619
2013-09-30,1.6153340111
2013-10-01,1.6242061114
2013-10-02,1.6203093154
2013-10-03,1.6194901119999998
2013-10-04,1.6050301098
2013-10-07,1.6086286595
2013-10-08,1.6111078146000002
2013-10-09,1.5967627599
2013-10-10,1.5955665605
2013-10-11,1.5978798587
2013-10-14,1.5989626311000005
2013-10-15,1.5942576947999998
2013-10-16,1.6031445797
2013-10-17,1.61184521
2013-10-18,1.6191208661
2013-10-21,1.6145304194
2013-10-22,1.6132609722
2013-10-23,1.6148426490999999
2013-10-24,1.617078599
2013-10-25,1.6172085926
2013-10-28,1.6151863136000002
2013-10-29,1.6070970001
2013-10-30,1.6070802664
2013-10-31,1.6044460127000002
2013-11-01,1.5956755479
2013-11-04,1.5972090822999998
2013-11-05,1.6058550518
2013-11-06,1.6085921694999998
2013-11-07,1.6061771422
2013-11-08,1.6080215504
2013-11-11,1.5981386469
2013-11-12,1.5901503492
2013-11-13,1.597213954
2013-11-14,1.6049692409
2013-11-15,1.6067804703
2013-11-18,1.6114687649000001
2013-11-19,1.6102564103
2013-11-20,1.6148749478
2013-11-21,1.6134131737000001
2013-11-22,1.6200862894999999
2013-11-25,1.6188308577000001
2013-11-26,1.6160085888
2013-11-27,1.6301180984
2013-11-29,1.6344641249
2013-12-02,1.6386417287000001
2013-12-03,1.6416394632
2013-12-04,1.6375903613999998
2013-12-05,1.6352700588999998
2013-12-06,1.6344819335
2013-12-09,1.6381543604
2013-12-10,1.6438519935
2013-12-11,1.6384409402000002
2013-12-12,1.6404668334
2013-12-13,1.6270001185
2013-12-16,1.6325176275
2013-12-17,1.6259460738
2013-12-18,1.636590882
2013-12-19,1.6369625105
2013-12-20,1.6357211308000001
2013-12-23,1.6356690938999998
2013-12-24,1.636783369
2013-12-26,1.636783369
2013-12-27,1.6511085878
2013-12-30,1.6478957437000001
2013-12-31,1.6541921555
2014-01-02,1.6491185704
2014-01-03,1.6417604913
2014-01-06,1.6382030590999999
2014-01-07,1.6412199963999998
2014-01-08,1.6423825056999999
2014-01-09,1.6484408113999998
2014-01-10,1.640942029
2014-01-13,1.6416977275
2014-01-14,1.643754886
2014-01-15,1.6388821971
2014-01-16,1.6339602235
2014-01-17,1.6441539579
2014-01-21,1.6417040903
2014-01-22,1.6564102563999998
2014-01-23,1.6597505324000001
2014-01-24,1.6508261971
2014-01-27,1.6554148233000001
2014-01-28,1.6587470377000002
2014-01-29,1.6552730811
2014-01-30,1.6477300315999999
2014-01-31,1.6455834906
2014-02-03,1.6343382975999998
2014-02-04,1.6306616006
2014-02-05,1.6273732276
2014-02-06,1.6283559578
2014-02-07,1.6326677893000001
2014-02-10,1.63997114
2014-02-11,1.6462232922
2014-02-12,1.6520204479
2014-02-13,1.6646378575999998
2014-02-14,1.6708721887
2014-02-18,1.6678003158
2014-02-19,1.6658586838
2014-02-20,1.6673965937000002
2014-02-21,1.6678631834
2014-02-24,1.665555084
2014-02-25,1.6692760483000002
2014-02-26,1.6686117188999998
2014-02-27,1.66465533
2014-02-28,1.6717700454
2014-03-03,1.6728023814
2014-03-04,1.6696580159999999
2014-03-05,1.6711695266
2014-03-06,1.6692980325
2014-03-07,1.6770066385
2014-03-10,1.6647877188999998
2014-03-11,1.6614683301
2014-03-12,1.6613231248
2014-03-13,1.6688012447999998
2014-03-14,1.6594752884000001
2014-03-17,1.6619061846
2014-03-18,1.6583561971
2014-03-19,1.6626434034
2014-03-20,1.6490324127
2014-03-21,1.6489170755000002
2014-03-24,1.6487909983000002
2014-03-25,1.6517728797
2014-03-26,1.654390595
2014-03-27,1.6621964480000002
2014-03-28,1.6633220503
2014-03-31,1.6648152619999999
2014-04-01,1.6630487216999998
2014-04-02,1.6660628019
2014-04-03,1.6597565385
2014-04-04,1.6571912423
2014-04-07,1.6591705961
2014-04-08,1.6711963116
2014-04-09,1.6745371775
2014-04-10,1.6763781431
2014-04-11,1.6731395488999998
2014-04-14,1.6711385062000002
2014-04-15,1.6728881348
2014-04-16,1.6798155116
2014-04-17,1.6808200897999999
2014-04-21,1.6808200897999999
2014-04-22,1.6839731871
2014-04-23,1.6790872679
2014-04-24,1.6792223572
2014-04-25,1.6808652853000001
2014-04-28,1.6846135147999999
2014-04-29,1.6815859888
2014-04-30,1.6828675577
2014-05-01,1.6828675577
2014-05-02,1.6876065254
2014-05-05,1.6859271141
2014-05-06,1.6982280947
2014-05-07,1.6969660046000001
2014-05-08,1.6947649702
2014-05-09,1.6862649128
2014-05-12,1.6886462614
2014-05-13,1.6835186437
2014-05-14,1.6777546778
2014-05-15,1.6755397447999998
2014-05-16,1.6809032891999998
2014-05-19,1.6836484163999998
2014-05-20,1.6832923833000002
2014-05-21,1.6896466518000002
2014-05-22,1.6865745311000002
2014-05-23,1.6840674615
2014-05-27,1.6816276202
2014-05-28,1.6748307692
2014-05-29,1.6712093309
2014-05-30,1.6734718977
2014-06-02,1.674375692
2014-06-03,1.6748496379
2014-06-04,1.6761377614
2014-06-05,1.6743181538
2014-06-06,1.6825357671
2014-06-09,1.6803111687
2014-06-10,1.6776470587999999
2014-06-11,1.6786864931999999
2014-06-12,1.6827963677000002
2014-06-13,1.6962025316
2014-06-16,1.6970152997
2014-06-17,1.6972729547
2014-06-18,1.6943160525
2014-06-19,1.7028192786
2014-06-20,1.7038244513999998
2014-06-23,1.7007755816999999
2014-06-24,1.6990642544999999
2014-06-25,1.6971019009000001
2014-06-26,1.7026654987
2014-06-27,1.7032451698
2014-06-30,1.7040548971
2014-07-01,1.7150732991
2014-07-02,1.7160090475
2014-07-03,1.7132454488
2014-07-07,1.7121622473
2014-07-08,1.7117843421
2014-07-09,1.7098862422
2014-07-10,1.7110873530000001
2014-07-11,1.7120010074
2014-07-14,1.7106452422999998
2014-07-15,1.7164292019
2014-07-16,1.7122611666
2014-07-17,1.7100771273
2014-07-18,1.7086728571
2014-07-21,1.7078963991999998
2014-07-22,1.7053763441
2014-07-23,1.7027061204
2014-07-24,1.7006880009999998
2014-07-25,1.6987928963999999
2014-07-28,1.6991967617
2014-07-29,1.6947248864
2014-07-30,1.6926866237
2014-07-31,1.6875630676
2014-08-01,1.6825775656
2014-08-04,1.6836427496000002
2014-08-05,1.6856027207
2014-08-06,1.6831683168
2014-08-07,1.683627204
2014-08-08,1.6804317811000002
2014-08-11,1.6782848546
2014-08-12,1.6776869893000002
2014-08-13,1.6706264849
2014-08-14,1.6682884232
2014-08-15,1.6690145235
2014-08-18,1.6724568858000002
2014-08-19,1.663738865
2014-08-20,1.6644530761
2014-08-21,1.659305599
2014-08-22,1.6577533425
2014-08-25,1.6589792251
2014-08-26,1.6571823378
2014-08-27,1.6595717884
2014-08-28,1.658653241
2014-08-29,1.6582421728
2014-09-02,1.6532207236
2014-09-03,1.6468599336
2014-09-04,1.6408219869
2014-09-05,1.6296016613
2014-09-08,1.6136349472999998
2014-09-09,1.6117426608
2014-09-10,1.6136037441
2014-09-11,1.6245287761000002
2014-09-12,1.6232739140999999
2014-09-15,1.6241273036000001
2014-09-16,1.6202452452
2014-09-17,1.6325604838999999
2014-09-18,1.6328808828999999
2014-09-19,1.6340750159
2014-09-22,1.632977371
2014-09-23,1.6402035623
2014-09-24,1.6395244790999999
2014-09-25,1.6289082522
2014-09-26,1.6308441143
2014-09-29,1.6227162387
2014-09-30,1.6188086968000002
2014-10-01,1.6195065536000002
2014-10-02,1.6143916155000002
2014-10-03,1.6066220949
2014-10-06,1.5991091313999999
2014-10-07,1.6080357143000001
2014-10-08,1.6067344346
2014-10-09,1.6206984127000001
2014-10-10,1.6034001522
2014-10-13,1.6090101523
2014-10-14,1.5916928886000001
2014-10-15,1.5918059569999998
2014-10-16,1.5996235884999999
2014-10-17,1.6119421747
2014-10-20,1.6139752338
2014-10-21,1.6154430380000002
2014-10-22,1.6048805159000001
2014-10-23,1.6028593116999998
2014-10-24,1.6050462787
2014-10-27,1.6108499555000002
2014-10-28,1.6175612231999998
2014-10-29,1.6103419937999999
2014-10-30,1.6003556911
2014-10-31,1.5969397513999999
2014-11-03,1.5999231607
2014-11-04,1.6004604169
2014-11-05,1.5912278465
2014-11-06,1.5921897857
2014-11-07,1.5819504723
2014-11-10,1.59016811
2014-11-11,1.5855028076
2014-11-12,1.582106599
2014-11-13,1.5743174924
2014-11-14,1.5654582075
2014-11-17,1.5641507072
2014-11-18,1.5654240681
2014-11-19,1.5675608078999999
2014-11-20,1.5695331080000001
2014-11-21,1.5682363338
2014-11-24,1.5677109650999999
2014-11-25,1.5669062934
2014-11-26,1.5772172703999998
2014-11-28,1.5695963787
2014-12-01,1.5729784282
2014-12-02,1.5655241935
2014-12-03,1.5684304247999998
2014-12-04,1.5660857397
2014-12-05,1.5685826672
2014-12-08,1.5625239006
2014-12-09,1.5653989749000001
2014-12-10,1.5691041469
2014-12-11,1.5678062319
2014-12-12,1.570977918
2014-12-15,1.5657762097
2014-12-16,1.5740112994
2014-12-17,1.5693393848
2014-12-18,1.5619834711000002
2014-12-19,1.5648018351
2014-12-22,1.5618550134
2014-12-23,1.5524342188999998
2014-12-24,1.5535918627
2014-12-26,1.5535918627
2014-12-29,1.5553430247
2014-12-30,1.5543908986000001
2014-12-31,1.5587366799000002
2015-01-02,1.5439743590000001
2015-01-05,1.5222946212000001
2015-01-06,1.519255292
2015-01-07,1.5123354212
2015-01-08,1.5065932659
2015-01-09,1.5146813693999999
2015-01-12,1.5150815043
2015-01-13,1.5169306037999999
2015-01-14,1.5187669288999999
2015-01-15,1.5260688216999998
2015-01-16,1.5173497447
2015-01-20,1.5161712714
2015-01-21,1.5112762352000002
2015-01-22,1.519884877
2015-01-23,1.4984611266999999
2015-01-26,1.5013018226
2015-01-27,1.5130143861
2015-01-28,1.5194213769
2015-01-29,1.5132062855000001
2015-01-30,1.5051258155
2015-02-02,1.5027903269
2015-02-03,1.5088533722
2015-02-04,1.5228845130000002
2015-02-05,1.5249933172999999
2015-02-06,1.5317810785
2015-02-09,1.5205664194
2015-02-10,1.5225067385
2015-02-11,1.5297458085
2015-02-12,1.535791757
2015-02-13,1.5377651668999999
2015-02-17,1.5355125101
2015-02-18,1.5425935974
2015-02-19,1.5431630302000001
2015-02-20,1.5375612412000002
2015-02-23,1.5367247008000002
2015-02-24,1.5424836600999998
2015-02-25,1.5483078603
2015-02-26,1.5500616353999999
2015-02-27,1.5443803243
2015-03-02,1.5392103097999998
2015-03-03,1.5349092908000002
2015-03-04,1.5324424852
2015-03-05,1.5265480622999998
2015-03-06,1.5184210526
2015-03-09,1.5112719176
2015-03-10,1.5064534231
2015-03-11,1.5035178736
2015-03-12,1.4966859399
2015-03-13,1.4780845858000002
2015-03-16,1.4804375263
2015-03-17,1.4771859157
2015-03-18,1.4650069156
2015-03-19,1.4864262843
2015-03-20,1.4853204686
2015-03-23,1.4911177916999998
2015-03-24,1.4910130718999999
2015-03-25,1.4915139172
2015-03-26,1.488671822
2015-03-27,1.4875308304
2015-03-30,1.4799399563
2015-03-31,1.4793070259999999
2015-04-01,1.476321208
2015-04-02,1.4803171132
2015-04-06,1.4803171132
2015-04-07,1.4887455394
2015-04-08,1.4953193833
2015-04-09,1.4823885525999998
2015-04-10,1.4591385975
2015-04-13,1.4625086625
2015-04-14,1.4637661078
2015-04-15,1.4758649553999998
2015-04-16,1.4899151481
2015-04-17,1.5021530768
2015-04-20,1.4902369537
2015-04-21,1.4887992208
2015-04-22,1.5069434703
2015-04-23,1.5023709902000002
2015-04-24,1.5119430087999999
2015-04-27,1.5110304384
2015-04-28,1.5282517483000002
2015-04-29,1.5363776009
2015-04-30,1.5432778313
2015-05-01,1.5432778313
2015-05-04,1.5113568602
2015-05-05,1.5125170068
2015-05-06,1.5225054230000001
2015-05-07,1.5225589225999998
2015-05-08,1.5413461538
2015-05-11,1.5483602000999999
2015-05-12,1.5688163037
2015-05-13,1.5641204349000002
2015-05-14,1.5791730051
2015-05-15,1.5709332963999998
2015-05-18,1.5665749656
2015-05-19,1.5487982268
2015-05-20,1.5534441805
2015-05-21,1.5682490491999999
2015-05-22,1.5640235359999999
2015-05-26,1.539740699
2015-05-27,1.5364922207
2015-05-28,1.5294778213999998
2015-05-29,1.5257301808000001
2015-06-01,1.5215849844
2015-06-02,1.5227115836000005
2015-06-03,1.5304467354
2015-06-04,1.5388903997999999
2015-06-05,1.5331419981
2015-06-08,1.5252801312
2015-06-09,1.5296437313
2015-06-10,1.5484623833000002
2015-06-11,1.5458298927
2015-06-12,1.5486542443
2015-06-15,1.5507326514
2015-06-16,1.5615427458000002
2015-06-17,1.5730822872999999
2015-06-18,1.5911818055000002
2015-06-19,1.5838239417
2015-06-22,1.5825080206
2015-06-23,1.5778059428
2015-06-24,1.5753020511000002
2015-06-25,1.5725512209
2015-06-26,1.5726519725
2015-06-29,1.5713479181
2015-06-30,1.5728141692
2015-07-01,1.5654749312
2015-07-02,1.5579332676
2015-07-06,1.5548022599000002
2015-07-07,1.5445810372
2015-07-08,1.5368743901
2015-07-09,1.5404124861000001
2015-07-10,1.5517480577
2015-07-13,1.5529163738999998
2015-07-14,1.5571710898
2015-07-15,1.5626685593
2015-07-16,1.5566537745
2015-07-17,1.5593584419
2015-07-20,1.5567350452000002
2015-07-21,1.5553170173
2015-07-22,1.5614437124
2015-07-23,1.5614707553
2015-07-24,1.5474607441
2015-07-27,1.5515644731
2015-07-28,1.5585241730000001
2015-07-29,1.563873529
2015-07-30,1.562767475
2015-07-31,1.5575912512
2015-08-03,1.5581957883000002
2015-08-04,1.5614372109999999
2015-08-05,1.5629757289
2015-08-06,1.5518962075999998
2015-08-07,1.5516947951
2015-08-10,1.5499929288999998
2015-08-11,1.5596783296
2015-08-12,1.560358092
2015-08-13,1.5633267661
2015-08-14,1.5634709587
2015-08-17,1.5622800844
2015-08-18,1.5705765408
2015-08-19,1.566321464
2015-08-20,1.5666853459999999
2015-08-21,1.5672409003
2015-08-24,1.5745001369
2015-08-25,1.5783264746
2015-08-26,1.5589280831
2015-08-27,1.5432166302
2015-08-28,1.5391339981
2015-08-31,1.5415171883
2015-09-01,1.5332969431999999
2015-09-02,1.5273442801
2015-09-03,1.5287950987
2015-09-04,1.5226247437
2015-09-08,1.5408614025
2015-09-09,1.5362019031999998
2015-09-10,1.5394673456999999
2015-09-11,1.5422940049
2015-09-14,1.5414507772
2015-09-15,1.5409746801
2015-09-16,1.5451730544
2015-09-17,1.5524600288
2015-09-18,1.5646752535
2015-09-21,1.5532238022999998
2015-09-22,1.5443721444999998
2015-09-23,1.5280252158
2015-09-24,1.5217273588999998
2015-09-25,1.5176590677000001
2015-09-28,1.5193144722999998
2015-09-29,1.5158977134
2015-09-30,1.5169939066
2015-10-01,1.5139133975999999
2015-10-02,1.5167164990000002
2015-10-05,1.5179681166999999
2015-10-06,1.5169617516
2015-10-07,1.5311225877
2015-10-08,1.5278305729
2015-10-09,1.5339543675
2015-10-12,1.5366842319
2015-10-13,1.5205882353
2015-10-14,1.5381504449
2015-10-15,1.546437745
2015-10-16,1.5443175639
2015-10-19,1.5488588219
2015-10-20,1.5469260065000001
2015-10-21,1.544972105
2015-10-22,1.546759639
2015-10-23,1.5404071988999999
2015-10-26,1.5327115812999998
2015-10-27,1.5332686443
2015-10-28,1.5293874172
2015-10-29,1.5250453466999998
2015-10-30,1.5339738234
2015-11-02,1.5468311834000001
2015-11-03,1.5390871486000002
2015-11-04,1.5414434734
2015-11-05,1.5272242491999999
2015-11-06,1.5138298613999999
2015-11-09,1.5090323484000001
2015-11-10,1.5119988706999998
2015-11-11,1.5178470255
2015-11-12,1.5184031709999999
2015-11-13,1.5223817269
2015-11-16,1.5192689147
2015-11-17,1.5205928459
2015-11-18,1.52175774
2015-11-19,1.5271506144999998
2015-11-20,1.52467903
2015-11-23,1.5133096085
2015-11-24,1.5082129708
2015-11-25,1.5085144282
2015-11-27,1.5051927728
2015-11-30,1.5009931896000002
2015-12-01,1.5065378056
2015-12-02,1.5033290834
2015-12-03,1.49831508
2015-12-04,1.5139563949000001
2015-12-07,1.5060610283000002
2015-12-08,1.4956677211000002
2015-12-09,1.5088953247999999
2015-12-10,1.5125086386000002
2015-12-11,1.5157807309
2015-12-14,1.5128099174
2015-12-15,1.5154440154
2015-12-16,1.5011671015
2015-12-17,1.4920176162999998
2015-12-18,1.4912063412999998
2015-12-21,1.4893471261000002
2015-12-22,1.4876392285
2015-12-23,1.4892223737999999
2015-12-24,1.4910106238
2015-12-28,1.4907187054
2015-12-29,1.4799000068000001
2015-12-30,1.480507866
2015-12-31,1.4833435519999998
2016-01-04,1.4764937
2016-01-05,1.4673311941
2016-01-06,1.4626906318000001
2016-01-07,1.4579113287
2016-01-08,1.4574806425
2016-01-11,1.4574660331
2016-01-12,1.4432605221
2016-01-13,1.4417488669999998
2016-01-14,1.4389125926
2016-01-15,1.4332239002
2016-01-19,1.421155179
2016-01-20,1.4164935065000002
2016-01-21,1.4113394315
2016-01-22,1.4323009846
2016-01-25,1.4250889445
2016-01-26,1.4241408765
2016-01-27,1.4332916475
2016-01-28,1.4303143202000002
2016-01-29,1.4291323125
2016-02-01,1.4302233903000001
2016-02-02,1.4393619826
2016-02-03,1.4513474048
2016-02-04,1.4630197794
2016-02-05,1.4552776876
2016-02-08,1.4372087002
2016-02-09,1.4415292835
2016-02-10,1.4557469481
2016-02-11,1.4410718821000001
2016-02-12,1.4504405994999998
2016-02-16,1.4392884763999998
2016-02-17,1.4307188283
2016-02-18,1.4368121541
2016-02-19,1.4277809947
2016-02-22,1.409199545
2016-02-23,1.4107841252000002
2016-02-24,1.3911446127
2016-02-25,1.3972377091
2016-02-26,1.3976760429
2016-02-29,1.3855942987999998
2016-03-01,1.3974293059
2016-03-02,1.4024027903
2016-03-03,1.4077613482
2016-03-04,1.4157944322999998
2016-03-07,1.4144218600999998
2016-03-08,1.4209875271
2016-03-09,1.4225708174
2016-03-10,1.4149984359999999
2016-03-11,1.4292158000000001
2016-03-14,1.4360438084
2016-03-15,1.4177237806
2016-03-16,1.4053092849000002
2016-03-17,1.4460865784999999
2016-03-18,1.4487187721
2016-03-21,1.4394084518
2016-03-22,1.4230232263
2016-03-23,1.4143191744999999
2016-03-24,1.4130076769
2016-03-28,1.4130076769
2016-03-29,1.4268961122
2016-03-30,1.441079155
2016-03-31,1.4383172256999999
2016-04-01,1.4309675804
2016-04-04,1.4271739948
2016-04-05,1.4180389222
2016-04-06,1.4028314028
2016-04-07,1.4076900208
2016-04-08,1.4075312771000001
2016-04-11,1.4226829878
2016-04-12,1.4273547093999999
2016-04-13,1.4231369980000002
2016-04-14,1.4142785319
2016-04-15,1.4180333019
2016-04-18,1.4171471547
2016-04-19,1.4362773029
2016-04-20,1.4385587863
2016-04-21,1.4429491822999998
2016-04-22,1.4377991958
2016-04-25,1.4507985574000002
2016-04-26,1.4567066324000002
2016-04-27,1.458922233
2016-04-28,1.45918446
2016-04-29,1.461454662
2016-05-02,1.4687915346
2016-05-03,1.4625235453
2016-05-04,1.4511124565
2016-05-05,1.4505452701
2016-05-06,1.4492073557
2016-05-09,1.4424415808000002
2016-05-10,1.4442610462
2016-05-11,1.444945414
2016-05-12,1.4436923233
2016-05-13,1.4408694990000002
2016-05-16,1.4370558376
2016-05-17,1.4482405630000001
2016-05-18,1.4556365748
2016-05-19,1.4620356467
2016-05-20,1.4568616248
2016-05-23,1.4481618739
2016-05-24,1.4596212408000002
2016-05-25,1.4680276588999999
2016-05-26,1.4700539687
2016-05-27,1.464751787
2016-05-31,1.4640677299
2016-06-01,1.4444530624
2016-06-02,1.4466929592
2016-06-03,1.4432296047
2016-06-06,1.4416920732
2016-06-07,1.4571135080000002
2016-06-08,1.4578208282
2016-06-09,1.4461103037
2016-06-10,1.4403669725
2016-06-13,1.4170911149
2016-06-14,1.4123405219
2016-06-15,1.4186816241
2016-06-16,1.4138397884
2016-06-17,1.4287165163999995
2016-06-20,1.4645557350999998
2016-06-21,1.4740407790999999
2016-06-22,1.4692745433
2016-06-23,1.4869116783
2016-06-24,1.3704024768
2016-06-27,1.3187050359999999
2016-06-28,1.3386121857
2016-06-29,1.3434282253
2016-06-30,1.3432546884
2016-07-01,1.3282834308
2016-07-05,1.3113404002
2016-07-06,1.2976553341
2016-07-07,1.3022271846
2016-07-08,1.2986403576
2016-07-11,1.2984006487
2016-07-12,1.3161673094
2016-07-13,1.3276097748
2016-07-14,1.3391989053
2016-07-15,1.3362954068000001
2016-07-18,1.3257448544
2016-07-19,1.3144729005
2016-07-20,1.3172657138
2016-07-21,1.3176625396
2016-07-22,1.3095068246
2016-07-25,1.3125373490999999
2016-07-26,1.3137020667000001
2016-07-27,1.3104023845000001
2016-07-28,1.3167893612000001
2016-07-29,1.3167061611
2016-08-01,1.3205583156
2016-08-02,1.3276005219
2016-08-03,1.334763437
2016-08-04,1.3162653807
2016-08-05,1.3154109185
2016-08-08,1.3050438467
2016-08-09,1.2972048853
2016-08-10,1.3074432143999999
2016-08-11,1.2962876868000002
2016-08-12,1.2966879721
2016-08-15,1.2898462106
2016-08-16,1.2973811165
2016-08-17,1.3014773777
2016-08-18,1.3152788912
2016-08-19,1.3088043265
2016-08-22,1.3109925787999999
2016-08-23,1.3185650329
2016-08-24,1.3236226947
2016-08-25,1.3193876359
2016-08-26,1.3212404915
2016-08-29,1.3067995695
2016-08-30,1.3112598333
2016-08-31,1.3126429734
2016-09-01,1.3261154075
2016-09-02,1.3283883219
2016-09-06,1.3358472497
2016-09-07,1.3382479040000002
2016-09-08,1.3358561968
2016-09-09,1.3325764564
2016-09-12,1.3289138798
2016-09-13,1.3268761134
2016-09-14,1.318554738
2016-09-15,1.3209230264
2016-09-16,1.3175592409
2016-09-19,1.3058479532
2016-09-20,1.2972521545
2016-09-21,1.3011564539
2016-09-22,1.3078847832
2016-09-23,1.2973911031
2016-09-26,1.2931450223999998
2016-09-27,1.2984157476
2016-09-28,1.3020833333
2016-09-29,1.3026770995
2016-09-30,1.2962382262999999
2016-10-03,1.2867908106000001
2016-10-04,1.2749600183
2016-10-05,1.2717372809
2016-10-06,1.266374557
2016-10-07,1.2329419056
2016-10-10,1.2390363051
2016-10-11,1.2278213071
2016-10-12,1.2245805089
2016-10-13,1.2206126286
2016-10-14,1.2236681126
2016-10-17,1.2150080124
2016-10-18,1.2273767655
2016-10-19,1.2289283396
2016-10-20,1.2258842444
2016-10-21,1.2187639946
2016-10-24,1.2235016570000001
2016-10-25,1.2216004854
2016-10-26,1.2211479348999998
2016-10-27,1.2255770654
2016-10-28,1.2148378844
2016-10-31,1.2155469184
2016-11-01,1.2226497954
2016-11-02,1.231915437
2016-11-03,1.2479415281
2016-11-04,1.2490991803
2016-11-07,1.2423629829
2016-11-08,1.2389996408
2016-11-09,1.2380096597
2016-11-10,1.2411004158
2016-11-11,1.2659491716
2016-11-14,1.2533581439
2016-11-15,1.2425263740999999
2016-11-16,1.2428289397
2016-11-17,1.2453663355
2016-11-18,1.2328052147
2016-11-21,1.2401283173
2016-11-22,1.2428736991
2016-11-23,1.2415537573
2016-11-25,1.2434551901000002
2016-11-28,1.2412224658
2016-11-29,1.2469492425
2016-11-30,1.2475073314
2016-12-01,1.2636447954
2016-12-02,1.2623512805
2016-12-05,1.2715046098
2016-12-06,1.2746704667
2016-12-07,1.2609436512
2016-12-08,1.2661921289
2016-12-09,1.2579972598
2016-12-12,1.262932062
2016-12-13,1.2708413185
2016-12-14,1.2677012494
2016-12-15,1.2463216823
2016-12-16,1.2443676243000001
2016-12-19,1.2386498693
2016-12-20,1.2341327491
2016-12-21,1.2370607787
2016-12-22,1.2338590584
2016-12-23,1.2249349187
2016-12-27,1.2245017585
2016-12-28,1.2218071609999999
2016-12-29,1.2254396249
2016-12-30,1.2311663435
2017-01-03,1.2280494294
2017-01-04,1.2286773795
2017-01-05,1.2290496255
2017-01-06,1.2363394358
2017-01-09,1.2134779598
2017-01-10,1.2154359328
2017-01-11,1.2110694725
2017-01-12,1.2296903608
2017-01-13,1.217731987
2017-01-17,1.2310173983
2017-01-18,1.2281045225
2017-01-19,1.2325111201
2017-01-20,1.2277845141
2017-01-23,1.2437897572
2017-01-24,1.244701795
2017-01-25,1.2590977814
2017-01-26,1.2567093007999999
2017-01-27,1.2540800751
2017-01-30,1.2515452993
2017-01-31,1.2490563846
2017-02-01,1.2631997940000002
2017-02-02,1.2557512664
2017-02-03,1.2487647216
2017-02-06,1.2463059919
2017-02-07,1.2365342290999999
2017-02-08,1.2500732579
2017-02-09,1.2565518862
2017-02-10,1.246218783
2017-02-13,1.2520909412
2017-02-14,1.2483254601
2017-02-15,1.2417939246
2017-02-16,1.2515568088
2017-02-17,1.2424171722
2017-02-21,1.2416921989
2017-02-22,1.2448786264
2017-02-23,1.2493500969
2017-02-24,1.2554583861
2017-02-27,1.2414399625
2017-02-28,1.2422484028
2017-03-01,1.2312098188
2017-03-02,1.2288452548
2017-03-03,1.2234381333
2017-03-06,1.2273464658
2017-03-07,1.2196978434
2017-03-08,1.2167878921
2017-03-09,1.2176150854999999
2017-03-10,1.2155873926
2017-03-13,1.2220082972
2017-03-14,1.2140972785
2017-03-15,1.2198959494
2017-03-16,1.2355719387000001
2017-03-17,1.2360132615000001
2017-03-20,1.2388095814
2017-03-21,1.2451442601
2017-03-22,1.245189538
2017-03-23,1.2502173333
2017-03-24,1.2476905312
2017-03-27,1.260257167
2017-03-28,1.2560291481
2017-03-29,1.244197488
2017-03-30,1.2458807148
2017-03-31,1.2496347293
2017-04-03,1.2504105090000002
2017-04-04,1.2439414643
2017-04-05,1.2487428371
2017-04-06,1.2461736184
2017-04-07,1.2422142498
2017-04-10,1.2395851644
2017-04-11,1.2441110981
2017-04-12,1.25
2017-04-13,1.2540849190999999
2017-04-17,1.2540849190999999
2017-04-18,1.2660148148
2017-04-19,1.2855088098
2017-04-20,1.280386082
2017-04-21,1.2778308648
2017-04-24,1.2787928799
2017-04-25,1.2823803693
2017-04-26,1.2829935338
2017-04-27,1.28891258
2017-04-28,1.2939045612
2017-05-01,1.2939045612
2017-05-02,1.2914103171
2017-05-03,1.293107532
2017-05-04,1.2890933758
2017-05-05,1.2939440443999999
2017-05-08,1.2949742497
2017-05-09,1.2915776987
2017-05-10,1.2957075668
2017-05-11,1.2854352843999999
2017-05-12,1.2857615737
2017-05-15,1.2919178598
2017-05-16,1.2879070201
2017-05-17,1.2965187474
2017-05-18,1.3037264389
2017-05-19,1.3012757834
2017-05-22,1.3019814019
2017-05-23,1.2970866151
2017-05-24,1.2963863794
2017-05-25,1.2959966716
2017-05-26,1.2840922124
2017-05-30,1.2873157974
2017-05-31,1.2843816174
2017-06-01,1.2861400894
2017-06-02,1.2853508731999999
2017-06-05,1.2910593366
2017-06-06,1.2906110283
2017-06-07,1.2906751968
2017-06-08,1.2943346205
2017-06-09,1.2752458979
2017-06-12,1.2672652324
2017-06-13,1.2735736588
2017-06-14,1.2736471123
2017-06-15,1.2740757645
2017-06-16,1.2769144569
2017-06-19,1.2796224777
2017-06-20,1.2656705581
2017-06-21,1.2694453934999999
2017-06-22,1.2667861356
2017-06-23,1.2724787882
2017-06-26,1.2737105773000001
2017-06-27,1.2762249632
2017-06-28,1.2849477549
2017-06-29,1.2970792135
2017-06-30,1.2978062843
2017-07-03,1.2962772932
2017-07-05,1.2912748618
2017-07-06,1.2935589061
2017-07-07,1.2896663954
2017-07-10,1.2874959013
2017-07-11,1.2913562354
2017-07-12,1.2874894574
2017-07-13,1.2942243383
2017-07-14,1.2974097269
2017-07-17,1.3061364025
2017-07-18,1.3015318765000001
2017-07-19,1.3033847545000001
2017-07-20,1.2945512748
2017-07-21,1.2991853588
2017-07-24,1.3036373811
2017-07-25,1.3081268527
2017-07-26,1.3042845141
2017-07-27,1.3142574569
2017-07-28,1.3095078598999998
2017-07-31,1.3114515768000001
2017-08-01,1.3206618962
2017-08-02,1.3227844562
2017-08-03,1.3131380234
2017-08-04,1.314576872
2017-08-07,1.3044728258
2017-08-08,1.3028518493999999
2017-08-09,1.2985676017
2017-08-10,1.2991816440000001
2017-08-11,1.2979204589
2017-08-14,1.2973002694
2017-08-15,1.2884963520000001
2017-08-16,1.2869121801
2017-08-17,1.2868694648
2017-08-18,1.2874501031
2017-08-21,1.2879169496
2017-08-22,1.28346036
2017-08-23,1.2806486275
2017-08-24,1.2832608695999999
2017-08-25,1.282321384
2017-08-28,1.29159085
2017-08-29,1.2959716022
2017-08-30,1.2917633284999999
2017-08-31,1.285703413
2017-09-01,1.2945967961
2017-09-05,1.2960540658
2017-09-06,1.304961281
2017-09-07,1.3096944302
2017-09-08,1.3213831792
2017-09-11,1.3216193886
2017-09-12,1.3276886446
2017-09-13,1.3274159769
2017-09-14,1.333550262
2017-09-15,1.3587678747999998
2017-09-18,1.3538349971
2017-09-19,1.3509060956
2017-09-20,1.3539693279
2017-09-21,1.3491613781
2017-09-22,1.3568147013999998
2017-09-25,1.3494734927
2017-09-26,1.3428652805
2017-09-27,1.3408325244
2017-09-28,1.3439835681999999
2017-09-29,1.3388827145
2017-10-02,1.3282363320000001
2017-10-03,1.3236403771
2017-10-04,1.327843367
2017-10-05,1.3170616805
2017-10-06,1.3075333668
2017-10-09,1.3168899602
2017-10-10,1.3194273571
2017-10-11,1.3186935681999998
2017-10-12,1.3139025877
2017-10-13,1.3272645537999999
2017-10-16,1.3298705396
2017-10-17,1.3190424911
2017-10-18,1.3159280042000001
2017-10-19,1.3175972833
2017-10-20,1.3186347255
2017-10-23,1.3177685487000002
2017-10-24,1.3169770332
2017-10-25,1.3259003409
2017-10-26,1.3204134367
2017-10-27,1.3093317387
2017-10-30,1.3198454194
2017-10-31,1.3247128726000001
2017-11-01,1.3288321794
2017-11-02,1.3130003383
2017-11-03,1.3109094385
2017-11-06,1.3112343025
2017-11-07,1.313296531
2017-11-08,1.3110118206
2017-11-09,1.3121523586
2017-11-10,1.3187733394
2017-11-13,1.3093980993
2017-11-14,1.3110453759
2017-11-15,1.316872428
2017-11-16,1.3198703789
2017-11-17,1.3195726352
2017-11-20,1.3246008545
2017-11-21,1.3240977197
2017-11-22,1.3229366062
2017-11-24,1.3326974865
2017-11-27,1.3372867133
2017-11-28,1.3277044383
2017-11-29,1.339517289
2017-11-30,1.346706825
2017-12-01,1.3488055382
2017-12-04,1.3525220861000002
2017-12-05,1.3434562217
2017-12-06,1.3377483444
2017-12-07,1.3382840532
2017-12-08,1.3415595544
2017-12-11,1.3366572237999998
2017-12-12,1.3360130808
2017-12-13,1.3350776406
2017-12-14,1.3435341356000001
2017-12-15,1.3377448925
2017-12-18,1.3371803011
2017-12-19,1.3359322034
2017-12-20,1.3411458333
2017-12-21,1.3360296520000001
2017-12-22,1.3382937404000002
2017-12-26,1.3382937404000002
2017-12-27,1.3426568691
2017-12-28,1.3444033886000002
2017-12-29,1.3517351758
2018-01-02,1.3563342439
2018-01-03,1.3563853791
2018-01-04,1.3540509297999999
2018-01-05,1.3551522787999999
2018-01-08,1.3542126158
2018-01-09,1.3517616404
2018-01-10,1.3524303597999998
2018-01-11,1.3490878472999999
2018-01-12,1.3639683985
2018-01-16,1.3763223047
2018-01-17,1.3778113991999998
2018-01-18,1.387062398
2018-01-19,1.3868613139
2018-01-22,1.3894533689
2018-01-23,1.394625982
2018-01-24,1.4167899705000002
2018-01-25,1.4254693352
2018-01-26,1.4239422912000002
2018-01-29,1.4076643166
2018-01-30,1.4126009326
2018-01-31,1.4170174041999999
2018-02-01,1.4235603290999999
2018-02-02,1.4219692658
2018-02-05,1.4045704995
2018-02-06,1.3870731845
2018-02-07,1.3913729913
2018-02-08,1.4000205684
2018-02-09,1.3830290737
2018-02-12,1.3840857788
2018-02-13,1.386743127
2018-02-14,1.3867924528
2018-02-15,1.4090909091
2018-02-16,1.4035561862
2018-02-20,1.3996007622
2018-02-21,1.3917683099
2018-02-22,1.3895837813999998
2018-02-23,1.3985672049000002
2018-02-26,1.4028695058
2018-02-27,1.3915158371
2018-02-28,1.3814398009
2018-03-01,1.3749435156
2018-03-02,1.3784146888
2018-03-05,1.3817222409
2018-03-06,1.3919138675
2018-03-07,1.3871728128999998
2018-03-08,1.3883641647999998
2018-03-09,1.3826735513
2018-03-12,1.3886443165
2018-03-13,1.3962774958000002
2018-03-14,1.3955771184
2018-03-15,1.394778481
2018-03-16,1.3938336374
2018-03-19,1.4052492778999999
2018-03-20,1.3995325771
2018-03-21,1.4056725741999998
2018-03-22,1.4123853211000001
2018-03-23,1.4144469267
2018-03-26,1.4224967908000001
2018-03-27,1.4073231749000001
2018-03-28,1.4152160265
2018-03-29,1.4082752315
2018-04-02,1.4082752315
2018-04-03,1.4062589262
2018-04-04,1.4018019253
2018-04-05,1.4028262486
2018-04-06,1.401454837
2018-04-09,1.4128238104
2018-04-10,1.4178222819
2018-04-11,1.4175824175999998
2018-04-12,1.420600611
2018-04-13,1.4255787037
2018-04-16,1.4306366738
2018-04-17,1.4321974965000002
2018-04-18,1.4221916078
2018-04-19,1.4236274791999999
2018-04-20,1.405008675
2018-04-23,1.3963943405
2018-04-24,1.3962820689
2018-04-25,1.3944838636
2018-04-26,1.3970149254
2018-04-27,1.3762827821999999
2018-04-30,1.3732378353999999
2018-05-01,1.3732378353999999
2018-05-02,1.3638119037
2018-05-03,1.3599455659
2018-05-04,1.3564911883000002
2018-05-07,1.3523463243
2018-05-08,1.3499374502
2018-05-09,1.3584538853
2018-05-10,1.3526933151
2018-05-11,1.3561363636000001
2018-05-14,1.3585675431
2018-05-15,1.3518771331000001
2018-05-16,1.3480061315
2018-05-17,1.3514596450999998
2018-05-18,1.3490981964
2018-05-21,1.341738932
2018-05-22,1.3449958944999998
2018-05-23,1.3311655089
2018-05-24,1.3407259217
2018-05-25,1.3336760338
2018-05-29,1.3263256945
2018-05-30,1.3293714286
2018-05-31,1.3342837590999999
2018-06-01,1.3308622263
2018-06-04,1.3387245788
2018-06-05,1.3359652134
2018-06-06,1.3417652223999998
2018-06-07,1.3431226808
2018-06-08,1.3397467316
2018-06-11,1.3370378771
2018-06-12,1.3368868727
2018-06-13,1.3336356422
2018-06-14,1.3377735707
2018-06-15,1.327989006
2018-06-18,1.3248531173
2018-06-19,1.315270318
2018-06-20,1.3175083639
2018-06-21,1.3205905917
2018-06-22,1.3287247756
2018-06-25,1.3289413903
2018-06-26,1.3239564428
2018-06-27,1.3174100915
2018-06-28,1.3085178491
2018-06-29,1.3157271034
2018-07-02,1.3129159616
2018-07-03,1.3203169213
2018-07-05,1.3258974069
2018-07-06,1.3233252440999999
2018-07-09,1.3344275284
2018-07-10,1.3259299509
2018-07-11,1.326258448
2018-07-12,1.3208252609
2018-07-13,1.3157716301
2018-07-16,1.3277444205
2018-07-17,1.3194702732999999
2018-07-18,1.3028793285
2018-07-19,1.2976774396
2018-07-20,1.3047123931
2018-07-23,1.3138948077
2018-07-24,1.3126555877
2018-07-25,1.3156265826
2018-07-26,1.3184785055
2018-07-27,1.3087826351
2018-07-30,1.3117772537999999
2018-07-31,1.3154001345
2018-08-01,1.3135669362
2018-08-02,1.3031577767
2018-08-03,1.3012914093
2018-08-06,1.2928987455
2018-08-07,1.296559123
2018-08-08,1.2864516845
2018-08-09,1.2889704247
2018-08-10,1.2775020909
2018-08-13,1.2765028546
2018-08-14,1.2772676372
2018-08-15,1.2701671715
2018-08-16,1.2704194507
2018-08-17,1.2716717834
2018-08-20,1.2762913789
2018-08-21,1.2817026967
2018-08-22,1.2917000267
2018-08-23,1.2883019204000001
2018-08-24,1.2847006652
2018-08-27,1.2873346982
2018-08-28,1.2913542126000002
2018-08-29,1.2883977901
2018-08-30,1.3026136946
2018-08-31,1.298306218
2018-09-04,1.2838393036
2018-09-05,1.2822159242
2018-09-06,1.2951995012000002
2018-09-07,1.3010361243000002
2018-09-10,1.29516454
2018-09-11,1.299456595
2018-09-12,1.3012760031000001
2018-09-13,1.3056179775
2018-09-14,1.3100147936
2018-09-17,1.3131926864
2018-09-18,1.3148162719
2018-09-19,1.3136590364
2018-09-20,1.3284795124
2018-09-21,1.3153243848
2018-09-24,1.3160365757999999
2018-09-25,1.3169695275
2018-09-26,1.3175797036
2018-09-27,1.3157924314
2018-09-28,1.3046320298
2018-10-01,1.3029030737
2018-10-02,1.2963399706
2018-10-03,1.2990606895999999
2018-10-04,1.2984872431999999
2018-10-05,1.3050530256
2018-10-08,1.3041699807
2018-10-09,1.3041742701
2018-10-10,1.31506724
2018-10-11,1.3230083438
2018-10-12,1.3206298494
2018-10-15,1.3153501051
2018-10-16,1.3228226
2018-10-17,1.3110466769
2018-10-18,1.3097230286
2018-10-19,1.3031129289
2018-10-22,1.2998586373
2018-10-23,1.3027933215
2018-10-24,1.2907868938
2018-10-25,1.2894626862
2018-10-26,1.2793188994
2018-10-29,1.2818173627
2018-10-30,1.2756315341
2018-10-31,1.2735026386
2018-11-01,1.2921189026
2018-11-02,1.2993057926
2018-11-05,1.2989090078
2018-11-06,1.3088543516
2018-11-07,1.3142569477
2018-11-08,1.3106478665999999
2018-11-09,1.3033439399
2018-11-12,1.2865022898
2018-11-13,1.2951866122
2018-11-14,1.2976748461
2018-11-15,1.2792802987
2018-11-16,1.2842105262999999
2018-11-19,1.2827363245999999
2018-11-20,1.2845863139
2018-11-21,1.2803564214
2018-11-23,1.2830018082999999
2018-11-26,1.2848258706
2018-11-27,1.2764231307
2018-11-28,1.2787126749
2018-11-29,1.2775004207
2018-11-30,1.2753177348
2018-12-03,1.2711160965000001
2018-12-04,1.2810752543000001
2018-12-06,1.2763971663
2018-12-07,1.2764213953
2018-12-10,1.2659981162
2018-12-11,1.2611384493
2018-12-12,1.2587784989
2018-12-13,1.2655818716
2018-12-14,1.2561919073999999
2018-12-17,1.2616531316
2018-12-18,1.2681268461
2018-12-19,1.2627604686
2018-12-20,1.2676149887000001
2018-12-21,1.2651998005
2018-12-24,1.2670205912999999
2018-12-26,1.2670205912999999
2018-12-27,1.2630866075
2018-12-28,1.268817919
2018-12-31,1.2800017886
2019-01-02,1.2640159706999998
2019-01-03,1.2565329081
2019-01-04,1.2671689559000001
2019-01-07,1.2756353099
2019-01-08,1.2747512341
2019-01-09,1.2740093201
2019-01-10,1.2756710129
2019-01-11,1.281230906
2019-01-14,1.2846308101000001
2019-01-15,1.2832350463
2019-01-16,1.2855852804999999
2019-01-17,1.2911851348
2019-01-18,1.2938439715999999
2019-01-22,1.2902272727
2019-01-23,1.3033607375
2019-01-24,1.3022908652
2019-01-25,1.3104643105
2019-01-28,1.3141055151
2019-01-29,1.3168847639
2019-01-30,1.3085492495
2019-01-31,1.3117449587999999
2019-02-01,1.3051838704
2019-02-04,1.3053445562000001
2019-02-05,1.3009806043
2019-02-06,1.2966882895
2019-02-07,1.2928774929
2019-02-08,1.2968339239
2019-02-11,1.2907607145
2019-02-12,1.2879539365000001
2019-02-13,1.2912178909
2019-02-14,1.28125533
2019-02-15,1.2804475881
2019-02-19,1.2954063198999999
2019-02-20,1.3045028466
2019-02-21,1.3079891711
2019-02-22,1.2978009007
2019-02-25,1.3077578661
2019-02-26,1.3202021963
2019-02-27,1.3316491819
2019-02-28,1.3299935924
2019-03-01,1.3240973384999999
2019-03-04,1.3217137861
2019-03-05,1.3118645638
2019-03-06,1.3149936024
2019-03-07,1.3124126688
2019-03-08,1.3063267563
2019-03-11,1.3038033395
2019-03-12,1.3088397469
2019-03-13,1.3161387983
2019-03-14,1.325268691
2019-03-15,1.3238892466
2019-03-18,1.3248890964
2019-03-19,1.3276756908
2019-03-20,1.315948076
2019-03-21,1.3141373341
2019-03-22,1.3158691349
2019-03-25,1.32242696
2019-03-26,1.3232157506
2019-03-27,1.3229869123
2019-03-28,1.3112033195000001
2019-03-29,1.3089828731
2019-04-01,1.3117280347
2019-04-02,1.3023255814
2019-04-03,1.3166647148000001
2019-04-04,1.3134234002
2019-04-05,1.3071051223
2019-04-08,1.3048977176
2019-04-09,1.3061910002
2019-04-10,1.3102470871
2019-04-11,1.3072138148999999
2019-04-12,1.3119712597
2019-04-15,1.3108162911
2019-04-16,1.3086005325
2019-04-17,1.3050708487
2019-04-18,1.3010292587
2019-04-22,1.3010292587
2019-04-23,1.3007518797
2019-04-24,1.2951643654
2019-04-25,1.2868629606
2019-04-26,1.2894371090999999
2019-04-29,1.291406069
2019-04-30,1.3006678416
2019-05-01,1.3006678416
2019-05-02,1.3047829629
2019-05-03,1.300343883
2019-05-06,1.3102843103
2019-05-07,1.3059723276000001
2019-05-08,1.3011208549
2019-05-09,1.2996980957
2019-05-10,1.3020289855
2019-05-13,1.3022582513
2019-05-14,1.2944662892
2019-05-15,1.2880672656
2019-05-16,1.2808844883
2019-05-17,1.2754152634
2019-05-20,1.2744807122
2019-05-21,1.2739413309
2019-05-22,1.2654055279
2019-05-23,1.2643586833
2019-05-24,1.2666727055
2019-05-28,1.2664501601
2019-05-29,1.264494191
2019-05-30,1.2626732292
2019-05-31,1.2572581827
2019-06-03,1.2621589293000002
2019-06-04,1.2671009037999998
2019-06-05,1.27009737
2019-06-06,1.2721606179
2019-06-07,1.271271497
2019-06-10,1.2662468626999999
2019-06-11,1.2706965258
2019-06-12,1.2750408198
2019-06-13,1.2691685029000002
2019-06-14,1.2644091006
2019-06-17,1.2593040983
2019-06-18,1.2513002919
2019-06-19,1.2589305774
2019-06-20,1.2682407044
2019-06-21,1.265417948
2019-06-24,1.2749958037
2019-06-25,1.2726155222
2019-06-26,1.2680379005
2019-06-27,1.2714138748000001
2019-06-28,1.2693101333
2019-07-01,1.2649635525
2019-07-02,1.2634862426
2019-07-03,1.2582729805
2019-07-05,1.2552534475
2019-07-08,1.2513249651
2019-07-09,1.2453459294
2019-07-10,1.2476647985
2019-07-11,1.2568214723
2019-07-12,1.2532855170000001
2019-07-15,1.2538804758
2019-07-16,1.2434079326
2019-07-17,1.2414212973
2019-07-18,1.2482610486
2019-07-19,1.2524125621
2019-07-22,1.2465543304
2019-07-23,1.2437938328
2019-07-24,1.2496774845
2019-07-25,1.2493958162
2019-07-26,1.2426226948
2019-07-29,1.2293930984
2019-07-30,1.2169814409
2019-07-31,1.2170524868
2019-08-01,1.2108612178
2019-08-02,1.2137041692000001
2019-08-05,1.2170222029
2019-08-06,1.2182293368000001
2019-08-07,1.2129546414
2019-08-08,1.2151115454
2019-08-09,1.20642103
2019-08-12,1.2086595044
2019-08-13,1.2088764408
2019-08-14,1.2072556192
2019-08-15,1.2137639746
2019-08-16,1.2167016357
2019-08-19,1.2123429020999998
2019-08-20,1.2088667693000001
2019-08-21,1.2129553771
2019-08-22,1.2159078442
2019-08-23,1.2232872320000001
2019-08-26,1.2241212228
2019-08-27,1.2278432023
2019-08-28,1.2202856105
2019-08-29,1.2230064840000001
2019-08-30,1.2185722961
2019-09-03,1.2033888981
2019-09-04,1.2207633926
2019-09-05,1.2344273275
2019-09-06,1.230211413
2019-09-09,1.2358443013
2019-09-10,1.2362821948
2019-09-11,1.2344473988
2019-09-12,1.2329059829
2019-09-13,1.245440158
2019-09-16,1.2462998531
2019-09-17,1.2414849177
2019-09-18,1.2458295762
2019-09-19,1.2471967093
2019-09-20,1.2501416751999999
2019-09-23,1.2434488301
2019-09-24,1.248170794
2019-09-25,1.2385528037
2019-09-26,1.2358623807
2019-09-27,1.2317240757999999
2019-09-30,1.2293814142
2019-10-01,1.2251138216
2019-10-02,1.2279420029
2019-10-03,1.2333596126000002
2019-10-04,1.2329720928
2019-10-07,1.233021143
2019-10-08,1.2234534217
2019-10-09,1.2221480245
2019-10-10,1.2234485054000002
2019-10-11,1.2617975731
2019-10-14,1.2537649319
2019-10-15,1.2643295274
2019-10-16,1.2736829945
2019-10-17,1.2797098111
2019-10-18,1.289292532
2019-10-21,1.300244385
2019-10-22,1.2932086214
2019-10-23,1.287265068
2019-10-24,1.2896347117
2019-10-25,1.2825931315
2019-10-28,1.2842878325
2019-10-29,1.2852145306
2019-10-30,1.2883990719
2019-10-31,1.2949740518000001
2019-11-01,1.2951120826
2019-11-04,1.2919136717
2019-11-05,1.2900491215
2019-11-06,1.289040252
2019-11-07,1.2814372643
2019-11-08,1.2806703962000001
2019-11-11,1.2876852921
2019-11-12,1.2835003496
2019-11-13,1.2833488806
2019-11-14,1.2840512359
2019-11-15,1.2881158067
2019-11-18,1.2962615727
2019-11-19,1.2944503523
2019-11-20,1.290205915
2019-11-21,1.2964651424
2019-11-22,1.2861130495
2019-11-25,1.2872595451
2019-11-26,1.2856559529
2019-11-27,1.2883557636
2019-11-29,1.2885890290000002
2019-12-02,1.2935060668
2019-12-03,1.2994131455
2019-12-04,1.309656069
2019-12-05,1.313365692
2019-12-06,1.3136300664
2019-12-09,1.3153987766
2019-12-10,1.3175454664
2019-12-11,1.3146180781999999
2019-12-12,1.3170529801000002
2019-12-13,1.338075394
2019-12-16,1.3362105137
2019-12-17,1.3170812291
2019-12-18,1.3068014814
2019-12-19,1.3067600766
2019-12-20,1.3034898336
2019-12-23,1.2921780931
2019-12-24,1.2954064512999999
2019-12-26,1.2954064512999999
2019-12-27,1.3101139434
2019-12-30,1.3131396113
2019-12-31,1.3204043253
2020-01-02,1.3194935634
2020-01-03,1.309639899
2020-01-06,1.3136184944
2020-01-07,1.3115292958
2020-01-08,1.3096809162
2020-01-09,1.3026909773
2020-01-10,1.307746728
2020-01-13,1.2973414179
2020-01-14,1.2982083207
2020-01-15,1.3003746367
2020-01-16,1.3067743068000002
2020-01-17,1.3052112097
2020-01-21,1.3071856992
2020-01-22,1.3130439931
2020-01-23,1.3125754456
2020-01-24,1.3088135875
2020-01-27,1.3069299889000001
2020-01-28,1.3007812962
2020-01-29,1.3006620951
2020-01-30,1.3101219961
2020-01-31,1.312978913
2020-02-03,1.3053376584999998
2020-02-04,1.301602262
2020-02-05,1.3053621334999999
2020-02-06,1.2969882714
2020-02-07,1.2947355995999998
2020-02-10,1.2940161649
2020-02-11,1.2927364364
2020-02-12,1.2983892075
2020-02-13,1.3033883058
2020-02-14,1.3029997116
2020-02-18,1.3033680786
2020-02-19,1.2988887285
2020-02-20,1.2869751908
2020-02-21,1.2933780386
2020-02-24,1.2904226259
2020-02-25,1.2961855793000001
2020-02-26,1.2923351159
2020-02-27,1.2899582328
2020-02-28,1.2866436148
2020-03-02,1.2767325198000001
2020-03-03,1.2776692334
2020-03-04,1.2809441566
2020-03-05,1.2907580478
2020-03-06,1.3005219984999998
2020-03-09,1.3110101506999998
2020-03-10,1.3034273617
2020-03-11,1.2927357737
2020-03-12,1.2682937838
2020-03-13,1.2466599304000001
2020-03-16,1.2271497393000002
2020-03-17,1.2091650793000002
2020-03-18,1.1860288534999999
2020-03-19,1.1615852019
2020-03-20,1.1762314892
2020-03-23,1.1598365064
2020-03-24,1.1773072747
2020-03-25,1.1832398938
2020-03-26,1.2021062311
2020-03-27,1.2231594665
2020-03-30,1.2411698538
2020-03-31,1.2359689992
2020-04-01,1.2362649785
2020-04-02,1.2430189884
2020-04-03,1.2276607854000001
2020-04-06,1.2290432802
2020-04-07,1.2356259862
2020-04-08,1.2360713149
2020-04-09,1.2410209559
2020-04-13,1.2410209559
2020-04-14,1.2564610959
2020-04-15,1.2476969731999998
2020-04-16,1.2491538841
2020-04-17,1.2485915979
2020-04-20,1.243373825
2020-04-21,1.2298002724
2020-04-22,1.2360100091
2020-04-23,1.2353211009
2020-04-24,1.2343139272
2020-04-27,1.2435969426
2020-04-28,1.2491099933
2020-04-29,1.2491099933
2020-04-30,1.2514815028
2020-05-01,1.2514815028
2020-05-04,1.2448519875
2020-05-05,1.2454628992
2020-05-06,1.2385820545
2020-05-07,1.2326527813
2020-05-08,1.2387045181999998
2020-05-11,1.2317496444
2020-05-12,1.2370546751
2020-05-13,1.2323644399
2020-05-14,1.2195039268
2020-05-15,1.2168405869
2020-05-18,1.2149899611
2020-05-19,1.2229854247
2020-05-20,1.2263031849
2020-05-21,1.2229967869
2020-05-22,1.2174670344
2020-05-26,1.2348387677
2020-05-27,1.2267425638
2020-05-28,1.2277104137000001
2020-05-29,1.2361246781
2020-06-01,1.2396150458
2020-06-02,1.2543358440999999
2020-06-03,1.2568348959
2020-06-04,1.2543903663
2020-06-05,1.2666577229
2020-06-08,1.2655175894
