Date,FAN
2010-01-04,12.191146850585938
2010-01-05,12.254932403564453
2010-01-06,12.278849601745605
2010-01-07,12.35061264038086
2010-01-08,12.573864936828613
2010-01-11,12.77319622039795
2010-01-12,12.494132995605469
2010-01-13,12.58183765411377
2010-01-14,12.462237358093262
2010-01-15,12.254932403564453
2010-01-19,12.254932403564453
2010-01-20,11.840322494506836
2010-01-21,11.45760440826416
2010-01-22,11.202458381652832
2010-01-25,11.393817901611328
2010-01-26,11.29016399383545
2010-01-27,11.23435115814209
2010-01-28,11.098804473876953
2010-01-29,10.883527755737305
2010-02-01,11.042993545532227
2010-02-02,11.170565605163574
2010-02-03,11.114753723144531
2010-02-04,10.38918399810791
2010-02-05,10.333372116088867
2010-02-08,10.221745491027832
2010-02-09,10.596491813659668
2010-02-10,10.540678024291992
2010-02-11,10.620409965515137
2010-02-12,10.452971458435059
2010-02-16,10.676223754882812
2010-02-17,10.620409965515137
2010-02-18,10.724061012268066
2010-02-19,10.676223754882812
2010-02-22,10.636357307434082
2010-02-23,10.468918800354004
2010-02-24,10.476888656616211
2010-02-25,10.413104057312012
2010-02-26,10.421077728271484
2010-03-01,10.38918399810791
2010-03-02,10.405131340026855
2010-03-03,10.62838363647461
2010-03-04,10.620409965515137
2010-03-05,10.795822143554688
2010-03-08,10.787848472595215
2010-03-09,10.75595474243164
2010-03-10,10.81177043914795
2010-03-11,10.915421485900879
2010-03-12,10.85163688659668
2010-03-15,10.795822143554688
2010-03-16,10.883527755737305
2010-03-17,10.891499519348145
2010-03-18,10.85163688659668
2010-03-19,10.660276412963867
2010-03-22,10.612436294555664
2010-03-23,10.700141906738281
2010-03-24,10.540678024291992
2010-03-25,10.524727821350098
2010-03-26,10.620409965515137
2010-03-29,10.70811653137207
2010-03-30,10.620409965515137
2010-03-31,10.604462623596191
2010-04-01,10.732036590576172
2010-04-05,10.779874801635742
2010-04-06,10.732036590576172
2010-04-07,10.747981071472168
2010-04-08,10.771903038024902
2010-04-09,10.915421485900879
2010-04-12,10.971237182617188
2010-04-13,11.027045249938965
2010-04-14,11.154620170593262
2010-04-15,11.098804473876953
2010-04-16,10.915421485900879
2010-04-19,10.81177043914795
2010-04-20,10.859607696533203
2010-04-21,10.763931274414062
2010-04-22,10.668248176574707
2010-04-23,10.700141906738281
2010-04-26,10.644330024719238
2010-04-27,10.19782543182373
2010-04-28,10.189851760864258
2010-04-29,10.309452056884766
2010-04-30,10.285530090332031
2010-05-03,10.34134578704834
2010-05-04,9.870920181274414
2010-05-05,9.607802391052246
2010-05-06,9.08953857421875
2010-05-07,9.04967212677002
2010-05-10,9.528069496154785
2010-05-11,9.46428108215332
2010-05-12,9.607802391052246
2010-05-13,9.440363883972168
2010-05-14,9.217111587524414
2010-05-17,9.129401206970215
2010-05-18,8.938048362731934
2010-05-19,8.969941139221191
2010-05-20,8.547356605529785
2010-05-21,8.794527053833008
2010-05-24,8.579248428344727
2010-05-25,8.395866394042969
2010-05-26,8.332077980041504
2010-05-27,8.818449020385742
2010-05-28,8.595196723937988
2010-06-01,8.41978645324707
2010-06-02,8.698847770690918
2010-06-03,8.65101146697998
2010-06-04,8.236400604248047
2010-06-07,8.108827590942383
2010-06-08,8.148691177368164
2010-06-09,8.053014755249023
2010-06-10,8.41978645324707
2010-06-11,8.499517440795898
2010-06-14,8.507490158081055
2010-06-15,8.810478210449219
2010-06-16,8.682903289794922
2010-06-17,8.595196723937988
2010-06-18,8.635062217712402
2010-06-21,8.65101146697998
2010-06-22,8.451581001281738
2010-06-23,8.572200775146484
2010-06-24,8.379207611083984
2010-06-25,8.395292282104492
2010-06-28,8.226418495178223
2010-06-29,7.904760360717773
2010-06-30,7.872594356536865
2010-07-01,8.017339706420898
2010-07-02,8.033426284790039
2010-07-06,8.290753364562988
2010-07-07,8.564159393310547
2010-07-08,8.60436725616455
2010-07-09,8.62849235534668
2010-07-12,8.507872581481934
2010-07-13,8.612408638000488
2010-07-14,8.660658836364746
2010-07-15,8.80540657043457
2010-07-16,8.491789817810059
2010-07-19,8.5400390625
2010-07-20,8.676742553710938
2010-07-21,8.419415473937988
2010-07-22,8.79736614227295
2010-07-23,8.934067726135254
2010-07-26,8.982319831848145
2010-07-27,8.9581937789917
2010-07-28,8.893863677978516
2010-07-29,8.90190315246582
2010-07-30,8.773239135742188
2010-08-02,8.974275588989258
2010-08-03,8.893863677978516
2010-08-04,9.006441116333008
2010-08-05,8.998398780822754
2010-08-06,9.046649932861328
2010-08-09,9.06273078918457
2010-08-10,9.006441116333008
2010-08-11,8.564159393310547
2010-08-12,8.483747482299805
2010-08-13,8.467662811279297
2010-08-16,8.451581001281738
2010-08-17,8.588287353515625
2010-08-18,8.330958366394043
2010-08-19,8.06558895111084
2010-08-20,7.904760360717773
2010-08-23,7.872594356536865
2010-08-24,7.711764812469482
2010-08-25,7.655478000640869
2010-08-26,7.687641143798828
2010-08-27,7.808262825012207
2010-08-30,7.711764812469482
2010-08-31,7.760015487670898
2010-09-01,7.969092845916748
2010-09-02,8.057550430297852
2010-09-03,8.073634147644043
2010-09-07,7.944972038269043
2010-09-08,7.9932169914245605
2010-09-09,8.025382041931152
2010-09-10,8.025382041931152
2010-09-13,8.16208553314209
2010-09-14,8.21033763885498
2010-09-15,8.202295303344727
2010-09-16,8.186213493347168
2010-09-17,8.10579776763916
2010-09-20,8.16208553314209
2010-09-21,8.154048919677734
2010-09-22,8.16208553314209
2010-09-23,8.017339706420898
2010-09-24,8.24250316619873
2010-09-27,8.194252014160156
2010-09-28,8.322918891906738
2010-09-29,8.282711029052734
2010-09-30,8.234461784362793
2010-10-01,8.330958366394043
2010-10-04,8.21033763885498
2010-10-05,8.53199577331543
2010-10-06,8.5400390625
2010-10-07,8.507872581481934
2010-10-08,8.491789817810059
2010-10-11,8.427454948425293
2010-10-12,8.40333366394043
2010-10-13,8.483747482299805
2010-10-14,8.5400390625
2010-10-15,8.564159393310547
2010-10-18,8.676742553710938
2010-10-19,8.40333366394043
2010-10-20,8.523955345153809
2010-10-21,8.451581001281738
2010-10-22,8.507872581481934
2010-10-25,8.564159393310547
2010-10-26,8.435495376586914
2010-10-27,8.355081558227539
2010-10-28,8.411373138427734
2010-10-29,8.419415473937988
2010-11-01,8.3148775100708
2010-11-02,8.53199577331543
2010-11-03,8.572200775146484
2010-11-04,8.63653564453125
2010-11-05,8.53199577331543
2010-11-08,8.451581001281738
2010-11-09,8.3148775100708
2010-11-10,8.330958366394043
2010-11-11,8.194252014160156
2010-11-12,8.129918098449707
2010-11-15,8.057550430297852
2010-11-16,7.872594356536865
2010-11-17,7.91280460357666
2010-11-18,8.04146671295166
2010-11-19,8.081673622131348
2010-11-22,7.9932169914245605
2010-11-23,7.768055438995361
2010-11-24,7.808262825012207
2010-11-26,7.711764812469482
2010-11-29,7.615270137786865
2010-11-30,7.534852981567383
2010-12-01,7.727846145629883
2010-12-02,7.808262825012207
2010-12-03,7.872594356536865
2010-12-06,7.864552021026611
2010-12-07,7.888678550720215
2010-12-08,7.91280460357666
2010-12-09,7.961051940917969
2010-12-10,8.081673622131348
2010-12-13,8.218378067016602
2010-12-14,8.234461784362793
2010-12-15,8.13796329498291
2010-12-16,8.226418495178223
2010-12-17,8.170130729675293
2010-12-20,8.049509048461914
2010-12-21,8.170130729675293
2010-12-22,8.121878623962402
2010-12-23,8.073634147644043
2010-12-27,8.081673622131348
2010-12-28,8.057550430297852
2010-12-29,8.194252014160156
2010-12-30,8.14600658416748
2010-12-31,8.24250316619873
2011-01-03,8.36312484741211
2011-01-04,8.347042083740234
2011-01-05,8.282711029052734
2011-01-06,8.14600658416748
2011-01-07,8.00125789642334
2011-01-10,7.977135181427002
2011-01-11,8.025382041931152
2011-01-12,8.258586883544922
2011-01-13,8.282711029052734
2011-01-14,8.395292282104492
2011-01-18,8.47570514678955
2011-01-19,8.387248992919922
2011-01-20,8.395292282104492
2011-01-21,8.459624290466309
2011-01-24,8.556121826171875
2011-01-25,8.515910148620605
2011-01-26,8.483747482299805
2011-01-27,8.483747482299805
2011-01-28,8.355081558227539
2011-01-31,8.427454948425293
2011-02-01,8.580243110656738
2011-02-02,8.580243110656738
2011-02-03,8.467662811279297
2011-02-04,8.451581001281738
2011-02-07,8.507872581481934
2011-02-08,8.5400390625
2011-02-09,8.60436725616455
2011-02-10,8.515910148620605
2011-02-11,8.483747482299805
2011-02-14,8.459624290466309
2011-02-15,8.36312484741211
2011-02-16,8.44354248046875
2011-02-17,8.44354248046875
2011-02-18,8.47570514678955
2011-02-22,8.250544548034668
2011-02-23,8.218378067016602
2011-02-24,8.282711029052734
2011-02-25,8.37116527557373
2011-02-28,8.459624290466309
2011-03-01,8.3148775100708
2011-03-02,8.322918891906738
2011-03-03,8.37116527557373
2011-03-04,8.355081558227539
2011-03-07,8.3148775100708
2011-03-08,8.435495376586914
2011-03-09,8.5400390625
2011-03-10,8.339000701904297
2011-03-11,8.395292282104492
2011-03-14,8.652615547180176
2011-03-15,8.837573051452637
2011-03-16,8.596329689025879
2011-03-17,8.845613479614258
2011-03-18,9.046649932861328
2011-03-21,9.119022369384766
2011-03-22,9.102940559387207
2011-03-23,9.183354377746582
2011-03-24,9.303976058959961
2011-03-25,9.263768196105957
2011-03-28,9.440681457519531
2011-03-29,9.521096229553223
2011-03-30,9.577386856079102
2011-03-31,9.537177085876465
2011-04-01,9.62563419342041
2011-04-04,9.72213363647461
2011-04-05,9.513051986694336
2011-04-06,9.537177085876465
2011-04-07,9.392433166503906
2011-04-08,9.480889320373535
2011-04-11,9.561304092407227
2011-04-12,9.513051986694336
2011-04-13,9.545219421386719
2011-04-14,9.553260803222656
2011-04-15,9.46480655670166
2011-04-18,9.191397666931152
2011-04-19,9.279851913452148
2011-04-20,9.408513069152832
2011-04-21,9.488931655883789
2011-04-25,9.553260803222656
2011-04-26,9.681925773620605
2011-04-27,9.673883438110352
2011-04-28,9.706049919128418
2011-04-29,9.762341499328613
2011-05-02,9.681925773620605
2011-05-03,9.657798767089844
2011-05-04,9.432640075683594
2011-05-05,9.175312995910645
2011-05-06,9.127062797546387
2011-05-09,9.239644050598145
2011-05-10,9.320060729980469
2011-05-11,9.110980033874512
2011-05-12,9.167271614074707
2011-05-13,8.982319831848145
2011-05-16,8.974275588989258
2011-05-17,9.078814506530762
2011-05-18,9.167271614074707
2011-05-19,9.231602668762207
2011-05-20,9.06273078918457
2011-05-23,8.773239135742188
2011-05-24,8.813448905944824
2011-05-25,8.79736614227295
2011-05-26,8.79736614227295
2011-05-27,8.837573051452637
2011-05-31,9.167271614074707
2011-06-01,8.86973762512207
2011-06-02,8.893863677978516
2011-06-03,8.90190315246582
2011-06-06,8.821487426757812
2011-06-07,8.934067726135254
2011-06-08,8.757156372070312
2011-06-09,8.79736614227295
2011-06-10,8.5400390625
2011-06-13,8.44354248046875
2011-06-14,8.684784889221191
2011-06-15,8.37116527557373
2011-06-16,8.266627311706543
2011-06-17,8.355081558227539
2011-06-20,8.266627311706543
2011-06-21,8.35396671295166
2011-06-22,8.281183242797852
2011-06-23,8.176047325134277
2011-06-24,8.038570404052734
2011-06-27,8.167963981628418
2011-06-28,8.192225456237793
2011-06-29,8.329705238342285
2011-06-30,8.442926406860352
2011-07-01,8.588494300842285
2011-07-05,8.49953556060791
2011-07-06,8.394403457641602
2011-07-07,8.515708923339844
2011-07-08,8.345882415771484
2011-07-11,8.0547456741333
2011-07-12,7.998137474060059
2011-07-13,8.135615348815918
2011-07-14,8.014309883117676
2011-07-15,7.981960773468018
2011-07-18,7.844480514526367
2011-07-19,7.933438301086426
2011-07-20,8.04665756225586
2011-07-21,8.273094177246094
2011-07-22,8.321617126464844
2011-07-25,8.539972305297852
2011-07-26,8.556146621704102
2011-07-27,8.321617126464844
2011-07-28,8.25692367553711
2011-07-29,8.25692367553711
2011-08-01,8.151789665222168
2011-08-02,7.876828670501709
2011-08-03,7.965787887573242
2011-08-04,7.464385986328125
2011-08-05,7.520994663238525
2011-08-08,6.857854843139648
2011-08-09,7.2055983543396
2011-08-10,6.841681003570557
2011-08-11,7.148991584777832
2011-08-12,7.197514057159424
2011-08-15,7.407777786254883
2011-08-16,7.310732841491699
2011-08-17,7.41586446762085
2011-08-18,7.140902519226074
2011-08-19,7.011508464813232
2011-08-22,7.068119525909424
2011-08-23,7.262208938598633
2011-08-24,7.351171493530273
2011-08-25,7.165162086486816
2011-08-26,7.270298480987549
2011-08-29,7.512909412384033
2011-08-30,7.432038307189941
2011-08-31,7.561431884765625
2011-09-01,7.375429630279541
2011-09-02,7.270298480987549
2011-09-06,7.003424167633057
2011-09-07,7.165162086486816
2011-09-08,7.03577184677124
2011-09-09,6.776986122131348
2011-09-12,6.728461742401123
2011-09-13,6.793159008026123
2011-09-14,6.962987422943115
2011-09-15,7.092381954193115
2011-09-16,7.076205253601074
2011-09-19,6.89829158782959
2011-09-20,6.825507164001465
2011-09-21,6.6395039558410645
2011-09-22,6.404978275299072
2011-09-23,6.413064479827881
2011-09-26,6.493937969207764
2011-09-27,6.599067687988281
2011-09-28,6.526282787322998
2011-09-29,6.647592544555664
2011-09-30,6.518197059631348
2011-10-03,6.2917585372924805
2011-10-04,6.429239749908447
2011-10-05,6.493937969207764
2011-10-06,6.7122883796691895
2011-10-07,6.7203755378723145
2011-10-10,6.874030590057373
2011-10-11,6.946812152862549
2011-10-12,7.076205253601074
2011-10-13,7.060032844543457
2011-10-14,7.148991584777832
2011-10-17,6.93872594833374
2011-10-18,7.043858051300049
2011-10-19,6.930641174316406
2011-10-20,6.882116317749023
2011-10-21,7.003424167633057
2011-10-24,7.148991584777832
2011-10-25,7.132816314697266
2011-10-26,7.25412130355835
2011-10-27,7.6180419921875
2011-10-28,7.520994663238525
2011-10-31,7.068119525909424
2011-11-01,6.776986122131348
2011-11-02,6.825507164001465
2011-11-03,7.027683258056641
2011-11-04,6.906376361846924
2011-11-07,7.060032844543457
2011-11-08,7.108556747436523
2011-11-09,6.663764953613281
2011-11-10,6.704202651977539
2011-11-11,6.906376361846924
2011-11-14,6.768895626068115
2011-11-15,6.696113109588623
2011-11-16,6.566720962524414
2011-11-17,6.4858479499816895
2011-11-18,6.542459011077881
2011-11-21,6.364542484283447
2011-11-22,6.3564558029174805
2011-11-23,6.138103008270264
2011-11-25,6.1219305992126465
2011-11-28,6.3321943283081055
2011-11-29,6.348368167877197
2011-11-30,6.6880269050598145
2011-12-01,6.6395039558410645
2011-12-02,6.615242004394531
2011-12-05,6.6880269050598145
2011-12-06,6.663764953613281
2011-12-07,6.655677318572998
2011-12-08,6.396890640258789
2011-12-09,6.6071553230285645
2011-12-12,6.364542484283447
2011-12-13,6.267497539520264
2011-12-14,6.267497539520264
2011-12-15,6.2998456954956055
2011-12-16,6.340281009674072
2011-12-19,6.186626434326172
2011-12-20,6.364542484283447
2011-12-21,6.3321943283081055
2011-12-22,6.388803482055664
2011-12-23,6.413064479827881
2011-12-27,6.380716323852539
2011-12-28,6.316019058227539
2011-12-29,6.340281009674072
2011-12-30,6.404978275299072
2012-01-03,6.599067687988281
2012-01-04,6.445413589477539
2012-01-05,6.380716323852539
2012-01-06,6.2998456954956055
2012-01-09,6.340281009674072
2012-01-10,6.413064479827881
2012-01-11,6.429239749908447
2012-01-12,6.429239749908447
2012-01-13,6.348368167877197
2012-01-17,6.413064479827881
2012-01-18,6.510110378265381
2012-01-19,6.590979099273682
2012-01-20,6.566720962524414
2012-01-23,6.647592544555664
2012-01-24,6.566720962524414
2012-01-25,6.647592544555664
2012-01-26,6.631418228149414
2012-01-27,6.704202651977539
2012-01-30,6.566720962524414
2012-01-31,6.6395039558410645
2012-02-01,6.776986122131348
2012-02-02,6.776986122131348
2012-02-03,7.003424167633057
2012-02-06,6.914464473724365
2012-02-07,6.946812152862549
2012-02-08,6.89829158782959
2012-02-09,6.930641174316406
2012-02-10,6.76080846786499
2012-02-13,6.801245212554932
2012-02-14,6.752721309661865
2012-02-15,6.7122883796691895
2012-02-16,6.809333324432373
2012-02-17,6.849768161773682
2012-02-21,6.914464473724365
2012-02-22,6.833592891693115
2012-02-23,6.825507164001465
2012-02-24,6.857854843139648
2012-02-27,6.7203755378723145
2012-02-28,6.728461742401123
2012-02-29,6.6880269050598145
2012-03-01,6.6880269050598145
2012-03-02,6.647592544555664
2012-03-05,6.590979099273682
2012-03-06,6.3321943283081055
2012-03-07,6.396890640258789
2012-03-08,6.502022743225098
2012-03-09,6.461587429046631
2012-03-12,6.461587429046631
2012-03-13,6.542459011077881
2012-03-14,6.445413589477539
2012-03-15,6.526282787322998
2012-03-16,6.6071553230285645
2012-03-19,6.631418228149414
2012-03-20,6.534370422363281
2012-03-21,6.477762222290039
2012-03-22,6.380716323852539
2012-03-23,6.469674110412598
2012-03-26,6.526282787322998
2012-03-27,6.429239749908447
2012-03-28,6.348368167877197
2012-03-29,6.2917585372924805
2012-03-30,6.3321943283081055
2012-04-02,6.3241071701049805
2012-04-03,6.227061748504639
2012-04-04,6.097668647766113
2012-04-05,6.073408603668213
2012-04-09,6.0006232261657715
2012-04-10,5.85505485534668
2012-04-11,5.895492076873779
2012-04-12,5.9844489097595215
2012-04-13,5.846968650817871
2012-04-16,5.895492076873779
2012-04-17,5.960187911987305
2012-04-18,5.863142967224121
2012-04-19,5.733748435974121
2012-04-20,5.782271862030029
2012-04-23,5.693314075469971
2012-04-24,5.7014007568359375
2012-04-25,5.782271862030029
2012-04-26,5.766097545623779
2012-04-27,5.7903594970703125
2012-04-30,5.7256622314453125
2012-05-01,5.782271862030029
2012-05-02,5.7014007568359375
2012-05-03,5.588181972503662
2012-05-04,5.539658546447754
2012-05-07,5.539658546447754
2012-05-08,5.547745704650879
2012-05-09,5.4264397621154785
2012-05-10,5.466875076293945
2012-05-11,5.394092559814453
2012-05-14,5.256611347198486
2012-05-15,5.127217769622803
2012-05-16,5.022085666656494
2012-05-17,4.957388401031494
2012-05-18,4.957388401031494
2012-05-21,5.022085666656494
2012-05-22,5.046346664428711
2012-05-23,4.973562717437744
2012-05-24,4.933125972747803
2012-05-25,4.973562717437744
2012-05-29,4.9493021965026855
2012-05-30,4.8360819816589355
2012-05-31,4.8360819816589355
2012-06-01,4.763298988342285
2012-06-04,4.7309489250183105
2012-06-05,4.795645713806152
2012-06-06,4.8765177726745605
2012-06-07,4.9250407218933105
2012-06-08,4.916953086853027
2012-06-11,4.860342979431152
2012-06-12,4.860342979431152
2012-06-13,4.795645713806152
2012-06-14,4.819908142089844
2012-06-15,4.900780200958252
2012-06-18,4.844168663024902
2012-06-19,4.973562717437744
2012-06-20,4.957388401031494
2012-06-21,4.884604454040527
2012-06-22,4.957388401031494
2012-06-25,4.852256774902344
2012-06-26,4.908865928649902
2012-06-27,4.933125972747803
2012-06-28,4.884604454040527
2012-06-29,5.143392086029053
2012-07-02,5.1353044509887695
2012-07-03,5.191914081573486
2012-07-05,5.086781024932861
2012-07-06,5.046346664428711
2012-07-09,5.0139970779418945
2012-07-10,4.933125972747803
2012-07-11,4.957388401031494
2012-07-12,4.884604454040527
2012-07-13,4.9250407218933105
2012-07-16,4.884604454040527
2012-07-17,4.9493021965026855
2012-07-18,4.916953086853027
2012-07-19,4.9493021965026855
2012-07-20,4.8279948234558105
2012-07-23,4.666253089904785
2012-07-24,4.544945240020752
2012-07-25,4.544945240020752
2012-07-26,4.698602199554443
2012-07-27,4.803732872009277
2012-07-30,4.747123718261719
2012-07-31,4.7875590324401855
2012-08-01,4.747123718261719
2012-08-02,4.674341201782227
2012-08-03,4.860342979431152
2012-08-06,4.884604454040527
2012-08-07,4.9816484451293945
2012-08-08,4.973562717437744
2012-08-09,4.9816484451293945
2012-08-10,4.9816484451293945
2012-08-13,4.941213607788086
2012-08-14,4.941213607788086
2012-08-15,4.900780200958252
2012-08-16,5.038259983062744
2012-08-17,5.102957248687744
2012-08-20,5.094869613647461
2012-08-21,5.2000017166137695
2012-08-22,5.1514787673950195
2012-08-23,5.183826923370361
2012-08-24,5.143392086029053
2012-08-27,5.111043453216553
2012-08-28,5.264698028564453
2012-08-29,5.2000017166137695
2012-08-30,5.102957248687744
2012-08-31,5.2727861404418945
2012-09-04,5.361742973327637
2012-09-05,5.2727861404418945
2012-09-06,5.4264397621154785
2012-09-07,5.52348518371582
2012-09-10,5.531571865081787
2012-09-11,5.572007179260254
2012-09-12,5.539658546447754
2012-09-13,5.604355812072754
2012-09-14,5.693314075469971
2012-09-17,5.7014007568359375
2012-09-18,5.7094879150390625
2012-09-19,5.7256622314453125
2012-09-20,5.620529651641846
2012-09-21,5.668036937713623
2012-09-24,5.6926093101501465
2012-09-25,5.6926093101501465
2012-09-26,5.569746494293213
2012-09-27,5.577937126159668
2012-09-28,5.479647636413574
2012-10-01,5.528792858123779
2012-10-02,5.5042195320129395
2012-10-03,5.496029853820801
2012-10-04,5.528792858123779
2012-10-05,5.561554908752441
2012-10-08,5.528792858123779
2012-10-09,5.397739887237549
2012-10-10,5.324023246765137
2012-10-11,5.414122104644775
2012-10-12,5.3813581466674805
2012-10-15,5.463266849517822
2012-10-16,5.536983966827393
2012-10-17,5.627081871032715
2012-10-18,5.586128234863281
2012-10-19,5.446885585784912
2012-10-22,5.479647636413574
2012-10-23,5.3895487785339355
2012-10-24,5.373167514801025
2012-10-25,5.340405464172363
2012-10-26,5.340405464172363
2012-10-31,5.324023246765137
2012-11-01,5.364976406097412
2012-11-02,5.332213878631592
2012-11-05,5.3813581466674805
2012-11-06,5.430502891540527
2012-11-07,5.2830681800842285
2012-11-08,5.274877548217773
2012-11-09,5.266687870025635
2012-11-12,5.233924865722656
2012-11-13,5.152015209197998
2012-11-14,5.119251728057861
2012-11-15,5.061916828155518
2012-11-16,5.086490631103516
2012-11-19,5.143824577331543
2012-11-20,5.127443313598633
2012-11-21,5.127443313598633
2012-11-23,5.242114067077637
2012-11-26,5.364976406097412
2012-11-27,5.266687870025635
2012-11-28,5.274877548217773
2012-11-29,5.324023246765137
2012-11-30,5.332213878631592
2012-12-03,5.324023246765137
2012-12-04,5.405930042266846
2012-12-05,5.463266849517822
2012-12-06,5.3895487785339355
2012-12-07,5.405930042266846
2012-12-10,5.414122104644775
2012-12-11,5.479647636413574
2012-12-12,5.528792858123779
2012-12-13,5.520602703094482
2012-12-14,5.528792858123779
2012-12-17,5.5533647537231445
2012-12-18,5.659846305847168
2012-12-19,5.6926093101501465
2012-12-20,5.7990899085998535
2012-12-21,5.721000671386719
2012-12-24,5.729220390319824
2012-12-26,5.7127814292907715
2012-12-27,5.671681880950928
2012-12-28,5.564825057983398
2012-12-31,5.704559803009033
2013-01-02,5.786759853363037
2013-01-03,5.803199768066406
2013-01-04,5.877178192138672
2013-01-07,5.934716701507568
2013-01-08,5.877178192138672
2013-01-09,5.992255687713623
2013-01-10,6.164872169494629
2013-01-11,6.247070789337158
2013-01-14,6.197751522064209
2013-01-15,6.197751522064209
2013-01-16,6.164872169494629
2013-01-17,6.148433685302734
2013-01-18,6.214191436767578
2013-01-22,6.18131160736084
2013-01-23,6.18131160736084
2013-01-24,6.140212059020996
2013-01-25,6.197751522064209
2013-01-28,6.197751522064209
2013-01-29,6.173093318939209
2013-01-30,6.189530372619629
2013-01-31,6.123773097991943
2013-02-01,6.156651496887207
2013-02-04,5.992255687713623
2013-02-05,6.033354759216309
2013-02-06,6.082673072814941
2013-02-07,6.156651496887207
2013-02-08,6.173093318939209
2013-02-11,6.189530372619629
2013-02-12,6.271730422973633
2013-02-13,6.321049213409424
2013-02-14,6.288168907165527
2013-02-15,6.238849639892578
2013-02-19,6.271730422973633
2013-02-20,6.222411632537842
2013-02-21,6.123773097991943
2013-02-22,6.164872169494629
2013-02-25,6.033354759216309
2013-02-26,6.025134086608887
2013-02-27,6.164872169494629
2013-02-28,6.189530372619629
2013-03-01,6.18131160736084
2013-03-04,6.189530372619629
2013-03-05,6.189530372619629
2013-03-06,6.222411632537842
2013-03-07,6.304610252380371
2013-03-08,6.304610252380371
2013-03-11,6.395027160644531
2013-03-12,6.353928089141846
2013-03-13,6.279951095581055
2013-03-14,6.4196858406066895
2013-03-15,6.403246879577637
2013-03-18,6.337488651275635
2013-03-19,6.279951095581055
2013-03-20,6.4196858406066895
2013-03-21,6.333323955535889
2013-03-22,6.423798084259033
2013-03-25,6.251071453094482
2013-03-26,6.341548919677734
2013-03-27,6.2757487297058105
2013-03-28,6.308649063110352
2013-04-01,6.234621524810791
2013-04-02,6.201722145080566
2013-04-03,6.193496227264404
2013-04-04,6.185270309448242
2013-04-05,6.0865702629089355
2013-04-08,6.160595893859863
2013-04-09,6.251071453094482
2013-04-10,6.440250396728516
2013-04-11,6.456699371337891
2013-04-12,6.448474407196045
2013-04-15,6.292197227478027
2013-04-16,6.349773406982422
2013-04-17,6.168821334838867
2013-04-18,6.152372360229492
2013-04-19,6.259298801422119
2013-04-22,6.251071453094482
2013-04-23,6.308649063110352
2013-04-24,6.3826751708984375
2013-04-25,6.440250396728516
2013-04-26,6.448474407196045
2013-04-29,6.604752540588379
2013-04-30,6.5965256690979
2013-05-01,6.563626289367676
2013-05-02,6.571850299835205
2013-05-03,6.662327766418457
2013-05-06,6.645876407623291
2013-05-07,6.687003135681152
2013-05-08,6.835054397583008
2013-05-09,6.76102876663208
2013-05-10,6.793928146362305
2013-05-13,6.8926310539245605
2013-05-14,6.941981315612793
2013-05-15,6.941981315612793
2013-05-16,6.88440465927124
2013-05-17,6.966655731201172
2013-05-20,6.950204849243164
2013-05-21,6.991332054138184
2013-05-22,6.867953777313232
2013-05-23,6.90085506439209
2013-05-24,6.974879741668701
2013-05-28,7.122931957244873
2013-05-29,7.172283172607422
2013-05-30,7.188732624053955
2013-05-31,7.081806182861328
2013-06-03,7.032455921173096
2013-06-04,6.991332054138184
2013-06-05,6.941981315612793
2013-06-06,6.933753967285156
2013-06-07,6.983105659484863
2013-06-10,7.02423095703125
2013-06-11,6.941981315612793
2013-06-12,6.958430290222168
2013-06-13,7.090032577514648
2013-06-14,7.007782936096191
2013-06-17,7.155831813812256
2013-06-18,7.188732624053955
2013-06-19,6.941981315612793
2013-06-20,6.835054397583008
2013-06-21,6.835054397583008
2013-06-24,6.644962310791016
2013-06-25,6.678022384643555
2013-06-26,6.801994323730469
2013-06-27,6.983821868896484
2013-06-28,6.950761795043945
2013-07-01,7.000351428985596
2013-07-02,6.901173114776611
2013-07-03,6.884642124176025
2013-07-05,6.909437656402588
2013-07-08,7.000351428985596
2013-07-09,7.107796669006348
2013-07-10,7.149118900299072
2013-07-11,7.314420223236084
2013-07-12,7.215238094329834
2013-07-15,7.281359672546387
2013-07-16,7.289624214172363
2013-07-17,7.281359672546387
2013-07-18,7.289624214172363
2013-07-19,7.397063255310059
2013-07-22,7.496244430541992
2013-07-23,7.545832633972168
2013-07-24,7.768984317779541
2013-07-25,7.9342827796936035
2013-07-26,7.992137432098389
2013-07-29,7.9342827796936035
2013-07-30,7.967344284057617
2013-07-31,7.975606441497803
2013-08-01,8.107847213745117
2013-08-02,8.157434463500977
2013-08-05,8.207023620605469
2013-08-06,8.132641792297363
2013-08-07,8.058258056640625
2013-08-08,8.223554611206055
2013-08-09,8.198760032653809
2013-08-12,8.215289115905762
2013-08-13,8.173965454101562
2013-08-14,8.149168968200684
2013-08-15,8.248347282409668
2013-08-16,8.306203842163086
2013-08-19,8.083050727844238
2013-08-20,8.091316223144531
2013-08-21,8.033464431762695
2013-08-22,8.132641792297363
2013-08-23,8.1904935836792
2013-08-26,8.149168968200684
2013-08-27,7.876428604125977
2013-08-28,7.967344284057617
2013-08-29,7.9342827796936035
2013-08-30,7.892959117889404
2013-09-03,7.959076404571533
2013-09-04,7.975606441497803
2013-09-05,8.0086669921875
2013-09-06,8.041726112365723
2013-09-09,8.099581718444824
2013-09-10,8.289670944213867
2013-09-11,8.380585670471191
2013-09-12,8.347528457641602
2013-09-13,8.355790138244629
2013-09-16,8.306203842163086
2013-09-17,8.347528457641602
2013-09-18,8.54588508605957
2013-09-19,8.471500396728516
2013-09-20,8.43590259552002
2013-09-23,8.460737228393555
2013-09-24,8.518689155578613
2013-09-25,8.510406494140625
2013-09-26,8.675982475280762
2013-09-27,8.709095001220703
2013-09-30,8.65114688873291
2013-10-01,8.882946968078613
2013-10-02,8.907779693603516
2013-10-03,8.849835395812988
2013-10-04,8.882946968078613
2013-10-07,8.833277702331543
2013-10-08,8.800162315368652
2013-10-09,8.800162315368652
2013-10-10,8.998848915100098
2013-10-11,8.990570068359375
2013-10-14,9.007125854492188
2013-10-15,9.015403747558594
2013-10-16,9.089911460876465
2013-10-17,9.247206687927246
2013-10-18,9.313434600830078
2013-10-21,9.445893287658691
2013-10-22,9.570074081420898
2013-10-23,9.396219253540039
2013-10-24,9.437615394592285
2013-10-25,9.321712493896484
2013-10-28,9.214094161987305
2013-10-29,9.33826732635498
2013-10-30,9.255486488342285
2013-10-31,9.28859806060791
2013-11-01,9.263762474060059
2013-11-04,9.354826927185059
2013-11-05,9.263762474060059
2013-11-06,9.545238494873047
2013-11-07,9.296876907348633
2013-11-08,9.37966251373291
2013-11-11,9.14786434173584
2013-11-12,9.065074920654297
2013-11-13,9.230648040771484
2013-11-14,9.272042274475098
2013-11-15,9.247206687927246
2013-11-18,9.272042274475098
2013-11-19,9.131306648254395
2013-11-20,8.974010467529297
2013-11-21,9.114747047424316
2013-11-22,9.222371101379395
2013-11-25,9.214094161987305
2013-11-26,9.222371101379395
2013-11-27,9.156140327453613
2013-11-29,9.214094161987305
2013-12-02,9.131306648254395
2013-12-03,8.949174880981445
2013-12-04,8.758766174316406
2013-12-05,8.758766174316406
2013-12-06,8.882946968078613
2013-12-09,8.998848915100098
2013-12-10,8.949174880981445
2013-12-11,8.924339294433594
2013-12-12,8.849835395812988
2013-12-13,8.949174880981445
2013-12-16,8.949174880981445
2013-12-17,8.866387367248535
2013-12-18,8.956788063049316
2013-12-19,9.031425476074219
2013-12-20,9.023133277893066
2013-12-23,9.147534370422363
2013-12-24,9.230470657348633
2013-12-26,9.280226707458496
2013-12-27,9.32169246673584
2013-12-30,9.396332740783691
2013-12-31,9.412919044494629
2014-01-02,9.34657096862793
2014-01-03,9.46268081665039
2014-01-06,9.703186988830566
2014-01-07,9.885638236999512
2014-01-08,9.75294303894043
2014-01-09,9.810998916625977
2014-01-10,9.91051959991455
2014-01-13,9.902226448059082
2014-01-14,10.018330574035645
2014-01-15,10.059800148010254
2014-01-16,10.10126781463623
2014-01-17,10.10126781463623
2014-01-21,9.968573570251465
2014-01-22,9.893933296203613
2014-01-23,9.852463722229004
2014-01-24,9.46268081665039
2014-01-27,9.354864120483398
2014-01-28,9.57878589630127
2014-01-29,9.437799453735352
2014-01-30,9.553905487060547
2014-01-31,9.437799453735352
2014-02-03,9.213878631591797
2014-02-04,9.230470657348633
2014-02-05,9.280226707458496
2014-02-06,9.487560272216797
2014-02-07,9.611964225769043
2014-02-10,9.611964225769043
2014-02-11,9.736357688903809
2014-02-12,9.711479187011719
2014-02-13,9.802705764770508
2014-02-14,9.869051933288574
2014-02-18,9.885638236999512
2014-02-19,9.777827262878418
2014-02-20,9.819293022155762
2014-02-21,9.869051933288574
2014-02-24,9.893933296203613
2014-02-25,9.885638236999512
2014-02-26,9.893933296203613
2014-02-27,9.985159873962402
2014-02-28,10.092971801757812
2014-03-03,9.827588081359863
2014-03-04,10.043211936950684
2014-03-05,10.16761302947998
2014-03-06,10.32518482208252
2014-03-07,10.25883960723877
2014-03-10,10.200785636901855
2014-03-11,10.200785636901855
2014-03-12,10.13443660736084
2014-03-13,9.927106857299805
2014-03-14,9.860759735107422
2014-03-17,10.076385498046875
2014-03-18,10.084677696228027
2014-03-19,9.951985359191895
2014-03-20,9.951985359191895
2014-03-21,9.885638236999512
2014-03-24,9.835881233215332
2014-03-25,9.825902938842773
2014-03-26,9.80096435546875
2014-03-27,9.825902938842773
2014-03-28,9.933971405029297
2014-03-31,10.017102241516113
2014-04-01,10.20829963684082
2014-04-02,10.407812118530273
2014-04-03,10.26648998260498
2014-04-04,10.20829963684082
2014-04-07,10.141794204711914
2014-04-08,10.07529354095459
2014-04-09,10.308053970336914
2014-04-10,10.0919189453125
2014-04-11,9.925660133361816
2014-04-14,9.89240837097168
2014-04-15,9.850844383239746
2014-04-16,9.950599670410156
2014-04-17,9.975536346435547
2014-04-21,10.025416374206543
2014-04-22,10.158418655395508
2014-04-23,10.15010929107666
2014-04-24,10.042040824890137
2014-04-25,10.042040824890137
2014-04-28,10.000475883483887
2014-04-29,10.025416374206543
2014-04-30,10.158418655395508
2014-05-01,10.175047874450684
2014-05-02,10.26648998260498
2014-05-05,10.366246223449707
2014-05-06,10.382871627807617
2014-05-07,10.366246223449707
2014-05-08,10.29974365234375
2014-05-09,10.43274974822998
2014-05-12,10.57406997680664
2014-05-13,10.53250503540039
2014-05-14,10.540816307067871
2014-05-15,10.382871627807617
2014-05-16,10.34961986541748
2014-05-19,10.399497032165527
2014-05-20,10.474313735961914
2014-05-21,10.53250503540039
2014-05-22,10.590696334838867
2014-05-23,10.665510177612305
2014-05-27,10.790206909179688
2014-05-28,10.790206909179688
2014-05-29,10.848396301269531
2014-05-30,10.906587600708008
2014-06-02,10.939838409423828
2014-06-03,10.898275375366211
2014-06-04,10.923213005065918
2014-06-05,11.106097221374512
2014-06-06,11.305607795715332
2014-06-09,11.272356033325195
2014-06-10,11.114413261413574
2014-06-11,10.998028755187988
2014-06-12,10.973090171813965
2014-06-13,11.031283378601074
2014-06-16,10.973090171813965
2014-06-17,10.914898872375488
2014-06-18,11.164288520812988
2014-06-19,11.097784996032715
2014-06-20,11.097784996032715
2014-06-23,11.047908782958984
2014-06-24,10.966888427734375
2014-06-25,10.983592987060547
2014-06-26,11.067118644714355
2014-06-27,11.133935928344727
2014-06-30,11.142292976379395
2014-07-01,11.133935928344727
2014-07-02,11.092175483703613
2014-07-03,11.142292976379395
2014-07-07,11.042059898376465
2014-07-08,10.783132553100586
2014-07-09,10.791481971740723
2014-07-10,10.565964698791504
2014-07-11,10.599376678466797
2014-07-14,10.649490356445312
2014-07-15,10.565964698791504
2014-07-16,10.724662780761719
2014-07-17,10.599376678466797
2014-07-18,10.707958221435547
2014-07-21,10.599376678466797
2014-07-22,10.707958221435547
2014-07-23,10.758070945739746
2014-07-24,10.824893951416016
2014-07-25,10.824893951416016
2014-07-28,10.833248138427734
2014-07-29,10.758070945739746
2014-07-30,10.733016967773438
2014-07-31,10.507494926452637
2014-08-01,10.36550521850586
2014-08-04,10.524202346801758
2014-08-05,10.323740005493164
2014-08-06,10.215158462524414
2014-08-07,10.148337364196777
2014-08-08,10.231863975524902
2014-08-11,10.332097053527832
2014-08-12,10.423974990844727
2014-08-13,10.423974990844727
2014-08-14,10.46573543548584
2014-08-15,10.36550521850586
2014-08-18,10.490792274475098
2014-08-19,10.474087715148926
2014-08-20,10.507494926452637
2014-08-21,10.474087715148926
2014-08-22,10.36550521850586
2014-08-25,10.482439041137695
2014-08-26,10.432324409484863
2014-08-27,10.490792274475098
2014-08-28,10.373855590820312
2014-08-29,10.35715389251709
2014-09-02,10.35715389251709
2014-09-03,10.415620803833008
2014-09-04,10.35715389251709
2014-09-05,10.36550521850586
2014-09-08,10.290331840515137
2014-09-09,10.190099716186523
2014-09-10,10.2235107421875
2014-09-11,10.1733980178833
2014-09-12,10.106575965881348
2014-09-15,9.922820091247559
2014-09-16,9.956228256225586
2014-09-17,9.956228256225586
2014-09-18,10.023050308227539
2014-09-19,9.972935676574707
2014-09-22,9.931172370910645
2014-09-23,9.854147911071777
2014-09-24,9.879265785217285
2014-09-25,9.71181869506836
2014-09-26,9.753680229187012
2014-09-29,9.644840240478516
2014-09-30,9.61135196685791
2014-10-01,9.536003112792969
2014-10-02,9.427159309387207
2014-10-03,9.452279090881348
2014-10-06,9.418790817260742
2014-10-07,9.234600067138672
2014-10-08,9.25971794128418
2014-10-09,9.033665657043457
2014-10-10,8.84947681427002
2014-10-13,8.765754699707031
2014-10-14,8.85784912109375
2014-10-15,8.531331062316895
2014-10-16,8.489470481872559
2014-10-17,8.62342643737793
2014-10-20,8.815986633300781
2014-10-21,9.016922950744629
2014-10-22,8.891339302062988
2014-10-23,9.075528144836426
2014-10-24,9.125761032104492
2014-10-27,9.016922950744629
2014-10-28,9.159250259399414
2014-10-29,9.092272758483887
2014-10-30,9.117389678955078
2014-10-31,9.192737579345703
2014-11-03,9.150879859924316
2014-11-04,9.092272758483887
2014-11-05,9.083901405334473
2014-11-06,9.058783531188965
2014-11-07,9.175993919372559
2014-11-10,9.226229667663574
2014-11-11,9.242974281311035
2014-11-12,9.134132385253906
2014-11-13,9.150879859924316
2014-11-14,9.192737579345703
2014-11-17,9.184370040893555
2014-11-18,9.217855453491211
2014-11-19,9.301579475402832
2014-11-20,9.293206214904785
2014-11-21,9.376927375793457
2014-11-24,9.452279090881348
2014-11-25,9.435535430908203
2014-11-26,9.519257545471191
2014-11-28,9.326695442199707
2014-12-01,9.217855453491211
2014-12-02,9.209485054016113
2014-12-03,9.192737579345703
2014-12-04,9.192737579345703
2014-12-05,9.201109886169434
2014-12-08,9.134132385253906
2014-12-09,8.975061416625977
2014-12-10,8.941573143005371
2014-12-11,8.815986633300781
2014-12-12,8.656916618347168
2014-12-15,8.656916618347168
2014-12-16,8.62342643737793
2014-12-17,8.656916618347168
2014-12-18,8.841102600097656
2014-12-19,8.824360847473145
2014-12-22,8.86622142791748
2014-12-23,8.811890602111816
2014-12-24,8.820379257202148
2014-12-26,8.930740356445312
2014-12-29,8.803400993347168
2014-12-30,8.735487937927246
2014-12-31,8.633615493774414
2015-01-02,8.913764953613281
2015-01-05,8.684549331665039
2015-01-06,8.701529502868652
2015-01-07,8.608146667480469
2015-01-08,8.76944351196289
2015-01-09,8.735487937927246
2015-01-12,8.633615493774414
2015-01-13,8.608146667480469
2015-01-14,8.582676887512207
2015-01-15,8.514764785766602
2015-01-16,8.642104148864746
2015-01-20,8.650592803955078
2015-01-21,8.76944351196289
2015-01-22,8.837356567382812
2015-01-23,8.684549331665039
2015-01-26,8.879804611206055
2015-01-27,8.820379257202148
2015-01-28,8.743975639343262
2015-01-29,8.88829517364502
2015-01-30,8.786420822143555
2015-02-02,8.871315956115723
2015-02-03,9.1005277633667
2015-02-04,8.879804611206055
2015-02-05,9.125994682312012
2015-02-06,8.913764953613281
2015-02-09,8.862825393676758
2015-02-10,8.981674194335938
2015-02-11,8.862825393676758
2015-02-12,9.083545684814453
2015-02-13,8.981674194335938
2015-02-17,9.075058937072754
2015-02-18,9.23635482788086
2015-02-19,9.151459693908691
2015-02-20,9.219375610351562
2015-02-23,9.15994930267334
2015-02-24,9.27031135559082
2015-02-25,9.27031135559082
2015-02-26,9.210886001586914
2015-02-27,9.295778274536133
2015-03-02,9.338226318359375
2015-03-03,9.27031135559082
2015-03-04,9.17693042755127
2015-03-05,9.295778274536133
2015-03-06,9.092037200927734
2015-03-09,9.11750316619873
2015-03-10,8.939229965209961
2015-03-11,8.939229965209961
2015-03-12,9.075058937072754
2015-03-13,8.981674194335938
2015-03-16,9.032612800598145
2015-03-17,9.04110050201416
2015-03-18,9.142972946166992
2015-03-19,9.066571235656738
2015-03-20,9.23635482788086
2015-03-23,9.380672454833984
2015-03-24,9.338226318359375
2015-03-25,9.345880508422852
2015-03-26,9.252336502075195
2015-03-27,9.201313018798828
2015-03-30,9.27784538269043
2015-03-31,9.226823806762695
2015-04-01,9.362890243530273
2015-04-02,9.430919647216797
2015-04-06,9.566983222961426
2015-04-07,9.52446174621582
2015-04-08,9.652022361755371
2015-04-09,9.703047752380371
2015-04-10,9.69454288482666
2015-04-13,9.69454288482666
2015-04-14,9.720056533813477
2015-04-15,9.788086891174316
2015-04-16,9.805095672607422
2015-04-17,9.583992958068848
2015-04-20,9.618008613586426
2015-04-21,9.643519401550293
2015-04-22,9.669032096862793
2015-04-23,9.796590805053711
2015-04-24,9.839111328125
2015-04-27,9.898639678955078
2015-04-28,9.958166122436523
2015-04-29,9.873126983642578
2015-04-30,9.839111328125
2015-05-01,9.93265438079834
2015-05-04,9.992183685302734
2015-05-05,9.864623069763184
2015-05-06,10.043209075927734
2015-05-07,10.000683784484863
2015-05-08,10.264309883117676
2015-05-11,10.153759002685547
2015-05-12,10.179271697998047
2015-05-13,10.196279525756836
2015-05-14,10.442893981933594
2015-05-15,10.451398849487305
2015-05-18,10.459901809692383
2015-05-19,10.459901809692383
2015-05-20,10.442893981933594
2015-05-21,10.485413551330566
2015-05-22,10.442893981933594
2015-05-26,10.272814750671387
2015-05-27,10.357853889465332
2015-05-28,10.264309883117676
2015-05-29,10.255806922912598
2015-06-01,10.153759002685547
2015-06-02,10.272814750671387
2015-06-03,10.340845108032227
2015-06-04,10.128247261047363
2015-06-05,10.009191513061523
2015-06-08,9.958166122436523
2015-06-09,9.924151420593262
2015-06-10,10.187774658203125
2015-06-11,10.170767784118652
2015-06-12,10.043209075927734
2015-06-15,9.898639678955078
2015-06-16,9.91564655303955
2015-06-17,9.924151420593262
2015-06-18,10.000683784484863
2015-06-19,9.992183685302734
2015-06-22,10.136750221252441
2015-06-23,10.162261009216309
2015-06-24,10.139883995056152
2015-06-25,10.079627990722656
2015-06-26,10.01076602935791
2015-06-29,9.71810531616211
2015-06-30,9.769749641418457
2015-07-01,9.864435195922852
2015-07-02,9.916081428527832
2015-07-06,9.606203079223633
2015-07-07,9.545949935913086
2015-07-08,9.42544174194336
2015-07-09,9.545949935913086
2015-07-10,9.967727661132812
2015-07-13,10.01076602935791
2015-07-14,10.036589622497559
2015-07-15,9.984943389892578
2015-07-16,10.079627990722656
2015-07-17,10.002161026000977
2015-07-20,10.06241226196289
2015-07-21,10.079627990722656
2015-07-22,10.045198440551758
2015-07-23,10.071020126342773
2015-07-24,9.959120750427246
2015-07-27,9.864435195922852
2015-07-28,9.933297157287598
2015-07-29,9.967727661132812
2015-07-30,9.838613510131836
2015-07-31,9.881651878356934
2015-08-03,9.847221374511719
2015-08-04,9.82139778137207
2015-08-05,9.881651878356934
2015-08-06,9.916081428527832
2015-08-07,9.898868560791016
2015-08-10,10.053804397583008
2015-08-11,9.890260696411133
2015-08-12,9.916081428527832
2015-08-13,9.941904067993164
2015-08-14,9.959120750427246
2015-08-17,9.941904067993164
2015-08-18,9.855829238891602
2015-08-19,9.778356552124023
2015-08-20,9.373795509338379
2015-08-21,9.158604621887207
2015-08-24,8.771256446838379
2015-08-25,9.00366497039795
2015-08-26,9.236072540283203
2015-08-27,9.365188598632812
2015-08-28,9.382403373718262
2015-08-31,9.304935455322266
2015-09-01,9.081133842468262
2015-09-02,9.115564346313477
2015-09-03,9.106956481933594
2015-09-04,8.952018737792969
2015-09-08,9.201642990112305
2015-09-09,9.167210578918457
2015-09-10,9.2963285446167
2015-09-11,9.287717819213867
2015-09-14,9.201642990112305
2015-09-15,9.24467945098877
2015-09-16,9.365188598632812
2015-09-17,9.451266288757324
2015-09-18,9.193037033081055
2015-09-21,9.098349571228027
2015-09-22,8.883157730102539
2015-09-23,8.846869468688965
2015-09-24,8.829591751098633
2015-09-25,8.795034408569336
2015-09-28,8.717278480529785
2015-09-29,8.803671836853027
2015-09-30,8.890069961547852
2015-10-01,8.96782398223877
2015-10-02,9.10605525970459
2015-10-05,9.391161918640137
2015-10-06,9.486197471618652
2015-10-07,9.598508834838867
2015-10-08,9.788578987121582
2015-10-09,9.788578987121582
2015-10-12,9.710823059082031
2015-10-13,9.684905052185059
2015-10-14,9.719462394714355
2015-10-15,9.762660026550293
2015-10-16,9.745382308959961
2015-10-19,9.633066177368164
2015-10-20,9.719462394714355
2015-10-21,9.667625427246094
2015-10-22,9.684905052185059
2015-10-23,9.797220230102539
2015-10-26,9.779940605163574
2015-10-27,9.641706466674805
2015-10-28,9.70218276977539
2015-10-29,9.745382308959961
2015-10-30,9.754020690917969
2015-11-02,9.892253875732422
2015-11-03,9.840415954589844
2015-11-04,9.797220230102539
2015-11-05,9.831775665283203
2015-11-06,9.788578987121582
2015-11-09,9.598508834838867
2015-11-10,9.589873313903809
2015-11-11,9.581232070922852
2015-11-12,9.52939224243164
2015-11-13,9.391161918640137
2015-11-16,9.52075481414795
2015-11-17,9.46027660369873
2015-11-18,9.598508834838867
2015-11-19,9.633066177368164
2015-11-20,9.607150077819824
2015-11-23,9.512113571166992
2015-11-24,9.503473281860352
2015-11-25,9.494834899902344
2015-11-27,9.667625427246094
2015-11-30,9.70218276977539
2015-12-01,9.788578987121582
2015-12-02,9.650347709655762
2015-12-03,9.710823059082031
2015-12-04,9.840415954589844
2015-12-07,9.754020690917969
2015-12-08,9.633066177368164
2015-12-09,9.667625427246094
2015-12-10,9.607150077819824
2015-12-11,9.33068561553955
2015-12-14,9.451637268066406
2015-12-15,9.512113571166992
2015-12-16,9.814497947692871
2015-12-17,9.754020690917969
2015-12-18,9.72810173034668
2015-12-21,9.719462394714355
2015-12-22,9.883615493774414
2015-12-23,10.02005386352539
2015-12-24,10.02005386352539
2015-12-28,9.985292434692383
2015-12-29,10.037434577941895
2015-12-30,9.967910766601562
2015-12-31,9.872316360473633
2016-01-04,9.76803207397461
2016-01-05,9.776721954345703
2016-01-06,9.611603736877441
2016-01-07,9.49863052368164
2016-01-08,9.376960754394531
2016-01-11,9.290056228637695
2016-01-12,9.290056228637695
2016-01-13,9.168392181396484
2016-01-14,9.35089111328125
2016-01-15,8.881608963012695
2016-01-19,8.977204322814941
2016-01-20,8.82946491241455
2016-01-21,8.759940147399902
2016-01-22,8.994584083557129
2016-01-25,8.933749198913574
2016-01-26,9.098870277404785
2016-01-27,9.090177536010742
2016-01-28,9.159703254699707
2016-01-29,9.411725044250488
2016-02-01,9.403034210205078
2016-02-02,9.194463729858398
2016-02-03,9.324819564819336
2016-02-04,9.324819564819336
2016-02-05,9.194463729858398
2016-02-08,8.838155746459961
2016-02-09,8.925061225891113
2016-02-10,8.890299797058105
2016-02-11,8.725183486938477
2016-02-12,8.733870506286621
2016-02-16,9.064105987548828
2016-02-17,9.133628845214844
2016-02-18,9.05541706085205
2016-02-19,9.05541706085205
2016-02-22,9.116250038146973
2016-02-23,9.003274917602539
2016-02-24,8.95982551574707
2016-02-25,9.081487655639648
2016-02-26,8.977204322814941
2016-02-29,9.072798728942871
2016-03-01,9.151010513305664
2016-03-02,9.22053337097168
2016-03-03,9.376960754394531
2016-03-04,9.55077075958252
2016-03-07,9.533390045166016
2016-03-08,9.429106712341309
2016-03-09,9.35089111328125
2016-03-10,9.524698257446289
2016-03-11,9.646366119384766
2016-03-14,9.689817428588867
2016-03-15,9.689817428588867
2016-03-16,9.76803207397461
2016-03-17,9.89838695526123
2016-03-18,9.924459457397461
2016-03-21,9.993983268737793
2016-03-22,10.002671241760254
2016-03-23,9.801921844482422
2016-03-24,9.67099666595459
2016-03-28,9.740822792053223
2016-03-29,10.028858184814453
2016-03-30,10.081229209899902
2016-03-31,10.159784317016602
2016-04-01,10.220880508422852
2016-04-04,10.081229209899902
2016-04-05,9.950302124023438
2016-04-06,9.97648811340332
2016-04-07,9.819376945495605
2016-04-08,10.002670288085938
2016-04-11,10.028858184814453
2016-04-12,10.133596420288086
2016-04-13,10.264520645141602
2016-04-14,10.299436569213867
2016-04-15,10.229608535766602
2016-04-18,10.299436569213867
2016-04-19,10.43908977508545
2016-04-20,10.3343505859375
2016-04-21,10.212152481079102
2016-04-22,10.229608535766602
2016-04-25,10.247066497802734
2016-04-26,10.308164596557617
2016-04-27,10.39544677734375
2016-04-28,10.255794525146484
2016-04-29,10.430360794067383
2016-05-02,10.5001859664917
2016-05-03,10.247066497802734
2016-05-04,10.229608535766602
2016-05-05,10.212152481079102
2016-05-06,10.299436569213867
2016-05-09,10.2907075881958
2016-05-10,10.360533714294434
2016-05-11,10.369261741638184
2016-05-12,10.343077659606934
2016-05-13,10.203423500061035
2016-05-16,10.273253440856934
2016-05-17,10.229608535766602
2016-05-18,10.177238464355469
2016-05-19,10.116141319274902
2016-05-20,10.2383394241333
2016-05-23,10.220880508422852
2016-05-24,10.412904739379883
2016-05-25,10.43908977508545
2016-05-26,10.578742027282715
2016-05-27,10.570013046264648
2016-05-31,10.65729808807373
2016-06-01,10.770767211914062
2016-06-02,10.770767211914062
2016-06-03,10.901690483093262
2016-06-06,11.02388858795166
2016-06-07,11.16353988647461
2016-06-08,11.27701187133789
2016-06-09,11.27701187133789
2016-06-10,10.980246543884277
2016-06-13,10.71839714050293
2016-06-14,10.587471008300781
2016-06-15,10.64857006072998
2016-06-16,10.74458122253418
2016-06-17,10.892962455749512
2016-06-20,10.962790489196777
2016-06-21,10.945332527160645
2016-06-22,11.032966613769531
2016-06-23,11.330917358398438
2016-06-24,10.498407363891602
2016-06-27,10.314377784729004
2016-06-28,10.542221069335938
2016-06-29,10.85770034790039
2016-06-30,11.015438079833984
2016-07-01,11.059255599975586
2016-07-05,10.85770034790039
2016-07-06,10.813883781433105
2016-07-07,10.778830528259277
2016-07-08,10.92780590057373
2016-07-11,11.120597839355469
2016-07-12,11.208230972290039
2016-07-13,11.225759506225586
2016-07-14,11.29586410522461
2016-07-15,11.21699333190918
2016-07-18,11.199469566345215
2016-07-19,11.181941986083984
2016-07-20,11.260811805725098
2016-07-21,11.243285179138184
2016-07-22,11.260811805725098
2016-07-25,11.225759506225586
2016-07-26,11.348442077636719
2016-07-27,11.348442077636719
2016-07-28,11.401022911071777
2016-07-29,11.427313804626465
2016-08-01,11.383498191833496
2016-08-02,11.339679718017578
2016-08-03,11.287100791931152
2016-08-04,11.47113037109375
2016-08-05,11.46236515045166
2016-08-08,11.436078071594238
2016-08-09,11.444840431213379
2016-08-10,11.453601837158203
2016-08-11,11.506183624267578
2016-08-12,11.48865795135498
2016-08-15,11.567523956298828
2016-08-16,11.532470703125
2016-08-17,11.48865795135498
2016-08-18,11.69021224975586
2016-08-19,11.62886905670166
2016-08-22,11.672685623168945
2016-08-23,11.71650218963623
2016-08-24,11.672685623168945
2016-08-25,11.672685623168945
2016-08-26,11.655159950256348
2016-08-29,11.663921356201172
2016-08-30,11.611340522766113
2016-08-31,11.602579116821289
2016-09-01,11.646392822265625
2016-09-02,11.795370101928711
2016-09-06,11.979399681091309
2016-09-07,12.040740013122559
2016-09-08,11.996926307678223
2016-09-09,11.830422401428223
2016-09-12,11.830422401428223
2016-09-13,11.681447982788086
2016-09-14,11.663921356201172
2016-09-15,11.646392822265625
2016-09-16,11.558762550354004
2016-09-19,11.655159950256348
2016-09-20,11.69021224975586
2016-09-21,11.899530410766602
2016-09-22,11.925915718078613
2016-09-23,11.811582565307617
2016-09-26,11.758813858032227
2016-09-27,11.723631858825684
2016-09-28,11.846761703491211
2016-09-29,11.741223335266113
2016-09-30,11.706043243408203
2016-10-03,11.741223335266113
2016-10-04,11.679656028747559
2016-10-05,11.706043243408203
2016-10-06,11.6268892288208
2016-10-07,11.512553215026855
2016-10-10,11.50376033782959
2016-10-11,11.301477432250977
2016-10-12,11.292679786682129
2016-10-13,11.292679786682129
2016-10-14,11.371834754943848
2016-10-17,11.424604415893555
2016-10-18,11.565323829650879
2016-10-19,11.609297752380371
2016-10-20,11.644478797912598
2016-10-21,11.565323829650879
2016-10-24,11.565323829650879
2016-10-25,11.547735214233398
2016-10-26,11.556529998779297
2016-10-27,11.512553215026855
2016-10-28,11.459785461425781
2016-10-31,11.494963645935059
2016-11-01,11.398221015930176
2016-11-02,11.239911079406738
2016-11-03,11.125576972961426
2016-11-04,11.125576972961426
2016-11-07,11.371834754943848
2016-11-08,11.257501602172852
2016-11-09,10.9057035446167
2016-11-10,10.597885131835938
2016-11-11,10.527524948120117
2016-11-14,10.43957233428955
2016-11-15,10.448368072509766
2016-11-16,10.307650566101074
2016-11-17,10.378009796142578
2016-11-18,10.351625442504883
2016-11-21,10.457164764404297
2016-11-22,10.483548164367676
2016-11-23,10.413187980651855
2016-11-25,10.545111656188965
2016-11-28,10.597885131835938
2016-11-29,10.650650024414062
2016-11-30,10.70341968536377
2016-12-01,10.633060455322266
2016-12-02,10.597885131835938
2016-12-05,10.597885131835938
2016-12-06,10.650650024414062
2016-12-07,10.756190299987793
2016-12-08,10.55390739440918
2016-12-09,10.527524948120117
2016-12-12,10.509931564331055
2016-12-13,10.633060455322266
2016-12-14,10.40439510345459
2016-12-15,10.395599365234375
2016-12-16,10.483548164367676
2016-12-19,10.483548164367676
2016-12-20,10.43957233428955
2016-12-21,10.52171802520752
2016-12-22,10.503257751464844
2016-12-23,10.540175437927246
2016-12-27,10.614012718200684
2016-12-28,10.604782104492188
2016-12-29,10.706308364868164
2016-12-30,10.798604011535645
2017-01-03,10.835522651672363
2017-01-04,10.918588638305664
2017-01-05,11.010886192321777
2017-01-06,10.900131225585938
2017-01-09,10.937047958374023
2017-01-10,10.9093599319458
2017-01-11,10.973969459533691
2017-01-12,10.992424011230469
2017-01-13,11.010886192321777
2017-01-17,11.066261291503906
2017-01-18,11.075491905212402
2017-01-19,11.04780387878418
2017-01-20,11.149328231811523
2017-01-23,11.204705238342285
2017-01-24,11.297001838684082
2017-01-25,11.324689865112305
2017-01-26,11.306230545043945
2017-01-27,11.315461158752441
2017-01-30,11.232394218444824
2017-01-31,11.250852584838867
2017-02-01,11.324689865112305
2017-02-02,11.306230545043945
2017-02-03,11.426215171813965
2017-02-06,11.306230545043945
2017-02-07,11.260082244873047
2017-02-08,11.370838165283203
2017-02-09,11.398527145385742
2017-02-10,11.416985511779785
2017-02-13,11.44467544555664
2017-02-14,11.481592178344727
2017-02-15,11.536972045898438
2017-02-16,11.60157585144043
2017-02-17,11.509282112121582
2017-02-21,11.536972045898438
2017-02-22,11.555429458618164
2017-02-23,11.380067825317383
2017-02-24,11.287772178649902
2017-02-27,11.232394218444824
2017-02-28,11.269312858581543
2017-03-01,11.398527145385742
2017-03-02,11.333918571472168
2017-03-03,11.380067825317383
2017-03-06,11.333918571472168
2017-03-07,11.324689865112305
2017-03-08,11.269312858581543
2017-03-09,11.250852584838867
2017-03-10,11.315461158752441
2017-03-13,11.343149185180664
2017-03-14,11.204705238342285
2017-03-15,11.343149185180664
2017-03-16,11.416985511779785
2017-03-17,11.490821838378906
2017-03-20,11.509282112121582
2017-03-21,11.453902244567871
2017-03-22,11.500052452087402
2017-03-23,11.525066375732422
2017-03-24,11.534331321716309
2017-03-27,11.543594360351562
2017-03-28,11.63624095916748
2017-03-29,11.62697696685791
2017-03-30,11.534331321716309
2017-03-31,11.673297882080078
2017-04-03,11.645503997802734
2017-04-04,11.63624095916748
2017-04-05,11.59918212890625
2017-04-06,11.63624095916748
2017-04-07,11.691829681396484
2017-04-10,11.63624095916748
2017-04-11,11.765944480895996
2017-04-12,11.710356712341309
2017-04-13,11.617711067199707
2017-04-17,11.747413635253906
2017-04-18,11.589919090270996
2017-04-19,11.562125205993652
2017-04-20,11.562125205993652
2017-04-21,11.534331321716309
2017-04-24,11.830796241760254
2017-04-25,11.95123291015625
2017-04-26,11.95123291015625
2017-04-27,12.090203285217285
2017-04-28,12.10873031616211
2017-05-01,12.15505313873291
2017-05-02,12.256961822509766
2017-05-03,12.173583030700684
2017-05-04,12.266228675842285
2017-05-05,12.432990074157715
2017-05-08,12.294021606445312
2017-05-09,12.284756660461426
2017-05-10,12.266228675842285
2017-05-11,12.247698783874512
2017-05-12,12.312549591064453
2017-05-15,12.368138313293457
2017-05-16,12.442255020141602
2017-05-17,12.256961822509766
2017-05-18,12.294021606445312
2017-05-19,12.451518058776855
2017-05-22,12.4793119430542
2017-05-23,12.488576889038086
2017-05-24,12.4793119430542
2017-05-25,12.50710391998291
2017-05-26,12.497841835021973
2017-05-30,12.451518058776855
2017-05-31,12.497841835021973
2017-06-01,12.534899711608887
2017-06-02,12.525634765625
2017-06-05,12.553428649902344
2017-06-06,12.627542495727539
2017-06-07,12.544163703918457
2017-06-08,12.534899711608887
2017-06-09,12.451518058776855
2017-06-12,12.405196189880371
2017-06-13,12.470046997070312
2017-06-14,12.451518058776855
2017-06-15,12.229169845581055
2017-06-16,12.266228675842285
2017-06-19,12.210639953613281
2017-06-20,12.10873031616211
2017-06-21,12.117998123168945
2017-06-22,12.071747779846191
2017-06-23,12.052872657775879
2017-06-26,12.109500885009766
2017-06-27,12.128377914428711
2017-06-28,12.24163818359375
2017-06-29,12.08118724822998
2017-06-30,12.185007095336914
2017-07-03,12.232199668884277
2017-07-05,12.175569534301758
2017-07-06,12.166132926940918
2017-07-07,12.185007095336914
2017-07-10,12.175569534301758
2017-07-11,12.166132926940918
2017-07-12,12.336023330688477
2017-07-13,12.298270225524902
2017-07-14,12.458721160888672
2017-07-17,12.392654418945312
2017-07-18,12.392654418945312
2017-07-19,12.420969009399414
2017-07-20,12.505913734436035
2017-07-21,12.571985244750977
2017-07-24,12.458721160888672
2017-07-25,12.571985244750977
2017-07-26,12.638053894042969
2017-07-27,12.430407524108887
2017-07-28,12.449285507202148
2017-07-31,12.449285507202148
2017-08-01,12.420969009399414
2017-08-02,12.505913734436035
2017-08-03,12.571985244750977
2017-08-04,12.590862274169922
2017-08-07,12.60973834991455
2017-08-08,12.590862274169922
2017-08-09,12.562546730041504
2017-08-10,12.373775482177734
2017-08-11,12.430407524108887
2017-08-14,12.515353202819824
2017-08-15,12.468161582946777
2017-08-16,12.590862274169922
2017-08-17,12.354900360107422
2017-08-18,12.477602005004883
2017-08-21,12.402092933654785
2017-08-22,12.468161582946777
2017-08-23,12.477602005004883
2017-08-24,12.402092933654785
2017-08-25,12.53423023223877
2017-08-28,12.543669700622559
2017-08-29,12.505913734436035
2017-08-30,12.411530494689941
2017-08-31,12.487038612365723
2017-09-01,12.430407524108887
2017-09-05,12.373775482177734
2017-09-06,12.468161582946777
2017-09-07,12.543669700622559
2017-09-08,12.487038612365723
2017-09-11,12.619176864624023
2017-09-12,12.581421852111816
2017-09-13,12.411530494689941
2017-09-14,12.477602005004883
2017-09-15,12.392654418945312
2017-09-18,12.354900360107422
2017-09-19,12.496479034423828
2017-09-20,12.515353202819824
2017-09-21,12.45374870300293
2017-09-22,12.415839195251465
2017-09-25,12.330537796020508
2017-09-26,12.321061134338379
2017-09-27,12.377927780151367
2017-09-28,12.425313949584961
2017-09-29,12.482181549072266
2017-10-02,12.539048194885254
2017-10-03,12.586435317993164
2017-10-04,12.558003425598145
2017-10-05,12.586435317993164
2017-10-06,12.539048194885254
2017-10-09,12.624348640441895
2017-10-10,12.728602409362793
2017-10-11,12.84233570098877
2017-10-12,12.77599048614502
2017-10-13,12.823380470275879
2017-10-16,12.690692901611328
2017-10-17,12.70016860961914
2017-10-18,12.709649085998535
2017-10-19,12.719125747680664
2017-10-20,12.66225814819336
2017-10-23,12.614870071411133
2017-10-24,12.56748104095459
2017-10-25,12.482181549072266
2017-10-26,12.5485258102417
2017-10-27,12.472704887390137
2017-10-30,12.501137733459473
2017-10-31,12.56748104095459
2017-11-01,12.558003425598145
2017-11-02,12.529573440551758
2017-11-03,12.35897159576416
2017-11-06,12.415839195251465
2017-11-07,12.273672103881836
2017-11-08,12.425313949584961
2017-11-09,12.074639320373535
2017-11-10,11.989339828491211
2017-11-13,12.008295059204102
2017-11-14,11.932474136352539
2017-11-15,11.904040336608887
2017-11-16,12.036727905273438
2017-11-17,11.904040336608887
2017-11-20,11.761872291564941
2017-11-21,11.828217506408691
2017-11-22,11.894561767578125
2017-11-24,11.894561767578125
2017-11-27,11.856651306152344
2017-11-28,11.97986125946045
2017-11-29,12.055684089660645
2017-11-30,12.055684089660645
2017-12-01,12.008295059204102
2017-12-04,11.894561767578125
2017-12-05,11.875606536865234
2017-12-06,11.828217506408691
2017-12-07,11.941949844360352
2017-12-08,12.008295059204102
2017-12-11,12.084117889404297
2017-12-12,12.074639320373535
2017-12-13,12.150460243225098
2017-12-14,12.150460243225098
2017-12-15,12.103072166442871
2017-12-18,12.188371658325195
2017-12-19,12.150460243225098
2017-12-20,12.169416427612305
2017-12-21,12.273672103881836
2017-12-22,12.368449211120605
2017-12-26,12.377927780151367
2017-12-27,12.377927780151367
2017-12-28,12.482181549072266
2017-12-29,12.558003425598145
2018-01-02,12.66225814819336
2018-01-03,12.63382625579834
2018-01-04,12.643303871154785
2018-01-05,12.66225814819336
2018-01-08,12.77599048614502
2018-01-09,12.757037162780762
2018-01-10,12.652782440185547
2018-01-11,12.78547191619873
2018-01-12,12.880247116088867
2018-01-16,13.02241325378418
2018-01-17,13.050848007202148
2018-01-18,13.050848007202148
2018-01-19,13.08875846862793
2018-01-22,13.193012237548828
2018-01-23,13.174056053161621
2018-01-24,13.107712745666504
2018-01-25,13.02241325378418
2018-01-26,13.031888961791992
2018-01-29,12.946590423583984
2018-01-30,13.012935638427734
2018-01-31,13.060323715209961
2018-02-01,12.92763614654541
2018-02-02,12.56748104095459
2018-02-05,12.122027397155762
2018-02-06,12.35897159576416
2018-02-07,12.254714012145996
2018-02-08,11.922996520996094
2018-02-09,12.09359359741211
2018-02-12,12.216805458068848
2018-02-13,12.188371658325195
2018-02-14,12.415839195251465
2018-02-15,12.482181549072266
2018-02-16,12.510613441467285
2018-02-20,12.501137733459473
2018-02-21,12.434792518615723
2018-02-22,12.45374870300293
2018-02-23,12.586435317993164
2018-02-26,12.70016860961914
2018-02-27,12.539048194885254
2018-02-28,12.444271087646484
2018-03-01,12.321061134338379
2018-03-02,12.302103996276855
2018-03-05,12.35897159576416
2018-03-06,12.396881103515625
2018-03-07,12.434792518615723
2018-03-08,12.482181549072266
2018-03-09,12.595915794372559
2018-03-12,12.690692901611328
2018-03-13,12.56748104095459
2018-03-14,12.728602409362793
2018-03-15,12.671736717224121
2018-03-16,12.652782440185547
2018-03-19,12.614870071411133
2018-03-20,12.709649085998535
2018-03-21,12.77599048614502
2018-03-22,12.500319480895996
2018-03-23,12.424269676208496
2018-03-26,12.699942588806152
2018-03-27,12.595377922058105
2018-03-28,12.642909049987793
2018-03-29,12.70944881439209
2018-04-02,12.519332885742188
2018-04-03,12.661919593811035
2018-04-04,12.71895694732666
2018-04-05,12.804508209228516
2018-04-06,12.795002937316895
2018-04-09,12.994627952575684
2018-04-10,13.013638496398926
2018-04-11,12.994627952575684
2018-04-12,12.966111183166504
2018-04-13,13.089688301086426
2018-04-16,13.070676803588867
2018-04-17,13.089688301086426
2018-04-18,13.099193572998047
2018-04-19,13.099193572998047
2018-04-20,13.070676803588867
2018-04-23,12.918582916259766
2018-04-24,12.918582916259766
2018-04-25,12.899569511413574
2018-04-26,13.118205070495605
2018-04-27,13.279808044433594
2018-04-30,13.289312362670898
2018-05-01,13.251289367675781
2018-05-02,13.289312362670898
2018-05-03,13.346348762512207
2018-05-04,13.365360260009766
2018-05-07,13.365360260009766
2018-05-08,13.165735244750977
2018-05-09,13.175241470336914
2018-05-10,13.336843490600586
2018-05-11,13.27030086517334
2018-05-14,13.308324813842773
2018-05-15,13.298819541931152
2018-05-16,13.232277870178223
2018-05-17,13.279808044433594
2018-05-18,13.308324813842773
2018-05-21,13.374865531921387
2018-05-22,13.346348762512207
2018-05-23,13.308324813842773
2018-05-24,13.118205070495605
2018-05-25,12.842533111572266
2018-05-29,12.595377922058105
2018-05-30,12.823521614074707
2018-05-31,12.871052742004395
2018-06-01,12.861544609069824
2018-06-04,12.766487121582031
2018-06-05,12.766487121582031
2018-06-06,12.785497665405273
2018-06-07,12.671425819396973
2018-06-08,12.5858736038208
2018-06-11,12.633402824401855
2018-06-12,12.642909049987793
2018-06-13,12.623895645141602
2018-06-14,12.566862106323242
2018-06-15,12.557354927062988
2018-06-18,12.462295532226562
2018-06-19,12.367236137390137
2018-06-20,12.386248588562012
2018-06-21,12.248761177062988
2018-06-22,12.3449068069458
2018-06-25,12.200689315795898
2018-06-26,12.094930648803711
2018-06-27,11.96994400024414
2018-06-28,11.950716972351074
2018-06-29,12.152618408203125
2018-07-02,12.046859741210938
2018-07-03,12.171847343444824
2018-07-05,12.181461334228516
2018-07-06,12.354521751403809
2018-07-09,12.48912239074707
2018-07-10,12.44105052947998
2018-07-11,12.306448936462402
2018-07-12,12.383363723754883
2018-07-13,12.402591705322266
2018-07-16,12.402591705322266
2018-07-17,12.450664520263672
2018-07-18,12.421822547912598
2018-07-19,12.373748779296875
2018-07-20,12.498735427856445
2018-07-23,12.50835132598877
2018-07-24,12.44105052947998
2018-07-25,12.546809196472168
2018-07-26,12.50835132598877
2018-07-27,12.50835132598877
2018-07-30,12.527581214904785
2018-07-31,12.652567863464355
2018-08-01,12.517966270446777
2018-08-02,12.421822547912598
2018-08-03,12.402591705322266
2018-08-06,12.258376121520996
2018-08-07,12.296833038330078
2018-08-08,12.325676918029785
2018-08-09,12.33529281616211
2018-08-10,12.075703620910645
2018-08-13,12.018016815185547
2018-08-14,11.96994400024414
2018-08-15,11.835341453552246
2018-08-16,11.825726509094238
2018-08-17,11.96994400024414
2018-08-20,12.056473731994629
2018-08-21,12.267991065979004
2018-08-22,12.219918251037598
2018-08-23,12.133389472961426
2018-08-24,12.267991065979004
2018-08-27,12.412206649780273
2018-08-28,12.460280418395996
2018-08-29,12.460280418395996
2018-08-30,12.325676918029785
2018-08-31,12.258376121520996
2018-09-04,12.181461334228516
2018-09-05,12.114160537719727
2018-09-06,12.104545593261719
2018-09-07,11.98917293548584
2018-09-10,12.104545593261719
2018-09-11,12.056473731994629
2018-09-12,12.066088676452637
2018-09-13,12.008400917053223
2018-09-14,11.972649574279785
2018-09-17,12.02096176147461
2018-09-18,12.098268508911133
2018-09-19,12.107932090759277
2018-09-20,12.136921882629395
2018-09-21,12.17557430267334
2018-09-24,12.127259254455566
2018-09-25,12.030627250671387
2018-09-26,12.030627250671387
2018-09-27,12.040291786193848
2018-09-28,12.011302947998047
2018-10-01,11.914668083190918
2018-10-02,11.808374404907227
2018-10-03,11.818037033081055
2018-10-04,11.673089981079102
2018-10-05,11.537805557250977
2018-10-08,11.450838088989258
2018-10-09,11.42184829711914
2018-10-10,11.170605659484863
2018-10-11,11.054648399353027
2018-10-12,11.006333351135254
2018-10-15,11.073974609375
2018-10-16,11.257573127746582
2018-10-17,11.238248825073242
2018-10-18,11.1029634475708
2018-10-19,11.170605659484863
2018-10-22,11.170605659484863
2018-10-23,11.064311027526855
2018-10-24,10.909701347351074
2018-10-25,10.958017349243164
2018-10-26,10.851722717285156
2018-10-29,10.755091667175293
2018-10-30,10.745427131652832
2018-10-31,10.842059135437012
2018-11-01,11.170605659484863
2018-11-02,11.141616821289062
2018-11-05,11.112627983093262
2018-11-06,11.402522087097168
2018-11-07,11.779383659362793
2018-11-08,11.69241714477539
2018-11-09,11.6441011428833
2018-11-12,11.547470092773438
2018-11-13,11.528142929077148
2018-11-14,11.48949146270752
2018-11-15,11.508816719055176
2018-11-16,11.55713176727295
2018-11-19,11.431512832641602
2018-11-20,11.276902198791504
2018-11-21,11.412186622619629
2018-11-23,11.392858505249023
2018-11-26,11.537805557250977
2018-11-27,11.595785140991211
2018-11-28,11.760058403015137
2018-11-29,11.682753562927246
2018-11-30,11.731069564819336
2018-12-03,11.818037033081055
2018-12-04,11.605447769165039
2018-12-06,11.566797256469727
2018-12-07,11.528142929077148
2018-12-10,11.441174507141113
2018-12-11,11.460501670837402
2018-12-12,11.518479347229004
2018-12-13,11.634437561035156
2018-12-14,11.547470092773438
2018-12-17,11.499153137207031
2018-12-18,11.379724502563477
2018-12-19,11.282629013061523
2018-12-20,11.117563247680664
2018-12-21,10.913660049438477
2018-12-24,10.76801586151123
2018-12-26,11.020465850830078
2018-12-27,10.952497482299805
2018-12-28,11.010757446289062
2018-12-31,11.127272605895996
2019-01-02,11.088434219360352
2019-01-03,10.971919059753418
2019-01-04,11.185530662536621
2019-01-07,11.311755180358887
2019-01-08,11.46711254119873
2019-01-09,11.573917388916016
2019-01-10,11.661304473876953
2019-01-11,11.603046417236328
2019-01-14,11.54478931427002
2019-01-15,11.54478931427002
2019-01-16,11.573917388916016
2019-01-17,11.641885757446289
2019-01-18,11.738981246948242
2019-01-22,11.700142860412598
2019-01-23,11.816658973693848
2019-01-24,11.972013473510742
2019-01-25,12.0399808883667
2019-01-28,12.010851860046387
2019-01-29,12.224465370178223
2019-01-30,12.282722473144531
2019-01-31,12.457496643066406
2019-02-01,12.554593086242676
2019-02-04,12.49633502960205
2019-02-05,12.564302444458008
2019-02-06,12.49633502960205
2019-02-07,12.33127212524414
2019-02-08,12.273014068603516
2019-02-11,12.311851501464844
2019-02-12,12.399239540100098
2019-02-13,12.438078880310059
2019-02-14,12.49633502960205
2019-02-15,12.515755653381348
2019-02-19,12.6128511428833
2019-02-20,12.583723068237305
2019-02-21,12.593433380126953
2019-02-22,12.651691436767578
2019-02-25,12.661399841308594
2019-02-26,12.72936725616455
2019-02-27,12.661399841308594
2019-02-28,12.6128511428833
2019-03-01,12.6128511428833
2019-03-04,12.57401180267334
2019-03-05,12.641980171203613
2019-03-06,12.593433380126953
2019-03-07,12.525464057922363
2019-03-08,12.457496643066406
2019-03-11,12.6128511428833
2019-03-12,12.777915954589844
2019-03-13,12.816754341125488
2019-03-14,12.845882415771484
2019-03-15,12.82646369934082
2019-03-18,12.875012397766113
2019-03-19,12.777915954589844
2019-03-20,12.865301132202148
2019-03-21,12.84770393371582
2019-03-22,12.613041877746582
2019-03-25,12.603265762329102
2019-03-26,12.632597923278809
2019-03-27,12.73037338256836
2019-03-28,12.73037338256836
2019-03-29,12.749927520751953
2019-04-01,12.80859375
2019-04-02,12.84770393371582
2019-04-03,12.955255508422852
2019-04-04,12.935700416564941
2019-04-05,12.965033531188965
2019-04-08,12.965033531188965
2019-04-09,12.925923347473145
2019-04-10,12.965033531188965
2019-04-11,12.86725902557373
2019-04-12,12.86725902557373
2019-04-15,12.945478439331055
2019-04-16,12.925923347473145
2019-04-17,12.916146278381348
2019-04-18,12.90636920928955
2019-04-22,12.916146278381348
2019-04-23,12.925923347473145
2019-04-24,12.88681411743164
2019-04-25,12.84770393371582
2019-04-26,12.86725902557373
2019-04-29,12.90636920928955
2019-04-30,13.062808990478516
2019-05-01,12.994366645812988
2019-05-02,12.749927520751953
2019-05-03,12.916146278381348
2019-05-06,12.769482612609863
2019-05-07,12.652151107788086
2019-05-08,12.671707153320312
2019-05-09,12.583708763122559
2019-05-10,12.671707153320312
2019-05-13,12.407712936401367
2019-05-14,12.534820556640625
2019-05-15,12.583708763122559
2019-05-16,12.613041877746582
2019-05-17,12.564154624938965
2019-05-20,12.407712936401367
2019-05-21,12.603265762329102
2019-05-22,12.632597923278809
2019-05-23,12.4566011428833
2019-05-24,12.593486785888672
2019-05-28,12.593486785888672
2019-05-29,12.446823120117188
2019-05-30,12.4566011428833
2019-05-31,12.37838077545166
2019-06-03,12.515267372131348
2019-06-04,12.642374992370605
2019-06-05,12.710817337036133
2019-06-06,12.710817337036133
2019-06-07,12.925923347473145
2019-06-10,12.935700416564941
2019-06-11,12.994366645812988
2019-06-12,12.955255508422852
2019-06-13,13.013921737670898
2019-06-14,12.937068939208984
2019-06-17,12.897655487060547
2019-06-18,13.01589298248291
2019-06-19,13.094717025756836
2019-06-20,13.222806930541992
2019-06-21,13.262219429016113
2019-06-24,13.341043472290039
2019-06-25,13.281925201416016
2019-06-26,13.203100204467773
2019-06-27,13.14398193359375
2019-06-28,13.153836250305176
2019-07-01,13.262219429016113
2019-07-02,13.350895881652832
2019-07-03,13.528251647949219
2019-07-05,13.380455017089844
2019-07-08,13.33119010925293
2019-07-09,13.301630973815918
2019-07-10,13.419868469238281
2019-07-11,13.400161743164062
2019-07-12,13.37060260772705
2019-07-15,13.360750198364258
2019-07-16,13.360750198364258
2019-07-17,13.350895881652832
2019-07-18,13.400161743164062
2019-07-19,13.39030933380127
2019-07-22,13.39030933380127
2019-07-23,13.410014152526855
2019-07-24,13.37060260772705
2019-07-25,13.222806930541992
2019-07-26,13.222806930541992
2019-07-29,13.262219429016113
2019-07-30,12.897655487060547
2019-07-31,12.789271354675293
2019-08-01,12.76956558227539
2019-08-02,12.7794189453125
2019-08-05,12.513385772705078
2019-08-06,12.680888175964355
2019-08-07,12.70059585571289
2019-08-08,12.730154991149902
2019-08-09,12.730154991149902
2019-08-12,12.572504043579102
2019-08-13,12.690741539001465
2019-08-14,12.493680000305176
2019-08-15,12.395149230957031
2019-08-16,12.5527982711792
2019-08-19,12.59221076965332
2019-08-20,12.54294490814209
2019-08-21,12.64147663116455
2019-08-22,12.611917495727539
2019-08-23,12.454268455505371
2019-08-26,12.602063179016113
2019-08-27,12.661182403564453
2019-08-28,12.64147663116455
2019-08-29,12.621770858764648
2019-08-30,12.680888175964355
2019-09-03,12.7794189453125
2019-09-04,12.927214622497559
2019-09-05,12.986333847045898
2019-09-06,12.946921348571777
2019-09-09,12.937068939208984
2019-09-10,13.035597801208496
2019-09-11,13.19324779510498
2019-09-12,13.252366065979004
2019-09-13,13.252366065979004
2019-09-16,13.232660293579102
2019-09-17,13.301630973815918
2019-09-18,13.291777610778809
2019-09-19,13.380455017089844
2019-09-20,13.281925201416016
2019-09-23,13.183395385742188
2019-09-24,13.232660293579102
2019-09-25,13.160426139831543
2019-09-26,13.130741119384766
2019-09-27,13.051579475402832
2019-09-30,13.021895408630371
2019-10-01,12.972419738769531
2019-10-02,12.804203033447266
2019-10-03,12.853678703308105
2019-10-04,13.011999130249023
2019-10-07,12.982314109802246
2019-10-08,12.804203033447266
2019-10-09,12.932839393615723
2019-10-10,12.952629089355469
2019-10-11,13.110949516296387
2019-10-14,13.061474800109863
2019-10-15,13.150530815124512
2019-10-16,13.09115982055664
2019-10-17,13.180215835571289
2019-10-18,13.209901809692383
2019-10-21,13.30885124206543
2019-10-22,13.348431587219238
2019-10-23,13.41769790649414
2019-10-24,13.378116607666016
2019-10-25,13.35832691192627
2019-10-28,13.41769790649414
2019-10-29,13.25937557220459
2019-10-30,13.348431587219238
2019-10-31,13.397907257080078
2019-11-01,13.526542663574219
2019-11-04,13.576018333435059
2019-11-05,13.289061546325684
2019-11-06,13.3682222366333
2019-11-07,13.447382926940918
2019-11-08,13.506752967834473
2019-11-11,13.566123008728027
2019-11-12,13.536438941955566
2019-11-13,13.526542663574219
2019-11-14,13.615598678588867
2019-11-15,13.724444389343262
2019-11-18,13.684863090515137
2019-11-19,13.65517807006836
2019-11-20,13.615598678588867
2019-11-21,13.585912704467773
2019-11-22,13.576018333435059
2019-11-25,13.734338760375977
2019-11-26,13.803604125976562
2019-11-27,13.783814430236816
2019-11-29,13.843184471130371
2019-12-02,13.813499450683594
2019-12-03,13.793708801269531
2019-12-04,13.843184471130371
2019-12-05,13.971819877624512
2019-12-06,14.021295547485352
2019-12-09,13.981715202331543
2019-12-10,13.952030181884766
2019-12-11,14.1103515625
2019-12-12,14.179616928100586
2019-12-13,14.282273292541504
2019-12-16,14.511507987976074
2019-12-17,14.49157428741455
2019-12-18,14.39190673828125
2019-12-19,14.411840438842773
2019-12-20,14.39190673828125
2019-12-23,14.411840438842773
2019-12-24,14.441740036010742
2019-12-26,14.49157428741455
2019-12-27,14.611174583435059
2019-12-30,14.531440734863281
2019-12-31,14.601207733154297
2020-01-02,14.601207733154297
2020-01-03,14.461674690246582
2020-01-06,14.451706886291504
2020-01-07,14.371973991394043
2020-01-08,14.322139739990234
2020-01-09,14.342074394226074
2020-01-10,14.39190673828125
2020-01-13,14.49157428741455
2020-01-14,14.531440734863281
2020-01-15,14.66100788116455
2020-01-16,14.810507774353027
2020-01-17,14.850375175476074
2020-01-21,14.850375175476074
2020-01-22,14.910175323486328
2020-01-23,14.940074920654297
2020-01-24,14.989909172058105
2020-01-27,14.810507774353027
2020-01-28,14.940074920654297
2020-01-29,15.059675216674805
2020-01-30,14.870308876037598
2020-01-31,14.79057502746582
2020-02-03,14.850375175476074
2020-02-04,15.169309616088867
2020-02-05,15.259010314941406
2020-02-06,15.229108810424805
2020-02-07,15.099541664123535
2020-02-10,15.179275512695312
2020-02-11,15.368643760681152
2020-02-12,15.298876762390137
2020-02-13,15.308842658996582
2020-02-14,15.358675956726074
2020-02-18,15.498210906982422
2020-02-19,15.617810249328613
2020-02-20,15.55801010131836
2020-02-21,15.567976951599121
2020-02-24,15.069642066955566
2020-02-25,14.780608177185059
2020-02-26,14.800541877746582
2020-02-27,14.421807289123535
2020-02-28,14.292240142822266
2020-03-02,14.700874328613281
2020-03-03,14.680940628051758
2020-03-04,15.368643760681152
2020-03-05,14.940074920654297
2020-03-06,14.62114143371582
2020-03-09,13.455038070678711
2020-03-10,13.624471664428711
2020-03-11,12.966670036315918
2020-03-12,11.461698532104492
2020-03-13,12.209200859069824
2020-03-16,10.963364601135254
2020-03-17,11.740766525268555
2020-03-18,10.744096755981445
2020-03-19,10.654396057128906
2020-03-20,10.564696311950684
2020-03-23,10.195928573608398
2020-03-24,11.252398490905762
2020-03-25,11.970000267028809
2020-03-26,12.399999618530273
2020-03-27,11.9399995803833
2020-03-30,12.1899995803833
2020-03-31,12.119999885559082
2020-04-01,11.5600004196167
2020-04-02,11.770000457763672
2020-04-03,11.550000190734863
2020-04-06,12.09000015258789
2020-04-07,12.170000076293945
2020-04-08,12.359999656677246
2020-04-09,12.609999656677246
2020-04-13,12.390000343322754
2020-04-14,12.680000305175781
2020-04-15,12.170000076293945
2020-04-16,12.109999656677246
