Date,FRAK
2012-02-15,23.18304443359375
2012-02-16,23.68523597717285
2012-02-17,23.758283615112305
2012-02-21,23.785673141479492
2012-02-22,23.621320724487305
2012-02-23,23.950029373168945
2012-02-24,23.986557006835938
2012-02-27,23.849592208862305
2012-02-28,23.648714065551758
2012-02-29,23.493488311767578
2012-03-01,23.767412185668945
2012-03-02,23.34739875793457
2012-03-05,22.94564437866211
2012-03-06,22.54389190673828
2012-03-07,22.73563575744629
2012-03-08,23.06434440612793
2012-03-09,22.97303581237793
2012-03-12,22.70824432373047
2012-03-13,22.97303581237793
2012-03-14,22.70824432373047
2012-03-15,22.81781768798828
2012-03-16,23.246959686279297
2012-03-19,23.53914451599121
2012-03-20,23.055213928222656
2012-03-21,22.97303581237793
2012-03-22,22.014307022094727
2012-03-23,22.50736427307129
2012-03-26,22.63519859313965
2012-03-27,22.470844268798828
2012-03-28,22.005176544189453
2012-03-29,21.813426971435547
2012-03-30,22.12387466430664
2012-04-02,22.616939544677734
2012-04-03,22.16952896118164
2012-04-04,21.868215560913086
2012-04-05,21.667335510253906
2012-04-09,21.36602210998535
2012-04-10,20.82730484008789
2012-04-11,20.91861343383789
2012-04-12,21.329500198364258
2012-04-13,21.009920120239258
2012-04-16,20.681211471557617
2012-04-17,21.13774871826172
2012-04-18,21.0190486907959
2012-04-19,20.955135345458984
2012-04-20,20.955135345458984
2012-04-23,20.836435317993164
2012-04-24,20.882089614868164
2012-04-25,21.42080307006836
2012-04-26,21.612552642822266
2012-04-27,22.041696548461914
2012-04-30,22.233442306518555
2012-05-01,22.470844268798828
2012-05-02,22.03256607055664
2012-05-03,21.45733070373535
2012-05-04,21.119487762451172
2012-05-07,21.028181076049805
2012-05-08,20.252063751220703
2012-05-09,20.717735290527344
2012-05-10,20.87295913696289
2012-05-11,20.452939987182617
2012-05-14,19.905092239379883
2012-05-15,19.18376350402832
2012-05-16,18.909839630126953
2012-05-17,18.809404373168945
2012-05-18,19.0650634765625
2012-05-21,19.649433135986328
2012-05-22,19.43942642211914
2012-05-23,19.366376876831055
2012-05-24,19.247678756713867
2012-05-25,19.530731201171875
2012-05-29,19.832046508789062
2012-05-30,19.092456817626953
2012-05-31,18.855056762695312
2012-06-01,18.188508987426758
2012-06-04,18.2432918548584
2012-06-05,18.416780471801758
2012-06-06,19.08332633972168
2012-06-07,18.982887268066406
2012-06-08,19.001148223876953
2012-06-11,18.57200050354004
2012-06-12,18.791139602661133
2012-06-13,18.343730926513672
2012-06-14,18.87331771850586
2012-06-15,19.147241592407227
2012-06-18,19.03767204284668
2012-06-19,19.293331146240234
2012-06-20,18.973758697509766
2012-06-21,18.097200393676758
2012-06-22,18.179378509521484
2012-06-25,17.61327362060547
2012-06-26,17.731969833374023
2012-06-27,18.343730926513672
2012-06-28,18.179378509521484
2012-06-29,19.202028274536133
2012-07-02,18.95549774169922
2012-07-03,19.8411808013916
2012-07-05,19.5216007232666
2012-07-06,19.293331146240234
2012-07-09,19.202028274536133
2012-07-10,18.49895477294922
2012-07-11,18.87331771850586
2012-07-12,18.818532943725586
2012-07-13,19.174631118774414
2012-07-16,19.220287322998047
2012-07-17,19.430295944213867
2012-07-18,20.04206085205078
2012-07-19,20.08771324157715
2012-07-20,20.051189422607422
2012-07-23,20.069448471069336
2012-07-24,19.667694091796875
2012-07-25,19.667694091796875
2012-07-26,19.82291603088379
2012-07-27,20.589902877807617
2012-07-30,20.69034194946289
2012-07-31,20.37989616394043
2012-08-01,20.42555046081543
2012-08-02,19.43942642211914
2012-08-03,20.37989616394043
2012-08-06,20.544252395629883
2012-08-07,21.00078773498535
2012-08-08,20.955135345458984
2012-08-09,21.36602210998535
2012-08-10,21.073835372924805
2012-08-13,20.82730484008789
2012-08-14,21.04644203186035
2012-08-15,20.955135345458984
2012-08-16,21.38428497314453
2012-08-17,21.356887817382812
2012-08-20,21.16514015197754
2012-08-21,21.082965850830078
2012-08-22,21.174272537231445
2012-08-23,20.745126724243164
2012-08-24,21.009920120239258
2012-08-27,20.90947914123535
2012-08-28,20.991655349731445
2012-08-29,20.772520065307617
2012-08-30,20.41642189025879
2012-08-31,20.635557174682617
2012-09-04,20.452939987182617
2012-09-05,20.608163833618164
2012-09-06,21.156009674072266
2012-09-07,21.484722137451172
2012-09-10,21.530376434326172
2012-09-11,21.89560317993164
2012-09-12,21.913867950439453
2012-09-13,22.45258140563965
2012-09-14,22.744768142700195
2012-09-17,22.726503372192383
2012-09-18,22.260833740234375
2012-09-19,21.922996520996094
2012-09-20,22.069089889526367
2012-09-21,22.0234375
2012-09-24,21.83169174194336
2012-09-25,21.594289779663086
2012-09-26,21.329500198364258
2012-09-27,21.685596466064453
2012-09-28,21.548635482788086
2012-10-01,21.786035537719727
2012-10-02,21.77690315246582
2012-10-03,21.58515739440918
2012-10-04,21.77690315246582
2012-10-05,21.703859329223633
2012-10-08,21.45733070373535
2012-10-09,21.840818405151367
2012-10-10,21.375152587890625
2012-10-11,21.74038314819336
2012-10-12,21.74038314819336
2012-10-15,21.649070739746094
2012-10-16,22.0234375
2012-10-17,22.13300323486328
2012-10-18,22.22431182861328
2012-10-19,21.840818405151367
2012-10-22,21.630813598632812
2012-10-23,21.302104949951172
2012-10-24,20.91861343383789
2012-10-25,21.2016658782959
2012-10-26,21.073835372924805
2012-10-31,21.09209442138672
2012-11-01,21.302104949951172
2012-11-02,21.0647029876709
2012-11-05,21.16514015197754
2012-11-06,21.36602210998535
2012-11-07,20.717735290527344
2012-11-08,20.52598762512207
2012-11-09,20.343374252319336
2012-11-12,20.42555046081543
2012-11-13,20.29772186279297
2012-11-14,20.133365631103516
2012-11-15,19.895965576171875
2012-11-16,20.051189422607422
2012-11-19,20.544252395629883
2012-11-20,20.325111389160156
2012-11-21,20.617294311523438
2012-11-23,20.891216278076172
2012-11-26,20.59903335571289
2012-11-27,20.452939987182617
2012-11-28,20.42555046081543
2012-11-29,20.608163833618164
2012-11-30,20.489463806152344
2012-12-03,20.452939987182617
2012-12-04,20.224674224853516
2012-12-05,20.608163833618164
2012-12-06,20.635557174682617
2012-12-07,20.58077621459961
2012-12-10,20.589902877807617
2012-12-11,20.772520065307617
2012-12-12,20.845565795898438
2012-12-13,20.726865768432617
2012-12-14,20.59903335571289
2012-12-17,20.69034194946289
2012-12-18,21.192533493041992
2012-12-19,21.009920120239258
2012-12-20,21.16514015197754
2012-12-21,21.073835372924805
2012-12-24,20.83232879638672
2012-12-26,20.92450714111328
2012-12-27,20.75858497619629
2012-12-28,20.44517707824707
2012-12-31,20.979814529418945
2013-01-02,21.191823959350586
2013-01-03,21.136518478393555
2013-01-04,21.52366828918457
2013-01-07,21.606624603271484
2013-01-08,21.431488037109375
2013-01-09,21.311656951904297
2013-01-10,21.468358993530273
2013-01-11,21.449920654296875
2013-01-14,21.505229949951172
2013-01-15,21.542104721069336
2013-01-16,21.58819007873535
2013-01-17,21.754112243652344
2013-01-18,21.901596069335938
2013-01-22,22.297964096069336
2013-01-23,21.873945236206055
2013-01-24,22.11360740661621
2013-01-25,22.215003967285156
2013-01-28,22.122827529907227
2013-01-29,22.528411865234375
2013-01-30,22.59293556213379
2013-01-31,22.556062698364258
2013-02-01,22.795726776123047
2013-02-04,22.59293556213379
2013-02-05,22.731204986572266
2013-02-06,22.86025619506836
2013-02-07,22.998525619506836
2013-02-08,23.063047409057617
2013-02-11,22.96164894104004
2013-02-12,23.081483840942383
2013-02-13,23.109134674072266
2013-02-14,23.109134674072266
2013-02-15,22.574499130249023
2013-02-19,23.00773811340332
2013-02-20,22.362489700317383
2013-02-21,22.11360740661621
2013-02-22,22.445449829101562
2013-02-25,22.122827529907227
2013-02-26,22.058300018310547
2013-02-27,22.463886260986328
2013-02-28,22.399362564086914
2013-03-01,22.362489700317383
2013-03-04,22.34405517578125
2013-03-05,22.51919174194336
2013-03-06,22.43623161315918
2013-03-07,22.980085372924805
2013-03-08,23.081483840942383
2013-03-11,23.20131492614746
2013-03-12,23.28427505493164
2013-03-13,23.293493270874023
2013-03-14,23.80047607421875
2013-03-15,23.966394424438477
2013-03-18,23.7912540435791
2013-03-19,23.477848052978516
2013-03-20,23.4133243560791
2013-03-21,23.20131492614746
2013-03-22,23.30271339416504
2013-03-25,23.247400283813477
2013-03-26,23.588462829589844
2013-03-27,23.625333786010742
2013-03-28,23.4133243560791
2013-04-01,23.4133243560791
2013-04-02,23.30271339416504
2013-04-03,22.786510467529297
2013-04-04,22.611371994018555
2013-04-05,22.777292251586914
2013-04-08,22.998525619506836
2013-04-09,23.44097900390625
2013-04-10,23.468631744384766
2013-04-11,23.65298843383789
2013-04-12,22.998525619506836
2013-04-15,22.012210845947266
2013-04-16,22.27952766418457
2013-04-17,21.74489402770996
2013-04-18,21.92925453186035
2013-04-19,21.66193389892578
2013-04-22,22.085954666137695
2013-04-23,22.19656753540039
2013-04-24,22.51919174194336
2013-04-25,22.85103416442871
2013-04-26,22.67589569091797
2013-04-29,22.93399429321289
2013-04-30,23.15522575378418
2013-05-01,22.72198486328125
2013-05-02,22.832597732543945
2013-05-03,23.4133243560791
2013-05-06,23.514719009399414
2013-05-07,23.680641174316406
2013-05-08,23.616117477416992
2013-05-09,23.50550079345703
2013-05-10,23.468631744384766
2013-05-13,23.50550079345703
2013-05-14,23.745166778564453
2013-05-15,23.726730346679688
2013-05-16,23.523937225341797
2013-05-17,24.012483596801758
2013-05-20,24.464157104492188
2013-05-21,24.362762451171875
2013-05-22,24.058574676513672
2013-05-23,24.09544563293457
2013-05-24,23.837345123291016
2013-05-28,24.1876220703125
2013-05-29,24.307453155517578
2013-05-30,24.362762451171875
2013-05-31,23.874216079711914
2013-06-03,23.892650604248047
2013-06-04,23.85578155517578
2013-06-05,23.468631744384766
2013-06-06,23.560808181762695
2013-06-07,24.150753021240234
2013-06-10,24.058574676513672
2013-06-11,23.708293914794922
2013-06-12,23.30271339416504
2013-06-13,23.66220474243164
2013-06-14,23.542373657226562
2013-06-17,23.938743591308594
2013-06-18,24.040136337280273
2013-06-19,23.837345123291016
2013-06-20,23.081483840942383
2013-06-21,23.081483840942383
2013-06-24,22.980085372924805
2013-06-25,23.265836715698242
2013-06-26,23.468631744384766
2013-06-27,23.44097900390625
2013-06-28,23.321144104003906
2013-07-01,23.339582443237305
2013-07-02,23.551591873168945
2013-07-03,23.50550079345703
2013-07-05,23.496286392211914
2013-07-08,23.984832763671875
2013-07-09,24.178403854370117
2013-07-10,24.224496841430664
2013-07-11,24.482595443725586
2013-07-12,24.37198257446289
2013-07-15,24.279800415039062
2013-07-16,24.14153289794922
2013-07-17,24.38119888305664
2013-07-18,24.703821182250977
2013-07-19,25.109405517578125
2013-07-22,24.87896156311035
2013-07-23,24.87896156311035
2013-07-24,24.491811752319336
2013-07-25,24.72225570678711
2013-07-26,24.574771881103516
2013-07-29,24.547119140625
2013-07-30,24.242929458618164
2013-07-31,24.639297485351562
2013-08-01,25.3214168548584
2013-08-02,25.459686279296875
2013-08-05,25.468904495239258
2013-08-06,25.008012771606445
2013-08-07,24.93426513671875
2013-08-08,25.201587677001953
2013-08-09,25.044883728027344
2013-08-12,25.05409812927246
2013-08-13,24.971139907836914
2013-08-14,24.860523223876953
2013-08-15,24.86974334716797
2013-08-16,24.95270347595215
2013-08-19,24.436506271362305
2013-08-20,24.547119140625
2013-08-21,24.335107803344727
2013-08-22,24.731475830078125
2013-08-23,24.971139907836914
2013-08-26,25.05409812927246
2013-08-27,24.842092514038086
2013-08-28,25.210805892944336
2013-08-29,24.95270347595215
2013-08-30,24.78678321838379
2013-09-03,25.026447296142578
2013-09-04,25.146282196044922
2013-09-05,25.3029842376709
2013-09-06,25.376724243164062
2013-09-09,25.727005004882812
2013-09-10,25.653257369995117
2013-09-11,25.994319915771484
2013-09-12,26.058847427368164
2013-09-13,25.902143478393555
2013-09-16,25.828399658203125
2013-09-17,26.114152908325195
2013-09-18,26.455211639404297
2013-09-19,26.30772590637207
2013-09-20,26.09571647644043
2013-09-23,26.077281951904297
2013-09-24,26.224767684936523
2013-09-25,26.270854949951172
2013-09-26,26.455211639404297
2013-09-27,26.31694221496582
2013-09-30,26.197113037109375
2013-10-01,26.593481063842773
2013-10-02,26.547391891479492
2013-10-03,26.445993423461914
2013-10-04,26.740964889526367
2013-10-07,26.519739151000977
2013-10-08,26.24320411682129
2013-10-09,25.994319915771484
2013-10-10,26.602697372436523
2013-10-11,26.897672653198242
2013-10-14,27.035938262939453
2013-10-15,26.999065399169922
2013-10-16,27.607444763183594
2013-10-17,27.65353012084961
2013-10-18,27.985376358032227
2013-10-21,27.856325149536133
2013-10-22,27.754928588867188
2013-10-23,27.128114700317383
2013-10-24,27.552135467529297
2013-10-25,27.77336311340332
2013-10-28,27.69040298461914
2013-10-29,27.883981704711914
2013-10-30,27.52448081970215
2013-10-31,27.367778778076172
2013-11-01,27.22951316833496
2013-11-04,27.681184768676758
2013-11-05,27.35856056213379
2013-11-06,26.87001609802246
2013-11-07,26.141807556152344
2013-11-08,26.492084503173828
2013-11-11,26.602697372436523
2013-11-12,26.23398208618164
2013-11-13,26.58426284790039
2013-11-14,26.70409393310547
2013-11-15,26.750185012817383
2013-11-18,26.280073165893555
2013-11-19,26.390687942504883
2013-11-20,26.390687942504883
2013-11-21,26.87001609802246
2013-11-22,26.90688705444336
2013-11-25,26.58426284790039
2013-11-26,26.70409393310547
2013-11-27,26.123369216918945
2013-11-29,26.15102195739746
2013-12-02,26.17867660522461
2013-12-03,26.206329345703125
2013-12-04,26.206329345703125
2013-12-05,26.326160430908203
2013-12-06,25.93901252746582
2013-12-09,25.948230743408203
2013-12-10,26.003538131713867
2013-12-11,25.52420997619629
2013-12-12,25.6809139251709
2013-12-13,25.441253662109375
2013-12-16,25.607173919677734
2013-12-17,25.496559143066406
2013-12-18,25.70856285095215
2013-12-19,26.06805992126465
2013-12-20,26.141807556152344
2013-12-23,26.16404151916504
2013-12-24,26.228897094726562
2013-12-26,26.247426986694336
2013-12-27,26.386398315429688
2013-12-30,26.256690979003906
2013-12-31,26.330810546875
2014-01-02,25.93242073059082
2014-01-03,25.81197738647461
2014-01-06,25.728593826293945
2014-01-07,25.93242073059082
2014-01-08,25.849035263061523
2014-01-09,25.524761199951172
2014-01-10,25.59888458251953
2014-01-13,25.10784339904785
2014-01-14,25.459911346435547
2014-01-15,25.57109260559082
2014-01-16,25.719327926635742
2014-01-17,25.48770523071289
2014-01-21,25.839767456054688
2014-01-22,26.275222778320312
2014-01-23,26.025070190429688
2014-01-24,25.58962059020996
2014-01-27,25.19122886657715
2014-01-28,25.552560806274414
2014-01-29,25.432117462158203
2014-01-30,25.515501022338867
2014-01-31,25.432117462158203
2014-02-03,24.876224517822266
2014-02-04,25.422853469848633
2014-02-05,25.38578987121582
2014-02-06,25.728593826293945
2014-02-07,25.950952529907227
2014-02-10,25.923152923583984
2014-02-11,26.15477752685547
2014-02-12,26.182571411132812
2014-02-13,26.312280654907227
2014-02-14,26.423458099365234
2014-02-18,26.831113815307617
2014-02-19,26.88670539855957
2014-02-20,26.794057846069336
2014-02-21,26.580961227416992
2014-02-24,27.10906219482422
2014-02-25,26.868173599243164
2014-02-26,26.673612594604492
2014-02-27,26.794057846069336
2014-02-28,26.997880935668945
2014-03-03,26.95155906677246
2014-03-04,27.257299423217773
2014-03-05,27.044206619262695
2014-03-06,27.155385971069336
2014-03-07,27.155385971069336
2014-03-10,27.18317985534668
2014-03-11,26.756994247436523
2014-03-12,26.636554718017578
2014-03-13,26.543901443481445
2014-03-14,26.692140579223633
2014-03-17,26.673612594604492
2014-03-18,27.05347442626953
2014-03-19,26.812585830688477
2014-03-20,26.840377807617188
2014-03-21,27.05347442626953
2014-03-24,26.90523338317871
2014-03-25,26.923765182495117
2014-03-26,26.868173599243164
2014-03-27,27.257299423217773
2014-03-28,27.56304168701172
2014-03-31,27.507450103759766
2014-04-01,27.609363555908203
2014-04-02,27.97995948791504
2014-04-03,28.526588439941406
2014-04-04,28.406145095825195
2014-04-07,27.896575927734375
2014-04-08,28.31349754333496
2014-04-09,28.674827575683594
2014-04-10,28.21158218383789
2014-04-11,28.21158218383789
2014-04-14,28.470998764038086
2014-04-15,28.73041534423828
2014-04-16,29.01762580871582
2014-04-17,29.406753540039062
2014-04-21,29.51793098449707
2014-04-22,29.47160530090332
2014-04-23,29.527198791503906
2014-04-24,29.62911033630371
2014-04-25,29.09174919128418
2014-04-28,29.138071060180664
2014-04-29,29.56425666809082
2014-04-30,29.39748764038086
2014-05-01,29.21219253540039
2014-05-02,29.314102172851562
2014-05-05,29.332632064819336
2014-05-06,29.56425666809082
2014-05-07,29.934850692749023
2014-05-08,29.23072052001953
2014-05-09,29.04542350769043
2014-05-12,29.3233699798584
2014-05-13,29.56425666809082
2014-05-14,29.434547424316406
2014-05-15,29.2399845123291
2014-05-16,29.082483291625977
2014-05-19,29.23072052001953
2014-05-20,29.063955307006836
2014-05-21,29.545724868774414
2014-05-22,29.453079223632812
2014-05-23,29.3233699798584
2014-05-27,29.406753540039062
2014-05-28,29.62911033630371
2014-05-29,29.925586700439453
2014-05-30,29.91632080078125
2014-06-02,29.925586700439453
2014-06-03,30.083091735839844
2014-06-04,30.055295944213867
2014-06-05,30.296180725097656
2014-06-06,30.435155868530273
2014-06-09,30.435155868530273
2014-06-10,30.296180725097656
2014-06-11,30.713104248046875
2014-06-12,30.98178482055664
2014-06-13,31.50061798095703
2014-06-16,31.43576431274414
2014-06-17,31.491355895996094
2014-06-18,31.713708877563477
2014-06-19,31.787830352783203
2014-06-20,32.14916229248047
2014-06-23,32.14916229248047
2014-06-24,31.278261184692383
2014-06-25,31.769304275512695
2014-06-26,31.676651000976562
2014-06-27,31.76003074645996
2014-06-30,31.963863372802734
2014-07-01,32.00092697143555
2014-07-02,31.695180892944336
2014-07-03,31.769304275512695
2014-07-07,31.25973129272461
2014-07-08,31.37091064453125
2014-07-09,31.546937942504883
2014-07-10,31.120758056640625
2014-07-11,30.583391189575195
2014-07-14,31.009580612182617
2014-07-15,30.564863204956055
2014-07-16,31.20414161682129
2014-07-17,30.518537521362305
2014-07-18,30.777956008911133
2014-07-21,30.750160217285156
2014-07-22,30.898401260375977
2014-07-23,31.20414161682129
2014-07-24,31.25973129272461
2014-07-25,30.83354377746582
2014-07-28,30.55559730529785
2014-07-29,30.546335220336914
2014-07-30,30.509275436401367
2014-07-31,29.879261016845703
2014-08-01,29.51793098449707
2014-08-04,30.277652740478516
2014-08-05,29.499401092529297
2014-08-06,29.536462783813477
2014-08-07,29.332632064819336
2014-08-08,29.860733032226562
2014-08-11,29.832937240600586
2014-08-12,29.490137100219727
2014-08-13,29.499401092529297
2014-08-14,29.23072052001953
2014-08-15,29.582788467407227
2014-08-18,29.5086669921875
2014-08-19,29.814407348632812
2014-08-20,29.944116592407227
2014-08-21,30.110885620117188
2014-08-22,29.888526916503906
2014-08-25,30.425891876220703
2014-08-26,30.46295166015625
2014-08-27,30.49074363708496
2014-08-28,30.48147964477539
2014-08-29,30.90766716003418
2014-09-02,30.37030029296875
2014-09-03,30.416627883911133
2014-09-04,29.805139541625977
2014-09-05,29.953380584716797
2014-09-08,29.314102172851562
2014-09-09,29.37895965576172
2014-09-10,29.267780303955078
2014-09-11,29.27704429626465
2014-09-12,28.906450271606445
2014-09-15,29.11027717590332
2014-09-16,29.443811416625977
2014-09-17,29.258512496948242
2014-09-18,28.999095916748047
2014-09-19,28.6933536529541
2014-09-22,28.100404739379883
2014-09-23,28.081871032714844
2014-09-24,28.21158218383789
2014-09-25,27.655689239501953
2014-09-26,28.026287078857422
2014-09-29,28.155994415283203
2014-09-30,27.702014923095703
2014-10-01,27.00714683532715
2014-10-02,26.89596939086914
2014-10-03,26.65508270263672
2014-10-06,26.543901443481445
2014-10-07,25.997272491455078
2014-10-08,26.117721557617188
2014-10-09,24.904014587402344
2014-10-10,24.3295955657959
2014-10-13,23.180749893188477
2014-10-14,22.958393096923828
2014-10-15,23.273399353027344
2014-10-16,24.13503074645996
2014-10-17,24.162824630737305
2014-10-20,24.375917434692383
2014-10-21,25.070783615112305
2014-10-22,24.264739990234375
2014-10-23,24.876224517822266
2014-10-24,24.542686462402344
2014-10-27,23.71811294555664
2014-10-28,24.45930290222168
2014-10-29,24.56121826171875
2014-10-30,24.227680206298828
2014-10-31,24.79283905029297
2014-11-03,24.24620819091797
2014-11-04,23.467958450317383
2014-11-05,24.311063766479492
2014-11-06,24.551952362060547
2014-11-07,25.154170989990234
2014-11-10,24.69092559814453
2014-11-11,24.92254638671875
2014-11-12,24.653867721557617
2014-11-13,24.079442977905273
2014-11-14,24.579748153686523
2014-11-17,24.19989013671875
2014-11-18,24.255475997924805
2014-11-19,24.311063766479492
2014-11-20,24.829896926879883
2014-11-21,25.28388023376465
2014-11-24,24.885488510131836
2014-11-25,24.320329666137695
2014-11-26,23.82929039001465
2014-11-28,21.38336181640625
2014-12-01,21.318506240844727
2014-12-02,21.3370361328125
2014-12-03,21.800281524658203
2014-12-04,21.142475128173828
2014-12-05,20.855262756347656
2014-12-08,19.63229751586914
2014-12-09,19.928773880004883
2014-12-10,19.011550903320312
2014-12-11,18.872575759887695
2014-12-12,18.770662307739258
2014-12-15,18.353740692138672
2014-12-16,19.011550903320312
2014-12-17,20.410545349121094
2014-12-18,20.78114128112793
2014-12-19,21.5130672454834
2014-12-22,20.980121612548828
2014-12-23,21.36482048034668
2014-12-24,21.083332061767578
2014-12-26,20.895675659179688
2014-12-29,21.092716217041016
2014-12-30,20.773698806762695
2014-12-31,20.689250946044922
2015-01-02,20.848758697509766
2015-01-05,19.647750854492188
2015-01-06,19.272438049316406
2015-01-07,19.24428939819336
2015-01-08,19.675901412963867
2015-01-09,19.891706466674805
2015-01-12,18.9158878326416
2015-01-13,19.009716033935547
2015-01-14,19.39441680908203
2015-01-15,19.112926483154297
2015-01-16,19.97615623474121
2015-01-20,19.46947479248047
2015-01-21,19.97615623474121
2015-01-22,19.938623428344727
2015-01-23,19.97615623474121
2015-01-26,20.27640724182129
2015-01-27,20.482830047607422
2015-01-28,19.319353103637695
2015-01-29,19.338117599487305
2015-01-30,19.84479331970215
2015-02-02,20.642337799072266
2015-02-03,21.55247688293457
2015-02-04,20.989505767822266
2015-02-05,21.430498123168945
2015-02-06,21.4023494720459
2015-02-09,21.486797332763672
2015-02-10,21.242839813232422
2015-02-11,21.092716217041016
2015-02-12,21.524330139160156
2015-02-13,21.946557998657227
2015-02-17,22.040386199951172
2015-02-18,21.59939193725586
2015-02-19,21.608776092529297
2015-02-20,21.439882278442383
2015-02-23,21.16777992248535
2015-02-24,21.355438232421875
2015-02-25,21.64630699157715
2015-02-26,20.858144760131836
2015-02-27,20.754934310913086
2015-03-02,20.492212295532227
2015-03-03,20.7174015045166
2015-03-04,20.801847457885742
2015-03-05,20.567276000976562
2015-03-06,20.041833877563477
2015-03-09,19.75096321105957
2015-03-10,19.441328048706055
2015-03-11,19.638370513916016
2015-03-12,19.40379524230957
2015-03-13,19.272438049316406
2015-03-16,19.488245010375977
2015-03-17,19.375648498535156
2015-03-18,20.145044326782227
2015-03-19,19.572689056396484
2015-03-20,19.872943878173828
2015-03-23,19.769729614257812
2015-03-24,19.83540916442871
2015-03-25,20.135662078857422
2015-03-26,20.173194885253906
2015-03-27,19.94800567626953
2015-03-30,20.238874435424805
2015-03-31,20.1638126373291
2015-04-01,20.351469039916992
2015-04-02,20.670488357543945
2015-04-06,21.28037452697754
2015-04-07,21.439882278442383
2015-04-08,21.120866775512695
2015-04-09,21.51494789123535
2015-04-10,21.59939193725586
2015-04-13,21.477415084838867
2015-04-14,22.040386199951172
2015-04-15,22.828548431396484
2015-04-16,22.75348472595215
2015-04-17,22.603363037109375
2015-04-20,22.706573486328125
2015-04-21,22.19989585876465
2015-04-22,22.293724060058594
2015-04-23,22.53767967224121
2015-04-24,22.359405517578125
2015-04-27,22.359405517578125
2015-04-28,22.472000122070312
2015-04-29,22.84731674194336
2015-04-30,22.837932586669922
2015-05-01,22.809782028198242
2015-05-04,22.819164276123047
2015-05-05,22.115449905395508
2015-05-06,21.95594024658203
2015-05-07,21.51494789123535
2015-05-08,21.909027099609375
2015-05-11,21.41173553466797
2015-05-12,21.64630699157715
2015-05-13,21.374202728271484
2015-05-14,21.1302490234375
2015-05-15,21.28037452697754
2015-05-18,21.28037452697754
2015-05-19,20.83937644958496
2015-05-20,20.96135711669922
2015-05-21,21.308521270751953
2015-05-22,21.21469497680664
2015-05-26,20.848758697509766
2015-05-27,20.689250946044922
2015-05-28,20.539125442504883
2015-05-29,20.642337799072266
2015-06-01,20.482830047607422
2015-06-02,20.72678565979004
2015-06-03,20.567276000976562
2015-06-04,20.220108032226562
2015-06-05,20.445297241210938
2015-06-08,20.201343536376953
2015-06-09,20.3702335357666
2015-06-10,20.661104202270508
2015-06-11,20.557893753051758
2015-06-12,20.323320388793945
2015-06-15,20.24825668334961
2015-06-16,20.492212295532227
2015-06-17,20.36085319519043
2015-06-18,20.257638931274414
2015-06-19,19.994916915893555
2015-06-22,20.107515335083008
2015-06-23,20.323320388793945
2015-06-24,20.18257713317871
2015-06-25,20.032453536987305
2015-06-26,19.92923927307129
2015-06-29,19.36626625061035
2015-06-30,19.478862762451172
2015-07-01,19.000335693359375
2015-07-02,19.028484344482422
2015-07-06,18.57810401916504
2015-07-07,18.972185134887695
2015-07-08,18.249704360961914
2015-07-09,18.390445709228516
2015-07-10,18.184022903442383
2015-07-13,18.184022903442383
2015-07-14,18.549957275390625
2015-07-15,18.0151309967041
2015-07-16,17.84623908996582
2015-07-17,17.414627075195312
2015-07-20,16.84227180480957
2015-07-21,16.84227180480957
2015-07-22,16.617082595825195
2015-07-23,16.663999557495117
2015-07-24,16.166704177856445
2015-07-27,15.791387557983398
2015-07-28,16.41065788269043
2015-07-29,16.785974502563477
2015-07-30,16.739059448242188
2015-07-31,16.391891479492188
2015-08-03,16.0071964263916
2015-08-04,15.997811317443848
2015-08-05,15.772622108459473
2015-08-06,16.251150131225586
2015-08-07,15.735090255737305
2015-08-10,16.41065788269043
2015-08-11,16.166704177856445
2015-08-12,16.729677200317383
2015-08-13,16.288679122924805
2015-08-14,16.24176788330078
2015-08-17,16.129173278808594
2015-08-18,16.1385555267334
2015-08-19,15.491135597229004
2015-08-20,15.143970489501953
2015-08-21,14.787420272827148
2015-08-24,13.820982933044434
2015-08-25,13.727155685424805
2015-08-26,13.952343940734863
2015-08-27,15.115821838378906
2015-08-28,15.481754302978516
2015-08-31,15.922749519348145
2015-09-01,15.247180938720703
2015-09-02,15.228414535522461
2015-09-03,15.341010093688965
2015-09-04,15.20026683807373
2015-09-08,15.350393295288086
2015-09-09,14.834334373474121
2015-09-10,14.937546730041504
2015-09-11,14.665443420410156
2015-09-14,14.5153169631958
2015-09-15,14.684207916259766
2015-09-16,15.481754302978516
2015-09-17,15.444220542907715
2015-09-18,14.918780326843262
2015-09-21,15.097055435180664
2015-09-22,14.79680347442627
2015-09-23,14.393340110778809
2015-09-24,14.534082412719727
2015-09-25,14.412103652954102
2015-09-28,13.73653793334961
2015-09-29,13.830366134643555
2015-09-30,13.989874839782715
2015-10-01,14.205682754516602
2015-10-02,15.03137493133545
2015-10-05,15.772622108459473
2015-10-06,16.38250732421875
2015-10-07,16.598318099975586
2015-10-08,17.198822021484375
2015-10-09,17.058076858520508
2015-10-12,16.513870239257812
2015-10-13,16.420042037963867
2015-10-14,16.635847091674805
2015-10-15,16.898569107055664
2015-10-16,16.870418548583984
2015-10-19,16.373130798339844
2015-10-20,16.551401138305664
2015-10-21,16.0728759765625
2015-10-22,16.269916534423828
2015-10-23,16.082256317138672
2015-10-26,15.575583457946777
2015-10-27,15.115821838378906
2015-10-28,15.631879806518555
2015-10-29,15.70694351196289
2015-10-30,15.810154914855957
2015-11-02,16.04472541809082
2015-11-03,16.617082595825195
2015-11-04,16.45757484436035
2015-11-05,16.532636642456055
2015-11-06,16.24176788330078
2015-11-09,16.41065788269043
2015-11-10,16.373130798339844
2015-11-11,15.763240814208984
2015-11-12,15.350393295288086
2015-11-13,15.462987899780273
2015-11-16,16.04472541809082
2015-11-17,15.735090255737305
2015-11-18,16.02596092224121
2015-11-19,15.65064525604248
2015-11-20,15.341010093688965
2015-11-23,15.462987899780273
2015-11-24,15.950899124145508
2015-11-25,15.810154914855957
2015-11-27,15.453603744506836
2015-11-30,15.556816101074219
2015-12-01,15.69756031036377
2015-12-02,15.003225326538086
2015-12-03,14.778037071228027
2015-12-04,14.468402862548828
2015-12-07,13.623943328857422
2015-12-08,13.577028274536133
2015-12-09,13.633326530456543
2015-12-10,13.811600685119629
2015-12-11,13.107885360717773
2015-12-14,12.929609298706055
2015-12-15,13.192330360412598
2015-12-16,12.929609298706055
2015-12-17,12.460464477539062
2015-12-18,12.26342487335205
2015-12-21,12.101557731628418
2015-12-22,12.246082305908203
2015-12-23,13.238486289978027
2015-12-24,13.171042442321777
2015-12-28,12.689292907714844
2015-12-29,12.862722396850586
2015-12-30,12.5736722946167
2015-12-31,12.79527759552002
2016-01-04,12.766371726989746
2016-01-05,12.747101783752441
2016-01-06,11.899223327636719
2016-01-07,11.456012725830078
2016-01-08,11.590902328491211
2016-01-11,11.080246925354004
2016-01-12,10.829736709594727
2016-01-13,10.714117050170898
2016-01-14,11.089882850646973
2016-01-15,10.617768287658691
2016-01-19,10.251638412475586
2016-01-20,10.213098526000977
2016-01-21,10.945357322692871
2016-01-22,11.37893295288086
2016-01-25,10.646673202514648
2016-01-26,11.234408378601074
2016-01-27,11.340392112731934
2016-01-28,11.947396278381348
2016-01-29,12.409876823425293
2016-02-01,12.024477005004883
2016-02-02,11.581268310546875
2016-02-03,12.255717277526855
2016-02-04,12.140097618103027
2016-02-05,11.745061874389648
2016-02-08,11.552362442016602
2016-02-09,10.993532180786133
2016-02-10,10.916452407836914
2016-02-11,10.839372634887695
2016-02-12,11.128422737121582
2016-02-16,11.147693634033203
2016-02-17,11.72579288482666
2016-02-18,11.388566970825195
2016-02-19,11.2055025100708
2016-02-22,11.648712158203125
2016-02-23,11.080246925354004
2016-02-24,11.24404239654541
2016-02-25,11.215137481689453
2016-02-26,11.475281715393066
2016-02-29,11.436741828918457
2016-03-01,11.66798210144043
2016-03-02,12.23644733428955
2016-03-03,12.679656982421875
2016-03-04,12.968707084655762
2016-03-07,13.43118667602539
2016-03-08,12.525498390197754
2016-03-09,12.804911613464355
2016-03-10,12.824182510375977
2016-03-11,13.44082260131836
2016-03-14,13.305932998657227
2016-03-15,13.257757186889648
2016-03-16,13.69133186340332
2016-03-17,14.028557777404785
2016-03-18,13.999651908874512
2016-03-21,13.845492362976074
2016-03-22,13.864762306213379
2016-03-23,13.248122215270996
2016-03-24,13.392646789550781
2016-03-28,13.267393112182617
2016-03-29,13.402281761169434
2016-03-30,13.479361534118652
2016-03-31,13.614251136779785
2016-04-01,13.296297073364258
2016-04-04,13.093962669372559
2016-04-05,13.171042442321777
2016-04-06,13.498631477355957
2016-04-07,13.334836959838867
2016-04-08,13.903302192687988
2016-04-11,14.009286880493164
2016-04-12,14.857166290283203
2016-04-13,14.703007698059082
2016-04-14,14.731910705566406
2016-04-15,14.519942283630371
2016-04-18,14.76081657409668
2016-04-19,15.271471977233887
2016-04-20,15.454537391662598
2016-04-21,15.281105995178223
2016-04-22,15.705046653747559
2016-04-25,15.531617164611816
2016-04-26,15.878477096557617
2016-04-27,16.24460792541504
2016-04-28,15.897747993469238
2016-04-29,15.936285972595215
2016-05-02,15.7339506149292
2016-05-03,15.069136619567871
2016-05-04,14.770451545715332
2016-05-05,15.126947402954102
2016-05-06,14.992056846618652
2016-05-09,14.741547584533691
2016-05-10,15.165486335754395
2016-05-11,15.36782169342041
2016-05-12,15.444902420043945
2016-05-13,15.213662147521973
2016-05-16,15.579792022705078
2016-05-17,15.714681625366211
2016-05-18,15.415996551513672
2016-05-19,15.40636157989502
2016-05-20,15.589426040649414
2016-05-23,15.637601852416992
2016-05-24,15.637601852416992
2016-05-25,16.032634735107422
2016-05-26,16.023000717163086
2016-05-27,15.974827766418457
2016-05-31,15.94591999053955
2016-06-01,15.965190887451172
2016-06-02,15.994098663330078
2016-06-03,15.907382011413574
2016-06-06,16.331321716308594
2016-06-07,16.851612091064453
2016-06-08,16.687816619873047
2016-06-09,16.581830978393555
2016-06-10,15.868840217590332
2016-06-13,15.85920524597168
2016-06-14,15.772492408752441
2016-06-15,15.84957218170166
2016-06-16,15.493077278137207
2016-06-17,15.811031341552734
2016-06-20,16.167526245117188
2016-06-21,16.408401489257812
2016-06-22,16.254243850708008
2016-06-23,16.48548126220703
2016-06-24,15.7339506149292
2016-06-27,14.895707130432129
2016-06-28,15.62796688079834
2016-06-29,15.955554962158203
2016-06-30,15.955554962158203
2016-07-01,16.186796188354492
2016-07-05,15.772492408752441
2016-07-06,15.917016983032227
2016-07-07,15.714681625366211
2016-07-08,15.965190887451172
2016-07-11,15.965190887451172
2016-07-12,16.53365707397461
2016-07-13,16.225337982177734
2016-07-14,16.26387596130371
2016-07-15,16.206064224243164
2016-07-18,16.225337982177734
2016-07-19,16.01336669921875
2016-07-20,16.061542510986328
2016-07-21,15.907382011413574
2016-07-22,15.907382011413574
2016-07-25,15.39672565460205
2016-07-26,15.656871795654297
2016-07-27,15.3292818069458
2016-07-28,15.464171409606934
2016-07-29,15.878477096557617
2016-08-01,15.175122261047363
2016-08-02,15.310012817382812
2016-08-03,15.782124519348145
2016-08-04,15.897747993469238
2016-08-05,16.138622283935547
2016-08-08,16.45657730102539
2016-08-09,16.302417755126953
2016-08-10,16.17716407775879
2016-08-11,16.543291091918945
2016-08-12,16.63964080810547
2016-08-15,16.82270622253418
2016-08-16,16.851612091064453
2016-08-17,16.870880126953125
2016-08-18,17.333362579345703
2016-08-19,17.227375030517578
2016-08-22,17.015405654907227
2016-08-23,17.208106994628906
2016-08-24,17.05394744873047
2016-08-25,17.0443115234375
2016-08-26,17.025041580200195
2016-08-29,17.11175537109375
2016-08-30,17.082853317260742
2016-08-31,16.630006790161133
2016-09-01,16.70708656311035
2016-09-02,17.00577163696289
2016-09-06,17.179201126098633
2016-09-07,17.265914916992188
2016-09-08,17.689857482910156
2016-09-09,17.140661239624023
2016-09-12,17.15993309020996
2016-09-13,16.45657730102539
2016-09-14,16.09044647216797
2016-09-15,16.3505916595459
2016-09-16,16.27351188659668
2016-09-19,16.283145904541016
2016-09-20,16.15789222717285
2016-09-21,16.66854476928711
2016-09-22,16.735992431640625
2016-09-23,16.283145904541016
2016-09-26,16.215702056884766
2016-09-27,15.888111114501953
2016-09-28,16.82270622253418
2016-09-29,17.140661239624023
2016-09-30,17.391170501708984
2016-10-03,17.439346313476562
2016-10-04,17.217741012573242
2016-10-05,17.574235916137695
2016-10-06,17.6031436920166
2016-10-07,17.439346313476562
2016-10-10,17.747665405273438
2016-10-11,17.52606201171875
2016-10-12,17.41044044494629
2016-10-13,17.420076370239258
2016-10-14,17.237010955810547
2016-10-17,17.015405654907227
2016-10-18,17.063579559326172
2016-10-19,17.429712295532227
2016-10-20,17.333362579345703
2016-10-21,17.217741012573242
2016-10-24,16.96723175048828
2016-10-25,16.620372772216797
2016-10-26,16.543291091918945
2016-10-27,16.64927864074707
2016-10-28,16.389131546020508
2016-10-31,16.003732681274414
2016-11-01,15.994098663330078
2016-11-02,15.801397323608398
2016-11-03,15.811031341552734
2016-11-04,15.7339506149292
2016-11-07,16.05190658569336
2016-11-08,15.984461784362793
2016-11-09,16.3505916595459
2016-11-10,16.302417755126953
2016-11-11,15.955554962158203
2016-11-14,16.148258209228516
2016-11-15,16.813072204589844
2016-11-16,16.72635841369629
2016-11-17,16.466209411621094
2016-11-18,16.620372772216797
2016-11-21,17.265914916992188
2016-11-22,17.217741012573242
2016-11-23,17.38153648376465
2016-11-25,17.131027221679688
2016-11-28,16.610736846923828
2016-11-29,16.398767471313477
2016-11-30,18.11379623413086
2016-12-01,18.22941780090332
2016-12-02,18.17160415649414
2016-12-05,18.32576560974121
2016-12-06,18.239049911499023
2016-12-07,18.24868392944336
2016-12-08,18.37394142150879
2016-12-09,18.47992706298828
2016-12-12,18.402847290039062
2016-12-13,18.672624588012695
2016-12-14,18.046350479125977
2016-12-15,18.07525634765625
2016-12-16,18.06562042236328
2016-12-19,18.145862579345703
2016-12-20,17.991182327270508
2016-12-21,18.02018165588379
2016-12-22,18.058855056762695
2016-12-23,17.942842483520508
2016-12-27,18.03951644897461
2016-12-28,17.8558349609375
2016-12-29,17.710824966430664
2016-12-30,17.623817443847656
2017-01-03,17.8075008392334
2017-01-04,17.894508361816406
2017-01-05,17.98151397705078
2017-01-06,17.942842483520508
2017-01-09,17.48847198486328
2017-01-10,17.478803634643555
2017-01-11,17.59481430053711
2017-01-12,17.546476364135742
2017-01-13,17.48847198486328
2017-01-17,17.59481430053711
2017-01-18,17.440135955810547
2017-01-19,17.440135955810547
2017-01-20,17.498138427734375
2017-01-23,17.256452560424805
2017-01-24,17.5078067779541
2017-01-25,17.55614471435547
2017-01-26,17.701156616210938
2017-01-27,17.5078067779541
2017-01-30,16.966428756713867
2017-01-31,17.043766021728516
2017-02-01,16.89875602722168
2017-02-02,17.043766021728516
2017-02-03,17.2661190032959
2017-02-06,16.956762313842773
2017-02-07,16.521724700927734
2017-02-08,16.53139305114746
2017-02-09,16.908422470092773
2017-02-10,17.101774215698242
2017-02-13,17.005098342895508
2017-02-14,17.12110710144043
2017-02-15,17.043766021728516
2017-02-16,16.869754791259766
2017-02-17,16.79241371154785
2017-02-21,16.947093963623047
2017-02-22,16.454051971435547
2017-02-23,16.36704444885254
2017-02-24,16.019014358520508
2017-02-27,16.202695846557617
2017-02-28,16.057687759399414
2017-03-01,16.434717178344727
2017-03-02,16.12535858154297
2017-03-03,16.10602378845215
2017-03-06,16.231700897216797
2017-03-07,16.067354202270508
2017-03-08,15.400296211242676
2017-03-09,15.545309066772461
2017-03-10,15.419631004333496
2017-03-13,15.545309066772461
2017-03-14,15.313289642333984
2017-03-15,15.806330680847168
2017-03-16,15.651652336120605
2017-03-17,15.641983985900879
2017-03-20,15.603313446044922
2017-03-21,15.342290878295898
2017-03-22,15.293953895568848
2017-03-23,15.245616912841797
2017-03-24,15.206945419311523
2017-03-27,15.235949516296387
2017-03-28,15.593645095825195
2017-03-29,16.009347915649414
2017-03-30,15.90300464630127
2017-03-31,15.874003410339355
2017-04-03,15.767659187316895
2017-04-04,15.980345726013184
2017-04-05,15.835331916809082
2017-04-06,15.99001407623291
2017-04-07,15.874003410339355
2017-04-10,16.164026260375977
2017-04-11,16.12535858154297
2017-04-12,15.961010932922363
2017-04-13,15.632316589355469
2017-04-17,15.68065357208252
2017-04-18,15.477636337280273
2017-04-19,15.071601867675781
2017-04-20,15.129607200622559
2017-04-21,15.158609390258789
2017-04-24,15.17794418334961
2017-04-25,15.284286499023438
2017-04-26,15.293953895568848
2017-04-27,14.945923805236816
2017-04-28,14.887919425964355
2017-05-01,14.868585586547852
2017-05-02,14.694570541381836
2017-05-03,14.675235748291016
2017-05-04,14.240198135375977
2017-05-05,14.704237937927246
2017-05-08,14.858917236328125
2017-05-09,14.713905334472656
2017-05-10,15.042600631713867
2017-05-11,14.916922569274902
2017-05-12,14.916922569274902
2017-05-15,15.061934471130371
2017-05-16,14.945923805236816
2017-05-17,14.694570541381836
2017-05-18,14.675235748291016
2017-05-19,15.061934471130371
2017-05-22,14.945923805236816
2017-05-23,14.965259552001953
2017-05-24,14.791245460510254
2017-05-25,14.394879341125488
2017-05-26,14.481884956359863
2017-05-30,14.104853630065918
2017-05-31,13.950174331665039
2017-06-01,14.066184043884277
2017-06-02,13.776159286499023
2017-06-05,13.785828590393066
2017-06-06,13.97917652130127
2017-06-07,13.466800689697266
2017-06-08,13.350790977478027
2017-06-09,13.698820114135742
2017-06-12,13.892168998718262
2017-06-13,14.104853630065918
2017-06-14,13.679484367370605
2017-06-15,13.28311824798584
2017-06-16,13.466800689697266
2017-06-19,13.389459609985352
2017-06-20,13.186443328857422
2017-06-21,12.877084732055664
2017-06-22,12.935088157653809
2017-06-23,13.138107299804688
2017-06-26,13.176774978637695
2017-06-27,13.128437995910645
2017-06-28,13.244447708129883
2017-06-29,13.437796592712402
2017-06-30,13.51513671875
2017-07-03,13.814828872680664
2017-07-05,13.341123580932617
2017-07-06,13.080101013183594
2017-07-07,12.973758697509766
2017-07-10,13.157440185546875
2017-07-11,13.28311824798584
2017-07-12,13.341123580932617
2017-07-13,13.47646713256836
2017-07-14,13.563474655151367
2017-07-17,13.573143005371094
2017-07-18,13.47646713256836
2017-07-19,13.921172142028809
2017-07-20,13.795495986938477
2017-07-21,13.582810401916504
2017-07-24,13.563474655151367
2017-07-25,13.97917652130127
2017-07-26,14.027514457702637
2017-07-27,14.143524169921875
2017-07-28,14.095186233520508
2017-07-31,13.988844871520996
2017-08-01,13.785828590393066
2017-08-02,13.47646713256836
2017-08-03,13.022096633911133
2017-08-04,13.30245304107666
2017-08-07,13.0704345703125
2017-08-08,13.080101013183594
2017-08-09,13.089768409729004
2017-08-10,12.944756507873535
2017-08-11,12.954422950744629
2017-08-14,12.741738319396973
2017-08-15,12.674066543579102
2017-08-16,12.538722038269043
2017-08-17,12.384042739868164
2017-08-18,12.490385055541992
2017-08-21,12.374375343322754
2017-08-22,12.461382865905762
2017-08-23,12.596726417541504
2017-08-24,12.558056831359863
2017-08-25,12.519386291503906
2017-08-28,12.335704803466797
2017-08-29,12.384042739868164
2017-08-30,12.355039596557617
2017-08-31,12.625730514526367
2017-09-01,12.7514066696167
2017-09-05,12.809412002563477
2017-09-06,13.012429237365723
2017-09-07,12.964091300964355
2017-09-08,12.625730514526367
2017-09-11,12.76107406616211
2017-09-12,12.935088157653809
2017-09-13,13.341123580932617
2017-09-14,13.495802879333496
2017-09-15,13.447464942932129
2017-09-18,13.505470275878906
2017-09-19,13.47646713256836
2017-09-20,13.795495986938477
2017-09-21,13.988844871520996
2017-09-22,14.056516647338867
2017-09-25,14.346540451049805
2017-09-26,14.394879341125488
2017-09-27,14.47221851348877
2017-09-28,14.365875244140625
2017-09-29,14.346540451049805
2017-10-02,14.346540451049805
2017-10-03,14.346540451049805
2017-10-04,14.298202514648438
2017-10-05,14.356208801269531
2017-10-06,14.095186233520508
2017-10-09,14.133856773376465
2017-10-10,14.104853630065918
2017-10-11,14.143524169921875
2017-10-12,13.99851131439209
2017-10-13,14.075851440429688
2017-10-16,14.03718090057373
2017-10-17,14.104853630065918
2017-10-18,14.017847061157227
2017-10-19,13.950174331665039
2017-10-20,13.95984172821045
2017-10-23,13.74715805053711
2017-10-24,13.698820114135742
2017-10-25,13.524805068969727
2017-10-26,13.544140815734863
2017-10-27,13.97917652130127
2017-10-30,14.114521980285645
2017-10-31,14.240198135375977
2017-11-01,14.617230415344238
2017-11-02,14.568893432617188
2017-11-03,14.791245460510254
2017-11-06,15.380960464477539
2017-11-07,15.293953895568848
2017-11-08,15.139273643493652
2017-11-09,15.313289642333984
2017-11-10,15.21661376953125
2017-11-13,15.00393009185791
2017-11-14,14.481884956359863
2017-11-15,14.230531692504883
2017-11-16,14.240198135375977
2017-11-17,14.423880577087402
2017-11-20,14.211195945739746
2017-11-21,14.211195945739746
2017-11-22,14.394879341125488
2017-11-24,14.46255111694336
2017-11-27,14.075851440429688
2017-11-28,14.114521980285645
2017-11-29,14.201528549194336
2017-11-30,14.520556449890137
2017-12-01,14.820246696472168
2017-12-04,14.559225082397461
2017-12-05,14.520556449890137
2017-12-06,14.03718090057373
2017-12-07,14.124188423156738
2017-12-08,14.259532928466797
2017-12-11,14.443216323852539
2017-12-12,14.365875244140625
2017-12-13,14.191862106323242
2017-12-14,14.066184043884277
2017-12-15,13.930839538574219
2017-12-18,14.076966285705566
2017-12-19,14.213353157043457
2017-12-20,14.593283653259277
2017-12-21,15.00244140625
2017-12-22,15.109602928161621
2017-12-26,15.411599159240723
2017-12-27,15.245987892150879
2017-12-28,15.372632026672363
2017-12-29,15.255729675292969
2018-01-02,15.674629211425781
2018-01-03,15.89869213104248
2018-01-04,15.996109962463379
2018-01-05,15.840240478515625
2018-01-08,15.947402000427246
2018-01-09,15.976625442504883
2018-01-10,15.869466781616211
2018-01-11,16.259140014648438
2018-01-12,16.317590713500977
2018-01-16,16.044818878173828
2018-01-17,16.122753143310547
2018-01-18,16.08378791809082
2018-01-19,15.869466781616211
2018-01-22,16.288366317749023
2018-01-23,16.46371841430664
2018-01-24,16.52216911315918
2018-01-25,16.288366317749023
2018-01-26,16.327333450317383
2018-01-29,16.0545597076416
2018-01-30,15.577210426330566
2018-01-31,15.518759727478027
2018-02-01,15.616178512573242
2018-02-02,14.97321605682373
2018-02-05,14.515348434448242
2018-02-06,14.564059257507324
2018-02-07,14.23283576965332
2018-02-08,13.63858413696289
2018-02-09,13.49245548248291
2018-02-12,13.950322151184082
2018-02-13,13.745743751525879
2018-02-14,14.24257755279541
2018-02-15,14.23283576965332
2018-02-16,14.145159721374512
2018-02-20,14.164643287658691
2018-02-21,13.823678016662598
2018-02-22,14.018515586853027
2018-02-23,14.3789644241333
2018-02-26,14.43741512298584
2018-02-27,14.125676155090332
2018-02-28,13.755485534667969
2018-03-01,13.774970054626465
2018-03-02,13.940580368041992
2018-03-05,14.262062072753906
2018-03-06,14.125676155090332
2018-03-07,13.969806671142578
2018-03-08,13.921096801757812
2018-03-09,14.184127807617188
2018-03-12,14.174385070800781
2018-03-13,14.086709022521973
2018-03-14,14.076966285705566
2018-03-15,13.891871452331543
2018-03-16,14.096450805664062
2018-03-19,13.784710884094238
2018-03-20,14.008773803710938
2018-03-21,14.700445175170898
2018-03-22,14.43741512298584
2018-03-23,14.398447036743164
2018-03-26,14.612768173217773
2018-03-27,14.301029205322266
2018-03-28,14.057483673095703
2018-03-29,14.44715690612793
2018-04-02,13.999032020568848
2018-04-03,14.252320289611816
2018-04-04,14.24257755279541
2018-04-05,14.622509956359863
2018-04-06,14.06722354888916
2018-04-09,14.29128646850586
2018-04-10,14.905023574829102
2018-04-11,15.15831184387207
2018-04-12,15.119344711303711
2018-04-13,15.382373809814453
2018-04-16,15.40185832977295
2018-04-17,15.577210426330566
2018-04-18,15.96688461303711
2018-04-19,15.918174743652344
2018-04-20,15.820756912231445
2018-04-23,15.918174743652344
2018-04-24,15.72333812713623
2018-04-25,15.918174743652344
2018-04-26,16.074045181274414
2018-04-27,15.918174743652344
2018-04-30,16.064302444458008
2018-05-01,15.95714282989502
2018-05-02,16.035078048706055
2018-05-03,15.73307991027832
2018-05-04,15.908432960510254
2018-05-07,15.96688461303711
2018-05-08,16.24939727783203
2018-05-09,16.56113624572754
2018-05-10,16.668298721313477
2018-05-11,16.531911849975586
2018-05-14,16.687780380249023
2018-05-15,16.736492156982422
2018-05-16,16.872875213623047
2018-05-17,17.311260223388672
2018-05-18,17.126163482666016
2018-05-21,17.3502254486084
2018-05-22,16.980037689208984
2018-05-23,16.83390998840332
2018-05-24,16.52216911315918
2018-05-25,16.122753143310547
2018-05-29,16.035078048706055
2018-05-30,16.619586944580078
2018-05-31,16.434494018554688
2018-06-01,16.30784797668457
2018-06-04,15.976625442504883
2018-06-05,15.986368179321289
2018-06-06,16.064302444458008
2018-06-07,16.395526885986328
2018-06-08,16.317590713500977
2018-06-11,16.42475128173828
2018-06-12,16.44423484802246
2018-06-13,16.502685546875
2018-06-14,16.298107147216797
2018-06-15,15.840240478515625
2018-06-18,16.200687408447266
2018-06-19,16.22991371154785
2018-06-20,16.48320198059082
2018-06-21,16.074045181274414
2018-06-22,16.648813247680664
2018-06-25,16.268882751464844
2018-06-26,16.60010528564453
2018-06-27,16.941068649291992
2018-06-28,16.882617950439453
2018-06-29,17.048229217529297
2018-07-02,16.65855598449707
2018-07-03,16.89236068725586
2018-07-05,16.843652725219727
2018-07-06,17.116422653198242
2018-07-09,17.46712875366211
2018-07-10,17.52557945251465
2018-07-11,17.08719825744629
2018-07-12,17.067712783813477
2018-07-13,17.223583221435547
2018-07-16,16.824167251586914
2018-07-17,16.785200119018555
2018-07-18,16.8046817779541
2018-07-19,16.8046817779541
2018-07-20,16.77545738220215
2018-07-23,16.707263946533203
2018-07-24,16.93132781982422
2018-07-25,17.048229217529297
2018-07-26,17.126163482666016
2018-07-27,16.785200119018555
2018-07-30,17.057971954345703
2018-07-31,16.99951934814453
2018-08-01,16.69752311706543
2018-08-02,16.75597381591797
2018-08-03,16.512428283691406
2018-08-06,16.726749420166016
2018-08-07,16.60010528564453
2018-08-08,16.356557846069336
2018-08-09,16.259140014648438
2018-08-10,16.395526885986328
2018-08-13,16.113012313842773
2018-08-14,16.18120574951172
2018-08-15,15.470050811767578
2018-08-16,15.596694946289062
2018-08-17,15.635661125183105
2018-08-20,15.625921249389648
2018-08-21,15.859724998474121
2018-08-22,16.132495880126953
2018-08-23,15.976625442504883
2018-08-24,16.103269577026367
2018-08-27,16.220172882080078
2018-08-28,16.151979446411133
2018-08-29,16.317590713500977
2018-08-30,16.259140014648438
2018-08-31,16.171463012695312
2018-09-04,15.830498695373535
2018-09-05,15.762307167053223
2018-09-06,15.431083679199219
2018-09-07,15.392115592956543
2018-09-10,15.333664894104004
2018-09-11,15.567468643188477
2018-09-12,15.703855514526367
2018-09-13,15.674629211425781
2018-09-14,15.74282169342041
2018-09-17,15.703855514526367
2018-09-18,16.044818878173828
2018-09-19,16.24939727783203
2018-09-20,16.14223861694336
2018-09-21,16.210430145263672
2018-09-24,16.619586944580078
2018-09-25,16.65855598449707
2018-09-26,16.415010452270508
2018-09-27,16.58062171936035
2018-09-28,16.726749420166016
2018-10-01,16.941068649291992
2018-10-02,16.83390998840332
2018-10-03,17.165132522583008
2018-10-04,16.93132781982422
2018-10-05,16.91184425354004
2018-10-08,16.79494285583496
2018-10-09,17.048229217529297
2018-10-10,16.327333450317383
2018-10-11,15.752564430236816
2018-10-12,15.96688461303711
2018-10-15,16.02533721923828
2018-10-16,16.074045181274414
2018-10-17,15.811015129089355
2018-10-18,15.479792594909668
2018-10-19,15.470050811767578
2018-10-22,15.333664894104004
2018-10-23,14.749154090881348
2018-10-24,14.018515586853027
2018-10-25,14.223094940185547
2018-10-26,13.960064888000488
2018-10-29,13.395036697387695
2018-10-30,13.784710884094238
2018-10-31,13.823678016662598
2018-11-01,14.008773803710938
2018-11-02,13.794452667236328
2018-11-05,14.135417938232422
2018-11-06,14.115933418273926
2018-11-07,14.45689868927002
2018-11-08,14.008773803710938
2018-11-09,14.184127807617188
2018-11-12,13.589874267578125
2018-11-13,13.346327781677246
2018-11-14,13.326845169067383
2018-11-15,13.54116439819336
2018-11-16,13.64832592010498
2018-11-19,13.54116439819336
2018-11-20,12.9761381149292
2018-11-21,13.317102432250977
2018-11-23,12.74233341217041
2018-11-26,12.859235763549805
2018-11-27,12.674140930175781
2018-11-28,12.800785064697266
2018-11-29,13.005364418029785
2018-11-30,12.810526847839355
2018-12-03,13.375553131103516
2018-12-04,12.839753150939941
2018-12-06,12.401369094848633
2018-12-07,12.430595397949219
2018-12-10,12.13833999633789
2018-12-11,12.109114646911621
2018-12-12,12.255241394042969
2018-12-13,12.20653247833252
2018-12-14,11.729182243347168
2018-12-17,11.368734359741211
2018-12-18,11.134929656982422
2018-12-19,10.979060173034668
2018-12-20,10.613811492919922
2018-12-21,10.378166198730469
2018-12-24,9.955970764160156
2018-12-26,10.741451263427734
2018-12-27,10.731633186340332
2018-12-28,10.653085708618164
2018-12-31,10.72181510925293
2019-01-02,10.996732711791992
2019-01-03,11.006551742553711
2019-01-04,11.507295608520508
2019-01-07,11.801851272583008
2019-01-08,11.92949104309082
2019-01-09,12.22404670715332
2019-01-10,12.282958030700684
2019-01-11,12.184772491455078
2019-01-14,12.214227676391602
2019-01-15,12.332051277160645
2019-01-16,12.273139953613281
2019-01-17,12.381142616271973
2019-01-18,12.567694664001465
2019-01-22,12.145498275756836
2019-01-23,11.92949104309082
2019-01-24,11.998221397399902
2019-01-25,12.253501892089844
2019-01-28,12.076769828796387
2019-01-29,12.165136337280273
2019-01-30,12.390961647033691
2019-01-31,12.263320922851562
2019-02-01,12.34186840057373
2019-02-04,12.40078067779541
2019-02-05,12.243683815002441
2019-02-06,12.10622501373291
2019-02-07,11.54656982421875
2019-02-08,11.438565254211426
2019-02-11,11.625118255615234
2019-02-12,11.81166934967041
2019-02-13,12.10622501373291
2019-02-14,12.194591522216797
2019-02-15,12.479328155517578
2019-02-19,12.538239479064941
2019-02-20,12.597149848937988
2019-02-21,12.184772491455078
2019-02-22,12.312413215637207
2019-02-25,12.361506462097168
2019-02-26,12.282958030700684
2019-02-27,12.34186840057373
2019-02-28,12.194591522216797
2019-03-01,12.390961647033691
2019-03-04,12.430235862731934
2019-03-05,12.332051277160645
2019-03-06,11.978584289550781
2019-03-07,11.880399703979492
2019-03-08,11.51711368560791
2019-03-11,11.693846702575684
2019-03-12,11.909854888916016
2019-03-13,12.125862121582031
2019-03-14,12.165136337280273
2019-03-15,12.116043090820312
2019-03-18,12.37132453918457
2019-03-19,12.233865737915039
2019-03-20,12.665879249572754
2019-03-21,12.705153465270996
2019-03-22,12.233865737915039
2019-03-25,12.204410552978516
2019-03-26,12.479328155517578
2019-03-27,12.440053939819336
2019-03-28,12.548057556152344
2019-03-29,12.508783340454102
2019-04-01,12.665879249572754
2019-04-02,12.567694664001465
2019-04-03,12.263320922851562
2019-04-04,12.381142616271973
2019-04-05,12.773883819580078
2019-04-08,12.891705513000488
2019-04-09,12.685517311096191
2019-04-10,12.81315803527832
2019-04-11,12.744427680969238
2019-04-12,13.539727210998535
2019-04-15,13.412086486816406
2019-04-16,13.52009105682373
2019-04-17,13.480815887451172
2019-04-18,13.431724548339844
2019-04-22,13.804827690124512
2019-04-23,13.834282875061035
2019-04-24,13.76555347442627
2019-04-25,13.569182395935059
2019-04-26,13.294264793395996
2019-04-29,13.264809608459473
2019-04-30,13.146986961364746
2019-05-01,12.76406478881836
2019-05-02,12.430235862731934
2019-05-03,12.616787910461426
2019-05-06,12.665879249572754
2019-05-07,12.51860237121582
2019-05-08,12.76406478881836
2019-05-09,12.665879249572754
2019-05-10,12.695335388183594
2019-05-13,12.35168743133545
2019-05-14,12.626605987548828
2019-05-15,12.665879249572754
2019-05-16,12.783702850341797
2019-05-17,12.538239479064941
2019-05-20,12.538239479064941
2019-05-21,12.744427680969238
2019-05-22,12.35168743133545
2019-05-23,11.752758979797363
2019-05-24,11.742939949035645
2019-05-28,11.615299224853516
2019-05-29,11.615299224853516
2019-05-30,11.409110069274902
2019-05-31,11.153828620910645
2019-06-03,11.173466682434082
2019-06-04,11.389473915100098
2019-06-05,11.016369819641113
2019-06-06,11.193102836608887
2019-06-07,11.271651268005371
2019-06-10,11.193102836608887
2019-06-11,11.242195129394531
2019-06-12,10.977096557617188
2019-06-13,11.144011497497559
2019-06-14,10.967277526855469
2019-06-17,11.193102836608887
2019-06-18,11.3992919921875
2019-06-19,11.369836807250977
2019-06-20,11.674210548400879
2019-06-21,11.654573440551758
2019-06-24,11.526932716369629
2019-06-25,11.458203315734863
2019-06-26,11.792032241821289
2019-06-27,11.644754409790039
2019-06-28,11.723302841186523
2019-07-01,11.772395133972168
2019-07-02,11.379654884338379
2019-07-03,11.3992919921875
2019-07-05,11.477839469909668
2019-07-08,11.438565254211426
2019-07-09,11.409110069274902
2019-07-10,11.703665733337402
2019-07-11,11.595663070678711
2019-07-12,11.713484764099121
2019-07-15,11.409110069274902
2019-07-16,11.222558975219727
2019-07-17,10.986913681030273
2019-07-18,10.947640419006348
2019-07-19,11.153828620910645
2019-07-22,11.13419246673584
2019-07-23,11.193102836608887
2019-07-24,11.202921867370605
2019-07-25,10.908366203308105
2019-07-26,10.800362586975098
2019-07-29,10.672721862792969
2019-07-30,11.045825958251953
2019-07-31,11.13419246673584
2019-08-01,10.633447647094727
2019-08-02,10.466533660888672
2019-08-05,10.054155349731445
2019-08-06,9.906878471374512
2019-08-07,9.906878471374512
2019-08-08,10.142522811889648
2019-08-09,10.093429565429688
2019-08-12,9.946152687072754
2019-08-13,10.073793411254883
2019-08-14,9.631959915161133
2019-08-15,9.57304859161377
2019-08-16,9.769418716430664
2019-08-19,10.113066673278809
2019-08-20,10.0050630569458
2019-08-21,10.054155349731445
2019-08-22,9.965788841247559
2019-08-23,9.484682083129883
2019-08-26,9.484682083129883
2019-08-27,9.425771713256836
2019-08-28,9.730144500732422
2019-08-29,9.955970764160156
2019-08-30,9.85778522491455
2019-09-03,9.74978256225586
2019-09-04,9.98542594909668
2019-09-05,10.142522811889648
2019-09-06,10.113066673278809
2019-09-09,10.495988845825195
2019-09-10,10.603992462158203
2019-09-11,10.692359924316406
2019-09-12,10.554900169372559
2019-09-13,10.633447647094727
2019-09-16,11.625118255615234
2019-09-17,11.104737281799316
2019-09-18,10.928003311157227
2019-09-19,10.859273910522461
2019-09-20,10.869091987609863
2019-09-23,10.859273910522461
2019-09-24,10.564718246459961
2019-09-25,10.505806922912598
2019-09-26,10.27998161315918
2019-09-27,10.27998161315918
2019-09-30,10.221070289611816
2019-10-01,9.877423286437988
2019-10-02,9.582867622375488
2019-10-03,9.779237747192383
2019-10-04,9.730144500732422
2019-10-07,9.641777992248535
2019-10-08,9.357041358947754
2019-10-09,9.415952682495117
2019-10-10,9.523956298828125
2019-10-11,9.759599685668945
2019-10-14,9.612322807312012
2019-10-15,9.671234130859375
2019-10-16,9.563230514526367
2019-10-17,9.523956298828125
2019-10-18,9.347223281860352
2019-10-21,9.504319190979004
2019-10-22,9.700689315795898
2019-10-23,9.818511962890625
2019-10-24,9.769418716430664
2019-10-25,9.847967147827148
2019-10-28,9.730144500732422
2019-10-29,9.86760425567627
2019-10-30,9.523956298828125
2019-10-31,9.514137268066406
2019-11-01,9.85778522491455
2019-11-04,10.27998161315918
2019-11-05,10.309436798095703
2019-11-06,9.975607872009277
2019-11-07,10.171977996826172
2019-11-08,10.25052547454834
2019-11-11,10.103248596191406
2019-11-12,10.024700164794922
2019-11-13,9.88724136352539
2019-11-14,9.847967147827148
2019-11-15,9.946152687072754
2019-11-18,9.72032642364502
2019-11-19,9.494501113891602
2019-11-20,9.671234130859375
2019-11-21,9.798873901367188
2019-11-22,9.769418716430664
2019-11-25,9.86760425567627
2019-11-26,9.681052207946777
2019-11-27,9.730144500732422
2019-11-29,9.592686653137207
2019-12-02,9.553411483764648
2019-12-03,9.347223281860352
2019-12-04,9.710508346557617
2019-12-05,9.612322807312012
2019-12-06,9.936333656311035
2019-12-09,9.975607872009277
2019-12-10,10.03451919555664
2019-12-11,10.063974380493164
2019-12-12,10.348711013793945
2019-12-13,10.240708351135254
2019-12-16,10.476351737976074
2019-12-17,10.603992462158203
2019-12-18,10.702177047729492
2019-12-19,10.770907402038574
2019-12-20,10.820000648498535
2019-12-23,11.0600004196167
2019-12-24,11.119999885559082
2019-12-26,11.149999618530273
2019-12-27,11.069999694824219
2019-12-30,11.0600004196167
2019-12-31,11.170000076293945
2020-01-02,11.15999984741211
2020-01-03,11.329999923706055
2020-01-06,11.569999694824219
2020-01-07,11.649999618530273
2020-01-08,11.329999923706055
2020-01-09,11.329999923706055
2020-01-10,11.210000038146973
2020-01-13,11.119999885559082
2020-01-14,11.1899995803833
2020-01-15,11.119999885559082
2020-01-16,11.15999984741211
2020-01-17,11.010000228881836
2020-01-21,10.789999961853027
2020-01-22,10.529999732971191
2020-01-23,10.420000076293945
2020-01-24,10.199999809265137
2020-01-27,9.859999656677246
2020-01-28,9.970000267028809
2020-01-29,9.800000190734863
2020-01-30,9.770000457763672
2020-01-31,9.550000190734863
2020-02-03,9.479999542236328
2020-02-04,9.520000457763672
2020-02-05,9.989999771118164
2020-02-06,9.869999885559082
2020-02-07,9.65999984741211
2020-02-10,9.470000267028809
2020-02-11,9.539999961853027
2020-02-12,9.699999809265137
2020-02-13,9.699999809265137
2020-02-14,9.579999923706055
2020-02-18,9.539999961853027
2020-02-19,9.880000114440918
2020-02-20,9.819999694824219
2020-02-21,9.600000381469727
2020-02-24,9.09000015258789
2020-02-25,8.569999694824219
2020-02-26,8.220000267028809
2020-02-27,7.800000190734863
2020-02-28,7.929999828338623
2020-03-02,8.050000190734863
2020-03-03,7.900000095367432
2020-03-04,7.940000057220459
2020-03-05,7.599999904632568
2020-03-06,6.869999885559082
2020-03-09,4.570000171661377
2020-03-10,4.880000114440918
2020-03-11,4.429999828338623
2020-03-12,4.099999904632568
2020-03-13,4.440000057220459
2020-03-16,4.010000228881836
2020-03-17,3.799999952316284
2020-03-18,3.5299999713897705
2020-03-19,3.75
2020-03-20,3.740000009536743
2020-03-23,3.5399999618530273
2020-03-24,4.179999828338623
2020-03-25,4.210000038146973
2020-03-26,4.320000171661377
2020-03-27,3.9600000381469727
2020-03-30,3.9000000953674316
2020-03-31,4.130000114440918
2020-04-01,3.990000009536743
2020-04-02,4.5
2020-04-03,4.53000020980835
2020-04-06,4.659999847412109
2020-04-07,4.78000020980835
2020-04-08,5.190000057220459
2020-04-09,5.210000038146973
