Date,GDX
2010-01-04,44.59261703491211
2010-01-05,45.022560119628906
2010-01-06,46.116111755371094
2010-01-07,45.89179611206055
2010-01-08,46.58343505859375
2010-01-11,46.89188003540039
2010-01-12,45.190799713134766
2010-01-13,45.66747283935547
2010-01-14,45.42445755004883
2010-01-15,44.32156753540039
2010-01-19,44.57392120361328
2010-01-20,42.74198913574219
2010-01-21,40.891361236572266
2010-01-22,40.92875671386719
2010-01-25,40.36794662475586
2010-01-26,40.3118782043457
2010-01-27,39.97539520263672
2010-01-28,39.41459274291992
2010-01-29,38.05934524536133
2010-02-01,40.1342887878418
2010-02-02,40.19036865234375
2010-02-03,39.78846740722656
2010-02-04,37.610713958740234
2010-02-05,39.638919830322266
2010-02-08,38.11542510986328
2010-02-09,39.78846740722656
2010-02-10,39.58283233642578
2010-02-11,41.11568069458008
2010-02-12,41.06895065307617
2010-02-16,41.97557067871094
2010-02-17,41.788631439208984
2010-02-18,42.11576843261719
2010-02-19,41.65778350830078
2010-02-22,41.20914840698242
2010-02-23,39.72304153442383
2010-02-24,39.48937225341797
2010-02-25,40.610965728759766
2010-02-26,41.022220611572266
2010-03-01,41.72320556640625
2010-03-02,42.53636169433594
2010-03-03,43.33082962036133
2010-03-04,42.60179138183594
2010-03-05,43.39625549316406
2010-03-08,42.94761276245117
2010-03-09,42.60179138183594
2010-03-10,42.022300720214844
2010-03-11,42.3587760925293
2010-03-12,42.05034637451172
2010-03-15,42.003604888916016
2010-03-16,43.106502532958984
2010-03-17,43.246707916259766
2010-03-18,42.966304779052734
2010-03-19,42.34943389892578
2010-03-22,42.19054412841797
2010-03-23,42.32139205932617
2010-03-24,40.65769577026367
2010-03-25,40.10624694824219
2010-03-26,40.853973388671875
2010-03-29,41.433467864990234
2010-03-30,40.994178771972656
2010-03-31,41.508243560791016
2010-04-01,43.36821365356445
2010-04-05,43.83554458618164
2010-04-06,43.751426696777344
2010-04-07,45.03190612792969
2010-04-08,45.041255950927734
2010-04-09,45.49923324584961
2010-04-12,44.99452209472656
2010-04-13,44.630001068115234
2010-04-14,44.94778823852539
2010-04-15,44.461761474609375
2010-04-16,43.60187911987305
2010-04-19,43.545799255371094
2010-04-20,43.424285888671875
2010-04-21,43.910308837890625
2010-04-22,44.2654914855957
2010-04-23,45.0599479675293
2010-04-26,44.985172271728516
2010-04-27,45.125370025634766
2010-04-28,46.45258712768555
2010-04-29,47.02273178100586
2010-04-30,47.20965576171875
2010-05-03,46.620826721191406
2010-05-04,46.41521072387695
2010-05-05,46.022647857666016
2010-05-06,46.676910400390625
2010-05-07,45.919837951660156
2010-05-10,46.86383819580078
2010-05-11,50.09775924682617
2010-05-12,49.938865661621094
2010-05-13,49.21918869018555
2010-05-14,49.67716979980469
2010-05-17,48.480796813964844
2010-05-18,48.12562942504883
2010-05-19,46.21891784667969
2010-05-20,43.975738525390625
2010-05-21,44.12528610229492
2010-05-24,44.527191162109375
2010-05-25,45.742252349853516
2010-05-26,45.78898620605469
2010-05-27,46.901222229003906
2010-05-28,46.60213088989258
2010-06-01,46.55540466308594
2010-06-02,47.35921096801758
2010-06-03,46.5740966796875
2010-06-04,45.62074661254883
2010-06-07,46.91057205200195
2010-06-08,47.405948638916016
2010-06-09,46.919925689697266
2010-06-10,47.34986114501953
2010-06-11,47.47136688232422
2010-06-14,46.63951873779297
2010-06-15,47.826534271240234
2010-06-16,48.28451919555664
2010-06-17,49.49958038330078
2010-06-18,50.527706146240234
2010-06-21,49.08833312988281
2010-06-22,48.733158111572266
2010-06-23,49.02289962768555
2010-06-24,48.77054977416992
2010-06-25,50.35946273803711
2010-06-28,49.910831451416016
2010-06-29,48.58361053466797
2010-06-30,48.564918518066406
2010-07-01,46.37782287597656
2010-07-02,46.340431213378906
2010-07-06,45.714210510253906
2010-07-07,46.723636627197266
2010-07-08,46.153499603271484
2010-07-09,47.181617736816406
2010-07-12,46.873191833496094
2010-07-13,47.097503662109375
2010-07-14,46.97600173950195
2010-07-15,46.89188003540039
2010-07-16,45.368377685546875
2010-07-19,44.42437744140625
2010-07-20,45.37772750854492
2010-07-21,45.03190612792969
2010-07-22,45.9478759765625
2010-07-23,45.994606018066406
2010-07-26,45.69550704956055
2010-07-27,44.013126373291016
2010-07-28,44.293521881103516
2010-07-29,44.56458282470703
2010-07-30,45.06929397583008
2010-08-02,44.910396575927734
2010-08-03,45.162757873535156
2010-08-04,46.37782287597656
2010-08-05,46.4432373046875
2010-08-06,46.89188003540039
2010-08-09,46.91057205200195
2010-08-10,47.07880783081055
2010-08-11,45.87309646606445
2010-08-12,47.02273178100586
2010-08-13,46.4899787902832
2010-08-16,47.3965950012207
2010-08-17,47.93870162963867
2010-08-18,48.72381591796875
2010-08-19,48.34994888305664
2010-08-20,47.92934799194336
2010-08-23,47.57418441772461
2010-08-24,47.01338195800781
2010-08-25,48.6023063659668
2010-08-26,49.28460693359375
2010-08-27,49.85475158691406
2010-08-30,49.64912796020508
2010-08-31,50.10711669921875
2010-09-01,49.396766662597656
2010-09-02,50.069725036621094
2010-09-03,50.181880950927734
2010-09-07,50.424896240234375
2010-09-08,50.16318893432617
2010-09-09,49.209835052490234
2010-09-10,49.5743522644043
2010-09-13,49.53696060180664
2010-09-14,51.29412078857422
2010-09-15,51.03242492675781
2010-09-16,51.742767333984375
2010-09-17,51.200660705566406
2010-09-20,51.72407150268555
2010-09-21,52.03250503540039
2010-09-22,52.686771392822266
2010-09-23,52.11662292480469
2010-09-24,52.03250503540039
2010-09-27,51.72407150268555
2010-09-28,52.957820892333984
2010-09-29,52.81761932373047
2010-09-30,52.2755241394043
2010-10-01,52.9017448425293
2010-10-04,51.920352935791016
2010-10-05,53.518619537353516
2010-10-06,54.322418212890625
2010-10-07,52.883052825927734
2010-10-08,53.555999755859375
2010-10-11,53.6588134765625
2010-10-12,53.43449783325195
2010-10-13,54.761714935302734
2010-10-14,54.387847900390625
2010-10-15,53.6588134765625
2010-10-18,53.40645980834961
2010-10-19,50.96699142456055
2010-10-20,51.836219787597656
2010-10-21,50.73332977294922
2010-10-22,51.303470611572266
2010-10-25,52.09793472290039
2010-10-26,52.14466857910156
2010-10-27,51.107200622558594
2010-10-28,52.677425384521484
2010-10-29,53.555999755859375
2010-11-01,53.49058151245117
2010-11-02,53.90182876586914
2010-11-03,53.49058151245117
2010-11-04,56.07024002075195
2010-11-05,56.163700103759766
2010-11-08,57.73393249511719
2010-11-09,55.77114486694336
2010-11-10,57.32268142700195
2010-11-11,57.74327850341797
2010-11-12,56.14501190185547
2010-11-15,55.58421325683594
2010-11-16,53.89248275756836
2010-11-17,54.247650146484375
2010-11-18,55.17296600341797
2010-11-19,55.40662384033203
2010-11-22,56.10762023925781
2010-11-23,55.72441482543945
2010-11-24,55.77114486694336
2010-11-26,54.78041076660156
2010-11-29,55.023414611816406
2010-11-30,55.61225509643555
2010-12-01,56.34128952026367
2010-12-02,57.1824836730957
2010-12-03,58.612510681152344
2010-12-06,59.631290435791016
2010-12-07,58.304073333740234
2010-12-08,57.201175689697266
2010-12-09,57.41615295410156
2010-12-10,57.63112258911133
2010-12-13,58.15453338623047
2010-12-14,58.07040786743164
2010-12-15,57.004905700683594
2010-12-16,56.23847198486328
2010-12-17,56.4908332824707
2010-12-20,56.612342834472656
2010-12-21,56.59364318847656
2010-12-22,55.93003463745117
2010-12-23,56.35441589355469
2010-12-27,56.02507400512695
2010-12-28,57.48357391357422
2010-12-29,57.69059371948242
2010-12-30,57.285972595214844
2010-12-31,57.84114074707031
2011-01-03,57.182464599609375
2011-01-04,55.535770416259766
2011-01-05,54.78300857543945
2011-01-06,53.390380859375
2011-01-07,53.390380859375
2011-01-10,53.531517028808594
2011-01-11,54.61362838745117
2011-01-12,54.48189163208008
2011-01-13,52.741111755371094
2011-01-14,51.640174865722656
2011-01-18,52.515289306640625
2011-01-19,52.19535446166992
2011-01-20,51.41434860229492
2011-01-21,50.75566864013672
2011-01-24,50.27577590942383
2011-01-25,49.98407745361328
2011-01-26,51.847190856933594
2011-01-27,50.55807113647461
2011-01-28,51.00032043457031
2011-01-31,50.736846923828125
2011-02-01,52.1671142578125
2011-02-02,51.78132629394531
2011-02-03,53.1833610534668
2011-02-04,52.79756546020508
2011-02-07,52.806968688964844
2011-02-08,53.964359283447266
2011-02-09,53.12690353393555
2011-02-10,52.62820053100586
2011-02-11,52.44000244140625
2011-02-14,53.12690353393555
2011-02-15,54.11491775512695
2011-02-16,54.33134078979492
2011-02-17,54.99942398071289
2011-02-18,55.498138427734375
2011-02-22,54.98060607910156
2011-02-23,56.09095001220703
2011-02-24,54.33134078979492
2011-02-25,55.469913482666016
2011-02-28,56.29795837402344
2011-03-01,57.210689544677734
2011-03-02,57.2012825012207
2011-03-03,56.335594177246094
2011-03-04,56.83430862426758
2011-03-07,56.4108772277832
2011-03-08,55.902748107910156
2011-03-09,55.46049880981445
2011-03-10,53.47505569458008
2011-03-11,54.406620025634766
2011-03-14,54.39720916748047
2011-03-15,53.145729064941406
2011-03-16,51.97893142700195
2011-03-17,52.43058776855469
2011-03-18,53.315093994140625
2011-03-21,54.59480667114258
2011-03-22,54.7359504699707
2011-03-23,56.72139358520508
2011-03-24,56.44851303100586
2011-03-25,56.00625991821289
2011-03-28,55.027652740478516
2011-03-29,55.0841178894043
2011-03-30,56.11917495727539
2011-03-31,56.55201721191406
2011-04-01,56.24150085449219
2011-04-04,56.222679138183594
2011-04-05,59.007938385009766
2011-04-06,59.064395904541016
2011-04-07,58.819740295410156
2011-04-08,60.17473602294922
2011-04-11,58.43394470214844
2011-04-12,57.50239562988281
2011-04-13,57.26715087890625
2011-04-14,58.001102447509766
2011-04-15,57.81290817260742
2011-04-18,57.238922119140625
2011-04-19,58.001102447509766
2011-04-20,58.43394470214844
2011-04-21,58.93265914916992
2011-04-25,57.624717712402344
2011-04-26,56.664939880371094
2011-04-27,57.97287368774414
2011-04-28,57.662357330322266
2011-04-29,58.528045654296875
2011-05-02,56.57083511352539
2011-05-03,54.78300857543945
2011-05-04,54.89591598510742
2011-05-05,52.79756546020508
2011-05-06,52.77874755859375
2011-05-09,53.83262634277344
2011-05-10,53.40919494628906
2011-05-11,51.66840362548828
2011-05-12,51.42375564575195
2011-05-13,51.009727478027344
2011-05-16,51.2543830871582
2011-05-17,51.76249694824219
2011-05-18,52.12007141113281
2011-05-19,52.31766891479492
2011-05-20,52.468223571777344
2011-05-23,52.07302474975586
2011-05-24,53.26805114746094
2011-05-25,53.710304260253906
2011-05-26,53.729122161865234
2011-05-27,54.50070571899414
2011-05-31,54.717140197753906
2011-06-01,53.700889587402344
2011-06-02,53.26805114746094
2011-06-03,53.1551399230957
2011-06-06,51.58372116088867
2011-06-07,51.44257354736328
2011-06-08,50.27577590942383
2011-06-09,51.16028594970703
2011-06-10,50.247554779052734
2011-06-13,49.41950225830078
2011-06-14,50.23814010620117
2011-06-15,49.9276237487793
2011-06-16,48.723182678222656
2011-06-17,48.9019660949707
2011-06-20,49.16543960571289
2011-06-21,50.821537017822266
2011-06-22,51.43316650390625
2011-06-23,50.821537017822266
2011-06-24,49.4759635925293
2011-06-27,49.41950225830078
2011-06-28,50.0217170715332
2011-06-29,51.16028594970703
2011-06-30,51.3672981262207
2011-07-01,50.567481994628906
2011-07-05,52.14829635620117
2011-07-06,52.81639099121094
2011-07-07,52.92930221557617
2011-07-08,52.96693801879883
2011-07-11,52.33649444580078
2011-07-12,53.98318099975586
2011-07-13,55.771018981933594
2011-07-14,55.30994415283203
2011-07-15,56.194454193115234
2011-07-18,57.00367736816406
2011-07-19,56.15680694580078
2011-07-20,56.787254333496094
2011-07-21,56.504974365234375
2011-07-22,57.173057556152344
2011-07-25,56.72139358520508
2011-07-26,56.730804443359375
2011-07-27,55.027652740478516
2011-07-28,54.69831848144531
2011-07-29,53.531517028808594
2011-08-01,53.97377014160156
2011-08-02,54.99942398071289
2011-08-03,55.70515060424805
2011-08-04,52.5999641418457
2011-08-05,52.14829635620117
2011-08-08,52.1671142578125
2011-08-09,54.293704986572266
2011-08-10,55.79924774169922
2011-08-11,56.3167724609375
2011-08-12,55.723968505859375
2011-08-15,57.30479049682617
2011-08-16,56.72139358520508
2011-08-17,57.154239654541016
2011-08-18,56.232086181640625
2011-08-19,57.643531799316406
2011-08-22,59.939491271972656
2011-08-23,57.859962463378906
2011-08-24,56.420284271240234
2011-08-25,57.46475601196289
2011-08-26,58.79151153564453
2011-08-29,58.29280471801758
2011-08-30,59.28081512451172
2011-08-31,59.092620849609375
2011-09-01,59.63838195800781
2011-09-02,61.07807159423828
2011-09-06,61.482662200927734
2011-09-07,61.56736755371094
2011-09-08,62.69652557373047
2011-09-09,61.91552734375
2011-09-12,60.127689361572266
2011-09-13,60.58875274658203
2011-09-14,59.4407844543457
2011-09-15,59.092620849609375
2011-09-16,60.32528305053711
2011-09-19,59.73247528076172
2011-09-20,61.75554656982422
2011-09-21,60.485252380371094
2011-09-22,55.79924774169922
2011-09-23,53.079856872558594
2011-09-26,53.95494842529297
2011-09-27,53.700889587402344
2011-09-28,51.320255279541016
2011-09-29,51.78132629394531
2011-09-30,51.93187713623047
2011-10-03,51.23556137084961
2011-10-04,49.40068435668945
2011-10-05,51.64958572387695
2011-10-06,52.948116302490234
2011-10-07,51.640174865722656
2011-10-10,53.48447036743164
2011-10-11,53.55033874511719
2011-10-12,54.00199890136719
2011-10-13,52.9575309753418
2011-10-14,54.53834915161133
2011-10-17,53.249237060546875
2011-10-18,53.60679626464844
2011-10-19,50.388694763183594
2011-10-20,49.99348831176758
2011-10-21,50.793304443359375
2011-10-24,52.7222900390625
2011-10-25,54.05846405029297
2011-10-26,54.54776382446289
2011-10-27,55.62046813964844
2011-10-28,56.909584045410156
2011-10-31,55.356998443603516
2011-11-01,55.05588150024414
2011-11-02,56.420284271240234
2011-11-03,58.179893493652344
2011-11-04,57.681175231933594
2011-11-07,59.563106536865234
2011-11-08,58.810340881347656
2011-11-09,57.107181549072266
2011-11-10,56.61788558959961
2011-11-11,58.63154983520508
2011-11-14,57.55885696411133
2011-11-15,57.70941162109375
2011-11-16,56.7496223449707
2011-11-17,54.45366668701172
2011-11-18,53.69148635864258
2011-11-21,52.88225173950195
2011-11-22,53.672672271728516
2011-11-23,52.21417236328125
2011-11-25,51.55548858642578
2011-11-28,52.88225173950195
2011-11-29,53.12690353393555
2011-11-30,56.84371566772461
2011-12-01,56.74021530151367
2011-12-02,54.81122970581055
2011-12-05,54.44424819946289
2011-12-06,55.535770416259766
2011-12-07,55.479312896728516
2011-12-08,53.87968063354492
2011-12-09,54.41603088378906
2011-12-12,52.505863189697266
2011-12-13,50.849761962890625
2011-12-14,49.28776550292969
2011-12-15,48.62908935546875
2011-12-16,49.57005310058594
2011-12-19,48.14919662475586
2011-12-20,49.86175537109375
2011-12-21,49.83352279663086
2011-12-22,49.306583404541016
2011-12-23,49.816162109375
2011-12-27,48.9479866027832
2011-12-28,47.23995590209961
2011-12-29,48.31572723388672
2011-12-30,48.53277587890625
2012-01-03,50.769264221191406
2012-01-04,50.712650299072266
2012-01-05,50.86363220214844
2012-01-06,50.3446159362793
2012-01-09,50.627716064453125
2012-01-10,51.401519775390625
2012-01-11,51.25053405761719
2012-01-12,51.6374397277832
2012-01-13,51.00518035888672
2012-01-17,50.18418884277344
2012-01-18,50.240814208984375
2012-01-19,49.21221923828125
2012-01-20,49.24052810668945
2012-01-23,50.023765563964844
2012-01-24,48.90080642700195
2012-01-25,52.11870574951172
2012-01-26,52.61885452270508
2012-01-27,53.92111587524414
2012-01-30,53.279415130615234
2012-01-31,53.279415130615234
2012-02-01,53.3737907409668
2012-02-02,54.232521057128906
2012-02-03,53.26054763793945
2012-02-06,53.015193939208984
2012-02-07,52.73209762573242
2012-02-08,52.41124725341797
2012-02-09,52.13758087158203
2012-02-10,51.42039108276367
2012-02-13,51.24110412597656
2012-02-14,50.74095153808594
2012-02-15,50.54279327392578
2012-02-16,51.8544807434082
2012-02-17,51.09955596923828
2012-02-21,52.675472259521484
2012-02-22,53.62858200073242
2012-02-23,54.03435516357422
2012-02-24,53.279415130615234
2012-02-27,52.901954650878906
2012-02-28,54.100406646728516
2012-02-29,52.279136657714844
2012-03-01,52.74153137207031
2012-03-02,51.70349884033203
2012-03-05,50.599403381347656
2012-03-06,49.514190673828125
2012-03-07,49.70292282104492
2012-03-08,50.316307067871094
2012-03-09,50.240814208984375
2012-03-12,49.419822692871094
2012-03-13,49.17447280883789
2012-03-14,47.296573638916016
2012-03-15,47.31544494628906
2012-03-16,47.11727523803711
2012-03-19,46.80586624145508
2012-03-20,47.05121994018555
2012-03-21,46.956851959228516
2012-03-22,46.003753662109375
2012-03-23,46.956851959228516
2012-03-26,47.77783966064453
2012-03-27,47.0984001159668
2012-03-28,46.173606872558594
2012-03-29,46.296287536621094
2012-03-30,46.749244689941406
2012-04-02,47.55136489868164
2012-04-03,46.003753662109375
2012-04-04,44.078670501708984
2012-04-05,43.59739685058594
2012-04-09,43.86162567138672
2012-04-10,44.39008331298828
2012-04-11,43.871063232421875
2012-04-12,45.437557220458984
2012-04-13,44.82416534423828
2012-04-16,44.012611389160156
2012-04-17,44.456138610839844
2012-04-18,44.003177642822266
2012-04-19,43.98430252075195
2012-04-20,43.52190399169922
2012-04-23,42.50274658203125
2012-04-24,42.59711837768555
2012-04-25,43.68232727050781
2012-04-26,43.64457702636719
2012-04-27,44.163597106933594
2012-04-30,43.77669143676758
2012-05-01,43.82387924194336
2012-05-02,43.08782196044922
2012-05-03,41.40809631347656
2012-05-04,41.56851577758789
2012-05-07,41.20992660522461
2012-05-08,39.7944221496582
2012-05-09,40.59654235839844
2012-05-10,40.662593841552734
2012-05-11,40.030338287353516
2012-05-14,38.66202926635742
2012-05-15,37.123844146728516
2012-05-16,37.331451416015625
2012-05-17,39.01117706298828
2012-05-18,39.2754020690918
2012-05-21,40.587100982666016
2012-05-22,40.14358139038086
2012-05-23,41.936546325683594
2012-05-24,42.1158447265625
2012-05-25,42.38007354736328
2012-05-29,41.606258392333984
2012-05-30,41.74781799316406
2012-05-31,41.313720703125
2012-06-01,43.955997467041016
2012-06-04,44.66374588012695
2012-06-05,44.85247802734375
2012-06-06,44.937400817871094
2012-06-07,43.39923095703125
2012-06-08,43.72007369995117
2012-06-11,43.08782196044922
2012-06-12,44.1258544921875
2012-06-13,44.1541633605957
2012-06-14,44.28627395629883
2012-06-15,44.27684020996094
2012-06-18,45.04120635986328
2012-06-19,44.9940299987793
2012-06-20,44.607120513916016
2012-06-21,42.29513931274414
2012-06-22,42.06865692138672
2012-06-25,42.615989685058594
2012-06-26,41.94598388671875
2012-06-27,41.78555679321289
2012-06-28,40.87020492553711
2012-06-29,42.247962951660156
2012-07-02,42.238521575927734
2012-07-03,43.83332061767578
2012-07-05,43.19162368774414
2012-07-06,41.92710876464844
2012-07-09,41.75725173950195
2012-07-10,40.454986572265625
2012-07-11,39.60569381713867
2012-07-12,39.36033630371094
2012-07-13,39.926544189453125
2012-07-16,39.78499221801758
2012-07-17,39.35089874267578
2012-07-18,38.80356979370117
2012-07-19,39.24709701538086
2012-07-20,39.36977005004883
2012-07-23,38.40723419189453
2012-07-24,38.42610168457031
2012-07-25,39.596248626708984
2012-07-26,40.41724395751953
2012-07-27,40.70034408569336
2012-07-30,41.257110595703125
2012-07-31,40.41724395751953
2012-08-01,39.86992263793945
2012-08-02,39.671749114990234
2012-08-03,40.445552825927734
2012-08-06,41.266544342041016
2012-08-07,41.73837661743164
2012-08-08,41.51190185546875
2012-08-09,42.04978561401367
2012-08-10,42.32345199584961
2012-08-13,41.74781799316406
2012-08-14,41.45527648925781
2012-08-15,41.66288757324219
2012-08-16,43.0783805847168
2012-08-17,42.78584289550781
2012-08-20,43.050071716308594
2012-08-21,43.76725769042969
2012-08-22,44.82416534423828
2012-08-23,44.74867248535156
2012-08-24,44.890220642089844
2012-08-27,44.257965087890625
2012-08-28,44.21078109741211
2012-08-29,43.77669143676758
2012-08-30,43.42753601074219
2012-08-31,45.23937225341797
2012-09-04,45.07895278930664
2012-09-05,45.229942321777344
2012-09-06,46.36234664916992
2012-09-07,47.61741638183594
2012-09-10,46.692626953125
2012-09-11,47.0040397644043
2012-09-12,47.19276428222656
2012-09-13,49.561370849609375
2012-09-14,50.82588577270508
2012-09-17,50.85419845581055
2012-09-18,51.259971618652344
2012-09-19,51.70349884033203
2012-09-20,51.29772186279297
2012-09-21,51.722373962402344
2012-09-24,49.97658920288086
2012-09-25,49.2310905456543
2012-09-26,49.4481315612793
2012-09-27,50.85419845581055
2012-09-28,50.665462493896484
2012-10-01,50.89194869995117
2012-10-02,50.57109832763672
2012-10-03,49.75010681152344
2012-10-04,51.19391632080078
2012-10-05,50.627716064453125
2012-10-08,50.23137283325195
2012-10-09,49.14616394042969
2012-10-10,49.52362060546875
2012-10-11,49.53306579589844
2012-10-12,48.74981689453125
2012-10-15,48.73094940185547
2012-10-16,49.70292282104492
2012-10-17,50.11813735961914
2012-10-18,48.61771011352539
2012-10-19,48.815879821777344
2012-10-22,49.476444244384766
2012-10-23,48.08924865722656
2012-10-24,47.23995590209961
2012-10-25,48.68376541137695
2012-10-26,48.353477478027344
2012-10-31,49.91997146606445
2012-11-01,49.08010482788086
2012-11-02,46.956851959228516
2012-11-05,46.60770034790039
2012-11-06,47.504180908203125
2012-11-07,48.193058013916016
2012-11-08,48.5139045715332
2012-11-09,47.81559371948242
2012-11-12,47.22108459472656
2012-11-13,46.692626953125
2012-11-14,44.55994415283203
2012-11-15,43.38035583496094
2012-11-16,43.85218811035156
2012-11-19,45.07895278930664
2012-11-20,44.69205093383789
2012-11-21,45.37149429321289
2012-11-23,45.994319915771484
2012-11-26,46.003753662109375
2012-11-27,44.78641891479492
2012-11-28,45.201629638671875
2012-11-29,45.33374786376953
2012-11-30,44.8713493347168
2012-12-03,43.86162567138672
2012-12-04,44.02205276489258
2012-12-05,42.7952766418457
2012-12-06,42.9840202331543
2012-12-07,43.34260940551758
2012-12-10,43.89937210083008
2012-12-11,43.67289733886719
2012-12-12,44.946842193603516
2012-12-13,43.729515075683594
2012-12-14,43.86162567138672
2012-12-17,43.88993453979492
2012-12-18,43.17274856567383
2012-12-19,42.80472183227539
2012-12-20,42.53105545043945
2012-12-21,42.634857177734375
2012-12-24,42.760711669921875
2012-12-26,43.0467414855957
2012-12-27,43.32322692871094
2012-12-28,42.83698654174805
2012-12-31,44.22896957397461
2013-01-02,44.9058952331543
2013-01-03,43.03720474243164
2013-01-04,43.21835708618164
2013-01-07,42.40794372558594
2013-01-08,42.570030212402344
2013-01-09,42.29353713989258
2013-01-10,43.29462432861328
2013-01-11,43.285091400146484
2013-01-14,43.12301254272461
2013-01-15,43.46623992919922
2013-01-16,43.10394287109375
2013-01-17,42.903724670410156
2013-01-18,43.00859832763672
2013-01-22,43.68552017211914
2013-01-23,42.484222412109375
2013-01-24,41.21617889404297
2013-01-25,39.967201232910156
2013-01-28,39.54770278930664
2013-01-29,40.28183364868164
2013-01-30,40.005332946777344
2013-01-31,39.68117141723633
2013-02-01,40.25322723388672
2013-02-04,40.367637634277344
2013-02-05,40.291358947753906
2013-02-06,40.55832290649414
2013-02-07,40.61552429199219
2013-02-08,40.34856414794922
2013-02-11,39.53816604614258
2013-02-12,39.967201232910156
2013-02-13,39.28074645996094
2013-02-14,39.433284759521484
2013-02-15,38.031768798828125
2013-02-19,37.535987854003906
2013-02-20,35.7054328918457
2013-02-21,36.344215393066406
2013-02-22,36.1630744934082
2013-02-25,36.77325439453125
2013-02-26,37.23089599609375
2013-02-27,36.47770309448242
2013-02-28,35.65776443481445
2013-03-01,35.38127136230469
2013-03-04,34.2371711730957
2013-03-05,34.25624084472656
2013-03-06,35.69589614868164
2013-03-07,35.19058609008789
2013-03-08,35.38127136230469
2013-03-11,35.23825454711914
2013-03-12,36.11540603637695
2013-03-13,35.1524543762207
2013-03-14,35.514747619628906
2013-03-15,35.60055923461914
2013-03-18,35.734031677246094
2013-03-19,35.829383850097656
2013-03-20,35.7054328918457
2013-03-21,36.63977813720703
2013-03-22,36.382354736328125
2013-03-25,35.915184020996094
2013-03-26,35.63869094848633
2013-03-27,36.22980499267578
2013-03-28,36.086795806884766
2013-04-01,35.7054328918457
2013-04-02,34.20856475830078
2013-04-03,32.654502868652344
2013-04-04,33.579315185546875
2013-04-05,33.4267692565918
2013-04-08,33.03586959838867
2013-04-09,34.35157775878906
2013-04-10,33.03586959838867
2013-04-11,32.58776092529297
2013-04-12,30.71906852722168
2013-04-15,27.66813850402832
2013-04-16,27.477449417114258
2013-04-17,26.10453224182129
2013-04-18,26.90540313720703
2013-04-19,27.258167266845703
2013-04-22,27.62046241760254
2013-04-23,27.000741958618164
2013-04-24,28.82176971435547
2013-04-25,29.15546226501465
2013-04-26,28.087636947631836
2013-04-29,28.51667594909668
2013-04-30,28.945711135864258
2013-05-01,28.26878547668457
2013-05-02,28.249717712402344
2013-05-03,28.30692481994629
2013-05-06,28.34505844116211
2013-05-07,27.506053924560547
2013-05-08,29.02198600769043
2013-05-09,28.45947265625
2013-05-10,28.421329498291016
2013-05-13,27.677671432495117
2013-05-14,27.372577667236328
2013-05-15,26.123598098754883
2013-05-16,26.199872970581055
2013-05-17,25.15111541748047
2013-05-20,26.714717864990234
2013-05-21,26.047327041625977
2013-05-22,26.381023406982422
2013-05-23,26.57170867919922
2013-05-24,26.21894645690918
2013-05-28,25.95198631286621
2013-05-29,27.1723575592041
2013-05-30,28.659690856933594
2013-05-31,28.125774383544922
2013-06-03,28.945711135864258
2013-06-04,28.449935913085938
2013-06-05,28.535743713378906
2013-06-06,28.888505935668945
2013-06-07,27.6395320892334
2013-06-10,27.734872817993164
2013-06-11,26.81959342956543
2013-06-12,27.029346466064453
2013-06-13,27.296302795410156
2013-06-14,26.810060501098633
2013-06-17,26.876798629760742
2013-06-18,26.10453224182129
2013-06-19,25.275062561035156
2013-06-20,23.406362533569336
2013-06-21,23.74005889892578
2013-06-24,22.643630981445312
2013-06-25,22.557825088500977
2013-06-26,21.184906005859375
2013-06-27,21.72835350036621
2013-06-28,23.349157333374023
2013-07-01,23.73052406311035
2013-07-02,22.643630981445312
2013-07-03,23.05360221862793
2013-07-05,22.32900619506836
2013-07-08,21.833229064941406
2013-07-09,22.138320922851562
2013-07-10,22.109718322753906
2013-07-11,23.806800842285156
2013-07-12,23.234750747680664
2013-07-15,23.158475875854492
2013-07-16,24.455120086669922
2013-07-17,23.720991134643555
2013-07-18,23.625654220581055
2013-07-19,24.65534019470215
2013-07-22,26.1617374420166
2013-07-23,27.029346466064453
2013-07-24,25.694564819335938
2013-07-25,25.94245147705078
2013-07-26,26.29521369934082
2013-07-29,25.961523056030273
2013-07-30,25.799436569213867
2013-07-31,25.732698440551758
2013-08-01,24.95090103149414
2013-08-02,24.397916793823242
2013-08-05,24.245372772216797
2013-08-06,22.91058921813965
2013-08-07,22.82478141784668
2013-08-08,24.788816452026367
2013-08-09,25.23692512512207
2013-08-12,26.705184936523438
2013-08-13,25.923385620117188
2013-08-14,27.3630428314209
2013-08-15,29.012453079223633
2013-08-16,28.402265548706055
2013-08-19,27.868350982666016
2013-08-20,28.9171085357666
2013-08-21,27.582324981689453
2013-08-22,28.0018310546875
2013-08-23,28.7359619140625
2013-08-26,28.993385314941406
2013-08-27,27.744407653808594
2013-08-28,26.981674194335938
2013-08-29,27.21049690246582
2013-08-30,26.81959342956543
2013-09-03,27.07701873779297
2013-09-04,27.248634338378906
2013-09-05,26.247547149658203
2013-09-06,26.705184936523438
2013-09-09,26.361953735351562
2013-09-10,25.332265853881836
2013-09-11,25.54201889038086
2013-09-12,24.11189079284668
2013-09-13,24.436052322387695
2013-09-16,24.20723533630371
2013-09-17,24.72208023071289
2013-09-18,26.934003829956055
2013-09-19,26.085464477539062
2013-09-20,24.559999465942383
2013-09-23,23.997482299804688
2013-09-24,23.91167449951172
2013-09-25,24.331178665161133
2013-09-26,23.940279006958008
2013-09-27,23.997482299804688
2013-09-30,23.85447120666504
2013-10-01,23.27288818359375
2013-10-02,23.349157333374023
2013-10-03,23.12987518310547
2013-10-04,23.063133239746094
2013-10-07,23.444501876831055
2013-10-08,22.71036720275879
2013-10-09,22.805715560913086
2013-10-10,22.462482452392578
2013-10-11,21.976240158081055
2013-10-14,22.033447265625
2013-10-15,22.653165817260742
2013-10-16,22.195526123046875
2013-10-17,23.358694076538086
2013-10-18,23.244285583496094
2013-10-21,23.76866340637207
2013-10-22,24.80788803100586
2013-10-23,24.007015228271484
2013-10-24,24.91275978088379
2013-10-25,25.093910217285156
2013-10-28,25.303665161132812
2013-10-29,24.57906723022461
2013-10-30,25.008102416992188
2013-10-31,23.93074607849121
2013-11-01,22.95825958251953
2013-11-04,23.654253005981445
2013-11-05,23.349157333374023
2013-11-06,23.63518524169922
2013-11-07,23.015464782714844
2013-11-08,23.148942947387695
2013-11-11,23.168010711669922
2013-11-12,22.6722354888916
2013-11-13,22.796178817749023
2013-11-14,23.406362533569336
2013-11-15,23.00592613220215
2013-11-18,22.567359924316406
2013-11-19,22.586427688598633
2013-11-20,21.785558700561523
2013-11-21,21.480466842651367
2013-11-22,21.21350860595703
2013-11-25,21.165836334228516
2013-11-26,20.65099334716797
2013-11-27,20.794004440307617
2013-11-29,21.242111206054688
2013-12-02,19.926395416259766
2013-12-03,19.61176872253418
2013-12-04,20.231487274169922
2013-12-05,19.707109451293945
2013-12-06,19.697574615478516
2013-12-09,20.221954345703125
2013-12-10,21.00375747680664
2013-12-11,20.20288848876953
2013-12-12,20.03127098083496
2013-12-13,20.12661361694336
2013-12-16,20.384035110473633
2013-12-17,20.20288848876953
2013-12-18,19.888259887695312
2013-12-19,19.545028686523438
2013-12-20,19.573631286621094
2013-12-23,19.622713088989258
2013-12-24,20.238630294799805
2013-12-26,20.257875442504883
2013-12-27,20.450349807739258
2013-12-30,19.863306045532227
2013-12-31,20.334863662719727
2014-01-02,21.201000213623047
2014-01-03,21.008525848388672
2014-01-06,21.10476303100586
2014-01-07,21.143253326416016
2014-01-08,20.796804428100586
2014-01-09,20.46959686279297
2014-01-10,21.181751251220703
2014-01-13,21.797666549682617
2014-01-14,21.26836585998535
2014-01-15,21.547452926635742
2014-01-16,21.768796920776367
2014-01-17,22.452077865600586
2014-01-21,22.808156967163086
2014-01-22,22.221111297607422
2014-01-23,22.827402114868164
2014-01-24,22.779285430908203
2014-01-27,22.028635025024414
2014-01-28,22.519441604614258
2014-01-29,23.106489181518555
2014-01-30,22.606056213378906
2014-01-31,22.596435546875
2014-02-03,22.423208236694336
2014-02-04,22.702295303344727
2014-02-05,22.336591720581055
2014-02-06,22.317346572875977
2014-02-07,23.01025390625
2014-02-10,23.770526885986328
2014-02-11,24.684776306152344
2014-02-12,23.837890625
2014-02-13,24.896499633789062
2014-02-14,25.358436584472656
2014-02-18,25.46429443359375
2014-02-19,24.66552734375
2014-02-20,25.666391372680664
2014-02-21,25.53166389465332
2014-02-24,25.69526481628418
2014-02-25,25.339187622070312
2014-02-26,25.06972312927246
2014-02-27,24.992734909057617
2014-02-28,24.90612030029297
2014-03-03,25.310314178466797
2014-03-04,25.117841720581055
2014-03-05,25.502790451049805
2014-03-06,25.781879425048828
2014-03-07,25.194833755493164
2014-03-10,24.992734909057617
2014-03-11,25.146711349487305
2014-03-12,25.906984329223633
2014-03-13,26.590267181396484
2014-03-14,26.68650245666504
2014-03-17,25.791500091552734
2014-03-18,25.4354248046875
2014-03-19,24.48267936706543
2014-03-20,24.511550903320312
2014-03-21,24.559667587280273
2014-03-24,23.41444969177246
2014-03-25,23.55880355834961
2014-03-26,22.606056213378906
2014-03-27,22.923643112182617
2014-03-28,23.193103790283203
2014-03-31,22.721542358398438
2014-04-01,22.798532485961914
2014-04-02,23.40482521057129
2014-04-03,23.16423225402832
2014-04-04,23.347084045410156
2014-04-07,23.347084045410156
2014-04-08,23.943750381469727
2014-04-09,24.12660026550293
2014-04-10,23.645416259765625
2014-04-11,23.30858612060547
2014-04-14,23.59729766845703
2014-04-15,23.116111755371094
2014-04-16,22.90439224243164
2014-04-17,22.683046340942383
2014-04-21,22.62530517578125
2014-04-22,22.8947696685791
2014-04-23,23.356704711914062
2014-04-24,23.039125442504883
2014-04-25,23.539554595947266
2014-04-28,23.087244033813477
2014-04-29,23.395200729370117
2014-04-30,23.202726364135742
2014-05-01,22.8947696685791
2014-05-02,23.40482521057129
2014-05-05,23.491437911987305
2014-05-06,23.366331100463867
2014-05-07,22.914016723632812
2014-05-08,22.87552261352539
2014-05-09,22.83702850341797
2014-05-12,23.029499053955078
2014-05-13,22.856271743774414
2014-05-14,23.106489181518555
2014-05-15,22.731168746948242
2014-05-16,22.538694381713867
2014-05-19,22.529069900512695
2014-05-20,22.50981903076172
2014-05-21,22.56756591796875
2014-05-22,22.50981903076172
2014-05-23,22.432832717895508
2014-05-27,21.566699981689453
2014-05-28,21.21062469482422
2014-05-29,21.40309715270996
2014-05-30,21.653310775756836
2014-06-02,21.451215744018555
2014-06-03,21.5282039642334
2014-06-04,21.441591262817383
2014-06-05,21.797666549682617
2014-06-06,21.788043975830078
2014-06-09,21.701431274414062
2014-06-10,22.163366317749023
2014-06-11,22.529069900512695
2014-06-12,23.1257381439209
2014-06-13,23.202726364135742
2014-06-16,23.077621459960938
2014-06-17,23.212350845336914
2014-06-18,23.82826805114746
2014-06-19,25.108217239379883
2014-06-20,24.84838104248047
2014-06-23,25.281442642211914
2014-06-24,24.511550903320312
2014-06-25,24.790639877319336
2014-06-26,24.97348403930664
2014-06-27,25.00235939025879
2014-06-30,25.454669952392578
2014-07-01,25.25257110595703
2014-07-02,25.48354148864746
2014-07-03,25.502790451049805
2014-07-07,25.060102462768555
2014-07-08,25.46429443359375
2014-07-09,26.12833023071289
2014-07-10,25.60865020751953
2014-07-11,26.291933059692383
2014-07-14,25.599027633666992
2014-07-15,24.80988311767578
2014-07-16,25.29107093811035
2014-07-17,25.97435188293457
2014-07-18,25.926233291625977
2014-07-21,25.887739181518555
2014-07-22,25.58940315246582
2014-07-23,25.4931640625
2014-07-24,25.098594665527344
2014-07-25,25.810749053955078
2014-07-28,25.97435188293457
2014-07-29,25.753005981445312
2014-07-30,25.473918914794922
2014-07-31,24.93498992919922
2014-08-01,25.214078903198242
2014-08-04,24.97348403930664
2014-08-05,25.117841720581055
2014-08-06,25.68564224243164
2014-08-07,25.753005981445312
2014-08-08,25.772253036499023
2014-08-11,25.955102920532227
2014-08-12,26.397794723510742
2014-08-13,26.36892318725586
2014-08-14,26.10908317565918
2014-08-15,25.810749053955078
2014-08-18,25.97435188293457
2014-08-19,25.68564224243164
2014-08-20,25.656768798828125
2014-08-21,25.088972091674805
2014-08-22,25.117841720581055
2014-08-25,24.655906677246094
2014-08-26,25.204458236694336
2014-08-27,25.127466201782227
2014-08-28,25.46429443359375
2014-08-29,25.68564224243164
2014-09-02,24.83875274658203
2014-09-03,24.80988311767578
2014-09-04,23.943750381469727
2014-09-05,24.12660026550293
2014-09-08,23.27971649169922
2014-09-09,23.635791778564453
2014-09-10,23.193103790283203
2014-09-11,23.356704711914062
2014-09-12,22.981382369995117
2014-09-15,23.01025390625
2014-09-16,23.096866607666016
2014-09-17,22.548315048217773
2014-09-18,22.259605407714844
2014-09-19,21.807292938232422
2014-09-22,21.345354080200195
2014-09-23,21.691808700561523
2014-09-24,21.374223709106445
2014-09-25,21.508956909179688
2014-09-26,21.15287971496582
2014-09-29,20.931535720825195
2014-09-30,20.55621337890625
2014-10-01,20.59470558166504
2014-10-02,20.806427001953125
2014-10-03,19.853679656982422
2014-10-06,20.363737106323242
2014-10-07,19.651582717895508
2014-10-08,21.1143856048584
2014-10-09,20.421480178833008
2014-10-10,19.988412857055664
2014-10-13,20.32524299621582
2014-10-14,20.56583595275879
2014-10-15,20.642822265625
2014-10-16,20.55621337890625
2014-10-17,19.911422729492188
2014-10-20,20.402231216430664
2014-10-21,20.305994033813477
2014-10-22,19.67083168029785
2014-10-23,19.786314010620117
2014-10-24,19.6997013092041
2014-10-27,19.353252410888672
2014-10-28,19.7574462890625
2014-10-29,18.900936126708984
2014-10-30,17.515125274658203
2014-10-31,16.562376022338867
2014-11-03,17.23603630065918
2014-11-04,16.562376022338867
2014-11-05,15.965710639953613
2014-11-06,16.562376022338867
2014-11-07,17.93856430053711
2014-11-10,16.79334831237793
2014-11-11,17.53436851501465
2014-11-12,17.553619384765625
2014-11-13,17.264909744262695
2014-11-14,18.30426788330078
2014-11-17,18.660343170166016
2014-11-18,19.53609848022461
2014-11-19,18.46786880493164
2014-11-20,18.968299865722656
2014-11-21,19.13190269470215
2014-11-24,18.85281753540039
2014-11-25,19.622713088989258
2014-11-26,19.343626022338867
2014-11-28,17.66910171508789
2014-12-01,18.977922439575195
2014-12-02,18.477493286132812
2014-12-03,18.52560806274414
2014-12-04,18.477493286132812
2014-12-05,18.044424057006836
2014-12-08,18.179155349731445
2014-12-09,19.026042938232422
2014-12-10,18.48711585998535
2014-12-11,18.285017013549805
2014-12-12,17.948192596435547
2014-12-15,16.68748664855957
2014-12-16,16.456518173217773
2014-12-17,17.303401947021484
2014-12-18,18.054052352905273
2014-12-19,17.832704544067383
2014-12-22,16.913410186767578
2014-12-23,16.758420944213867
2014-12-24,17.213708877563477
2014-12-26,17.66899871826172
2014-12-29,17.262142181396484
2014-12-30,17.87242317199707
2014-12-31,17.804611206054688
2015-01-02,18.347082138061523
2015-01-05,18.83142852783203
2015-01-06,19.82918357849121
2015-01-07,19.461082458496094
2015-01-08,19.170473098754883
2015-01-09,20.061674118041992
2015-01-12,20.8172550201416
2015-01-13,19.90668296813965
2015-01-14,19.674192428588867
2015-01-15,20.807565689086914
2015-01-16,21.466278076171875
2015-01-20,22.221860885620117
2015-01-21,21.834386825561523
2015-01-22,21.718141555786133
2015-01-23,21.059429168701172
2015-01-26,21.456592559814453
2015-01-27,22.163740158081055
2015-01-28,21.282224655151367
2015-01-29,20.91412353515625
2015-01-30,21.592212677001953
2015-02-02,21.747203826904297
2015-02-03,21.185359954833984
2015-02-04,21.572837829589844
2015-02-05,21.873132705688477
2015-02-06,20.662263870239258
2015-02-09,21.010995864868164
2015-02-10,20.613828659057617
2015-02-11,20.20697784423828
2015-02-12,20.487895965576172
2015-02-13,20.59445571899414
2015-02-17,19.926054000854492
2015-02-18,20.3813419342041
2015-02-19,19.89699363708496
2015-02-20,19.809812545776367
2015-02-23,19.89699363708496
2015-02-24,19.780750274658203
2015-02-25,20.13916778564453
2015-02-26,20.303848266601562
2015-02-27,20.613828659057617
2015-03-02,20.110107421875
2015-03-03,19.742000579833984
2015-03-04,19.412647247314453
2015-03-05,19.451393127441406
2015-03-06,17.998353958129883
2015-03-09,17.34932518005371
2015-03-10,17.116838455200195
2015-03-11,17.6302490234375
2015-03-12,17.504316329956055
2015-03-13,17.504316329956055
2015-03-16,17.543066024780273
2015-03-17,17.36870002746582
2015-03-18,18.250213623046875
2015-03-19,18.12428092956543
2015-03-20,18.724872589111328
2015-03-23,19.131725311279297
2015-03-24,19.025169372558594
2015-03-25,18.753934860229492
2015-03-26,18.473012924194336
2015-03-27,18.250213623046875
2015-03-30,17.891794204711914
2015-03-31,17.66899871826172
2015-04-01,18.60862922668457
2015-04-02,18.39551544189453
2015-04-06,19.08329200744629
2015-04-07,18.589256286621094
2015-04-08,18.492387771606445
2015-04-09,18.318021774291992
2015-04-10,18.84111785888672
2015-04-13,18.657062530517578
2015-04-14,18.802366256713867
2015-04-15,19.35452651977539
2015-04-16,19.122039794921875
2015-04-17,19.1026611328125
2015-04-20,19.2092227935791
2015-04-21,19.34483528137207
2015-04-22,18.70549964904785
2015-04-23,19.160785675048828
2015-04-24,18.753934860229492
2015-04-27,19.14141082763672
2015-04-28,19.88730812072754
2015-04-29,20.07135772705078
2015-04-30,19.480457305908203
2015-05-01,19.635448455810547
2015-05-04,19.77106475830078
2015-05-05,19.58700942993164
2015-05-06,19.09297752380371
2015-05-07,19.2092227935791
2015-05-08,19.34483528137207
2015-05-11,19.393274307250977
2015-05-12,19.654821395874023
2015-05-13,20.129480361938477
2015-05-14,20.168228149414062
2015-05-15,20.07135772705078
2015-05-18,20.100419998168945
2015-05-19,19.373899459838867
2015-05-20,19.451393127441406
2015-05-21,19.315776824951172
2015-05-22,19.2092227935791
2015-05-26,18.647377014160156
2015-05-27,18.83142852783203
2015-05-28,18.986419677734375
2015-05-29,18.96704864501953
2015-06-01,18.879865646362305
2015-06-02,19.160785675048828
2015-06-03,18.802366256713867
2015-06-04,18.473012924194336
2015-06-05,18.240524291992188
2015-06-08,18.424579620361328
2015-06-09,18.192092895507812
2015-06-10,18.366456985473633
2015-06-11,18.153343200683594
2015-06-12,17.96929168701172
2015-06-15,18.008039474487305
2015-06-16,17.756179809570312
2015-06-17,18.269588470458984
2015-06-18,18.502073287963867
2015-06-19,18.056472778320312
2015-06-22,17.756179809570312
2015-06-23,17.804611206054688
2015-06-24,17.785240173339844
2015-06-25,17.601186752319336
2015-06-26,17.523693084716797
2015-06-29,17.339641571044922
2015-06-30,17.204021453857422
2015-07-01,16.739051818847656
2015-07-02,17.078092575073242
2015-07-06,17.29120635986328
2015-07-07,16.44843864440918
2015-07-08,16.332197189331055
2015-07-09,16.400005340576172
2015-07-10,16.22564125061035
2015-07-13,16.27407455444336
2015-07-14,16.16752052307129
2015-07-15,15.799413681030273
2015-07-16,15.64442253112793
2015-07-17,14.937275886535645
2015-07-20,13.329242706298828
2015-07-21,13.677972793579102
2015-07-22,13.6392240524292
2015-07-23,13.193625450134277
2015-07-24,13.6392240524292
2015-07-27,13.14518928527832
2015-07-28,13.261433601379395
2015-07-29,13.532669067382812
2015-07-30,13.038633346557617
2015-07-31,13.31955623626709
2015-08-03,12.854583740234375
2015-08-04,12.873955726623535
2015-08-05,12.680216789245605
2015-08-06,12.951452255249023
2015-08-07,12.980511665344238
2015-08-10,13.8426513671875
2015-08-11,14.065450668334961
2015-08-12,15.034146308898926
2015-08-13,14.181694984436035
2015-08-14,14.036388397216797
2015-08-17,14.569171905517578
2015-08-18,14.307623863220215
2015-08-19,14.724163055419922
2015-08-20,15.324752807617188
2015-08-21,14.90821647644043
2015-08-24,13.687658309936523
2015-08-25,13.242059707641602
2015-08-26,12.631782531738281
2015-08-27,13.35830307006836
2015-08-28,13.803903579711914
2015-08-31,13.668286323547363
2015-09-01,13.242059707641602
2015-09-02,13.203312873840332
2015-09-03,12.961138725280762
2015-09-04,12.970826148986816
2015-09-08,13.12581729888916
2015-09-09,12.718965530395508
2015-09-10,12.709277153015137
2015-09-11,12.796459197998047
2015-09-14,12.660842895507812
2015-09-15,12.699590682983398
2015-09-16,13.45517349243164
2015-09-17,13.823277473449707
2015-09-18,14.026701927185059
2015-09-21,13.561729431152344
2015-09-22,12.941764831542969
2015-09-23,12.844894409179688
2015-09-24,13.774842262268066
2015-09-25,13.54235553741455
2015-09-28,12.903016090393066
2015-09-29,12.990199089050293
2015-09-30,13.309867858886719
2015-10-01,12.990199089050293
2015-10-02,14.036388397216797
2015-10-05,14.64666748046875
2015-10-06,15.189136505126953
2015-10-07,15.12132740020752
2015-10-08,14.927587509155273
2015-10-09,15.75097942352295
2015-10-12,15.286006927490234
2015-10-13,15.373188972473145
2015-10-14,16.37094497680664
2015-10-15,16.361257553100586
2015-10-16,15.876908302307129
2015-10-19,15.208511352539062
2015-10-20,15.818787574768066
2015-10-21,15.353815078735352
2015-10-22,15.615365028381348
2015-10-23,16.002840042114258
2015-10-26,15.508807182312012
2015-10-27,15.53786849975586
2015-10-28,15.392561912536621
2015-10-29,14.64666748046875
2015-10-30,14.491677284240723
2015-11-02,14.549798011779785
2015-11-03,14.472301483154297
2015-11-04,14.162320137023926
2015-11-05,13.6392240524292
2015-11-06,13.038633346557617
2015-11-09,13.397051811218262
2015-11-10,13.048321723937988
2015-11-11,13.222685813903809
2015-11-12,13.048321723937988
2015-11-13,13.193625450134277
2015-11-16,13.309867858886719
2015-11-17,12.67052936553955
2015-11-18,13.067693710327148
2015-11-19,13.532669067382812
2015-11-20,12.980511665344238
2015-11-23,12.912703514099121
2015-11-24,13.40673828125
2015-11-25,13.280808448791504
2015-11-27,13.028947830200195
2015-11-30,13.329242706298828
2015-12-01,13.716720581054688
2015-12-02,13.35830307006836
2015-12-03,13.6392240524292
2015-12-04,14.365745544433594
2015-12-07,13.755468368530273
2015-12-08,13.6392240524292
2015-12-09,13.823277473449707
2015-12-10,13.765154838562012
2015-12-11,13.92983341217041
2015-12-14,13.135502815246582
2015-12-15,13.203312873840332
2015-12-16,13.726407051086426
2015-12-17,12.92238998413086
2015-12-18,13.212998390197754
2015-12-21,13.443572044372559
2015-12-22,13.365411758422852
2015-12-23,13.648743629455566
2015-12-24,13.94184398651123
2015-12-28,13.472881317138672
2015-12-29,13.629201889038086
2015-12-30,13.345871925354004
2015-12-31,13.404492378234863
2016-01-04,13.765983581542969
2016-01-05,13.697592735290527
2016-01-06,13.922304153442383
2016-01-07,14.537816047668457
2016-01-08,14.186095237731934
2016-01-11,13.599892616271973
2016-01-12,13.29702091217041
2016-01-13,13.29702091217041
2016-01-14,12.828060150146484
2016-01-15,12.788979530334473
2016-01-19,12.183237075805664
2016-01-20,12.554498672485352
2016-01-21,12.613119125366211
2016-01-22,12.730358123779297
2016-01-25,13.072310447692871
2016-01-26,13.648743629455566
2016-01-27,13.873454093933105
2016-01-28,13.541272163391113
2016-01-29,13.883223533630371
2016-02-01,14.313105583190918
2016-02-02,13.971153259277344
2016-02-03,14.997008323669434
2016-02-04,15.778610229492188
2016-02-05,16.657913208007812
2016-02-08,17.068254470825195
2016-02-09,16.36481475830078
2016-02-10,16.7458438873291
2016-02-11,17.947559356689453
2016-02-12,18.40675163269043
2016-02-16,16.814233779907227
2016-02-17,17.410205841064453
2016-02-18,18.465370178222656
2016-02-19,17.957326889038086
2016-02-22,18.103879928588867
2016-02-23,18.48491096496582
2016-02-24,18.670543670654297
2016-02-25,18.944103240966797
2016-02-26,18.26020050048828
2016-02-29,18.9343318939209
2016-03-01,18.142959594726562
2016-03-02,18.611919403076172
2016-03-03,19.364213943481445
2016-03-04,19.256744384765625
2016-03-07,19.930877685546875
2016-03-08,18.973413467407227
2016-03-09,19.061342239379883
2016-03-10,19.911334991455078
2016-03-11,19.520536422729492
2016-03-14,18.680315017700195
2016-03-15,19.080883026123047
2016-03-16,20.380300521850586
2016-03-17,19.960187911987305
2016-03-18,20.136049270629883
2016-03-21,20.096965789794922
2016-03-22,20.10673713684082
2016-03-23,18.592382431030273
2016-03-24,19.012493133544922
2016-03-28,18.973413467407227
2016-03-29,20.067657470703125
2016-03-30,19.76478385925293
2016-03-31,19.51076316833496
2016-04-01,19.657316207885742
2016-04-04,19.080883026123047
2016-04-05,19.667083740234375
2016-04-06,19.686626434326172
2016-04-07,20.30213737487793
2016-04-08,20.94696044921875
2016-04-11,22.17798614501953
2016-04-12,22.353845596313477
2016-04-13,21.738332748413086
2016-04-14,21.103282928466797
2016-04-15,21.689485549926758
2016-04-18,21.669944763183594
2016-04-19,22.725109100341797
2016-04-20,22.31476593017578
2016-04-21,22.715335845947266
2016-04-22,22.070514678955078
2016-04-25,21.94350242614746
2016-04-26,22.461315155029297
2016-04-27,22.70556640625
2016-04-28,23.72165298461914
2016-04-29,25.236007690429688
2016-05-02,24.806123733520508
2016-05-03,24.092912673950195
2016-05-04,22.871658325195312
2016-05-05,23.623950958251953
2016-05-06,24.552104949951172
2016-05-09,22.979129791259766
2016-05-10,23.838891983032227
2016-05-11,24.47394371032715
2016-05-12,23.985441207885742
2016-05-13,24.219926834106445
2016-05-16,24.65957260131836
2016-05-17,24.991756439208984
2016-05-18,23.018207550048828
2016-05-19,23.409008026123047
2016-05-20,23.496938705444336
2016-05-23,23.233150482177734
2016-05-24,21.95327377319336
2016-05-25,22.500396728515625
2016-05-26,22.422237396240234
2016-05-27,21.767642974853516
2016-05-31,22.060745239257812
2016-06-01,22.197525024414062
2016-06-02,22.246376037597656
2016-06-03,24.74750328063965
2016-06-06,24.86474609375
2016-06-07,24.532564163208008
2016-06-08,25.333709716796875
2016-06-09,25.72450828552246
2016-06-10,25.36301612854004
2016-06-13,25.314167022705078
2016-06-14,24.757274627685547
2016-06-15,25.714738845825195
2016-06-16,24.903825759887695
2016-06-17,25.196928024291992
2016-06-20,25.05037498474121
2016-06-21,24.35670280456543
2016-06-22,24.913597106933594
2016-06-23,24.64003562927246
2016-06-24,26.134851455688477
2016-06-27,26.437721252441406
2016-06-28,25.98830223083496
2016-06-29,26.525653839111328
2016-06-30,27.07277488708496
2016-07-01,28.3819580078125
2016-07-05,28.958391189575195
2016-07-06,29.86700439453125
2016-07-07,28.9290828704834
2016-07-08,29.837696075439453
2016-07-11,29.89631462097168
2016-07-12,28.72391128540039
2016-07-13,29.671606063842773
2016-07-14,29.515281677246094
2016-07-15,29.183103561401367
2016-07-18,29.290573120117188
2016-07-19,28.987701416015625
2016-07-20,27.34633445739746
2016-07-21,28.206098556518555
2016-07-22,28.1181697845459
2016-07-25,27.09231185913086
2016-07-26,27.844608306884766
2016-07-27,29.11471176147461
2016-07-28,29.06586265563965
2016-07-29,29.886547088623047
2016-08-01,30.21872901916504
2016-08-02,30.59975814819336
2016-08-03,30.228496551513672
2016-08-04,30.51182746887207
2016-08-05,29.534822463989258
2016-08-08,29.798616409301758
2016-08-09,30.052635192871094
2016-08-10,30.580217361450195
2016-08-11,30.32619857788086
2016-08-12,30.335968017578125
2016-08-15,30.15033721923828
2016-08-16,30.101484298706055
2016-08-17,29.671606063842773
2016-08-18,30.042865753173828
2016-08-19,29.271032333374023
2016-08-22,28.78253173828125
2016-08-23,28.352649688720703
2016-08-24,26.349790573120117
2016-08-25,26.68197250366211
2016-08-26,26.554964065551758
2016-08-29,26.613582611083984
2016-08-30,25.304397583007812
2016-08-31,24.903825759887695
2016-09-01,25.812437057495117
2016-09-02,26.72105598449707
2016-09-06,28.020469665527344
2016-09-07,27.864147186279297
2016-09-08,27.258403778076172
2016-09-09,25.802669525146484
2016-09-12,26.418184280395508
2016-09-13,25.460716247558594
2016-09-14,25.411869049072266
2016-09-15,25.577959060668945
2016-09-16,25.36301612854004
2016-09-19,25.490028381347656
2016-09-20,25.460716247558594
2016-09-21,27.258403778076172
2016-09-22,27.102083206176758
2016-09-23,26.39864158630371
2016-09-26,26.164161682128906
2016-09-27,25.675661087036133
2016-09-28,26.29117202758789
2016-09-29,26.07623291015625
2016-09-30,25.82221031188965
2016-10-03,25.36301612854004
2016-10-04,22.861886978149414
2016-10-05,23.037750244140625
2016-10-06,22.31476593017578
2016-10-07,22.471088409423828
2016-10-10,22.62740707397461
2016-10-11,22.060745239257812
2016-10-12,22.53947639465332
2016-10-13,22.949817657470703
2016-10-14,22.461315155029297
2016-10-17,22.803266525268555
2016-10-18,23.643491744995117
2016-10-19,24.298084259033203
2016-10-20,24.23946189880371
2016-10-21,24.053831100463867
2016-10-24,23.536020278930664
2016-10-25,24.08314323425293
2016-10-26,23.575101852416992
2016-10-27,23.184301376342773
2016-10-28,23.26245880126953
2016-10-31,23.956132888793945
2016-11-01,24.552104949951172
2016-11-02,24.190614700317383
2016-11-03,24.71819496154785
2016-11-04,24.493484497070312
2016-11-07,23.5262508392334
2016-11-08,23.409008026123047
2016-11-09,24.02452278137207
2016-11-10,22.226837158203125
2016-11-11,20.438919067382812
2016-11-14,20.634319305419922
2016-11-15,21.51362419128418
2016-11-16,21.3377628326416
2016-11-17,20.810178756713867
2016-11-18,20.565929412841797
2016-11-21,20.986040115356445
2016-11-22,21.064199447631836
2016-11-23,20.02857780456543
2016-11-25,20.136049270629883
2016-11-28,20.907878875732422
2016-11-29,20.741790771484375
2016-11-30,20.350988388061523
2016-12-01,20.18489646911621
2016-12-02,20.878570556640625
2016-12-05,20.83949089050293
2016-12-06,20.712480545043945
2016-12-07,20.94696044921875
2016-12-08,20.96649932861328
2016-12-09,20.19466781616211
2016-12-12,20.2728271484375
2016-12-13,20.55615997314453
2016-12-14,19.432605743408203
2016-12-15,18.553300857543945
2016-12-16,18.641231536865234
2016-12-19,18.69512176513672
2016-12-20,18.744112014770508
2016-12-21,18.70492172241211
2016-12-22,18.685325622558594
2016-12-23,18.949878692626953
2016-12-27,19.469188690185547
2016-12-28,19.831722259521484
2016-12-29,21.311264038085938
2016-12-30,20.49800682067871
2017-01-03,21.321062088012695
2017-01-04,21.477834701538086
2017-01-05,22.73201560974121
2017-01-06,21.938352584838867
2017-01-09,22.006940841674805
2017-01-10,22.163715362548828
2017-01-11,22.114723205566406
2017-01-12,22.163715362548828
2017-01-13,22.281293869018555
2017-01-17,22.8887882232666
2017-01-18,22.545846939086914
2017-01-19,22.418468475341797
2017-01-20,22.653629302978516
2017-01-23,23.329710006713867
2017-01-24,23.349306106567383
2017-01-25,22.99656867980957
2017-01-26,22.408674240112305
2017-01-27,22.751611709594727
2017-01-30,22.683021545410156
2017-01-31,23.447288513183594
2017-02-01,23.3689022064209
2017-02-02,23.88821029663086
2017-02-03,24.00579261779785
2017-02-06,24.887636184692383
2017-02-07,24.779855728149414
2017-02-08,25.054208755493164
2017-02-09,24.407520294189453
2017-02-10,24.779855728149414
2017-02-13,24.44671630859375
2017-02-14,24.417320251464844
2017-02-15,24.42711639404297
2017-02-16,24.69167137145996
2017-02-17,24.28994369506836
2017-02-21,24.123371124267578
2017-02-22,23.83922004699707
2017-02-23,23.878416061401367
2017-02-24,23.643253326416016
2017-02-27,22.379276275634766
2017-02-28,22.389076232910156
2017-03-01,22.51645278930664
2017-03-02,21.487632751464844
2017-03-03,21.752187728881836
2017-03-06,21.20348358154297
2017-03-07,21.07610511779785
2017-03-08,20.91933250427246
2017-03-09,20.71356773376465
2017-03-10,21.291667938232422
2017-03-13,21.55622100830078
2017-03-14,20.909534454345703
2017-03-15,22.51645278930664
2017-03-16,22.31068992614746
2017-03-17,22.21270751953125
2017-03-20,22.428268432617188
2017-03-21,22.790803909301758
2017-03-22,22.781005859375
2017-03-23,22.56544303894043
2017-03-24,22.45766258239746
2017-03-27,22.95737648010254
2017-03-28,22.34988021850586
2017-03-29,22.447864532470703
2017-03-30,22.095125198364258
2017-03-31,22.34988021850586
2017-04-03,22.73201560974121
2017-04-04,22.976972579956055
2017-04-05,23.006364822387695
2017-04-06,23.0357608795166
2017-04-07,23.02596092224121
2017-04-10,23.172937393188477
2017-04-11,23.868616104125977
2017-04-12,24.07438087463379
2017-04-13,24.044986724853516
2017-04-17,23.976396560668945
2017-04-18,23.780431747436523
2017-04-19,22.918180465698242
2017-04-20,23.10434913635254
2017-04-21,23.133745193481445
2017-04-24,22.73201560974121
2017-04-25,21.77178382873535
2017-04-26,21.810976028442383
2017-04-27,21.370052337646484
2017-04-28,21.781579971313477
2017-05-01,21.252473831176758
2017-05-02,21.30146598815918
2017-05-03,21.07610511779785
2017-05-04,20.674375534057617
2017-05-05,21.115297317504883
2017-05-08,21.105501174926758
2017-05-09,21.085905075073242
2017-05-10,21.487632751464844
2017-05-11,21.918758392333984
2017-05-12,22.261695861816406
2017-05-15,22.3400821685791
2017-05-16,22.496854782104492
2017-05-17,22.89858627319336
2017-05-18,22.19310760498047
2017-05-19,22.398874282836914
2017-05-22,22.692821502685547
2017-05-23,22.183311462402344
2017-05-24,22.506654739379883
2017-05-25,22.25189781188965
2017-05-26,22.47726058959961
2017-05-30,22.134319305419922
2017-05-31,22.232303619384766
2017-06-01,22.14411735534668
2017-06-02,22.300891876220703
2017-06-05,22.281293869018555
2017-06-06,23.319910049438477
2017-06-07,23.172937393188477
2017-06-08,22.751611709594727
2017-06-09,22.369476318359375
2017-06-12,22.281293869018555
2017-06-13,22.506654739379883
2017-06-14,21.77178382873535
2017-06-15,21.654203414916992
2017-06-16,21.615009307861328
2017-06-19,21.487632751464844
2017-06-20,21.360254287719727
2017-06-21,21.664003372192383
2017-06-22,21.908958435058594
2017-06-23,22.281293869018555
2017-06-26,22.10492515563965
2017-06-27,21.810976028442383
2017-06-28,21.97754669189453
2017-06-29,21.50722885131836
2017-06-30,21.634607315063477
2017-07-03,21.046709060668945
2017-07-05,21.321062088012695
2017-07-06,21.056507110595703
2017-07-07,20.782155990600586
2017-07-10,21.07610511779785
2017-07-11,21.20348358154297
2017-07-12,21.30146598815918
2017-07-13,21.06630516052246
2017-07-14,21.360254287719727
2017-07-17,21.536623001098633
2017-07-18,21.693395614624023
2017-07-19,21.73259162902832
2017-07-20,21.869766235351562
2017-07-21,21.957950592041016
2017-07-24,21.605209350585938
2017-07-25,21.82077407836914
2017-07-26,22.379276275634766
2017-07-27,22.114723205566406
2017-07-28,22.447864532470703
2017-07-31,22.398874282836914
2017-08-01,22.369476318359375
2017-08-02,22.31068992614746
2017-08-03,22.24209976196289
2017-08-04,21.869766235351562
2017-08-07,21.752187728881836
2017-08-08,21.801176071166992
2017-08-09,22.14411735534668
2017-08-10,22.61443519592285
2017-08-11,22.683021545410156
2017-08-14,22.369476318359375
2017-08-15,22.10492515563965
2017-08-16,22.61443519592285
2017-08-17,22.56544303894043
2017-08-18,22.46746063232422
2017-08-21,22.83979606628418
2017-08-22,22.624235153198242
2017-08-23,22.790803909301758
2017-08-24,22.87898826599121
2017-08-25,22.937776565551758
2017-08-28,23.770631790161133
2017-08-29,23.927404403686523
2017-08-30,23.672649383544922
2017-08-31,24.22135353088379
2017-09-01,24.28014373779297
2017-09-05,24.799449920654297
2017-09-06,24.417320251464844
2017-09-07,24.975820541381836
2017-09-08,24.730865478515625
2017-09-11,24.0645809173584
2017-09-12,24.17236328125
2017-09-13,23.7314395904541
2017-09-14,23.878416061401367
2017-09-15,23.643253326416016
2017-09-18,23.25132179260254
2017-09-19,23.3689022064209
2017-09-20,23.02596092224121
2017-09-21,22.741811752319336
2017-09-22,22.99656867980957
2017-09-25,23.349306106567383
2017-09-26,22.87898826599121
2017-09-27,22.5262508392334
2017-09-28,22.692821502685547
2017-09-29,22.496854782104492
2017-10-02,22.585039138793945
2017-10-03,22.810400009155273
2017-10-04,22.94757843017578
2017-10-05,22.751611709594727
2017-10-06,23.114147186279297
2017-10-09,23.26112174987793
2017-10-10,23.09455108642578
2017-10-11,23.319910049438477
2017-10-12,23.241525650024414
2017-10-13,23.35910415649414
2017-10-16,22.98676872253418
2017-10-17,22.94757843017578
2017-10-18,22.859392166137695
2017-10-19,22.967174530029297
2017-10-20,22.761409759521484
2017-10-23,22.67322540283203
2017-10-24,22.487056732177734
2017-10-25,22.369476318359375
2017-10-26,21.97754669189453
2017-10-27,22.114723205566406
2017-10-30,22.300891876220703
2017-10-31,22.02653694152832
2017-11-01,22.02653694152832
2017-11-02,22.124521255493164
2017-11-03,21.97754669189453
2017-11-06,22.447864532470703
2017-11-07,22.271493911743164
2017-11-08,22.428268432617188
2017-11-09,22.34988021850586
2017-11-10,22.065732955932617
2017-11-13,22.10492515563965
2017-11-14,22.134319305419922
2017-11-15,22.19310760498047
2017-11-16,22.14411735534668
2017-11-17,22.330286026000977
2017-11-20,22.085329055786133
2017-11-21,22.261695861816406
2017-11-22,22.45766258239746
2017-11-24,22.369476318359375
2017-11-27,22.585039138793945
2017-11-28,22.46746063232422
2017-11-29,22.046133041381836
2017-11-30,22.016740798950195
2017-12-01,22.03633689880371
2017-12-04,21.752187728881836
2017-12-05,21.526826858520508
2017-12-06,21.252473831176758
2017-12-07,21.144691467285156
2017-12-08,21.24267578125
2017-12-11,21.07610511779785
2017-12-12,20.98792266845703
2017-12-13,21.71299171447754
2017-12-14,21.62480926513672
2017-12-15,21.546422958374023
2017-12-18,21.8881778717041
2017-12-19,21.858545303344727
2017-12-20,22.22400665283203
2017-12-21,22.352413177490234
2017-12-22,22.609224319458008
2017-12-26,22.915422439575195
2017-12-27,22.875911712646484
2017-12-28,22.915422439575195
2017-12-29,22.954931259155273
2018-01-02,23.527816772460938
2018-01-03,23.2808837890625
2018-01-04,23.42904281616211
2018-01-05,23.379657745361328
2018-01-08,23.13272476196289
2018-01-09,22.826526641845703
2018-01-10,22.964807510375977
2018-01-11,23.093212127685547
2018-01-12,23.715486526489258
2018-01-16,24.07107162475586
2018-01-17,23.646345138549805
2018-01-18,23.320392608642578
2018-01-19,23.359901428222656
2018-01-22,23.419164657592773
2018-01-23,23.80438232421875
2018-01-24,24.298250198364258
2018-01-25,23.834012985229492
2018-01-26,24.051315307617188
2018-01-29,23.38953399658203
2018-01-30,23.162355422973633
2018-01-31,23.458675384521484
2018-02-01,23.40928840637207
2018-02-02,22.628978729248047
2018-02-05,22.43143081665039
2018-02-06,21.83879280090332
2018-02-07,21.5325927734375
2018-02-08,21.414066314697266
2018-02-09,21.414066314697266
2018-02-12,21.700510025024414
2018-02-13,21.730140686035156
2018-02-14,22.727752685546875
2018-02-15,22.707998275756836
2018-02-16,22.233884811401367
2018-02-20,21.60173797607422
2018-02-21,21.52271842956543
2018-02-22,21.46345329284668
2018-02-23,21.700510025024414
2018-02-26,21.907934188842773
2018-02-27,21.226396560668945
2018-02-28,21.08811378479004
2018-03-01,21.305416107177734
2018-03-02,21.226396560668945
2018-03-05,21.38443374633789
2018-03-06,21.740018844604492
2018-03-07,21.305416107177734
2018-03-08,21.38443374633789
2018-03-09,21.305416107177734
2018-03-12,21.493085861206055
2018-03-13,21.404190063476562
2018-03-14,21.46345329284668
2018-03-15,21.186887741088867
2018-03-16,21.167133331298828
2018-03-19,21.246152877807617
2018-03-20,21.009096145629883
2018-03-21,21.591859817504883
2018-03-22,21.23627281188965
2018-03-23,21.848670959472656
2018-03-26,22.164745330810547
2018-03-27,21.720264434814453
2018-03-28,21.394311904907227
2018-03-29,21.710386276245117
2018-04-02,21.957319259643555
2018-04-03,21.641244888305664
2018-04-04,21.60173797607422
2018-04-05,21.700510025024414
2018-04-06,21.799283981323242
2018-04-09,21.710386276245117
2018-04-10,21.98695182800293
2018-04-11,22.4709415435791
2018-04-12,22.19437599182129
2018-04-13,22.609224319458008
2018-04-16,22.520326614379883
2018-04-17,22.648733139038086
2018-04-18,22.6981201171875
2018-04-19,22.777137756347656
2018-04-20,22.43143081665039
2018-04-23,22.135112762451172
2018-04-24,22.421554565429688
2018-04-25,22.22400665283203
2018-04-26,22.312904357910156
2018-04-27,22.45118522644043
2018-04-30,22.00670623779297
2018-05-01,22.036338806152344
2018-05-02,22.105478286743164
2018-05-03,22.372167587280273
2018-05-04,22.372167587280273
2018-05-07,22.372167587280273
2018-05-08,22.40180015563965
2018-05-09,22.352413177490234
2018-05-10,22.668487548828125
2018-05-11,22.599346160888672
2018-05-14,22.500574111938477
2018-05-15,21.98695182800293
2018-05-16,22.016586303710938
2018-05-17,21.91781234741211
2018-05-18,21.91781234741211
2018-05-21,22.056093215942383
2018-05-22,21.858545303344727
2018-05-23,22.06597137451172
2018-05-24,22.372167587280273
2018-05-25,22.036338806152344
2018-05-29,21.878299713134766
2018-05-30,22.164745330810547
2018-05-31,22.06597137451172
2018-06-01,22.036338806152344
2018-06-04,22.00670623779297
2018-06-05,22.164745330810547
2018-06-06,22.30302619934082
2018-06-07,22.17462158203125
2018-06-08,22.085725784301758
2018-06-11,22.273393630981445
2018-06-12,22.214130401611328
2018-06-13,22.204252243041992
2018-06-14,22.38204574584961
2018-06-15,21.957319259643555
2018-06-18,21.996829986572266
2018-06-19,21.779525756835938
2018-06-20,21.651123046875
2018-06-21,21.641244888305664
2018-06-22,21.907934188842773
2018-06-25,21.740018844604492
2018-06-26,21.680753707885742
2018-06-27,21.542470932006836
2018-06-28,21.660999298095703
2018-06-29,22.036338806152344
2018-07-02,21.809160232543945
2018-07-03,22.19437599182129
2018-07-05,22.40180015563965
2018-07-06,22.332658767700195
2018-07-09,22.273393630981445
2018-07-10,22.32278060913086
2018-07-11,21.730140686035156
2018-07-12,21.868423461914062
2018-07-13,21.690631866455078
2018-07-16,21.60173797607422
2018-07-17,21.61161231994629
2018-07-18,21.591859817504883
2018-07-19,21.315292358398438
2018-07-20,21.512840270996094
2018-07-23,21.068359375
2018-07-24,21.35480499267578
2018-07-25,21.5325927734375
2018-07-26,21.12762451171875
2018-07-27,21.058483123779297
2018-07-30,21.009096145629883
2018-07-31,21.01897430419922
2018-08-01,20.851058959960938
2018-08-02,20.683143615722656
2018-08-03,20.90044403076172
2018-08-06,20.643632888793945
2018-08-07,20.406578063964844
2018-08-08,20.505352020263672
2018-08-09,20.455963134765625
2018-08-10,20.307804107666016
2018-08-13,19.73491859436035
2018-08-14,19.527496337890625
2018-08-15,18.37184715270996
2018-08-16,17.937244415283203
2018-08-17,18.490375518798828
2018-08-20,18.55951690673828
2018-08-21,18.687923431396484
2018-08-22,18.826204299926758
2018-08-23,18.233562469482422
2018-08-24,18.717554092407227
2018-08-27,19.043506622314453
2018-08-28,18.687923431396484
2018-08-29,18.757062911987305
2018-08-30,18.460742950439453
2018-08-31,18.322458267211914
2018-09-04,17.798961639404297
2018-09-05,17.650802612304688
2018-09-06,17.621170043945312
2018-09-07,17.660676956176758
2018-09-10,17.393991470336914
2018-09-11,17.354480743408203
2018-09-12,17.88785743713379
2018-09-13,17.86810302734375
2018-09-14,17.759450912475586
2018-09-17,18.09528160095215
2018-09-18,18.20393180847168
2018-09-19,18.52000617980957
2018-09-20,18.697799682617188
2018-09-21,18.549638748168945
2018-09-24,18.56939125061035
2018-09-25,18.6187801361084
2018-09-26,18.194055557250977
2018-09-27,18.115036010742188
2018-09-28,18.292829513549805
2018-10-01,18.322458267211914
2018-10-02,18.816326141357422
2018-10-03,18.55951690673828
2018-10-04,18.52000617980957
2018-10-05,18.421232223510742
2018-10-08,18.480497360229492
2018-10-09,18.1644229888916
2018-10-10,18.401477813720703
2018-10-11,19.626270294189453
2018-10-12,19.507740020751953
2018-10-15,19.81393814086914
2018-10-16,19.744796752929688
2018-10-17,19.6657772064209
2018-10-18,19.75467300415039
2018-10-19,19.764551162719727
2018-10-22,19.616392135620117
2018-10-23,19.85344696044922
2018-10-24,19.626270294189453
2018-10-25,18.766939163208008
2018-10-26,18.826204299926758
2018-10-29,18.776817321777344
2018-10-30,18.91510009765625
2018-10-31,18.697799682617188
2018-11-01,19.32994842529297
2018-11-02,19.389211654663086
2018-11-05,19.320070266723633
2018-11-06,19.162033081054688
2018-11-07,19.073137283325195
2018-11-08,19.14227867126465
2018-11-09,18.80645179748535
2018-11-12,18.381725311279297
2018-11-13,18.194055557250977
2018-11-14,18.59902572631836
2018-11-15,18.855836868286133
2018-11-16,19.14227867126465
2018-11-19,19.152156829833984
2018-11-20,19.06325912475586
2018-11-21,19.56700325012207
2018-11-23,19.12252426147461
2018-11-26,19.023752212524414
2018-11-27,18.63853645324707
2018-11-28,19.10276985168457
2018-11-29,18.934856414794922
2018-11-30,18.855836868286133
2018-12-03,19.2015438079834
2018-12-04,19.359580993652344
2018-12-06,19.468231201171875
2018-12-07,19.952220916748047
2018-12-10,19.88307762145996
2018-12-11,19.764551162719727
2018-12-12,20.18927764892578
2018-12-13,20.228784561157227
2018-12-14,19.87320327758789
2018-12-17,20.357192993164062
2018-12-18,20.8313045501709
2018-12-19,19.70528793334961
2018-12-20,20.524478912353516
2018-12-21,20.296098709106445
2018-12-24,20.9415225982666
2018-12-26,20.47483253479004
2018-12-27,20.82236671447754
2018-12-28,20.454971313476562
2018-12-31,20.9415225982666
2019-01-02,20.90180206298828
2019-01-03,21.32877540588379
2019-01-04,21.150043487548828
2019-01-07,20.891874313354492
2019-01-08,20.90180206298828
2019-01-09,21.169902801513672
2019-01-10,20.852155685424805
2019-01-11,20.93159294128418
2019-01-14,20.78264808654785
2019-01-15,20.464902877807617
2019-01-16,20.454971313476562
2019-01-17,20.514549255371094
2019-01-18,20.16701316833496
2019-01-22,20.306028366088867
2019-01-23,20.345745086669922
2019-01-24,20.355676651000977
2019-01-25,21.0308895111084
2019-01-28,21.298988342285156
2019-01-29,21.815326690673828
2019-01-30,22.023849487304688
2019-01-31,22.530258178710938
2019-02-01,22.411102294921875
2019-02-04,22.3316650390625
2019-02-05,22.450820922851562
2019-02-06,22.063566207885742
2019-02-07,21.87490463256836
2019-02-08,22.182722091674805
2019-02-11,21.92455291748047
2019-02-12,21.89476203918457
2019-02-13,21.76567840576172
2019-02-14,21.984128952026367
2019-02-15,22.2720890045166
2019-02-19,22.977088928222656
2019-02-20,23.195541381835938
2019-02-21,22.81821632385254
2019-02-22,22.89765167236328
2019-02-25,22.609695434570312
2019-02-26,22.569974899291992
2019-02-27,22.192651748657227
2019-02-28,22.083425521850586
2019-03-01,21.54722785949707
2019-03-04,21.6961727142334
2019-03-05,21.815326690673828
2019-03-06,21.36849594116211
2019-03-07,21.636594772338867
2019-03-08,22.21251106262207
2019-03-11,22.133075714111328
2019-03-12,22.520328521728516
2019-03-13,22.69906234741211
2019-03-14,22.093355178833008
2019-03-15,22.143003463745117
2019-03-18,21.89476203918457
2019-03-19,21.974199295043945
2019-03-20,22.470680236816406
2019-03-21,22.58983612060547
2019-03-22,22.619625091552734
2019-03-25,23.09624481201172
2019-03-26,23.185611724853516
2019-03-27,22.848005294799805
2019-03-28,22.252229690551758
2019-03-29,22.26215934753418
2019-04-01,21.805397033691406
2019-04-02,21.944412231445312
2019-04-03,21.914623260498047
2019-04-04,22.341594696044922
2019-04-05,22.2720890045166
2019-04-08,22.530258178710938
2019-04-09,22.65934181213379
2019-04-10,22.460750579833984
2019-04-11,22.093355178833008
2019-04-12,22.05363655090332
2019-04-15,22.063566207885742
2019-04-16,21.656452178955078
2019-04-17,21.507509231567383
2019-04-18,21.189762115478516
2019-04-22,20.83229637145996
2019-04-23,20.67342185974121
2019-04-24,20.87201499938965
2019-04-25,20.723072052001953
2019-04-26,21.150043487548828
2019-04-29,20.693283081054688
2019-04-30,20.742929458618164
2019-05-01,20.37553596496582
2019-05-02,20.027999877929688
2019-05-03,20.14715576171875
2019-05-06,20.15708351135254
2019-05-07,20.56419563293457
2019-05-08,20.3358154296875
2019-05-09,20.286169052124023
2019-05-10,20.137226104736328
2019-05-13,20.78264808654785
2019-05-14,20.693283081054688
2019-05-15,20.643634796142578
2019-05-16,20.415252685546875
2019-05-17,20.60391616821289
2019-05-20,20.534408569335938
2019-05-21,20.56419563293457
2019-05-22,20.21666145324707
2019-05-23,20.296098709106445
2019-05-24,20.425182342529297
2019-05-28,20.2762393951416
2019-05-29,20.2762393951416
2019-05-30,20.623775482177734
2019-05-31,21.43800163269043
2019-06-03,22.3316650390625
2019-06-04,22.43096160888672
2019-06-05,22.470680236816406
2019-06-06,22.70899200439453
2019-06-07,22.728849411010742
2019-06-10,22.301876068115234
2019-06-11,22.43096160888672
2019-06-12,22.798355102539062
2019-06-13,23.076385498046875
2019-06-14,23.165752410888672
2019-06-17,23.294836044311523
2019-06-18,23.503358840942383
2019-06-19,23.831035614013672
2019-06-20,24.873641967773438
2019-06-21,25.032516479492188
2019-06-24,25.98575782775879
2019-06-25,25.44955825805664
2019-06-26,25.340333938598633
2019-06-27,25.15167236328125
2019-06-28,25.38005256652832
2019-07-01,24.406951904296875
2019-07-02,25.3701229095459
2019-07-03,25.469417572021484
2019-07-05,25.21124839782715
2019-07-08,25.241037368774414
2019-07-09,25.469417572021484
2019-07-10,26.015546798706055
2019-07-11,25.75737762451172
2019-07-12,26.025474548339844
2019-07-15,25.99568748474121
2019-07-16,25.866601943969727
2019-07-17,26.899280548095703
2019-07-18,28.051115036010742
2019-07-19,27.78301429748535
2019-07-22,27.99153709411621
2019-07-23,27.673789978027344
2019-07-24,27.951818466186523
2019-07-25,27.236886978149414
2019-07-26,27.08794403076172
2019-07-29,27.574493408203125
2019-07-30,27.634071350097656
2019-07-31,26.313434600830078
2019-08-01,27.6539306640625
2019-08-02,27.574493408203125
2019-08-05,28.398651123046875
2019-08-06,28.468156814575195
2019-08-07,29.054004669189453
2019-08-08,29.560413360595703
2019-08-09,29.15329933166504
2019-08-12,28.795833587646484
2019-08-13,28.249706268310547
2019-08-14,28.20998764038086
2019-08-15,28.527734756469727
2019-08-16,28.080904006958008
2019-08-19,27.733367919921875
2019-08-20,28.64689064025879
2019-08-21,28.497947692871094
2019-08-22,28.289424896240234
2019-08-23,29.43132781982422
2019-08-26,29.43132781982422
2019-08-27,30.344850540161133
2019-08-28,30.195907592773438
2019-08-29,29.451187133789062
2019-08-30,29.6497802734375
2019-09-03,30.15618896484375
2019-09-04,30.732107162475586
2019-09-05,29.10365104675293
2019-09-06,28.279495239257812
2019-09-09,27.534774780273438
2019-09-10,27.31632423400879
2019-09-11,27.524845123291016
2019-09-12,27.078014373779297
2019-09-13,26.45244789123535
2019-09-16,27.09787368774414
2019-09-17,27.922029495239258
2019-09-18,27.42555046081543
2019-09-19,27.902170181274414
2019-09-20,28.488018035888672
2019-09-23,28.954708099365234
2019-09-24,29.282384872436523
2019-09-25,28.229846954345703
2019-09-26,27.912099838256836
2019-09-27,27.256746292114258
2019-09-30,26.521955490112305
2019-10-01,26.730478286743164
2019-10-02,27.21702766418457
2019-10-03,27.058155059814453
2019-10-04,27.673789978027344
2019-10-07,27.385831832885742
2019-10-08,28.160341262817383
2019-10-09,27.852521896362305
2019-10-10,27.852521896362305
2019-10-11,26.78012466430664
2019-10-14,26.87942123413086
2019-10-15,26.005617141723633
2019-10-16,26.521955490112305
2019-10-17,26.88935089111328
2019-10-18,26.9290714263916
2019-10-21,26.392871856689453
2019-10-22,26.353153228759766
2019-10-23,26.621252059936523
2019-10-24,27.32625389099121
2019-10-25,27.54470443725586
2019-10-28,26.869491577148438
2019-10-29,27.018434524536133
2019-10-30,27.256746292114258
2019-10-31,27.951818466186523
2019-11-01,27.812803268432617
2019-11-04,27.32625389099121
2019-11-05,26.78012466430664
2019-11-06,27.10780143737793
2019-11-07,26.303504943847656
2019-11-08,26.04533576965332
2019-11-11,26.055265426635742
2019-11-12,26.402801513671875
2019-11-13,26.561674118041992
2019-11-14,26.809913635253906
2019-11-15,26.55174446105957
2019-11-18,27.008506774902344
2019-11-19,27.03829574584961
2019-11-20,27.147520065307617
2019-11-21,26.631181716918945
2019-11-22,26.571603775024414
2019-11-25,26.015546798706055
2019-11-26,26.59146499633789
2019-11-27,26.472307205200195
2019-11-29,26.88935089111328
2019-12-02,26.978717803955078
2019-12-03,27.574493408203125
2019-12-04,27.286535263061523
2019-12-05,27.42555046081543
2019-12-06,26.78012466430664
2019-12-09,26.730478286743164
2019-12-10,26.93899917602539
2019-12-11,27.514915466308594
2019-12-12,27.465267181396484
2019-12-13,27.524845123291016
2019-12-16,27.197168350219727
2019-12-17,26.968788146972656
2019-12-18,27.256746292114258
2019-12-19,27.286535263061523
2019-12-20,26.93899917602539
2019-12-23,27.770000457763672
2019-12-24,28.65999984741211
2019-12-26,29.079999923706055
2019-12-27,28.8700008392334
2019-12-30,29.489999771118164
2019-12-31,29.280000686645508
2020-01-02,29.350000381469727
2020-01-03,29.170000076293945
2020-01-06,29.219999313354492
2020-01-07,29.5
2020-01-08,28.350000381469727
2020-01-09,28.040000915527344
2020-01-10,28.450000762939453
2020-01-13,27.770000457763672
2020-01-14,28.260000228881836
2020-01-15,28.790000915527344
2020-01-16,28.670000076293945
2020-01-17,28.420000076293945
2020-01-21,28.950000762939453
2020-01-22,28.84000015258789
2020-01-23,28.65999984741211
2020-01-24,29.219999313354492
2020-01-27,29.079999923706055
2020-01-28,28.309999465942383
2020-01-29,28.860000610351562
2020-01-30,28.729999542236328
2020-01-31,28.989999771118164
2020-02-03,28.559999465942383
2020-02-04,28.049999237060547
2020-02-05,28.049999237060547
2020-02-06,28.399999618530273
2020-02-07,27.93000030517578
2020-02-10,28.389999389648438
2020-02-11,28.43000030517578
2020-02-12,28.1200008392334
2020-02-13,28.31999969482422
2020-02-14,28.309999465942383
2020-02-18,29.229999542236328
2020-02-19,29.75
2020-02-20,29.75
2020-02-21,30.649999618530273
2020-02-24,31.049999237060547
2020-02-25,29.969999313354492
2020-02-26,29.8700008392334
2020-02-27,28.149999618530273
2020-02-28,26.219999313354492
2020-03-02,27.290000915527344
2020-03-03,28.68000030517578
2020-03-04,29.1299991607666
2020-03-05,29.81999969482422
2020-03-06,29.40999984741211
2020-03-09,27.309999465942383
2020-03-10,27.489999771118164
2020-03-11,25.170000076293945
2020-03-12,22.309999465942383
2020-03-13,19.0
2020-03-16,22.489999771118164
2020-03-17,25.5
2020-03-18,19.68000030517578
2020-03-19,21.270000457763672
2020-03-20,20.549999237060547
2020-03-23,21.93000030517578
2020-03-24,25.149999618530273
2020-03-25,26.309999465942383
2020-03-26,25.850000381469727
2020-03-27,24.3700008392334
2020-03-30,23.93000030517578
2020-03-31,23.040000915527344
2020-04-01,24.030000686645508
2020-04-02,25.040000915527344
2020-04-03,24.950000762939453
2020-04-06,26.34000015258789
2020-04-07,26.09000015258789
2020-04-08,26.200000762939453
2020-04-09,28.950000762939453
