Date,GDXJ
2010-01-04,83.20503234863281
2010-01-05,84.1060562133789
2010-01-06,86.46736907958984
2010-01-07,86.24987030029297
2010-01-08,87.64801025390625
2010-01-11,88.48690795898438
2010-01-12,84.47888946533203
2010-01-13,86.0013198852539
2010-01-14,85.81489562988281
2010-01-15,84.6963882446289
2010-01-19,84.50997161865234
2010-01-20,80.06697845458984
2010-01-21,75.43757629394531
2010-01-22,74.87830352783203
2010-01-25,74.41226959228516
2010-01-26,74.03943634033203
2010-01-27,72.23737335205078
2010-01-28,71.2431411743164
2010-01-29,68.88182830810547
2010-02-01,73.94621276855469
2010-02-02,74.28797912597656
2010-02-03,73.41802978515625
2010-02-04,68.167236328125
2010-02-05,71.2431411743164
2010-02-08,69.03718566894531
2010-02-09,72.7344970703125
2010-02-10,72.51701354980469
2010-02-11,76.40072631835938
2010-02-12,75.53077697753906
2010-02-16,78.4202651977539
2010-02-17,77.86101531982422
2010-02-18,77.76780700683594
2010-02-19,76.80464172363281
2010-02-22,75.87255096435547
2010-02-23,72.42379760742188
2010-02-24,72.45486450195312
2010-02-25,74.07049560546875
2010-02-26,75.12686920166016
2010-03-01,76.71143341064453
2010-03-02,78.23385620117188
2010-03-03,79.63199615478516
2010-03-04,78.82418060302734
2010-03-05,80.28446197509766
2010-03-08,79.97376251220703
2010-03-09,79.22810363769531
2010-03-10,78.88632202148438
2010-03-11,80.0980453491211
2010-03-12,80.06697845458984
2010-03-15,79.8494873046875
2010-03-16,82.98754119873047
2010-03-17,83.04966735839844
2010-03-18,82.33507537841797
2010-03-19,81.06121063232422
2010-03-22,80.56409454345703
2010-03-23,82.1486587524414
2010-03-24,78.23385620117188
2010-03-25,77.42603302001953
2010-03-26,79.22810363769531
2010-03-29,80.47088623046875
2010-03-30,79.53878784179688
2010-03-31,79.91162872314453
2010-04-01,82.58363342285156
2010-04-05,84.85173797607422
2010-04-06,85.0692138671875
2010-04-07,86.37415313720703
2010-04-08,86.65377044677734
2010-04-09,87.92764282226562
2010-04-12,86.84020233154297
2010-04-13,86.1255874633789
2010-04-14,87.80337524414062
2010-04-15,87.24410247802734
2010-04-16,84.63424682617188
2010-04-19,84.13712310791016
2010-04-20,85.3177719116211
2010-04-21,86.09452819824219
2010-04-22,86.34309387207031
2010-04-23,88.67332458496094
2010-04-26,87.77230072021484
2010-04-27,87.27518463134766
2010-04-28,89.23258209228516
2010-04-29,90.10253143310547
2010-04-30,90.66179656982422
2010-05-03,89.88504791259766
2010-05-04,85.69062042236328
2010-05-05,85.7838363647461
2010-05-06,86.0634536743164
2010-05-07,84.41675567626953
2010-05-10,87.83443450927734
2010-05-11,93.95518493652344
2010-05-12,95.07371520996094
2010-05-13,92.83667755126953
2010-05-14,91.87351989746094
2010-05-17,89.23258209228516
2010-05-18,87.39945220947266
2010-05-19,82.98754119873047
2010-05-20,77.67459106445312
2010-05-21,79.8494873046875
2010-05-24,81.30977630615234
2010-05-25,82.77005767822266
2010-05-26,82.83219909667969
2010-05-27,85.8459701538086
2010-05-28,84.3546142578125
2010-06-01,83.42253112792969
2010-06-02,85.65953826904297
2010-06-03,83.95071411132812
2010-06-04,81.90010070800781
2010-06-07,84.07499694824219
2010-06-08,86.43629455566406
2010-06-09,84.85173797607422
2010-06-10,86.03239440917969
2010-06-11,87.1509017944336
2010-06-14,85.44205474853516
2010-06-15,88.48690795898438
2010-06-16,88.8597412109375
2010-06-17,90.84821319580078
2010-06-18,94.29695129394531
2010-06-21,89.32579040527344
2010-06-22,88.48690795898438
2010-06-23,88.8597412109375
2010-06-24,88.8597412109375
2010-06-25,92.02886199951172
2010-06-28,90.69285583496094
2010-06-29,86.68486022949219
2010-06-30,84.6963882446289
2010-07-01,80.40874481201172
2010-07-02,81.43404388427734
2010-07-06,79.75627136230469
2010-07-07,81.43404388427734
2010-07-08,80.68836212158203
2010-07-09,83.32931518554688
2010-07-12,82.02436828613281
2010-07-13,82.92540740966797
2010-07-14,82.98754119873047
2010-07-15,83.29823303222656
2010-07-16,80.8126449584961
2010-07-19,78.85523986816406
2010-07-20,81.216552734375
2010-07-21,80.03590393066406
2010-07-22,81.49618530273438
2010-07-23,81.96223449707031
2010-07-26,81.77581024169922
2010-07-27,79.88055419921875
2010-07-28,80.0980453491211
2010-07-29,81.37191772460938
2010-07-30,82.8632583618164
2010-08-02,82.49042510986328
2010-08-03,84.75852966308594
2010-08-04,87.24410247802734
2010-08-05,87.52375030517578
2010-08-06,87.92764282226562
2010-08-09,88.6111831665039
2010-08-10,87.71016693115234
2010-08-11,84.85173797607422
2010-08-12,87.86551666259766
2010-08-13,88.30048370361328
2010-08-16,89.6986312866211
2010-08-17,90.91035461425781
2010-08-18,92.5881118774414
2010-08-19,91.84244537353516
2010-08-20,91.40746307373047
2010-08-23,90.22681427001953
2010-08-24,88.8597412109375
2010-08-25,92.02886199951172
2010-08-26,92.55705261230469
2010-08-27,94.14161682128906
2010-08-30,93.0230941772461
2010-08-31,94.2658920288086
2010-09-01,95.22906494140625
2010-09-02,96.68933868408203
2010-09-03,99.39241790771484
2010-09-07,100.54200744628906
2010-09-08,101.03911590576172
2010-09-09,98.4603271484375
2010-09-10,99.95166778564453
2010-09-13,100.35558319091797
2010-09-14,104.11502075195312
2010-09-15,103.43150329589844
2010-09-16,105.26460266113281
2010-09-17,104.70536041259766
2010-09-20,106.41419982910156
2010-09-21,106.227783203125
2010-09-22,106.44526672363281
2010-09-23,105.51316833496094
2010-09-24,104.89176940917969
2010-09-27,104.0839614868164
2010-09-28,106.07243347167969
2010-09-29,105.85493469238281
2010-09-30,103.77326202392578
2010-10-01,106.227783203125
2010-10-04,103.58684539794922
2010-10-05,107.68805694580078
2010-10-06,110.018310546875
2010-10-07,106.72489166259766
2010-10-08,109.02406311035156
2010-10-11,109.95616912841797
2010-10-12,109.33477020263672
2010-10-13,112.93885803222656
2010-10-14,112.90779876708984
2010-10-15,110.76397705078125
2010-10-18,110.70184326171875
2010-10-19,103.74220275878906
2010-10-20,107.43951416015625
2010-10-21,103.9286117553711
2010-10-22,105.45101928710938
2010-10-25,108.74443817138672
2010-10-26,109.61439514160156
2010-10-27,107.4705810546875
2010-10-28,110.4532699584961
2010-10-29,112.41069030761719
2010-11-01,112.72137451171875
2010-11-02,114.21273040771484
2010-11-03,115.0516128540039
2010-11-04,124.06185150146484
2010-11-05,125.86392974853516
2010-11-08,129.93406677246094
2010-11-09,122.94337463378906
2010-11-10,126.01925659179688
2010-11-11,126.6095962524414
2010-11-12,121.73162841796875
2010-11-15,119.6188735961914
2010-11-16,114.5855712890625
2010-11-17,117.53720092773438
2010-11-18,120.61312103271484
2010-11-19,121.60736083984375
2010-11-22,123.81330871582031
2010-11-23,122.72586822509766
2010-11-24,123.16085052490234
2010-11-26,120.86168670654297
2010-11-29,122.35304260253906
2010-11-30,125.67750549316406
2010-12-01,128.22523498535156
2010-12-02,130.08941650390625
2010-12-03,133.47601318359375
2010-12-06,136.52085876464844
2010-12-07,131.67398071289062
2010-12-08,128.97091674804688
2010-12-09,128.50485229492188
2010-12-10,129.1262664794922
2010-12-13,130.64866638183594
2010-12-14,131.1457977294922
2010-12-15,127.66596984863281
2010-12-16,126.51638793945312
2010-12-17,129.90301513671875
2010-12-20,129.87193298339844
2010-12-21,130.9282989501953
2010-12-22,126.48533630371094
2010-12-23,127.92152404785156
2010-12-27,127.01763916015625
2010-12-28,133.8472442626953
2010-12-29,132.9098663330078
2010-12-30,131.53721618652344
2010-12-31,133.5459442138672
2011-01-03,133.8137969970703
2011-01-04,127.18502807617188
2011-01-05,126.11370086669922
2011-01-06,120.92453002929688
2011-01-07,121.12540435791016
2011-01-10,122.86627960205078
2011-01-11,126.71631622314453
2011-01-12,126.98414611816406
2011-01-13,122.02932739257812
2011-01-14,119.35102844238281
2011-01-18,121.22583770751953
2011-01-19,119.71930694580078
2011-01-20,115.7353515625
2011-01-21,113.52577209472656
2011-01-24,112.15314483642578
2011-01-25,111.51707458496094
2011-01-26,116.73970794677734
2011-01-27,113.55924987792969
2011-01-28,115.93623352050781
2011-01-31,114.16184997558594
2011-02-01,119.25060272216797
2011-02-02,118.61450958251953
2011-02-03,125.54458618164062
2011-02-04,125.61151885986328
2011-02-07,125.6449966430664
2011-02-08,128.12242126464844
2011-02-09,124.40630340576172
2011-02-10,123.30152130126953
2011-02-11,122.36412048339844
2011-02-14,124.94194793701172
2011-02-15,127.01763916015625
2011-02-16,128.8589324951172
2011-02-17,129.4950408935547
2011-02-18,130.5328826904297
2011-02-22,127.45287322998047
2011-02-23,128.0554656982422
2011-02-24,123.20105743408203
2011-02-25,126.74979400634766
2011-02-28,128.89242553710938
2011-03-01,132.50811767578125
2011-03-02,132.87637329101562
2011-03-03,131.10198974609375
2011-03-04,133.746826171875
2011-03-07,132.77593994140625
2011-03-08,130.93460083007812
2011-03-09,128.92588806152344
2011-03-10,122.36412048339844
2011-03-11,126.11370086669922
2011-03-14,124.20543670654297
2011-03-15,119.28408813476562
2011-03-16,117.27537536621094
2011-03-17,119.38451385498047
2011-03-18,123.53587341308594
2011-03-21,127.95504760742188
2011-03-22,127.45287322998047
2011-03-23,131.80506896972656
2011-03-24,130.83419799804688
2011-03-25,129.2941436767578
2011-03-28,127.21851348876953
2011-03-29,127.7541732788086
2011-03-30,130.76724243164062
2011-03-31,131.30288696289062
2011-04-01,130.56634521484375
2011-04-04,131.90550231933594
2011-04-05,139.47166442871094
2011-04-06,139.2038116455078
2011-04-07,139.50509643554688
2011-04-08,141.7816619873047
2011-04-11,136.35813903808594
2011-04-12,132.03939819335938
2011-04-13,133.37857055664062
2011-04-14,137.26205444335938
2011-04-15,135.8560028076172
2011-04-18,133.98118591308594
2011-04-19,136.1572723388672
2011-04-20,139.03643798828125
2011-04-21,140.10772705078125
2011-04-25,135.7890167236328
2011-04-26,134.4163818359375
2011-04-27,139.3712158203125
2011-04-28,139.13685607910156
2011-04-29,139.43817138671875
2011-05-02,133.04379272460938
2011-05-03,126.95066833496094
2011-05-04,127.01763916015625
2011-05-05,119.81974029541016
2011-05-06,123.40194702148438
2011-05-09,126.2141342163086
2011-05-10,125.71198272705078
2011-05-11,119.92018127441406
2011-05-12,118.38016510009766
2011-05-13,116.13709259033203
2011-05-16,116.17059326171875
2011-05-17,115.40055847167969
2011-05-18,118.48059844970703
2011-05-19,118.74844360351562
2011-05-20,121.02497863769531
2011-05-23,117.40928649902344
2011-05-24,122.09627532958984
2011-05-25,122.66539001464844
2011-05-26,122.69889068603516
2011-05-27,125.34371948242188
2011-05-31,127.01763916015625
2011-06-01,124.47325134277344
2011-06-02,122.2302017211914
2011-06-03,120.8240966796875
2011-06-06,118.078857421875
2011-06-07,118.58101654052734
2011-06-08,115.19969940185547
2011-06-09,117.94493103027344
2011-06-10,116.73970794677734
2011-06-13,111.7179183959961
2011-06-14,114.73098754882812
2011-06-15,112.88968658447266
2011-06-16,109.14008331298828
2011-06-17,109.27399444580078
2011-06-20,109.27399444580078
2011-06-21,113.7936019897461
2011-06-22,116.03665161132812
2011-06-23,114.1283950805664
2011-06-24,110.44574737548828
2011-06-27,108.06876373291016
2011-06-28,110.244873046875
2011-06-29,113.72664642333984
2011-06-30,115.43405151367188
2011-07-01,113.52577209472656
2011-07-05,118.01189422607422
2011-07-06,120.89105224609375
2011-07-07,121.52713012695312
2011-07-08,121.92886352539062
2011-07-11,118.84886169433594
2011-07-12,121.49368286132812
2011-07-13,127.1180648803711
2011-07-14,125.912841796875
2011-07-15,127.35243225097656
2011-07-18,130.8007049560547
2011-07-19,126.38153076171875
2011-07-20,128.69154357910156
2011-07-21,127.35243225097656
2011-07-22,129.4950408935547
2011-07-25,128.95938110351562
2011-07-26,128.75848388671875
2011-07-27,123.20105743408203
2011-07-28,121.8953857421875
2011-07-29,120.69015502929688
2011-08-01,121.72801971435547
2011-08-02,124.60717010498047
2011-08-03,124.50672149658203
2011-08-04,115.70187377929688
2011-08-05,109.57530212402344
2011-08-08,110.11096954345703
2011-08-09,113.59272766113281
2011-08-10,118.48059844970703
2011-08-11,119.95365142822266
2011-08-12,117.17493438720703
2011-08-15,120.62321472167969
2011-08-16,120.18800354003906
2011-08-17,120.18800354003906
2011-08-18,116.23753356933594
2011-08-19,117.84449768066406
2011-08-22,122.73239135742188
2011-08-23,119.51842498779297
2011-08-24,114.6640396118164
2011-08-25,116.30449676513672
2011-08-26,120.22148895263672
2011-08-29,120.69015502929688
2011-08-30,125.07586669921875
2011-08-31,124.9084701538086
2011-09-01,124.84150695800781
2011-09-02,128.1558837890625
2011-09-06,126.74979400634766
2011-09-07,127.6202392578125
2011-09-08,131.16896057128906
2011-09-09,128.12242126464844
2011-09-12,123.56932830810547
2011-09-13,123.40194702148438
2011-09-14,120.22148895263672
2011-09-15,119.48495483398438
2011-09-16,122.56500244140625
2011-09-19,119.08322143554688
2011-09-20,121.56062316894531
2011-09-21,117.50971984863281
2011-09-22,106.09353637695312
2011-09-23,99.39781951904297
2011-09-26,98.62781524658203
2011-09-27,100.67001342773438
2011-09-28,94.67735290527344
2011-09-29,93.9408187866211
2011-09-30,94.24211883544922
2011-10-03,92.23341369628906
2011-10-04,89.82295989990234
2011-10-05,94.47647094726562
2011-10-06,98.89564514160156
2011-10-07,97.25518035888672
2011-10-10,103.44873046875
2011-10-11,102.64524841308594
2011-10-12,103.78352355957031
2011-10-13,102.14306640625
2011-10-14,103.91742706298828
2011-10-17,99.33086395263672
2011-10-18,102.00914764404297
2011-10-19,94.94517517089844
2011-10-20,94.37602996826172
2011-10-21,95.94952392578125
2011-10-24,101.67436218261719
2011-10-25,104.05133819580078
2011-10-26,105.85918426513672
2011-10-27,108.60442352294922
2011-10-28,108.50398254394531
2011-10-31,104.21871948242188
2011-11-01,103.01349639892578
2011-11-02,105.12265014648438
2011-11-03,108.8052978515625
2011-11-04,107.7674560546875
2011-11-07,111.41661071777344
2011-11-08,110.37879180908203
2011-11-09,105.2565689086914
2011-11-10,105.82569885253906
2011-11-11,108.2696304321289
2011-11-14,106.79658508300781
2011-11-15,106.12701416015625
2011-11-16,104.11829376220703
2011-11-17,98.89564514160156
2011-11-18,97.89128875732422
2011-11-21,93.07038116455078
2011-11-22,94.61038970947266
2011-11-23,91.26253509521484
2011-11-25,90.29164123535156
2011-11-28,93.90733337402344
2011-11-29,93.9408187866211
2011-11-30,100.569580078125
2011-12-01,100.63652801513672
2011-12-02,99.26390075683594
2011-12-05,99.33086395263672
2011-12-06,100.67001342773438
2011-12-07,100.0339126586914
2011-12-08,95.41387176513672
2011-12-09,97.05432891845703
2011-12-12,92.70211791992188
2011-12-13,88.048583984375
2011-12-14,84.4998550415039
2011-12-15,82.49114227294922
2011-12-16,85.77205657958984
2011-12-19,83.16072845458984
2011-12-20,89.42121887207031
2011-12-21,88.85208892822266
2011-12-22,85.1359634399414
2011-12-23,86.79981994628906
2011-12-27,85.8000717163086
2011-12-28,82.15813446044922
2011-12-29,85.30020904541016
2011-12-30,88.19233703613281
2012-01-03,93.11968231201172
2012-01-04,93.11968231201172
2012-01-05,92.5126953125
2012-01-06,91.47724151611328
2012-01-09,92.655517578125
2012-01-10,94.76213836669922
2012-01-11,94.97637176513672
2012-01-12,95.5833511352539
2012-01-13,94.15513610839844
2012-01-17,94.11943817138672
2012-01-18,96.54740905761719
2012-01-19,95.33341979980469
2012-01-20,96.97586822509766
2012-01-23,97.79708862304688
2012-01-24,96.08324432373047
2012-01-25,103.40283203125
2012-01-26,104.79534912109375
2012-01-27,106.54490661621094
2012-01-30,105.68798065185547
2012-01-31,105.86650848388672
2012-02-01,106.40209197998047
2012-02-02,107.79460906982422
2012-02-03,105.72369384765625
2012-02-06,104.259765625
2012-02-07,104.259765625
2012-02-08,102.51019287109375
2012-02-09,101.72469329833984
2012-02-10,99.83229064941406
2012-02-13,100.0465316772461
2012-02-14,98.72543334960938
2012-02-15,98.58261108398438
2012-02-16,100.6892318725586
2012-02-17,99.40383911132812
2012-02-21,103.01007843017578
2012-02-22,105.22380828857422
2012-02-23,105.58086395263672
2012-02-24,105.00959014892578
2012-02-27,103.54566192626953
2012-02-28,105.08099365234375
2012-02-29,99.68949127197266
2012-03-01,101.08198547363281
2012-03-02,98.93965911865234
2012-03-05,95.08348083496094
2012-03-06,92.33416748046875
2012-03-07,93.94090270996094
2012-03-08,96.33317565917969
2012-03-09,95.33341979980469
2012-03-12,94.7264175415039
2012-03-13,94.40508270263672
2012-03-14,89.7276611328125
2012-03-15,91.0130615234375
2012-03-16,90.26324462890625
2012-03-19,88.83502960205078
2012-03-20,88.5851058959961
2012-03-21,87.69245910644531
2012-03-22,85.6929702758789
2012-03-23,88.01380920410156
2012-03-26,91.79857635498047
2012-03-27,88.87074279785156
2012-03-28,85.65725708007812
2012-03-29,86.22853088378906
2012-03-30,87.65674591064453
2012-04-02,89.12067413330078
2012-04-03,85.08597564697266
2012-04-04,81.51543426513672
2012-04-05,80.23002624511719
2012-04-09,79.44451141357422
2012-04-10,81.90818786621094
2012-04-11,80.94414520263672
2012-04-12,84.6932144165039
2012-04-13,82.30094146728516
2012-04-16,80.72991943359375
2012-04-17,81.87248229980469
2012-04-18,80.94414520263672
2012-04-19,80.19432830810547
2012-04-20,79.9801025390625
2012-04-23,77.90918731689453
2012-04-24,77.4093017578125
2012-04-25,80.08722686767578
2012-04-26,81.47972106933594
2012-04-27,82.94364929199219
2012-04-30,83.19357299804688
2012-05-01,83.44351196289062
2012-05-02,82.44377899169922
2012-05-03,79.62303924560547
2012-05-04,78.44475555419922
2012-05-07,76.23103332519531
2012-05-08,72.83901977539062
2012-05-09,73.26748657226562
2012-05-10,74.12440490722656
2012-05-11,72.33914184570312
2012-05-14,69.26847839355469
2012-05-15,64.37684631347656
2012-05-16,63.841251373291016
2012-05-17,66.3763427734375
2012-05-18,66.55486297607422
2012-05-21,69.26847839355469
2012-05-22,66.19782257080078
2012-05-23,69.2327651977539
2012-05-24,69.62552642822266
2012-05-25,71.5179214477539
2012-05-29,71.05374908447266
2012-05-30,69.91116333007812
2012-05-31,68.98284149169922
2012-06-01,73.7673568725586
2012-06-04,74.16011810302734
2012-06-05,76.19532012939453
2012-06-06,77.19508361816406
2012-06-07,74.44577026367188
2012-06-08,74.65999603271484
2012-06-11,72.76759338378906
2012-06-12,75.3384017944336
2012-06-13,74.23152923583984
2012-06-14,73.94587707519531
2012-06-15,73.30319213867188
2012-06-18,75.44550323486328
2012-06-19,75.55262756347656
2012-06-20,74.80282592773438
2012-06-21,69.01854705810547
2012-06-22,69.48270416259766
2012-06-25,68.84001159667969
2012-06-26,67.84025573730469
2012-06-27,67.59032440185547
2012-06-28,64.9481201171875
2012-06-29,68.59007263183594
2012-07-02,68.30443572998047
2012-07-03,71.76785278320312
2012-07-05,71.05374908447266
2012-07-06,68.91142272949219
2012-07-09,68.62577819824219
2012-07-10,65.84076690673828
2012-07-11,65.76935577392578
2012-07-12,64.55536651611328
2012-07-13,66.0906982421875
2012-07-16,67.12614440917969
2012-07-17,66.59056854248047
2012-07-18,66.30491638183594
2012-07-19,67.16184997558594
2012-07-20,66.48346710205078
2012-07-23,64.01978302001953
2012-07-24,64.34113311767578
2012-07-25,66.91191864013672
2012-07-26,69.62552642822266
2012-07-27,70.16110229492188
2012-07-30,70.12540435791016
2012-07-31,68.62577819824219
2012-08-01,68.16160583496094
2012-08-02,67.91168212890625
2012-08-03,69.5184097290039
2012-08-06,71.26798248291016
2012-08-07,71.3393783569336
2012-08-08,70.83952331542969
2012-08-09,72.62478637695312
2012-08-10,72.76759338378906
2012-08-13,71.83927917480469
2012-08-14,70.83952331542969
2012-08-15,71.0894546508789
2012-08-16,73.4103012084961
2012-08-17,73.4817123413086
2012-08-20,74.08870697021484
2012-08-21,76.62378692626953
2012-08-22,78.05200958251953
2012-08-23,78.62329864501953
2012-08-24,78.62329864501953
2012-08-27,77.4093017578125
2012-08-28,76.23103332519531
2012-08-29,75.08846282958984
2012-08-30,73.4103012084961
2012-08-31,77.4093017578125
2012-09-04,78.76611328125
2012-09-05,78.65900421142578
2012-09-06,81.33690643310547
2012-09-07,83.80057525634766
2012-09-10,82.05101013183594
2012-09-11,83.08646392822266
2012-09-12,82.44377899169922
2012-09-13,85.8714828491211
2012-09-14,88.12093353271484
2012-09-17,86.97835540771484
2012-09-18,88.19233703613281
2012-09-19,90.04901885986328
2012-09-20,89.12067413330078
2012-09-21,90.90593719482422
2012-09-24,86.97835540771484
2012-09-25,85.65725708007812
2012-09-26,84.6932144165039
2012-09-27,89.19208526611328
2012-09-28,88.26374053955078
2012-10-01,88.54938507080078
2012-10-02,87.65674591064453
2012-10-03,87.0140609741211
2012-10-04,89.79908752441406
2012-10-05,88.62080383300781
2012-10-08,87.0140609741211
2012-10-09,85.26448822021484
2012-10-10,86.15713500976562
2012-10-11,87.29969787597656
2012-10-12,85.72866821289062
2012-10-15,84.40756225585938
2012-10-16,86.0500259399414
2012-10-17,86.65701293945312
2012-10-18,85.47872924804688
2012-10-19,84.40756225585938
2012-10-22,85.72866821289062
2012-10-23,83.44351196289062
2012-10-24,82.65799713134766
2012-10-25,84.19332885742188
2012-10-26,83.65776062011719
2012-10-31,86.19283294677734
2012-11-01,85.8000717163086
2012-11-02,82.83653259277344
2012-11-05,82.44377899169922
2012-11-06,84.15762329101562
2012-11-07,84.76461791992188
2012-11-08,85.47872924804688
2012-11-09,85.47872924804688
2012-11-12,84.90744018554688
2012-11-13,82.94364929199219
2012-11-14,78.83750915527344
2012-11-15,75.58833312988281
2012-11-16,76.80231475830078
2012-11-19,79.26599884033203
2012-11-20,78.62329864501953
2012-11-21,78.90895080566406
2012-11-23,80.44427490234375
2012-11-26,79.69445037841797
2012-11-27,78.08770751953125
2012-11-28,77.766357421875
2012-11-29,78.19483184814453
2012-11-30,76.9808349609375
2012-12-03,75.90968322753906
2012-12-04,75.76686096191406
2012-12-05,74.12440490722656
2012-12-06,74.1958236694336
2012-12-07,74.90991973876953
2012-12-10,75.80255889892578
2012-12-11,75.87398529052734
2012-12-12,77.33789825439453
2012-12-13,75.58833312988281
2012-12-14,76.05250549316406
2012-12-17,75.80255889892578
2012-12-18,73.6959457397461
2012-12-19,73.05323791503906
2012-12-20,72.16061401367188
2012-12-21,72.44625854492188
2012-12-24,71.44520568847656
2012-12-26,71.48228454589844
2012-12-27,71.92718505859375
2012-12-28,71.40814208984375
2012-12-31,73.37315368652344
2013-01-02,76.15384674072266
2013-01-03,73.74390411376953
2013-01-04,74.55958557128906
2013-01-07,74.0034408569336
2013-01-08,74.22589874267578
2013-01-09,73.74390411376953
2013-01-10,75.85722351074219
2013-01-11,74.89327239990234
2013-01-14,75.11572265625
2013-01-15,75.85722351074219
2013-01-16,75.96846771240234
2013-01-17,76.41337585449219
2013-01-18,75.96846771240234
2013-01-22,75.93138885498047
2013-01-23,74.37419128417969
2013-01-24,71.66765594482422
2013-01-25,69.40603637695312
2013-01-28,68.70159912109375
2013-01-29,70.29585266113281
2013-01-30,70.8890609741211
2013-01-31,70.07340240478516
2013-02-01,71.00028991699219
2013-02-04,69.88801574707031
2013-02-05,69.22064971923828
2013-02-06,68.81282043457031
2013-02-07,68.77574157714844
2013-02-08,68.62744140625
2013-02-11,66.88488006591797
2013-02-12,66.66242218017578
2013-02-13,66.03213500976562
2013-02-14,65.6242904663086
2013-02-15,63.84464645385742
2013-02-19,61.65717697143555
2013-02-20,58.65402603149414
2013-02-21,59.136016845703125
2013-02-22,60.09999084472656
2013-02-25,61.54595184326172
2013-02-26,61.694252014160156
2013-02-27,60.5078239440918
2013-02-28,58.691104888916016
2013-03-01,57.87543487548828
2013-03-04,55.836265563964844
2013-03-05,56.39240264892578
2013-03-06,59.09893798828125
2013-03-07,59.173091888427734
2013-03-08,59.69215774536133
2013-03-11,60.39658737182617
2013-03-12,62.62114715576172
2013-03-13,60.87858581542969
2013-03-14,61.4718017578125
2013-03-15,62.47284698486328
2013-03-18,62.843605041503906
2013-03-19,62.547000885009766
2013-03-20,62.3986930847168
2013-03-21,63.47389221191406
2013-03-22,63.02898406982422
2013-03-25,62.13916778564453
2013-03-26,61.95378112792969
2013-03-27,62.65822219848633
2013-03-28,62.065006256103516
2013-04-01,60.767356872558594
2013-04-02,58.0978889465332
2013-04-03,54.39030838012695
2013-04-04,55.79918670654297
2013-04-05,57.096839904785156
2013-04-08,56.35532760620117
2013-04-09,58.320343017578125
2013-04-10,56.16994857788086
2013-04-11,55.725032806396484
2013-04-12,51.869144439697266
2013-04-15,45.3808708190918
2013-04-16,44.9730339050293
2013-04-17,42.5630989074707
2013-04-18,43.601226806640625
2013-04-19,44.52812576293945
2013-04-22,44.9730339050293
2013-04-23,43.71245574951172
2013-04-24,46.82683181762695
2013-04-25,47.64250183105469
2013-04-26,46.34484100341797
2013-04-29,46.8639030456543
2013-04-30,47.53126525878906
2013-05-01,45.974082946777344
2013-05-02,45.937007904052734
2013-05-03,45.23255920410156
2013-05-06,45.417945861816406
2013-05-07,43.37876892089844
2013-05-08,45.71455383300781
2013-05-09,44.93596267700195
2013-05-10,45.19548797607422
2013-05-13,44.15736389160156
2013-05-14,43.934913635253906
2013-05-15,40.523929595947266
2013-05-16,40.82053756713867
2013-05-17,38.78136444091797
2013-05-20,41.784515380859375
2013-05-21,40.190242767333984
2013-05-22,40.85761642456055
2013-05-23,41.82157897949219
2013-05-24,41.30252456665039
2013-05-28,40.78346252441406
2013-05-29,42.9709358215332
2013-05-30,45.7887077331543
2013-05-31,44.56520462036133
2013-06-03,46.56729507446289
2013-06-04,45.52916717529297
2013-06-05,45.30671691894531
2013-06-06,46.34484100341797
2013-06-07,43.675376892089844
2013-06-10,43.897830963134766
2013-06-11,42.2664909362793
2013-06-12,42.00696563720703
2013-06-13,42.22941589355469
2013-06-14,41.82157897949219
2013-06-17,41.15422058105469
2013-06-18,39.63410186767578
2013-06-19,38.29937744140625
2013-06-20,34.55471420288086
2013-06-21,35.22208023071289
2013-06-24,32.626773834228516
2013-06-25,32.77507400512695
2013-06-26,30.62466812133789
2013-06-27,31.329111099243164
2013-06-28,33.96149826049805
2013-07-01,34.56398391723633
2013-07-02,33.2199821472168
2013-07-03,33.54439926147461
2013-07-05,31.75547981262207
2013-07-08,31.811098098754883
2013-07-09,32.654571533203125
2013-07-10,32.87703323364258
2013-07-11,35.5279541015625
2013-07-12,35.231346130371094
2013-07-15,34.8698616027832
2013-07-16,36.315818786621094
2013-07-17,35.324039459228516
2013-07-18,35.17573928833008
2013-07-19,36.40850830078125
2013-07-22,39.64337921142578
2013-07-23,41.32106399536133
2013-07-24,39.05942916870117
2013-07-25,39.55995559692383
2013-07-26,39.680450439453125
2013-07-29,39.36530685424805
2013-07-30,38.60525131225586
2013-07-31,37.511512756347656
2013-08-01,36.807071685791016
2013-08-02,36.26020431518555
2013-08-05,36.306549072265625
2013-08-06,34.406410217285156
2013-08-07,34.5732536315918
2013-08-08,37.77104568481445
2013-08-09,38.48475646972656
2013-08-12,41.84939956665039
2013-08-13,41.77524185180664
2013-08-14,43.693912506103516
2013-08-15,45.974082946777344
2013-08-16,45.278907775878906
2013-08-19,44.87107467651367
2013-08-20,46.131656646728516
2013-08-21,44.77838897705078
2013-08-22,45.06571960449219
2013-08-23,47.512733459472656
2013-08-26,48.625003814697266
2013-08-27,46.09457778930664
2013-08-28,45.436485290527344
2013-08-29,45.417945861816406
2013-08-30,44.63935470581055
2013-09-03,45.06571960449219
2013-09-04,44.72277069091797
2013-09-05,42.70214080810547
2013-09-06,43.95344543457031
2013-09-09,43.842220306396484
2013-09-10,41.942081451416016
2013-09-11,42.14599609375
2013-09-12,39.152122497558594
2013-09-13,39.698997497558594
2013-09-16,39.30042266845703
2013-09-17,39.606300354003906
2013-09-18,44.07394027709961
2013-09-19,42.312843322753906
2013-09-20,38.44767761230469
2013-09-23,37.724700927734375
2013-09-24,37.78031539916992
2013-09-25,39.47653579711914
2013-09-26,38.494022369384766
2013-09-27,38.58671951293945
2013-09-30,37.76177978515625
2013-10-01,36.575347900390625
2013-10-02,37.2705192565918
2013-10-03,36.81634521484375
2013-10-04,35.870906829833984
2013-10-07,35.704071044921875
2013-10-08,34.313720703125
2013-10-09,33.868812561035156
2013-10-10,33.470245361328125
2013-10-11,32.459930419921875
2013-10-14,32.37651062011719
2013-10-15,33.11802291870117
2013-10-16,32.75653076171875
2013-10-17,34.64740753173828
2013-10-18,34.19322204589844
2013-10-21,35.54648971557617
2013-10-22,37.78031539916992
2013-10-23,36.6124267578125
2013-10-24,38.13253402709961
2013-10-25,38.44767761230469
2013-10-28,38.10472869873047
2013-10-29,36.38996505737305
2013-10-30,36.79780197143555
2013-10-31,34.83277893066406
2013-11-01,33.739044189453125
2013-11-04,34.50836944580078
2013-11-05,33.94295883178711
2013-11-06,34.43421936035156
2013-11-07,33.12729263305664
2013-11-08,33.368282318115234
2013-11-11,33.229251861572266
2013-11-12,32.46919250488281
2013-11-13,32.821414947509766
2013-11-14,33.7575798034668
2013-11-15,33.34975051879883
2013-11-18,32.626773834228516
2013-11-19,32.44139099121094
2013-11-20,30.939817428588867
2013-11-21,30.717357635498047
2013-11-22,30.124147415161133
2013-11-25,29.79973602294922
2013-11-26,29.197248458862305
2013-11-27,29.10456085205078
2013-11-29,30.124147415161133
2013-12-02,28.047897338867188
2013-12-03,27.121002197265625
2013-12-04,28.02008819580078
2013-12-05,27.037580490112305
2013-12-06,26.77804946899414
2013-12-09,27.519567489624023
2013-12-10,28.641111373901367
2013-12-11,27.918132781982422
2013-12-12,27.714216232299805
2013-12-13,28.02008819580078
2013-12-16,28.437192916870117
2013-12-17,27.862516403198242
2013-12-18,27.695674896240234
2013-12-19,26.89854621887207
2013-12-20,27.13953971862793
2013-12-23,26.74097442626953
2013-12-24,27.76982879638672
2013-12-26,27.76055908203125
2013-12-27,28.474267959594727
2013-12-30,27.899593353271484
2013-12-31,28.7801456451416
2014-01-02,30.309526443481445
2014-01-03,30.263181686401367
2014-01-06,30.392948150634766
2014-01-07,30.087068557739258
2014-01-08,29.391897201538086
2014-01-09,28.817222595214844
2014-01-10,30.309526443481445
2014-01-13,31.977943420410156
2014-01-14,31.292036056518555
2014-01-15,31.579374313354492
2014-01-16,32.015018463134766
2014-01-17,33.905887603759766
2014-01-21,35.20354461669922
2014-01-22,33.60000991821289
2014-01-23,34.38787078857422
2014-01-24,33.60927200317383
2014-01-27,31.848175048828125
2014-01-28,32.71945571899414
2014-01-29,34.119075775146484
2014-01-30,32.85849380493164
2014-01-31,32.802879333496094
2014-02-03,32.802879333496094
2014-02-04,33.92442321777344
2014-02-05,33.40536117553711
2014-02-06,33.81319808959961
2014-02-07,35.54648971557617
2014-02-10,37.038795471191406
2014-02-11,38.772098541259766
2014-02-12,37.075870513916016
2014-02-13,39.39311981201172
2014-02-14,40.82053756713867
2014-02-18,40.30147171020508
2014-02-19,37.557861328125
2014-02-20,39.9770622253418
2014-02-21,39.77314376831055
2014-02-24,40.57954406738281
2014-02-25,39.420921325683594
2014-02-26,38.16033935546875
2014-02-27,38.16033935546875
2014-02-28,38.31791687011719
2014-03-03,38.88331985473633
2014-03-04,38.81843948364258
2014-03-05,39.51361083984375
2014-03-06,40.366355895996094
2014-03-07,39.39311981201172
2014-03-10,38.3549919128418
2014-03-11,38.568180084228516
2014-03-12,40.088287353515625
2014-03-13,41.552791595458984
2014-03-14,41.35813522338867
2014-03-17,39.46726608276367
2014-03-18,38.55891036987305
2014-03-19,36.58461380004883
2014-03-20,36.983184814453125
2014-03-21,36.93683624267578
2014-03-24,34.4620246887207
2014-03-25,35.20354461669922
2014-03-26,33.229251861572266
2014-03-27,34.39714050292969
2014-03-28,34.56398391723633
2014-03-31,33.57220458984375
2014-04-01,33.19217300415039
2014-04-02,35.00889587402344
2014-04-03,34.174686431884766
2014-04-04,34.75863265991211
2014-04-07,33.980037689208984
2014-04-08,35.36111068725586
2014-04-09,35.59284210205078
2014-04-10,34.814247131347656
2014-04-11,33.868812561035156
2014-04-14,34.29518127441406
2014-04-15,33.02533721923828
2014-04-16,32.90483856201172
2014-04-17,32.126243591308594
2014-04-21,32.2930908203125
2014-04-22,33.17363357543945
2014-04-23,34.20249557495117
2014-04-24,33.238521575927734
2014-04-25,34.70301818847656
2014-04-28,33.5073127746582
2014-04-29,34.43421936035156
2014-04-30,33.83173751831055
2014-05-01,33.02533721923828
2014-05-02,33.94295883178711
2014-05-05,34.350799560546875
2014-05-06,34.044921875
2014-05-07,32.90483856201172
2014-05-08,32.74726867675781
2014-05-09,32.50627136230469
2014-05-12,32.867759704589844
2014-05-13,32.64530563354492
2014-05-14,33.238521575927734
2014-05-15,32.580421447753906
2014-05-16,32.5526123046875
2014-05-19,32.46919250488281
2014-05-20,32.26527786254883
2014-05-21,32.598960876464844
2014-05-22,32.7101936340332
2014-05-23,32.35796356201172
2014-05-27,30.80078125
2014-05-28,30.680282592773438
2014-05-29,30.958354949951172
2014-05-30,31.616451263427734
2014-06-02,30.930545806884766
2014-06-03,31.2086124420166
2014-06-04,31.0788516998291
2014-06-05,31.87598419189453
2014-06-06,32.35796356201172
2014-06-09,32.25600814819336
2014-06-10,33.72050857543945
2014-06-11,34.721553802490234
2014-06-12,36.73292541503906
2014-06-13,36.56608200073242
2014-06-16,35.85236740112305
2014-06-17,35.65772247314453
2014-06-18,37.289058685302734
2014-06-19,39.92144775390625
2014-06-20,38.2252311706543
2014-06-23,38.920406341552734
2014-06-24,37.075870513916016
2014-06-25,38.17887878417969
2014-06-26,38.262298583984375
2014-06-27,37.57639694213867
2014-06-30,39.17066192626953
2014-07-01,38.29010772705078
2014-07-02,38.5125617980957
2014-07-03,39.76387405395508
2014-07-07,38.948204040527344
2014-07-08,39.5970344543457
2014-07-09,41.7381591796875
2014-07-10,40.468318939208984
2014-07-11,42.20161056518555
2014-07-14,40.180973052978516
2014-07-15,38.438411712646484
2014-07-16,38.41987609863281
2014-07-17,41.23764419555664
2014-07-18,40.50539016723633
2014-07-21,40.91322708129883
2014-07-22,39.754600524902344
2014-07-23,39.23554611206055
2014-07-24,37.9749641418457
2014-07-25,39.754600524902344
2014-07-28,40.33855056762695
2014-07-29,39.39311981201172
2014-07-30,39.73606491088867
2014-07-31,38.55891036987305
2014-08-01,39.068702697753906
2014-08-04,37.70616149902344
2014-08-05,38.308650970458984
2014-08-06,39.3189582824707
2014-08-07,39.26334762573242
2014-08-08,38.772098541259766
2014-08-11,39.374576568603516
2014-08-12,39.49507522583008
2014-08-13,39.35603713989258
2014-08-14,38.920406341552734
2014-08-15,39.20773696899414
2014-08-18,39.244808197021484
2014-08-19,38.74428176879883
2014-08-20,38.475486755371094
2014-08-21,38.17887878417969
2014-08-22,37.94715881347656
2014-08-25,37.307594299316406
2014-08-26,38.12326431274414
2014-08-27,38.01203536987305
2014-08-28,38.59598159790039
2014-08-29,39.02235412597656
2014-09-02,37.224178314208984
2014-09-03,37.4188232421875
2014-09-04,35.37038803100586
2014-09-05,36.42704772949219
2014-09-08,34.53617477416992
2014-09-09,35.639183044433594
2014-09-10,34.851322174072266
2014-09-11,35.67626190185547
2014-09-12,34.74936294555664
2014-09-15,35.72260284423828
2014-09-16,36.26020431518555
2014-09-17,34.851322174072266
2014-09-18,34.925472259521484
2014-09-19,33.683433532714844
2014-09-22,32.05208969116211
2014-09-23,32.960453033447266
2014-09-24,32.487735748291016
2014-09-25,33.16436767578125
2014-09-26,32.246742248535156
2014-09-29,32.11697006225586
2014-09-30,31.162275314331055
2014-10-01,31.36618995666504
2014-10-02,31.2086124420166
2014-10-03,29.039676666259766
2014-10-06,30.467098236083984
2014-10-07,29.141637802124023
2014-10-08,31.94086456298828
2014-10-09,30.49490737915039
2014-10-10,30.124147415161133
2014-10-13,30.680282592773438
2014-10-14,30.633941650390625
2014-10-15,30.652477264404297
2014-10-16,30.847126007080078
2014-10-17,30.124147415161133
2014-10-20,30.439292907714844
2014-10-21,30.430023193359375
2014-10-22,28.817222595214844
2014-10-23,29.289939880371094
2014-10-24,28.687456130981445
2014-10-27,27.40833854675293
2014-10-28,28.56696128845215
2014-10-29,26.50925064086914
2014-10-30,24.247621536254883
2014-10-31,22.681163787841797
2014-11-03,24.015897750854492
2014-11-04,22.718242645263672
2014-11-05,21.049827575683594
2014-11-06,21.68011474609375
2014-11-07,24.136394500732422
2014-11-10,22.412363052368164
2014-11-11,23.84905242919922
2014-11-12,23.728559494018555
2014-11-13,22.866544723510742
2014-11-14,24.42373275756836
2014-11-17,25.48966407775879
2014-11-18,27.21369171142578
2014-11-19,25.267208099365234
2014-11-20,26.41655921936035
2014-11-21,26.694629669189453
2014-11-24,26.42582893371582
2014-11-25,27.16734504699707
2014-11-26,26.527786254882812
2014-11-28,23.35780143737793
2014-12-01,25.656505584716797
2014-12-02,23.96027946472168
2014-12-03,24.395925521850586
2014-12-04,23.811979293823242
2014-12-05,22.866544723510742
2014-12-08,23.265108108520508
2014-12-09,24.192007064819336
2014-12-10,23.35780143737793
2014-12-11,22.810930252075195
2014-12-12,22.282602310180664
2014-12-15,20.447343826293945
2014-12-16,19.90047264099121
2014-12-17,21.318628311157227
2014-12-18,22.977773666381836
2014-12-19,22.384557723999023
2014-12-22,20.75791358947754
2014-12-23,20.393739700317383
2014-12-24,21.084739685058594
2014-12-26,21.897127151489258
2014-12-29,21.383544921875
2014-12-30,22.52275848388672
2014-12-31,22.345338821411133
2015-01-02,23.307130813598633
2015-01-05,24.306276321411133
2015-01-06,25.89369773864746
2015-01-07,25.128002166748047
2015-01-08,24.57707405090332
2015-01-09,25.660253524780273
2015-01-12,27.02357292175293
2015-01-13,25.996416091918945
2015-01-14,25.445486068725586
2015-01-15,26.687414169311523
2015-01-16,26.976884841918945
2015-01-20,28.10675621032715
2015-01-21,27.68655776977539
2015-01-22,27.14496612548828
2015-01-23,25.790987014770508
2015-01-26,26.481983184814453
2015-01-27,27.47178840637207
2015-01-28,25.800323486328125
2015-01-29,24.829193115234375
2015-01-30,25.903039932250977
2015-02-02,25.72562026977539
2015-02-03,25.053298950195312
2015-02-04,25.72562026977539
2015-02-05,26.248537063598633
2015-02-06,24.875879287719727
2015-02-09,25.445486068725586
2015-02-10,24.95058250427246
2015-02-11,24.558395385742188
2015-02-12,24.857206344604492
2015-02-13,25.2120418548584
2015-02-17,24.4183292388916
2015-02-18,25.08131217956543
2015-02-19,24.511707305908203
2015-02-20,24.11952018737793
2015-02-23,24.04482078552246
2015-02-24,24.110179901123047
2015-02-25,24.4370059967041
2015-02-26,24.623762130737305
2015-02-27,24.810516357421875
2015-03-02,24.4183292388916
2015-03-03,24.147533416748047
2015-03-04,23.57792854309082
2015-03-05,23.58726692199707
2015-03-06,21.878450393676758
2015-03-09,20.711225509643555
2015-03-10,19.88016128540039
2015-03-11,20.916656494140625
2015-03-12,20.53380584716797
2015-03-13,20.925996780395508
2015-03-16,20.627185821533203
2015-03-17,20.178970336914062
2015-03-18,21.66368293762207
2015-03-19,21.682353973388672
2015-03-20,22.50408172607422
2015-03-23,23.14838981628418
2015-03-24,23.213754653930664
2015-03-25,22.90560531616211
2015-03-26,22.3826904296875
2015-03-27,22.018516540527344
2015-03-30,21.3088436126709
2015-03-31,21.196792602539062
2015-04-01,22.494747161865234
2015-04-02,22.130571365356445
2015-04-06,23.223094940185547
2015-04-07,22.690839767456055
2015-04-08,22.307987213134766
2015-04-09,22.05586814880371
2015-04-10,22.728187561035156
2015-04-13,22.29865074157715
2015-04-14,22.354677200317383
2015-04-15,23.3631591796875
2015-04-16,23.101701736450195
2015-04-17,22.989646911621094
2015-04-20,23.13905143737793
2015-04-21,23.400508880615234
2015-04-22,22.63481330871582
2015-04-23,23.213754653930664
2015-04-24,22.60679817199707
2015-04-27,23.27911949157715
2015-04-28,24.15687370300293
2015-04-29,24.026140213012695
2015-04-30,23.288455963134766
2015-05-01,23.3818359375
2015-05-04,23.998130798339844
2015-05-05,23.699317932128906
2015-05-06,23.3258056640625
2015-05-07,23.372495651245117
2015-05-08,23.605941772460938
2015-05-11,23.746007919311523
2015-05-12,24.166208267211914
2015-05-13,24.838529586791992
2015-05-14,24.754487991333008
2015-05-15,24.931909561157227
2015-05-18,24.941246032714844
2015-05-19,24.138193130493164
2015-05-20,24.53038215637207
2015-05-21,24.296937942504883
2015-05-22,24.306276321411133
2015-05-26,23.624618530273438
2015-05-27,23.830049514770508
2015-05-28,24.04482078552246
2015-05-29,23.97945213317871
2015-06-01,23.886075973510742
2015-06-02,24.306276321411133
2015-06-03,24.00746726989746
2015-06-04,23.55925178527832
2015-06-05,23.31646728515625
2015-06-08,23.727333068847656
2015-06-09,23.493886947631836
2015-06-10,23.830049514770508
2015-06-11,23.391172409057617
2015-06-12,23.167064666748047
2015-06-15,23.2511043548584
2015-06-16,23.073686599731445
2015-06-17,23.80203628540039
2015-06-18,24.17554473876953
2015-06-19,23.867399215698242
2015-06-22,23.40984535217285
2015-06-23,23.35382080078125
2015-06-24,23.372495651245117
2015-06-25,23.223094940185547
2015-06-26,23.213754653930664
2015-06-29,22.840240478515625
2015-06-30,22.550769805908203
2015-07-01,21.66368293762207
2015-07-02,22.26129913330078
2015-07-06,22.14924430847168
2015-07-07,21.019372940063477
2015-07-08,20.571157455444336
2015-07-09,20.75791358947754
2015-07-10,20.804603576660156
2015-07-13,21.31818199157715
2015-07-14,21.047388076782227
2015-07-15,20.65519905090332
2015-07-16,20.608509063720703
2015-07-17,19.70274543762207
2015-07-20,17.4243221282959
2015-07-21,18.105979919433594
2015-07-22,17.872535705566406
2015-07-23,17.321605682373047
2015-07-24,18.199357986450195
2015-07-27,17.564390182495117
2015-07-28,17.97525405883789
2015-07-29,18.35810089111328
2015-07-30,17.72313117980957
2015-07-31,18.05929183959961
2015-08-03,17.4990234375
2015-08-04,17.685779571533203
2015-08-05,17.256240844726562
2015-08-06,17.73246955871582
2015-08-07,17.620418548583984
2015-08-10,18.628896713256836
2015-08-11,19.24519157409668
2015-08-12,20.785926818847656
2015-08-13,19.48797607421875
2015-08-14,19.506650924682617
2015-08-17,20.020227432250977
2015-08-18,19.534666061401367
2015-08-19,20.188308715820312
2015-08-20,20.888647079467773
2015-08-21,19.98287582397461
2015-08-24,18.460817337036133
2015-08-25,18.021942138671875
2015-08-26,17.097497940063477
2015-08-27,18.208698272705078
2015-08-28,19.12380027770996
2015-08-31,18.983734130859375
2015-09-01,18.39545440673828
2015-09-02,18.33008575439453
2015-09-03,17.94723892211914
2015-09-04,18.162006378173828
2015-09-08,18.451478958129883
2015-09-09,17.76048469543457
2015-09-10,17.71379280090332
2015-09-11,17.919225692749023
2015-09-14,18.077966690063477
2015-09-15,18.012605667114258
2015-09-16,19.058435440063477
2015-09-17,19.768108367919922
2015-09-18,19.637378692626953
2015-09-21,19.03042221069336
2015-09-22,18.35810089111328
2015-09-23,18.274059295654297
2015-09-24,19.20783805847168
2015-09-25,18.759628295898438
2015-09-28,17.97525405883789
2015-09-29,18.003265380859375
2015-09-30,18.29273796081543
2015-10-01,17.900550842285156
2015-10-02,19.10512351989746
2015-10-05,19.43194580078125
2015-10-06,19.964200973510742
2015-10-07,19.95486831665039
2015-10-08,19.58135414123535
2015-10-09,20.54314613342285
2015-10-12,20.33771324157715
2015-10-13,20.169633865356445
2015-10-14,21.682353973388672
2015-10-15,21.794408798217773
2015-10-16,21.047388076782227
2015-10-19,20.066917419433594
2015-10-20,20.84195327758789
2015-10-21,20.375062942504883
2015-10-22,20.477781295776367
2015-10-23,21.075397491455078
2015-10-26,20.54314613342285
2015-10-27,20.43109130859375
2015-10-28,20.132282257080078
2015-10-29,19.179828643798828
2015-10-30,19.10512351989746
2015-11-02,19.12380027770996
2015-11-03,19.039758682250977
2015-11-04,18.750289916992188
2015-11-05,18.36743927001953
2015-11-06,17.648427963256836
2015-11-09,18.05929183959961
2015-11-10,17.648427963256836
2015-11-11,17.98459243774414
2015-11-12,17.816513061523438
2015-11-13,17.97525405883789
2015-11-16,18.077966690063477
2015-11-17,17.39630889892578
2015-11-18,17.667104721069336
2015-11-19,18.162006378173828
2015-11-20,17.583065032958984
2015-11-23,17.41498565673828
2015-11-24,17.872535705566406
2015-11-25,17.863197326660156
2015-11-27,17.4990234375
2015-11-30,17.676443099975586
2015-12-01,18.096643447875977
2015-12-02,17.695117950439453
2015-12-03,18.096643447875977
2015-12-04,18.815650939941406
2015-12-07,18.152671813964844
2015-12-08,18.031278610229492
2015-12-09,18.236711502075195
2015-12-10,18.171344757080078
2015-12-11,18.311412811279297
2015-12-14,17.63909149169922
2015-12-15,17.76048469543457
2015-12-16,18.544858932495117
2015-12-17,17.545713424682617
2015-12-18,18.021942138671875
2015-12-21,18.227920532226562
2015-12-22,18.16208267211914
2015-12-23,18.406625747680664
2015-12-24,18.86749839782715
2015-12-28,18.256139755249023
2015-12-29,18.47246742248535
2015-12-30,18.0210018157959
2015-12-31,18.068029403686523
2016-01-04,18.622953414916992
2016-01-05,18.66057586669922
2016-01-06,18.980365753173828
2016-01-07,19.422426223754883
2016-01-08,18.86749839782715
2016-01-11,18.18089485168457
2016-01-12,17.710617065429688
2016-01-13,17.616561889648438
2016-01-14,17.024015426635742
2016-01-15,16.882932662963867
2016-01-19,16.074054718017578
2016-01-20,16.403249740600586
2016-01-21,16.42205810546875
2016-01-22,16.64779281616211
2016-01-25,16.892337799072266
2016-01-26,17.6447811126709
2016-01-27,17.983379364013672
2016-01-28,17.607154846191406
2016-01-29,17.955162048339844
2016-02-01,18.510087966918945
2016-02-02,18.07743263244629
2016-02-03,18.914527893066406
2016-02-04,19.563507080078125
2016-02-05,20.50406265258789
2016-02-08,21.369369506835938
2016-02-09,20.466440200805664
2016-02-10,20.758010864257812
2016-02-11,22.582683563232422
2016-02-12,23.429182052612305
2016-02-16,21.416399002075195
2016-02-17,22.347543716430664
2016-02-18,24.012325286865234
2016-02-19,23.222261428833008
2016-02-22,22.90247344970703
2016-02-23,23.16582489013672
2016-02-24,23.74897003173828
2016-02-25,24.23805809020996
2016-02-26,23.419776916503906
2016-02-29,24.426166534423828
2016-03-01,23.513832092285156
2016-03-02,24.181623458862305
2016-03-03,25.742944717407227
2016-03-04,25.498397827148438
2016-03-07,26.702308654785156
2016-03-08,25.394939422607422
2016-03-09,25.24445152282715
2016-03-10,26.35430335998535
2016-03-11,25.536020278930664
2016-03-14,24.604875564575195
2016-03-15,24.877634048461914
2016-03-16,26.871606826782227
2016-03-17,26.14737892150879
2016-03-18,26.711711883544922
2016-03-21,26.777551651000977
2016-03-22,27.003284454345703
2016-03-23,25.188018798828125
2016-03-24,25.36672019958496
2016-03-28,25.291479110717773
2016-03-29,26.881013870239258
2016-03-30,26.4483585357666
2016-03-31,26.194408416748047
2016-04-01,26.598846435546875
2016-04-04,25.86521339416504
2016-04-05,26.62706184387207
2016-04-06,26.73052406311035
2016-04-07,27.445344924926758
2016-04-08,28.526981353759766
2016-04-11,30.50214385986328
2016-04-12,30.88776969909668
2016-04-13,30.19175910949707
2016-04-14,29.279422760009766
2016-04-15,30.54916763305664
2016-04-18,30.643226623535156
2016-04-19,32.938175201416016
2016-04-20,31.67783546447754
2016-04-21,32.561954498291016
2016-04-22,31.640214920043945
2016-04-25,31.32042121887207
2016-04-26,32.52433395385742
2016-04-27,32.740657806396484
2016-04-28,34.21733093261719
2016-04-29,36.23011016845703
2016-05-02,35.68458938598633
2016-05-03,34.63117218017578
2016-05-04,32.552547454833984
2016-05-05,33.63418197631836
2016-05-06,35.46826171875
2016-05-09,32.825313568115234
2016-05-10,33.99159622192383
2016-05-11,35.176692962646484
2016-05-12,34.67820358276367
2016-05-13,34.96977233886719
2016-05-16,35.80686569213867
2016-05-17,36.86968994140625
2016-05-18,33.916351318359375
2016-05-19,34.339599609375
2016-05-20,34.668792724609375
2016-05-23,34.048030853271484
2016-05-24,31.593183517456055
2016-05-25,32.778282165527344
2016-05-26,32.50551986694336
2016-05-27,30.93479347229004
2016-05-31,31.790699005126953
2016-06-01,31.743675231933594
2016-06-02,31.790699005126953
2016-06-03,35.70340347290039
2016-06-06,36.33357238769531
2016-06-07,35.85388946533203
2016-06-08,37.528079986572266
2016-06-09,38.17705535888672
2016-06-10,37.537479400634766
2016-06-13,37.678565979003906
2016-06-14,36.93552780151367
2016-06-15,38.4874382019043
2016-06-16,37.40580749511719
2016-06-17,37.91370391845703
2016-06-20,38.29933166503906
2016-06-21,37.067203521728516
2016-06-22,37.386993408203125
2016-06-23,37.41520690917969
2016-06-24,39.19285583496094
2016-06-27,39.29631423950195
2016-06-28,38.56268310546875
2016-06-29,39.55026626586914
2016-06-30,40.06756591796875
2016-07-01,42.682308197021484
2016-07-05,43.96146011352539
2016-07-06,45.974246978759766
2016-07-07,44.31886672973633
2016-07-08,46.47273635864258
2016-07-11,46.77371597290039
2016-07-12,44.8267707824707
2016-07-13,46.89598846435547
2016-07-14,46.754905700683594
2016-07-15,45.85197448730469
2016-07-18,45.83316421508789
2016-07-19,44.81736755371094
2016-07-20,41.318504333496094
2016-07-21,43.56642532348633
2016-07-22,43.06793212890625
2016-07-25,41.139801025390625
2016-07-26,42.65408706665039
2016-07-27,45.071311950683594
2016-07-28,45.27823257446289
2016-07-29,47.093502044677734
2016-08-01,47.902381896972656
2016-08-02,47.82712936401367
2016-08-03,47.45091247558594
2016-08-04,48.10929870605469
2016-08-05,46.47273635864258
2016-08-08,47.24399185180664
2016-08-09,47.69545364379883
2016-08-10,48.504329681396484
2016-08-11,47.98702621459961
2016-08-12,48.04346466064453
2016-08-15,47.98702621459961
2016-08-16,48.25979232788086
2016-08-17,47.6766471862793
2016-08-18,48.62660217285156
2016-08-19,47.12171936035156
2016-08-22,46.07770538330078
2016-08-23,45.00547409057617
2016-08-24,41.506614685058594
2016-08-25,42.81398391723633
2016-08-26,42.494197845458984
2016-08-29,42.597660064697266
2016-08-30,40.255680084228516
2016-08-31,39.277503967285156
2016-09-01,41.149208068847656
2016-09-02,43.575836181640625
2016-09-06,46.435115814208984
2016-09-07,45.85197448730469
2016-09-08,44.986663818359375
2016-09-09,41.798187255859375
2016-09-12,43.773345947265625
2016-09-13,41.93927001953125
2016-09-14,42.089759826660156
2016-09-15,42.19321823120117
2016-09-16,41.30909729003906
2016-09-19,41.77937316894531
2016-09-20,41.82640075683594
2016-09-21,45.184181213378906
2016-09-22,44.31886672973633
2016-09-23,42.71992492675781
2016-09-26,42.20262145996094
2016-09-27,41.25266647338867
2016-09-28,42.588253021240234
2016-09-29,42.183815002441406
2016-09-30,41.6571044921875
2016-10-03,40.95168685913086
2016-10-04,36.50287628173828
2016-10-05,36.82266616821289
2016-10-06,35.233123779296875
2016-10-07,35.82567596435547
2016-10-10,36.34297561645508
2016-10-11,35.092044830322266
2016-10-12,36.023193359375
2016-10-13,36.82266616821289
2016-10-14,35.81626892089844
2016-10-17,36.408817291259766
2016-10-18,38.17705535888672
2016-10-19,39.52205276489258
2016-10-20,39.25869369506836
2016-10-21,39.33393859863281
2016-10-24,38.24289321899414
2016-10-25,39.41858673095703
2016-10-26,38.38398361206055
2016-10-27,37.255313873291016
2016-10-28,37.255313873291016
2016-10-31,38.2617073059082
2016-11-01,39.531455993652344
2016-11-02,38.80722427368164
2016-11-03,39.832427978515625
2016-11-04,39.10820770263672
2016-11-07,37.443424224853516
2016-11-08,37.00136184692383
2016-11-09,37.84786605834961
2016-11-10,35.03561019897461
2016-11-11,32.20454788208008
2016-11-14,32.88174057006836
2016-11-15,34.668792724609375
2016-11-16,33.43667221069336
2016-11-17,32.49611282348633
2016-11-18,32.467899322509766
2016-11-21,33.163902282714844
2016-11-22,33.624778747558594
2016-11-23,31.743675231933594
2016-11-25,31.790699005126953
2016-11-28,33.09807205200195
2016-11-29,32.90996170043945
2016-11-30,32.279788970947266
2016-12-01,32.21394729614258
2016-12-02,33.35201644897461
2016-12-05,33.47429275512695
2016-12-06,33.31439971923828
2016-12-07,33.7940788269043
2016-12-08,33.85051727294922
2016-12-09,32.148109436035156
2016-12-12,32.18573760986328
2016-12-13,32.336219787597656
2016-12-14,30.26700782775879
2016-12-15,28.517576217651367
2016-12-16,28.08492088317871
2016-12-19,28.161191940307617
2016-12-20,28.240436553955078
2016-12-21,27.913555145263672
2016-12-22,27.963083267211914
2016-12-23,28.349397659301758
2016-12-27,29.37956428527832
2016-12-28,30.360200881958008
2016-12-29,33.16344451904297
2016-12-30,31.251691818237305
2017-01-03,33.32193374633789
2017-01-04,33.87663650512695
2017-01-05,36.74921798706055
2017-01-06,35.06528854370117
2017-01-09,35.6199951171875
2017-01-10,36.46195983886719
2017-01-11,36.452056884765625
2017-01-12,36.22422790527344
2017-01-13,36.313377380371094
2017-01-17,37.55155563354492
2017-01-18,36.34309005737305
2017-01-19,36.30347442626953
2017-01-20,36.66006851196289
2017-01-23,37.581275939941406
2017-01-24,37.20486831665039
2017-01-25,36.877986907958984
2017-01-26,35.80820083618164
2017-01-27,36.521392822265625
2017-01-30,36.39262390136719
2017-01-31,37.42278289794922
2017-02-01,37.71004867553711
2017-02-02,38.55200958251953
2017-02-03,38.8887939453125
2017-02-06,41.8901481628418
2017-02-07,41.51374053955078
2017-02-08,41.79108810424805
2017-02-09,40.49348068237305
2017-02-10,41.4146842956543
2017-02-13,40.87978744506836
2017-02-14,41.394874572753906
2017-02-15,41.10761642456055
2017-02-16,41.72174835205078
2017-02-17,40.859981536865234
2017-02-21,40.404327392578125
2017-02-22,40.34489440917969
2017-02-23,40.53309631347656
2017-02-24,39.7109489440918
2017-02-27,35.90725326538086
2017-02-28,36.5808219909668
2017-03-01,37.274208068847656
2017-03-02,34.20351791381836
2017-03-03,35.19405746459961
2017-03-06,33.10401153564453
2017-03-07,33.39126968383789
2017-03-08,33.00495529174805
2017-03-09,32.66817092895508
2017-03-10,34.36199951171875
2017-03-13,35.80820083618164
2017-03-14,33.66862869262695
2017-03-15,37.55155563354492
2017-03-16,37.095909118652344
2017-03-17,35.93696975708008
2017-03-20,36.491676330566406
2017-03-21,37.10581588745117
2017-03-22,36.7095947265625
2017-03-23,35.91716003417969
2017-03-24,35.85772705078125
2017-03-27,36.590728759765625
2017-03-28,35.501129150390625
2017-03-29,35.80820083618164
2017-03-30,35.362457275390625
2017-03-31,35.63980484008789
2017-04-03,36.28366470336914
2017-04-04,36.67987823486328
2017-04-05,36.551109313964844
2017-04-06,36.3629035949707
2017-04-07,36.21432113647461
2017-04-10,36.43224334716797
2017-04-11,37.14543533325195
2017-04-12,37.680328369140625
2017-04-13,36.35300064086914
2017-04-17,35.79829406738281
2017-04-18,35.530845642089844
2017-04-19,34.38181686401367
2017-04-20,34.19361114501953
2017-04-21,34.21342468261719
2017-04-24,33.38136291503906
2017-04-25,31.935169219970703
2017-04-26,31.954978942871094
2017-04-27,31.390369415283203
2017-04-28,31.925264358520508
2017-05-01,31.03377342224121
2017-05-02,30.875286102294922
2017-05-03,30.409730911254883
2017-05-04,29.369657516479492
2017-05-05,29.983797073364258
2017-05-08,30.023418426513672
2017-05-09,29.924362182617188
2017-05-10,30.6474609375
2017-05-11,31.786588668823242
2017-05-12,32.23233413696289
2017-05-15,32.450252532958984
2017-05-16,32.66817092895508
2017-05-17,33.470516204833984
2017-05-18,32.26205062866211
2017-05-19,32.30167007446289
2017-05-22,32.81675338745117
2017-05-23,31.608287811279297
2017-05-24,31.90545082092285
2017-05-25,31.439897537231445
2017-05-26,31.618196487426758
2017-05-30,31.182353973388672
2017-05-31,31.132827758789062
2017-06-01,31.03377342224121
2017-06-02,31.578571319580078
2017-06-05,31.77668571472168
2017-06-06,33.7181510925293
2017-06-07,33.62900161743164
2017-06-08,33.0247688293457
2017-06-09,32.4799690246582
2017-06-12,33.24269104003906
2017-06-13,34.015316009521484
2017-06-14,32.539398193359375
2017-06-15,32.41062927246094
2017-06-16,32.687984466552734
2017-06-19,32.15309143066406
2017-06-20,32.10355758666992
2017-06-21,32.618648529052734
2017-06-22,33.29221725463867
2017-06-23,33.87663650512695
2017-06-26,33.43089294433594
2017-06-27,33.183258056640625
2017-06-28,33.698341369628906
2017-06-29,33.00495529174805
2017-06-30,33.064395904541016
2017-07-03,31.87574005126953
2017-07-05,32.24223709106445
2017-07-06,31.71725082397461
2017-07-07,30.994152069091797
2017-07-10,31.756874084472656
2017-07-11,31.87574005126953
2017-07-12,31.99460220336914
2017-07-13,31.588478088378906
2017-07-14,32.093658447265625
2017-07-17,32.450252532958984
2017-07-18,32.618648529052734
2017-07-19,32.48987579345703
2017-07-20,32.64835739135742
2017-07-21,32.82666015625
2017-07-24,32.17289733886719
2017-07-25,32.00450897216797
2017-07-26,33.203067779541016
2017-07-27,32.618648529052734
2017-07-28,33.32193374633789
2017-07-31,33.3021240234375
2017-08-01,33.22288131713867
2017-08-02,32.91580581665039
2017-08-03,32.78703689575195
2017-08-04,32.0837516784668
2017-08-07,31.915361404418945
2017-08-08,31.935169219970703
2017-08-09,32.50968551635742
2017-08-10,33.014862060546875
2017-08-11,33.31202697753906
2017-08-14,32.737510681152344
2017-08-15,32.25214767456055
2017-08-16,33.0247688293457
2017-08-17,33.08420181274414
2017-08-18,33.07429504394531
2017-08-21,33.57947540283203
2017-08-22,33.183258056640625
2017-08-23,33.460609436035156
2017-08-24,33.48041915893555
2017-08-25,33.61909103393555
2017-08-28,34.90680694580078
2017-08-29,35.08510208129883
2017-08-30,34.58982467651367
2017-08-31,35.738861083984375
2017-09-01,35.91716003417969
2017-09-05,37.046382904052734
2017-09-06,36.47186279296875
2017-09-07,37.32373046875
2017-09-08,36.610538482666016
2017-09-11,35.59028244018555
2017-09-12,35.996402740478516
2017-09-13,35.2039680480957
2017-09-14,35.54075241088867
2017-09-15,34.9464225769043
2017-09-18,34.16389846801758
2017-09-19,34.3917236328125
2017-09-20,33.78749084472656
2017-09-21,33.43089294433594
2017-09-22,33.965789794921875
2017-09-25,34.61954879760742
2017-09-26,33.777584075927734
2017-09-27,33.25259017944336
2017-09-28,33.55966567993164
2017-09-29,33.272403717041016
2017-10-02,33.28230667114258
2017-10-03,33.7181510925293
2017-10-04,33.99550247192383
2017-10-05,33.470516204833984
2017-10-06,34.2629508972168
2017-10-09,34.63935852050781
2017-10-10,34.19361114501953
2017-10-11,34.58982467651367
2017-10-12,34.322383880615234
2017-10-13,34.29266357421875
2017-10-16,33.62900161743164
2017-10-17,33.55966567993164
2017-10-18,33.25259017944336
2017-10-19,33.490325927734375
2017-10-20,32.9554328918457
2017-10-23,32.74741744995117
2017-10-24,32.371009826660156
2017-10-25,32.0837516784668
2017-10-26,31.608287811279297
2017-10-27,31.796491622924805
2017-10-30,32.162994384765625
2017-10-31,31.68753433227539
2017-11-01,31.816303253173828
2017-11-02,32.113468170166016
2017-11-03,31.816303253173828
2017-11-06,32.48987579345703
2017-11-07,32.192710876464844
2017-11-08,32.40072250366211
2017-11-09,32.29176330566406
2017-11-10,31.806400299072266
2017-11-13,31.588478088378906
2017-11-14,31.37055778503418
2017-11-15,31.578571319580078
2017-11-16,31.608287811279297
2017-11-17,32.093658447265625
2017-11-20,31.479516983032227
2017-11-21,31.667720794677734
2017-11-22,32.162994384765625
2017-11-24,31.87574005126953
2017-11-27,32.2224235534668
2017-11-28,31.99460220336914
2017-11-29,31.410179138183594
2017-11-30,31.35074806213379
2017-12-01,31.44980239868164
2017-12-04,31.00405502319336
2017-12-05,30.568218231201172
2017-12-06,30.142284393310547
2017-12-07,29.755970001220703
2017-12-08,30.043228149414062
2017-12-11,30.072946548461914
2017-12-12,30.13237762451172
2017-12-13,31.281410217285156
2017-12-14,31.24178695678711
2017-12-15,31.16254425048828
2017-12-18,31.68870735168457
2017-12-19,31.817523956298828
2017-12-20,32.42197036743164
2017-12-21,32.76877975463867
2017-12-22,33.224586486816406
2017-12-26,33.98757553100586
2017-12-27,33.947940826416016
2017-12-28,33.93803024291992
2017-12-29,33.81912612915039
2018-01-02,34.819923400878906
2018-01-03,34.22539138793945
2018-01-04,34.46320343017578
2018-01-05,34.16593551635742
2018-01-08,33.64076614379883
2018-01-09,32.966957092285156
2018-01-10,33.37322235107422
2018-01-11,33.650672912597656
2018-01-12,34.621742248535156
2018-01-16,35.246009826660156
2018-01-17,34.621742248535156
2018-01-18,33.96775436401367
2018-01-19,34.086666107177734
2018-01-22,34.19566345214844
2018-01-23,34.7109260559082
2018-01-24,35.414459228515625
2018-01-25,34.205570220947266
2018-01-26,34.473114013671875
2018-01-29,33.264225006103516
2018-01-30,32.818321228027344
2018-01-31,33.37322235107422
2018-02-01,33.32367706298828
2018-02-02,31.99588394165039
2018-02-05,32.08506393432617
2018-02-06,31.222990036010742
2018-02-07,30.965354919433594
2018-02-08,31.044628143310547
2018-02-09,30.351003646850586
2018-02-12,31.401350021362305
2018-02-13,31.678796768188477
2018-02-14,33.14531707763672
2018-02-15,33.244407653808594
2018-02-16,32.2138786315918
2018-02-20,31.312170028686523
2018-02-21,31.262622833251953
2018-02-22,31.252716064453125
2018-02-23,31.61934471130371
2018-02-26,32.17424774169922
2018-02-27,31.23289680480957
2018-02-28,31.09417152404785
2018-03-01,31.59952735900879
2018-03-02,31.440982818603516
2018-03-05,31.52025604248047
2018-03-06,32.10488510131836
2018-03-07,31.38153076171875
2018-03-08,31.480621337890625
2018-03-09,31.431076049804688
2018-03-12,31.69861602783203
2018-03-13,31.54007339477539
2018-03-14,31.549983978271484
2018-03-15,31.242807388305664
2018-03-16,31.123899459838867
2018-03-19,31.440982818603516
2018-03-20,31.09417152404785
2018-03-21,32.2138786315918
2018-03-22,31.77788734436035
2018-03-23,32.481422424316406
2018-03-26,32.65978240966797
2018-03-27,32.11479187011719
2018-03-28,31.39143943786621
2018-03-29,31.857160568237305
2018-04-02,32.18415451049805
2018-04-03,31.708524703979492
2018-04-04,31.60943603515625
2018-04-05,31.76797866821289
2018-04-06,32.094970703125
2018-04-09,32.0355224609375
2018-04-10,32.30305862426758
2018-04-11,33.06604766845703
2018-04-12,32.55078125
2018-04-13,33.18495559692383
2018-04-16,33.15522384643555
2018-04-17,33.34349822998047
2018-04-18,33.66058349609375
2018-04-19,33.74976348876953
2018-04-20,33.18495559692383
2018-04-23,32.511146545410156
2018-04-24,32.88768768310547
2018-04-25,32.481422424316406
2018-04-26,32.65978240966797
2018-04-27,32.72914123535156
2018-04-30,32.2138786315918
2018-05-01,32.41205978393555
2018-05-02,32.76877975463867
2018-05-03,33.175045013427734
2018-05-04,33.244407653808594
2018-05-07,33.036319732666016
2018-05-08,33.105682373046875
2018-05-09,33.1155891418457
2018-05-10,33.78939437866211
2018-05-11,33.54167556762695
2018-05-14,33.244407653808594
2018-05-15,32.55078125
2018-05-16,32.530967712402344
2018-05-17,32.52105712890625
2018-05-18,32.54087448120117
2018-05-21,32.818321228027344
2018-05-22,32.46160125732422
2018-05-23,32.739051818847656
2018-05-24,33.194862365722656
2018-05-25,32.59041976928711
2018-05-29,32.332786560058594
2018-05-30,32.788597106933594
2018-05-31,32.4318733215332
2018-06-01,32.50123596191406
2018-06-04,32.491329193115234
2018-06-05,32.65978240966797
2018-06-06,32.689510345458984
2018-06-07,32.64987564086914
2018-06-08,32.481422424316406
2018-06-11,32.71923828125
2018-06-12,32.55078125
2018-06-13,32.69941711425781
2018-06-14,32.8975944519043
2018-06-15,32.41205978393555
2018-06-18,32.41205978393555
2018-06-19,32.15442657470703
2018-06-20,31.956247329711914
2018-06-21,32.10488510131836
2018-06-22,32.481422424316406
2018-06-25,32.22378921508789
2018-06-26,32.11479187011719
2018-06-27,31.84724998474121
2018-06-28,31.906705856323242
2018-06-29,32.40214920043945
2018-07-02,32.06524658203125
2018-07-03,32.69941711425781
2018-07-05,33.006595611572266
2018-07-06,33.194862365722656
2018-07-09,33.204769134521484
2018-07-10,33.1155891418457
2018-07-11,32.263423919677734
2018-07-12,32.40214920043945
2018-07-13,32.23369598388672
2018-07-16,31.985973358154297
2018-07-17,31.817523956298828
2018-07-18,31.985973358154297
2018-07-19,31.569801330566406
2018-07-20,31.797704696655273
2018-07-23,31.411258697509766
2018-07-24,31.75806999206543
2018-07-25,32.124698638916016
2018-07-26,31.61934471130371
2018-07-27,31.629253387451172
2018-07-30,31.411258697509766
2018-07-31,31.431076049804688
2018-08-01,31.252716064453125
2018-08-02,30.945537567138672
2018-08-03,31.173442840576172
2018-08-06,30.826631546020508
2018-08-07,30.489728927612305
2018-08-08,30.519453048706055
2018-08-09,30.52936363220215
2018-08-10,30.321277618408203
2018-08-13,29.290748596191406
2018-08-14,29.07275390625
2018-08-15,27.37833023071289
2018-08-16,26.565797805786133
2018-08-17,27.23960304260254
2018-08-20,27.556690216064453
2018-08-21,27.784595489501953
2018-08-22,27.834138870239258
2018-08-23,26.90270233154297
2018-08-24,27.953044891357422
2018-08-27,28.557491302490234
2018-08-28,27.91341209411621
2018-08-29,27.91341209411621
2018-08-30,27.497238159179688
2018-08-31,27.38823699951172
2018-09-04,26.882883071899414
2018-09-05,26.62525177001953
2018-09-06,26.526165008544922
2018-09-07,26.60543441772461
2018-09-10,26.21898651123047
2018-09-11,26.19917106628418
2018-09-12,27.110790252685547
2018-09-13,26.90270233154297
2018-09-14,26.565797805786133
2018-09-17,27.269330978393555
2018-09-18,27.209877014160156
2018-09-19,27.893592834472656
2018-09-20,28.29985809326172
2018-09-21,27.82423210144043
2018-09-24,27.655778884887695
2018-09-25,27.76477813720703
2018-09-26,27.28915023803711
2018-09-27,26.664888381958008
2018-09-28,27.110790252685547
2018-10-01,27.14051628112793
2018-10-02,27.76477813720703
2018-10-03,27.487327575683594
2018-10-04,27.576507568359375
2018-10-05,27.36842155456543
2018-10-08,27.61614418029785
2018-10-09,27.08106231689453
2018-10-10,27.299057006835938
2018-10-11,29.06284523010254
2018-10-12,29.033117294311523
2018-10-15,29.51865577697754
2018-10-16,29.4691104888916
2018-10-17,29.181753158569336
2018-10-18,29.043025970458984
2018-10-19,29.3601131439209
2018-10-22,29.003393173217773
2018-10-23,29.399747848510742
2018-10-24,29.08266258239746
2018-10-25,28.121498107910156
2018-10-26,27.953044891357422
2018-10-29,27.635961532592773
2018-10-30,27.71523094177246
2018-10-31,27.07115364074707
2018-11-01,27.883684158325195
2018-11-02,27.804410934448242
2018-11-05,28.022409439086914
2018-11-06,27.665687561035156
2018-11-07,27.417964935302734
2018-11-08,27.28915023803711
2018-11-09,26.882883071899414
2018-11-12,26.30816650390625
2018-11-13,25.931629180908203
2018-11-14,26.39734649658203
2018-11-15,26.872976303100586
2018-11-16,27.259424209594727
2018-11-19,27.348604202270508
2018-11-20,27.100879669189453
2018-11-21,27.84404945373535
2018-11-23,27.021610260009766
2018-11-26,26.744157791137695
2018-11-27,26.22889518737793
2018-11-28,26.93242835998535
2018-11-29,26.60543441772461
2018-11-30,26.347803115844727
2018-12-03,26.823429107666016
2018-12-04,26.912609100341797
2018-12-06,26.972063064575195
2018-12-07,27.784595489501953
2018-12-10,27.507144927978516
2018-12-11,27.695415496826172
2018-12-12,28.111589431762695
2018-12-13,28.07195281982422
2018-12-14,27.51705551147461
2018-12-17,28.488128662109375
2018-12-18,29.191659927368164
2018-12-19,27.794504165649414
2018-12-20,28.975427627563477
2018-12-21,28.816112518310547
2018-12-24,29.752086639404297
2018-12-26,29.134742736816406
2018-12-27,29.612686157226562
2018-12-28,29.31397247314453
2018-12-31,30.09063148498535
2019-01-02,30.20016098022461
2019-01-03,31.315366744995117
2019-01-04,31.146095275878906
2019-01-07,30.68806266784668
2019-01-08,30.92703628540039
2019-01-09,31.305410385131836
2019-01-10,30.568578720092773
2019-01-11,30.55862045288086
2019-01-14,30.51879119873047
2019-01-15,29.971145629882812
2019-01-16,30.060760498046875
2019-01-17,30.140419006347656
2019-01-18,29.204442977905273
2019-01-22,29.39362907409668
2019-01-23,29.533029556274414
2019-01-24,29.433456420898438
2019-01-25,30.469005584716797
2019-01-28,31.146095275878906
2019-01-29,31.8132266998291
2019-01-30,32.14181137084961
2019-01-31,32.81890106201172
2019-02-01,32.69941711425781
2019-02-04,32.33100128173828
2019-02-05,32.639671325683594
2019-02-06,31.912797927856445
2019-02-07,31.434852600097656
2019-02-08,32.19160079956055
2019-02-11,31.703697204589844
2019-02-12,31.833139419555664
2019-02-13,31.753482818603516
2019-02-14,32.19160079956055
2019-02-15,32.80894470214844
2019-02-19,34.192996978759766
2019-02-20,34.2626953125
2019-02-21,33.57564926147461
2019-02-22,33.715049743652344
2019-02-25,33.087745666503906
2019-02-26,33.356590270996094
2019-02-27,32.60980224609375
2019-02-28,32.27125549316406
2019-03-01,31.305410385131836
2019-03-04,31.295452117919922
2019-03-05,31.305410385131836
2019-03-06,30.498876571655273
2019-03-07,30.867292404174805
2019-03-08,32.16172790527344
2019-03-11,31.872968673706055
2019-03-12,32.53014373779297
2019-03-13,32.83881759643555
2019-03-14,31.962583541870117
2019-03-15,32.19160079956055
2019-03-18,31.863012313842773
2019-03-19,32.09202575683594
2019-03-20,32.94834518432617
2019-03-21,32.96826171875
2019-03-22,32.58988571166992
2019-03-25,33.33667755126953
2019-03-26,33.32672119140625
2019-03-27,32.7392463684082
2019-03-28,31.57425308227539
2019-03-29,31.594167709350586
2019-04-01,30.727893829345703
2019-04-02,30.817508697509766
2019-04-03,30.936992645263672
2019-04-04,31.57425308227539
2019-04-05,31.653911590576172
2019-04-08,32.14181137084961
2019-04-09,32.34095764160156
2019-04-10,31.912797927856445
2019-04-11,31.16600799560547
2019-04-12,30.996736526489258
2019-04-15,30.79759407043457
2019-04-16,30.16033363342285
2019-04-17,30.050804138183594
2019-04-18,29.44341468811035
2019-04-22,28.83602523803711
2019-04-23,28.686668395996094
2019-04-24,29.184526443481445
2019-04-25,29.055084228515625
2019-04-26,29.991060256958008
2019-04-29,29.19448471069336
2019-04-30,29.204442977905273
2019-05-01,28.686668395996094
2019-05-02,28.05936622619629
2019-05-03,28.288379669189453
2019-05-06,28.368038177490234
2019-05-07,28.975427627563477
2019-05-08,28.50743865966797
2019-05-09,28.41782569885254
2019-05-10,28.258508682250977
2019-05-13,29.134742736816406
2019-05-14,28.925640106201172
2019-05-15,28.826068878173828
2019-05-16,28.41782569885254
2019-05-17,28.616968154907227
2019-05-20,28.338165283203125
2019-05-21,28.4377384185791
2019-05-22,27.830350875854492
2019-05-23,27.939878463745117
2019-05-24,28.06932258605957
2019-05-28,27.890092849731445
2019-05-29,27.84030532836914
2019-05-30,28.377994537353516
2019-05-31,29.403587341308594
2019-06-03,30.92703628540039
2019-06-04,30.946950912475586
2019-06-05,30.658193588256836
2019-06-06,30.917078018188477
2019-06-07,30.747806549072266
2019-06-10,29.931316375732422
2019-06-11,30.31964874267578
2019-06-12,30.887208938598633
2019-06-13,31.375110626220703
2019-06-14,31.375110626220703
2019-06-17,31.49459457397461
2019-06-18,31.833139419555664
2019-06-19,32.19160079956055
2019-06-20,34.083465576171875
2019-06-21,34.22286605834961
2019-06-24,35.447601318359375
2019-06-25,34.740638732910156
2019-06-26,34.690853118896484
2019-06-27,34.51162338256836
2019-06-28,34.810340881347656
2019-07-01,33.087745666503906
2019-07-02,34.770511627197266
2019-07-03,34.770511627197266
2019-07-05,34.501670837402344
2019-07-08,34.15316390991211
2019-07-09,34.810340881347656
2019-07-10,35.74631881713867
2019-07-11,35.128971099853516
2019-07-12,35.65670394897461
2019-07-15,35.89567565917969
2019-07-16,35.89567565917969
2019-07-17,37.538612365722656
2019-07-18,39.759063720703125
2019-07-19,39.32094955444336
2019-07-22,39.6495361328125
2019-07-23,39.01227569580078
2019-07-24,39.759063720703125
2019-07-25,38.41484451293945
2019-07-26,38.40488815307617
2019-07-29,39.141719818115234
2019-07-30,39.58979034423828
2019-07-31,37.379295349121094
2019-08-01,39.29107666015625
2019-08-02,39.261207580566406
2019-08-05,40.92405319213867
2019-08-06,40.7149543762207
2019-08-07,41.660888671875
2019-08-08,42.31806182861328
2019-08-09,41.660888671875
2019-08-12,40.824485778808594
2019-08-13,39.89846420288086
2019-08-14,39.579833984375
2019-08-15,40.26688003540039
2019-08-16,39.05210494995117
2019-08-19,38.424800872802734
2019-08-20,39.888511657714844
2019-08-21,39.49021911621094
2019-08-22,38.9326171875
2019-08-23,41.04354476928711
2019-08-26,41.02362823486328
2019-08-27,42.208534240722656
2019-08-28,41.93968963623047
2019-08-29,40.764739990234375
2019-08-30,40.874271392822266
2019-09-03,41.840118408203125
2019-09-04,42.557037353515625
2019-09-05,40.09761047363281
2019-09-06,39.042144775390625
2019-09-09,37.916988372802734
2019-09-10,37.65809631347656
2019-09-11,37.83732604980469
2019-09-12,37.100494384765625
2019-09-13,36.104774475097656
2019-09-16,37.21002197265625
2019-09-17,38.185829162597656
2019-09-18,36.90135192871094
2019-09-19,38.00659942626953
2019-09-20,39.072021484375
2019-09-23,39.9980354309082
2019-09-24,40.60542678833008
2019-09-25,38.743431091308594
2019-09-26,38.1260871887207
2019-09-27,37.43903732299805
2019-09-30,36.104774475097656
2019-10-01,36.781864166259766
2019-10-02,37.4091682434082
2019-10-03,37.26976776123047
2019-10-04,38.07630157470703
2019-10-07,37.51869583129883
2019-10-08,38.59407043457031
2019-10-09,37.916988372802734
2019-10-10,38.145999908447266
2019-10-11,36.91130828857422
2019-10-14,36.881439208984375
2019-10-15,35.6268310546875
2019-10-16,36.47319412231445
2019-10-17,37.21002197265625
2019-10-18,37.05070877075195
2019-10-21,36.104774475097656
2019-10-22,36.23421859741211
2019-10-23,36.61259460449219
2019-10-24,37.52865219116211
2019-10-25,37.97672653198242
2019-10-28,37.130367279052734
2019-10-29,37.59835433959961
2019-10-30,38.066341400146484
2019-10-31,39.042144775390625
2019-11-01,39.2313346862793
2019-11-04,38.61398696899414
2019-11-05,37.58839797973633
2019-11-06,38.1260871887207
2019-11-07,36.64246368408203
2019-11-08,36.174476623535156
2019-11-11,36.174476623535156
2019-11-12,36.881439208984375
2019-11-13,36.90135192871094
2019-11-14,37.47886657714844
2019-11-15,36.98100662231445
2019-11-18,37.52865219116211
2019-11-19,37.27972412109375
2019-11-20,37.62822723388672
2019-11-21,36.63250732421875
2019-11-22,36.5030632019043
2019-11-25,36.134647369384766
2019-11-26,37.239898681640625
2019-11-27,37.04075241088867
2019-11-29,37.98668670654297
2019-12-02,38.096214294433594
2019-12-03,39.35082244873047
2019-12-04,39.042144775390625
2019-12-05,39.191505432128906
2019-12-06,37.8671989440918
2019-12-09,37.916988372802734
2019-12-10,38.096214294433594
2019-12-11,39.261207580566406
2019-12-12,39.141719818115234
2019-12-13,39.16163635253906
2019-12-16,38.61398696899414
2019-12-17,38.40488815307617
2019-12-18,38.56420135498047
2019-12-19,38.77330017089844
2019-12-20,38.145999908447266
2019-12-23,39.560001373291016
2019-12-24,41.029998779296875
2019-12-26,41.970001220703125
2019-12-27,41.380001068115234
2019-12-30,42.369998931884766
2019-12-31,42.2599983215332
2020-01-02,42.38999938964844
2020-01-03,41.90999984741211
2020-01-06,41.95000076293945
2020-01-07,42.650001525878906
2020-01-08,40.84000015258789
2020-01-09,40.22999954223633
2020-01-10,40.900001525878906
2020-01-13,39.65999984741211
2020-01-14,40.61000061035156
2020-01-15,41.439998626708984
2020-01-16,41.0099983215332
2020-01-17,40.849998474121094
2020-01-21,41.540000915527344
2020-01-22,41.560001373291016
2020-01-23,40.9900016784668
2020-01-24,41.790000915527344
2020-01-27,41.310001373291016
2020-01-28,40.22999954223633
2020-01-29,41.290000915527344
2020-01-30,41.119998931884766
2020-01-31,41.540000915527344
2020-02-03,40.720001220703125
2020-02-04,40.40999984741211
2020-02-05,40.400001525878906
2020-02-06,40.95000076293945
2020-02-07,40.25
2020-02-10,40.95000076293945
2020-02-11,40.810001373291016
2020-02-12,40.5099983215332
2020-02-13,41.060001373291016
2020-02-14,40.970001220703125
2020-02-18,42.65999984741211
2020-02-19,44.040000915527344
2020-02-20,43.7599983215332
2020-02-21,44.970001220703125
2020-02-24,44.90999984741211
2020-02-25,42.650001525878906
2020-02-26,42.70000076293945
2020-02-27,39.7599983215332
2020-02-28,36.04999923706055
2020-03-02,38.099998474121094
2020-03-03,39.709999084472656
2020-03-04,40.189998626708984
2020-03-05,40.90999984741211
2020-03-06,40.119998931884766
2020-03-09,37.060001373291016
2020-03-10,37.400001525878906
2020-03-11,33.459999084472656
2020-03-12,24.670000076293945
2020-03-13,22.170000076293945
2020-03-16,26.68000030517578
2020-03-17,32.9900016784668
2020-03-18,24.850000381469727
2020-03-19,25.81999969482422
2020-03-20,24.65999984741211
2020-03-23,27.06999969482422
2020-03-24,32.130001068115234
2020-03-25,33.470001220703125
2020-03-26,32.7400016784668
2020-03-27,29.90999984741211
2020-03-30,29.059999465942383
2020-03-31,28.100000381469727
2020-04-01,29.18000030517578
2020-04-02,30.350000381469727
2020-04-03,29.709999084472656
2020-04-06,32.560001373291016
2020-04-07,31.8700008392334
2020-04-08,32.56999969482422
2020-04-09,35.650001525878906
