Date,GII
2010-01-04,30.157419204711914
2010-01-05,29.723501205444336
2010-01-06,29.93345832824707
2010-01-07,29.58353042602539
2010-01-08,29.898475646972656
2010-01-11,30.374385833740234
2010-01-12,29.79348373413086
2010-01-13,30.017454147338867
2010-01-14,30.423376083374023
2010-01-15,29.709508895874023
2010-01-19,30.388381958007812
2010-01-20,29.471553802490234
2010-01-21,29.44356346130371
2010-01-22,28.834665298461914
2010-01-25,29.2615909576416
2010-01-26,29.121612548828125
2010-01-27,28.575716018676758
2010-01-28,28.60371208190918
2010-01-29,28.050806045532227
2010-02-01,28.5477237701416
2010-02-02,28.82766342163086
2010-02-03,28.491735458374023
2010-02-04,27.735872268676758
2010-02-05,27.385940551757812
2010-02-08,27.294952392578125
2010-02-09,27.504919052124023
2010-02-10,27.42091941833496
2010-02-11,27.546907424926758
2010-02-12,27.532907485961914
2010-02-16,27.917837142944336
2010-02-17,28.071809768676758
2010-02-18,28.043811798095703
2010-02-19,28.19778060913086
2010-02-22,28.127798080444336
2010-02-23,27.82685089111328
2010-02-24,28.02981948852539
2010-02-25,27.80586051940918
2010-02-26,27.714881896972656
2010-03-01,28.204784393310547
2010-03-02,28.44973373413086
2010-03-03,28.60371208190918
2010-03-04,28.32376480102539
2010-03-05,28.67369842529297
2010-03-08,28.617700576782227
2010-03-09,28.554718017578125
2010-03-10,28.890653610229492
2010-03-11,28.981639862060547
2010-03-12,28.869657516479492
2010-03-15,28.687694549560547
2010-03-16,29.016633987426758
2010-03-17,29.10062026977539
2010-03-18,28.848670959472656
2010-03-19,28.596715927124023
2010-03-22,28.47772789001465
2010-03-23,28.687694549560547
2010-03-24,28.204784393310547
2010-03-25,28.225780487060547
2010-03-26,28.2747745513916
2010-03-29,28.575716018676758
2010-03-30,28.82766342163086
2010-03-31,28.624713897705078
2010-04-01,29.10761833190918
2010-04-05,28.918649673461914
2010-04-06,29.114620208740234
2010-04-07,28.855661392211914
2010-04-08,28.89765739440918
2010-04-09,29.31757926940918
2010-04-12,29.331571578979492
2010-04-13,29.373573303222656
2010-04-14,29.506546020507812
2010-04-15,29.415557861328125
2010-04-16,28.841665267944336
2010-04-19,28.82766342163086
2010-04-20,29.10062026977539
2010-04-21,29.10062026977539
2010-04-22,28.869657516479492
2010-04-23,29.05862808227539
2010-04-26,28.953649520874023
2010-04-27,28.204784393310547
2010-04-28,28.28876304626465
2010-04-29,28.40774917602539
2010-04-30,28.344758987426758
2010-05-03,28.617700576782227
2010-05-04,27.903839111328125
2010-05-05,27.42091941833496
2010-05-06,25.95820426940918
2010-05-07,26.266138076782227
2010-05-10,27.44892692565918
2010-05-11,27.553903579711914
2010-05-12,27.72187614440918
2010-05-13,27.308958053588867
2010-05-14,26.72806167602539
2010-05-17,26.91701889038086
2010-05-18,26.644075393676758
2010-05-19,26.54609489440918
2010-05-20,25.727243423461914
2010-05-21,25.839216232299805
2010-05-24,25.573270797729492
2010-05-25,25.6502628326416
2010-05-26,25.300321578979492
2010-05-27,26.147165298461914
2010-05-28,26.18216323852539
2010-06-01,25.720247268676758
2010-06-02,26.294137954711914
2010-06-03,26.48310089111328
2010-06-04,25.944196701049805
2010-06-07,25.447294235229492
2010-06-08,25.846220016479492
2010-06-09,25.916208267211914
2010-06-10,26.434112548828125
2010-06-11,26.48310089111328
2010-06-14,26.651077270507812
2010-06-15,27.51191520690918
2010-06-16,27.539901733398438
2010-06-17,27.294952392578125
2010-06-18,27.516197204589844
2010-06-21,27.272754669189453
2010-06-22,26.907594680786133
2010-06-23,26.929075241088867
2010-06-24,26.821674346923828
2010-06-25,26.671306610107422
2010-06-28,26.614030838012695
2010-06-29,25.983945846557617
2010-06-30,25.83357810974121
2010-07-01,26.105663299560547
2010-07-02,26.234548568725586
2010-07-06,26.413541793823242
2010-07-07,27.473237991333008
2010-07-08,27.39447593688965
2010-07-09,27.451759338378906
2010-07-12,27.387313842773438
2010-07-13,27.52336311340332
2010-07-14,27.70952606201172
2010-07-15,27.731002807617188
2010-07-16,27.186840057373047
2010-07-19,27.49472427368164
2010-07-20,27.659400939941406
2010-07-21,27.179676055908203
2010-07-22,27.952964782714844
2010-07-23,27.98160743713379
2010-07-26,28.139129638671875
2010-07-27,28.318126678466797
2010-07-28,28.13197135925293
2010-07-29,28.196409225463867
2010-07-30,28.16776466369629
2010-08-02,28.769216537475586
2010-08-03,28.89093589782715
2010-08-04,28.79069709777832
2010-08-05,28.919574737548828
2010-08-06,28.740575790405273
2010-08-09,29.06993865966797
2010-08-10,29.019811630249023
2010-08-11,28.174924850463867
2010-08-12,28.110485076904297
2010-08-13,28.12481117248535
2010-08-16,28.03888511657715
2010-08-17,28.504291534423828
2010-08-18,28.439855575561523
2010-08-19,27.731002807617188
2010-08-20,27.938648223876953
2010-08-23,28.03888511657715
2010-08-24,27.759647369384766
2010-08-25,27.83839988708496
2010-08-26,27.88136100769043
2010-08-27,28.28948974609375
2010-08-30,27.960128784179688
2010-08-31,27.88136100769043
2010-09-01,28.640335083007812
2010-09-02,28.81217384338379
2010-09-03,28.89809799194336
2010-09-07,28.883773803710938
2010-09-08,29.077102661132812
2010-09-09,29.077102661132812
2010-09-10,28.94821548461914
2010-09-13,29.055625915527344
2010-09-14,29.198823928833008
2010-09-15,29.09142303466797
2010-09-16,28.740575790405273
2010-09-17,28.6117000579834
2010-09-20,28.819337844848633
2010-09-21,29.034135818481445
2010-09-22,29.06993865966797
2010-09-23,28.640335083007812
2010-09-24,29.34917449951172
2010-09-27,29.442262649536133
2010-09-28,29.342016220092773
2010-09-29,29.320539474487305
2010-09-30,29.155858993530273
2010-10-01,29.263263702392578
2010-10-04,29.041301727294922
2010-10-05,29.714340209960938
2010-10-06,29.52102279663086
2010-10-07,29.58547019958496
2010-10-08,29.843225479125977
2010-10-11,29.886184692382812
2010-10-12,29.58547019958496
2010-10-13,29.900510787963867
2010-10-14,29.936315536499023
2010-10-15,30.12963104248047
2010-10-18,30.351591110229492
2010-10-19,29.80742645263672
2010-10-20,30.251354217529297
2010-10-21,30.050867080688477
2010-10-22,30.143949508666992
2010-10-25,30.237031936645508
2010-10-26,30.10098648071289
2010-10-27,29.850385665893555
2010-10-28,30.229869842529297
2010-10-29,30.394548416137695
2010-11-01,30.01506805419922
2010-11-02,30.54490852355957
2010-11-03,30.55923843383789
2010-11-04,30.953033447265625
2010-11-05,30.716758728027344
2010-11-08,30.437509536743164
2010-11-09,30.401714324951172
2010-11-10,30.451839447021484
2010-11-11,30.258508682250977
2010-11-12,29.97926902770996
2010-11-15,30.093826293945312
2010-11-16,29.571142196655273
2010-11-17,29.70718002319336
2010-11-18,30.072357177734375
2010-11-19,30.10098648071289
2010-11-22,29.97211265563965
2010-11-23,29.334863662719727
2010-11-24,29.51386833190918
2010-11-26,29.17733383178711
2010-11-29,28.962539672851562
2010-11-30,28.762052536010742
2010-12-01,29.263263702392578
2010-12-02,29.442262649536133
2010-12-03,29.542495727539062
2010-12-06,29.463748931884766
2010-12-07,29.41362762451172
2010-12-08,29.37065887451172
2010-12-09,29.463748931884766
2010-12-10,29.571142196655273
2010-12-13,29.814586639404297
2010-12-14,29.80026626586914
2010-12-15,29.48522186279297
2010-12-16,29.678546905517578
2010-12-17,29.513975143432617
2010-12-20,29.7542781829834
2010-12-21,29.92176628112793
2010-12-22,29.9873046875
2010-12-23,29.950891494750977
2010-12-27,29.929039001464844
2010-12-28,29.90719985961914
2010-12-29,30.06012725830078
2010-12-30,29.994586944580078
2010-12-31,30.08924674987793
2011-01-03,30.20575523376465
2011-01-04,30.183914184570312
2011-01-05,30.08924674987793
2011-01-06,29.776124954223633
2011-01-07,29.703304290771484
2011-01-10,29.66689682006836
2011-01-11,29.688743591308594
2011-01-12,30.067405700683594
2011-01-13,30.285865783691406
2011-01-14,30.5552978515625
2011-01-18,30.83201789855957
2011-01-19,30.73734474182129
2011-01-20,31.014055252075195
2011-01-21,31.203393936157227
2011-01-24,31.36359977722168
2011-01-25,31.159709930419922
2011-01-26,31.1232852935791
2011-01-27,31.247085571289062
2011-01-28,30.75920295715332
2011-01-31,30.999500274658203
2011-02-01,31.560226440429688
2011-02-02,31.312625885009766
2011-02-03,31.232521057128906
2011-02-04,31.25436782836914
2011-02-07,31.305349349975586
2011-02-08,31.34903907775879
2011-02-09,31.38544464111328
2011-02-10,31.34175682067871
2011-02-11,31.458267211914062
2011-02-14,31.407299041748047
2011-02-15,31.26892852783203
2011-02-16,31.392724990844727
2011-02-17,31.67673110961914
2011-02-18,31.705860137939453
2011-02-22,31.298070907592773
2011-02-23,31.3781681060791
2011-02-24,31.312625885009766
2011-02-25,31.480113983154297
2011-02-28,31.82965850830078
2011-03-01,31.443702697753906
2011-03-02,31.465551376342773
2011-03-03,31.793235778808594
2011-03-04,31.523799896240234
2011-03-07,31.49467658996582
2011-03-08,31.49467658996582
2011-03-09,31.720420837402344
2011-03-10,31.392724990844727
2011-03-11,31.465551376342773
2011-03-14,30.788318634033203
2011-03-15,30.132949829101562
2011-03-16,29.3974609375
2011-03-17,29.90719985961914
2011-03-18,30.22032356262207
2011-03-21,30.766475677490234
2011-03-22,30.78104591369629
2011-03-23,30.751911163330078
2011-03-24,30.868427276611328
2011-03-25,30.73734474182129
2011-03-28,30.613555908203125
2011-03-29,30.73006820678711
2011-03-30,31.31990623474121
2011-03-31,31.225242614746094
2011-04-01,31.130582809448242
2011-04-04,31.174266815185547
2011-04-05,31.07232093811035
2011-04-06,31.181550979614258
2011-04-07,31.261655807495117
2011-04-08,31.436426162719727
2011-04-11,31.079608917236328
2011-04-12,30.926685333251953
2011-04-13,31.247085571289062
2011-04-14,31.1232852935791
2011-04-15,31.31990623474121
2011-04-18,30.751911163330078
2011-04-19,30.926685333251953
2011-04-20,31.480113983154297
2011-04-21,31.603904724121094
2011-04-25,31.69129753112793
2011-04-26,31.946163177490234
2011-04-27,32.34666442871094
2011-04-28,32.57970428466797
2011-04-29,32.739906311035156
2011-05-02,32.68164825439453
2011-05-03,32.536006927490234
2011-05-04,32.33938980102539
2011-05-05,31.89519500732422
2011-05-06,31.74953842163086
2011-05-09,31.82236099243164
2011-05-10,32.24472427368164
2011-05-11,31.989850997924805
2011-05-12,31.982572555541992
2011-05-13,31.596630096435547
2011-05-16,31.50923728942871
2011-05-17,31.40001106262207
2011-05-18,31.82965850830078
2011-05-19,31.742265701293945
2011-05-20,31.74953842163086
2011-05-23,31.094175338745117
2011-05-24,31.203393936157227
2011-05-25,31.21795654296875
2011-05-26,31.34903907775879
2011-05-27,31.50923728942871
2011-05-31,31.764108657836914
2011-06-01,31.305349349975586
2011-06-02,31.334470748901367
2011-06-03,31.239810943603516
2011-06-06,30.8101749420166
2011-06-07,31.006778717041016
2011-06-08,30.890268325805664
2011-06-09,31.1014461517334
2011-06-10,30.446063995361328
2011-06-13,30.3878116607666
2011-06-14,31.086885452270508
2011-06-15,30.3441162109375
2011-06-16,30.409658432006836
2011-06-17,30.686113357543945
2011-06-20,30.976730346679688
2011-06-21,31.289710998535156
2011-06-22,31.013992309570312
2011-06-23,30.55944061279297
2011-06-24,30.760631561279297
2011-06-27,30.77553939819336
2011-06-28,31.013992309570312
2011-06-29,31.394025802612305
2011-06-30,31.721900939941406
2011-07-01,31.99761199951172
2011-07-05,31.89328956604004
2011-07-06,31.610124588012695
2011-07-07,31.781517028808594
2011-07-08,31.386568069458008
2011-07-11,30.596696853637695
2011-07-12,30.701025009155273
2011-07-13,30.760631561279297
2011-07-14,30.626497268676758
2011-07-15,30.5668888092041
2011-07-18,30.320980072021484
2011-07-19,30.760631561279297
2011-07-20,31.00653839111328
2011-07-21,31.669740676879883
2011-07-22,31.595224380493164
2011-07-25,31.49835777282715
2011-07-26,31.565418243408203
2011-07-27,31.073610305786133
2011-07-28,30.932024002075195
2011-07-29,30.9096622467041
2011-08-01,30.432758331298828
2011-08-02,29.948396682739258
2011-08-03,30.01546287536621
2011-08-04,28.323923110961914
2011-08-05,28.949871063232422
2011-08-08,26.952810287475586
2011-08-09,28.159988403320312
2011-08-10,27.57875633239746
2011-08-11,28.51021957397461
2011-08-12,28.599639892578125
2011-08-15,29.322458267211914
2011-08-16,28.94241714477539
2011-08-17,29.158519744873047
2011-08-18,28.167442321777344
2011-08-19,28.316471099853516
2011-08-22,28.390995025634766
2011-08-23,29.076549530029297
2011-08-24,29.55345344543457
2011-08-25,28.92751693725586
2011-08-26,29.128707885742188
2011-08-29,29.76955795288086
2011-08-30,29.687591552734375
2011-08-31,29.881332397460938
2011-09-01,29.53110694885254
2011-09-02,29.09890365600586
2011-09-06,28.614543914794922
2011-09-07,29.20322036743164
2011-09-08,28.964767456054688
2011-09-09,28.003507614135742
2011-09-12,27.772502899169922
2011-09-13,28.35373306274414
2011-09-14,28.890254974365234
2011-09-15,29.27775001525879
2011-09-16,29.374614715576172
2011-09-19,29.09890365600586
2011-09-20,29.76955795288086
2011-09-21,28.726316452026367
2011-09-22,28.01840591430664
2011-09-23,28.64434814453125
2011-09-26,28.56983184814453
2011-09-27,29.58325958251953
2011-09-28,29.24793815612793
2011-09-29,29.195777893066406
2011-09-30,28.733774185180664
2011-10-03,28.443153381347656
2011-10-04,28.46550750732422
2011-10-05,28.66670799255371
2011-10-06,28.99457550048828
2011-10-07,29.031841278076172
2011-10-10,29.940946578979492
2011-10-11,29.940946578979492
2011-10-12,30.030364990234375
2011-10-13,29.620527267456055
2011-10-14,30.045265197753906
2011-10-17,29.985658645629883
2011-10-18,29.642881393432617
2011-10-19,29.642881393432617
2011-10-20,29.82172203063965
2011-10-21,30.42531967163086
2011-10-24,30.537084579467773
2011-10-25,30.291173934936523
2011-10-26,30.2315673828125
2011-10-27,31.364221572875977
2011-10-28,30.96929168701172
2011-10-31,30.365692138671875
2011-11-01,29.456581115722656
2011-11-02,29.76955795288086
2011-11-03,30.417856216430664
2011-11-04,29.70994758605957
2011-11-07,30.2315673828125
2011-11-08,30.320980072021484
2011-11-09,29.47148323059082
2011-11-10,29.702495574951172
2011-11-11,30.432758331298828
2011-11-14,29.858978271484375
2011-11-15,29.829172134399414
2011-11-16,29.35226058959961
2011-11-17,29.27775001525879
2011-11-18,29.5683650970459
2011-11-21,29.08399772644043
2011-11-22,29.151063919067383
2011-11-23,28.398441314697266
2011-11-25,28.495317459106445
2011-11-28,29.17342185974121
2011-11-29,29.30754852294922
2011-11-30,30.2464599609375
2011-12-01,30.164499282836914
2011-12-02,29.82172203063965
2011-12-05,30.164499282836914
2011-12-06,29.858978271484375
2011-12-07,29.97820472717285
2011-12-08,29.538551330566406
2011-12-09,29.881332397460938
2011-12-12,29.23302459716797
2011-12-13,29.396970748901367
2011-12-14,28.934965133666992
2011-12-15,29.38206672668457
2011-12-16,29.070491790771484
2011-12-19,28.796241760253906
2011-12-20,29.573284149169922
2011-12-21,29.558042526245117
2011-12-22,29.86276626586914
2011-12-23,30.037981033325195
2011-12-27,30.060836791992188
2011-12-28,29.824678421020508
2011-12-29,29.977039337158203
2011-12-30,30.098926544189453
2012-01-03,30.27414321899414
2012-01-04,30.350324630737305
2012-01-05,29.977039337158203
2012-01-06,29.977039337158203
2012-01-09,29.756114959716797
2012-01-10,30.0151309967041
2012-01-11,29.756114959716797
2012-01-12,29.756114959716797
2012-01-13,29.405685424804688
2012-01-17,29.60375213623047
2012-01-18,29.908472061157227
2012-01-19,29.64183807373047
2012-01-20,29.504718780517578
2012-01-23,29.56566619873047
2012-01-24,29.420915603637695
2012-01-25,29.78658676147461
2012-01-26,29.908472061157227
2012-01-27,29.809444427490234
2012-01-30,29.64183807373047
2012-01-31,29.870384216308594
2012-02-01,30.213193893432617
2012-02-02,29.992273330688477
2012-02-03,30.236051559448242
2012-02-06,30.13701629638672
2012-02-07,30.594099044799805
2012-02-08,30.42650032043457
2012-02-09,30.42650032043457
2012-02-10,30.312236785888672
2012-02-13,30.266523361206055
2012-02-14,30.175113677978516
2012-02-15,30.12939453125
2012-02-16,30.42650032043457
2012-02-17,30.45697021484375
2012-02-21,30.403648376464844
2012-02-22,30.36556053161621
2012-02-23,30.510303497314453
2012-02-24,30.548391342163086
2012-02-27,30.540773391723633
2012-02-28,30.502685546875
2012-02-29,30.63218116760254
2012-03-01,30.837879180908203
2012-03-02,30.84549331665039
2012-03-05,30.891210556030273
2012-03-06,30.380794525146484
2012-03-07,30.472213745117188
2012-03-08,30.70075225830078
2012-03-09,30.70075225830078
2012-03-12,30.655046463012695
2012-03-13,30.97500991821289
2012-03-14,30.79979133605957
2012-03-15,30.830263137817383
2012-03-16,30.9521427154541
2012-03-19,30.883588790893555
2012-03-20,30.746458053588867
2012-03-21,30.685516357421875
2012-03-22,30.548391342163086
2012-03-23,30.685516357421875
2012-03-26,30.97500991821289
2012-03-27,31.013090133666992
2012-03-28,30.586484909057617
2012-03-29,30.685516357421875
2012-03-30,30.883588790893555
2012-04-02,31.09688949584961
2012-04-03,30.77693748474121
2012-04-04,30.540773391723633
2012-04-05,30.434120178222656
2012-04-09,30.15987205505371
2012-04-10,29.809444427490234
2012-04-11,30.022748947143555
2012-04-12,30.12939453125
2012-04-13,29.908472061157227
2012-04-16,30.258907318115234
2012-04-17,30.258907318115234
2012-04-18,30.18271827697754
2012-04-19,29.954191207885742
2012-04-20,30.380794525146484
2012-04-23,30.045589447021484
2012-04-24,30.266523361206055
2012-04-25,30.55600929260254
2012-04-26,30.7083683013916
2012-04-27,30.63218116760254
2012-04-30,30.57887077331543
2012-05-01,30.868350982666016
2012-05-02,30.45697021484375
2012-05-03,30.47983741760254
2012-05-04,30.152250289916992
2012-05-07,30.548391342163086
2012-05-08,30.091312408447266
2012-05-09,30.007509231567383
2012-05-10,30.44936180114746
2012-05-11,30.418888092041016
2012-05-14,30.418888092041016
2012-05-15,29.56566619873047
2012-05-16,29.436161041259766
2012-05-17,29.19237518310547
2012-05-18,29.48948097229004
2012-05-21,29.337120056152344
2012-05-22,29.42854118347168
2012-05-23,29.245702743530273
2012-05-24,29.27617073059082
2012-05-25,29.413299560546875
2012-05-29,29.28379249572754
2012-05-30,28.925748825073242
2012-05-31,29.29140853881836
2012-06-01,28.902889251708984
2012-06-04,29.199995040893555
2012-06-05,28.948598861694336
2012-06-06,29.55042839050293
2012-06-07,29.56566619873047
2012-06-08,29.618989944458008
2012-06-11,29.618989944458008
2012-06-12,29.519956588745117
2012-06-13,29.62660026550293
2012-06-14,29.756114959716797
2012-06-15,30.049226760864258
2012-06-18,29.90149688720703
2012-06-19,30.21249008178711
2012-06-20,30.126964569091797
2012-06-21,29.683809280395508
2012-06-22,29.963693618774414
2012-06-25,29.621612548828125
2012-06-26,29.885953903198242
2012-06-27,30.17361831665039
2012-06-28,30.088092803955078
2012-06-29,30.8577823638916
2012-07-02,30.710071563720703
2012-07-03,31.09881019592285
2012-07-05,30.764488220214844
2012-07-06,30.44572639465332
2012-07-09,30.34465980529785
2012-07-10,30.422401428222656
2012-07-11,30.570125579833984
2012-07-12,30.21249008178711
2012-07-13,30.9588623046875
2012-07-16,30.780052185058594
2012-07-17,30.94330596923828
2012-07-18,30.935535430908203
2012-07-19,30.896665573120117
2012-07-20,30.469053268432617
2012-07-23,30.196945190429688
2012-07-24,29.637165069580078
2012-07-25,29.598283767700195
2012-07-26,30.406858444213867
2012-07-27,30.85001564025879
2012-07-30,30.85001564025879
2012-07-31,30.686744689941406
2012-08-01,30.48460578918457
2012-08-02,30.033672332763672
2012-08-03,30.787811279296875
2012-08-06,31.005508422851562
2012-08-07,31.122133255004883
2012-08-08,31.122133255004883
2012-08-09,30.88888931274414
2012-08-10,30.9588623046875
2012-08-13,30.803367614746094
2012-08-14,31.005508422851562
2012-08-15,30.91999053955078
2012-08-16,31.106584548950195
2012-08-17,31.22319793701172
2012-08-20,31.27762222290039
2012-08-21,31.0599365234375
2012-08-22,31.114355087280273
2012-08-23,30.811145782470703
2012-08-24,30.935535430908203
2012-08-27,30.9588623046875
2012-08-28,30.982181549072266
2012-08-29,30.795591354370117
2012-08-30,30.64009666442871
2012-08-31,30.8577823638916
2012-09-04,30.772275924682617
2012-09-05,30.678972244262695
2012-09-06,31.14546012878418
2012-09-07,31.27762222290039
2012-09-10,31.12990379333496
2012-09-11,31.12990379333496
2012-09-12,31.21542739868164
2012-09-13,31.596385955810547
2012-09-14,31.619709014892578
2012-09-17,31.67413330078125
2012-09-18,31.479768753051758
2012-09-19,31.565284729003906
2012-09-20,31.402019500732422
2012-09-21,31.60416030883789
2012-09-24,31.790752410888672
2012-09-25,31.565284729003906
2012-09-26,31.510866165161133
2012-09-27,31.697460174560547
2012-09-28,31.440887451171875
2012-10-01,31.464216232299805
2012-10-02,31.713001251220703
2012-10-03,31.79852867126465
2012-10-04,32.01622009277344
2012-10-05,32.00067138671875
2012-10-08,31.736331939697266
2012-10-09,31.440887451171875
2012-10-10,31.402019500732422
2012-10-11,31.635265350341797
2012-10-12,31.518644332885742
2012-10-15,31.697460174560547
2012-10-16,31.860719680786133
2012-10-17,32.30388259887695
2012-10-18,32.101749420166016
2012-10-19,31.899599075317383
2012-10-22,31.82185173034668
2012-10-23,31.33205223083496
2012-10-24,31.246522903442383
2012-10-25,31.409793853759766
2012-10-26,31.409793853759766
2012-10-31,31.759647369384766
2012-11-01,31.60416030883789
2012-11-02,31.60416030883789
2012-11-05,30.951087951660156
2012-11-06,31.254304885864258
2012-11-07,30.616777420043945
2012-11-08,30.47683334350586
2012-11-09,30.360212326049805
2012-11-12,30.09587287902832
2012-11-13,30.010343551635742
2012-11-14,29.644933700561523
2012-11-15,29.606060028076172
2012-11-16,29.660484313964844
2012-11-19,29.971473693847656
2012-11-20,29.971473693847656
2012-11-21,30.088092803955078
2012-11-23,30.383535385131836
2012-11-26,30.500150680541992
2012-11-27,30.453510284423828
2012-11-28,30.48460578918457
2012-11-29,30.748943328857422
2012-11-30,30.69451904296875
2012-12-03,30.787811279296875
2012-12-04,30.748943328857422
2012-12-05,31.0599365234375
2012-12-06,30.764488220214844
2012-12-07,30.756717681884766
2012-12-10,30.86556625366211
2012-12-11,31.184329986572266
2012-12-12,31.378698348999023
2012-12-13,31.013282775878906
2012-12-14,31.067703247070312
2012-12-17,31.479768753051758
2012-12-18,31.75188446044922
2012-12-19,31.697460174560547
2012-12-20,31.89182472229004
2012-12-21,31.756420135498047
2012-12-24,31.52025604248047
2012-12-26,31.36280632019043
2012-12-27,31.41792106628418
2012-12-28,31.205368041992188
2012-12-31,31.693445205688477
2013-01-02,31.968976974487305
2013-01-03,31.937480926513672
2013-01-04,32.12641906738281
2013-01-07,31.88237762451172
2013-01-08,31.68557357788086
2013-01-09,31.693445205688477
2013-01-10,31.89811897277832
2013-01-11,31.827274322509766
2013-01-14,31.88237762451172
2013-01-15,31.874502182006836
2013-01-16,31.56749153137207
2013-01-17,31.88237762451172
2013-01-18,32.071311950683594
2013-01-22,32.094932556152344
2013-01-23,32.10280227661133
2013-01-24,31.937480926513672
2013-01-25,32.17365646362305
2013-01-28,32.02408218383789
2013-01-29,32.315345764160156
2013-01-30,32.23662567138672
2013-01-31,32.165767669677734
2013-02-01,32.315345764160156
2013-02-04,31.85089111328125
2013-02-05,32.016204833984375
2013-02-06,32.055572509765625
2013-02-07,31.992584228515625
2013-02-08,32.031951904296875
2013-02-11,32.165767669677734
2013-02-12,32.27598571777344
2013-02-13,32.331092834472656
2013-02-14,32.016204833984375
2013-02-15,31.98472023010254
2013-02-19,32.2602424621582
2013-02-20,32.189395904541016
2013-02-21,31.819395065307617
2013-02-22,32.17365646362305
2013-02-25,31.575359344482422
2013-02-26,31.677698135375977
2013-02-27,32.11854553222656
2013-02-28,32.08705520629883
2013-03-01,31.94535255432129
2013-03-04,32.28385925292969
2013-03-05,32.65385055541992
2013-03-06,32.42555236816406
2013-03-07,32.535770416259766
2013-03-08,32.417686462402344
2013-03-11,32.51215362548828
2013-03-12,32.2444953918457
2013-03-13,32.28385925292969
2013-03-14,32.49641036987305
2013-03-15,32.43342971801758
2013-03-18,32.370452880859375
2013-03-19,32.38619613647461
2013-03-20,32.551513671875
2013-03-21,32.693206787109375
2013-03-22,32.9215087890625
2013-03-25,32.62236022949219
2013-03-26,32.890018463134766
2013-03-27,32.81917190551758
2013-03-28,33.22852325439453
2013-04-01,33.02385330200195
2013-04-02,33.385963439941406
2013-04-03,33.24427032470703
2013-04-04,33.55915069580078
2013-04-05,33.45682144165039
2013-04-08,33.645748138427734
2013-04-09,33.803192138671875
2013-04-10,34.14169692993164
2013-04-11,34.25190353393555
2013-04-12,34.4329719543457
2013-04-15,33.9842529296875
2013-04-16,34.36998748779297
2013-04-17,33.968505859375
2013-04-18,33.952762603759766
2013-04-19,34.24403381347656
2013-04-22,34.44871520996094
2013-04-23,34.464454650878906
2013-04-24,34.77935028076172
2013-04-25,34.82658004760742
2013-04-26,34.889549255371094
2013-04-29,35.259552001953125
2013-04-30,35.37762451171875
2013-05-01,34.897430419921875
2013-05-02,35.062747955322266
2013-05-03,35.3540153503418
2013-05-06,35.157203674316406
2013-05-07,35.298912048339844
2013-05-08,35.440616607666016
2013-05-09,35.03125762939453
2013-05-10,35.10210418701172
2013-05-13,34.97615432739258
2013-05-14,35.10210418701172
2013-05-15,34.9682731628418
2013-05-16,34.913169860839844
2013-05-17,34.96040344238281
2013-05-20,35.11784744262695
2013-05-21,35.16508102416992
2013-05-22,34.684879302978516
2013-05-23,34.51168441772461
2013-05-24,34.25190353393555
2013-05-28,34.118080139160156
2013-05-29,33.834686279296875
2013-05-30,33.677242279052734
2013-05-31,33.3072509765625
2013-06-03,33.51979446411133
2013-06-04,33.3544807434082
2013-06-05,33.031715393066406
2013-06-06,33.094696044921875
2013-06-07,33.58277130126953
2013-06-10,33.441070556640625
2013-06-11,33.283626556396484
2013-06-12,33.252140045166016
2013-06-13,33.65362548828125
2013-06-14,33.59064483642578
2013-06-17,33.63787841796875
2013-06-18,33.929141998291016
2013-06-19,33.72447967529297
2013-06-20,32.15790939331055
2013-06-21,32.25579833984375
2013-06-24,31.867462158203125
2013-06-25,32.005001068115234
2013-06-26,32.4742317199707
2013-06-27,32.77357482910156
2013-06-28,32.91111373901367
2013-07-01,32.87065505981445
2013-07-02,32.660308837890625
2013-07-03,32.71693801879883
2013-07-05,32.3852424621582
2013-07-08,32.3852424621582
2013-07-09,33.202354431152344
2013-07-10,33.16999435424805
2013-07-11,33.558326721191406
2013-07-12,33.59068298339844
2013-07-15,33.7686653137207
2013-07-16,33.712039947509766
2013-07-17,33.67158889770508
2013-07-18,33.857669830322266
2013-07-19,33.93857192993164
2013-07-22,34.1812744140625
2013-07-23,34.1812744140625
2013-07-24,34.11655044555664
2013-07-25,34.25408935546875
2013-07-26,34.245994567871094
2013-07-29,34.27835464477539
2013-07-30,34.245994567871094
2013-07-31,34.26217269897461
2013-08-01,34.351165771484375
2013-08-02,34.47251892089844
2013-08-05,34.36735153198242
2013-08-06,34.1246452331543
2013-08-07,34.1246452331543
2013-08-08,34.45634078979492
2013-08-09,34.593875885009766
2013-08-12,34.27835464477539
2013-08-13,34.39162063598633
2013-08-14,34.25408935546875
2013-08-15,33.89812088012695
2013-08-16,34.04373550415039
2013-08-19,33.558326721191406
2013-08-20,33.57450485229492
2013-08-21,33.57450485229492
2013-08-22,33.57450485229492
2013-08-23,33.80912399291992
2013-08-26,33.396522521972656
2013-08-27,33.396522521972656
2013-08-28,33.25089645385742
2013-08-29,33.08100509643555
2013-08-30,33.07291793823242
2013-09-03,32.93537521362305
2013-09-04,33.02436447143555
2013-09-05,33.307525634765625
2013-09-06,33.695865631103516
2013-09-09,34.05183410644531
2013-09-10,34.27835464477539
2013-09-11,34.25408935546875
2013-09-12,34.26217269897461
2013-09-13,34.4482536315918
2013-09-16,34.577693939208984
2013-09-17,34.71522903442383
2013-09-18,35.52425765991211
2013-09-19,35.55662155151367
2013-09-20,35.12783432006836
2013-09-23,35.26536560058594
2013-09-24,35.26536560058594
2013-09-25,35.34627151489258
2013-09-26,35.28964614868164
2013-09-27,35.20063781738281
2013-09-30,35.16019821166992
2013-10-01,35.43526077270508
2013-10-02,35.53234100341797
2013-10-03,35.273460388183594
2013-10-04,35.4757080078125
2013-10-07,35.362449645996094
2013-10-08,35.21683120727539
2013-10-09,35.451446533203125
2013-10-10,35.928768157958984
2013-10-11,36.06629943847656
2013-10-14,36.05821228027344
2013-10-15,35.807411193847656
2013-10-16,36.13101577758789
2013-10-17,36.406089782714844
2013-10-18,36.64071273803711
2013-10-21,36.68924331665039
2013-10-22,37.13421630859375
2013-10-23,36.753971099853516
2013-10-24,36.77014923095703
2013-10-25,36.89150619506836
2013-10-28,36.7944221496582
2013-10-29,36.7944221496582
2013-10-30,36.713523864746094
2013-10-31,36.470821380615234
2013-11-01,36.470821380615234
2013-11-04,36.470821380615234
2013-11-05,36.357547760009766
2013-11-06,36.64879608154297
2013-11-07,35.96921920776367
2013-11-08,35.98539733886719
2013-11-11,36.171470642089844
2013-11-12,35.99348831176758
2013-11-13,36.01776123046875
2013-11-14,36.21192932128906
2013-11-15,36.486995697021484
2013-11-18,36.729698181152344
2013-11-19,36.4465446472168
2013-11-20,36.0015754699707
2013-11-21,36.12293243408203
2013-11-22,35.74269104003906
2013-11-25,36.252376556396484
2013-11-26,36.29282760620117
2013-11-27,36.05012512207031
2013-11-29,36.62452697753906
2013-12-02,35.91258239746094
2013-12-03,35.775054931640625
2013-12-04,35.4757080078125
2013-12-05,35.4190788269043
2013-12-06,35.88022232055664
2013-12-09,35.87213897705078
2013-12-10,35.76696014404297
2013-12-11,35.65370559692383
2013-12-12,35.51616668701172
2013-12-13,35.30582046508789
2013-12-16,35.72650909423828
2013-12-17,35.63751220703125
2013-12-18,35.76696014404297
2013-12-19,36.06629943847656
2013-12-20,36.04244613647461
2013-12-23,36.37152099609375
2013-12-24,36.24811935424805
2013-12-26,36.29747772216797
2013-12-27,36.486698150634766
2013-12-30,36.766414642333984
2013-12-31,36.749961853027344
2014-01-02,36.12471389770508
2014-01-03,36.22343444824219
2014-01-06,36.08358383178711
2014-01-07,36.16585159301758
2014-01-08,36.355064392089844
2014-01-09,36.2152099609375
2014-01-10,36.8157844543457
2014-01-13,36.8157844543457
2014-01-14,36.63478469848633
2014-01-15,36.65946960449219
2014-01-16,36.57720184326172
2014-01-17,36.62656021118164
2014-01-21,36.8404655456543
2014-01-22,36.8404655456543
2014-01-23,36.791099548339844
2014-01-24,36.20698547363281
2014-01-27,36.0671272277832
2014-01-28,36.281028747558594
2014-01-29,35.59818649291992
2014-01-30,36.40442657470703
2014-01-31,36.387977600097656
2014-02-03,35.81208801269531
2014-02-04,36.02599334716797
2014-02-05,35.984859466552734
2014-02-06,36.42911148071289
2014-02-07,36.78287124633789
2014-02-10,36.67591857910156
2014-02-11,37.029685974121094
2014-02-12,37.136627197265625
2014-02-13,37.50684356689453
2014-02-14,37.85238265991211
2014-02-18,38.05805206298828
2014-02-19,37.73720169067383
2014-02-20,37.95933151245117
2014-02-21,38.09919357299805
2014-02-24,38.09919357299805
2014-02-25,38.107418060302734
2014-02-26,37.967567443847656
2014-02-27,38.05805206298828
2014-02-28,38.107418060302734
2014-03-03,37.78657150268555
2014-03-04,38.37067794799805
2014-03-05,38.5023193359375
2014-03-06,38.76558303833008
2014-03-07,38.477630615234375
2014-03-10,38.41181182861328
2014-03-11,38.31309509277344
2014-03-12,38.51054000854492
2014-03-13,38.05805206298828
2014-03-14,38.30487060546875
2014-03-17,38.68331527709961
2014-03-18,38.790260314941406
2014-03-19,38.30487060546875
2014-03-20,38.346004486083984
2014-03-21,38.53522491455078
2014-03-24,38.53522491455078
2014-03-25,38.89720916748047
2014-03-26,38.88898468017578
2014-03-27,38.987701416015625
2014-03-28,39.111114501953125
2014-03-31,39.275657653808594
2014-04-01,39.39082717895508
2014-04-02,39.506011962890625
2014-04-03,39.47309875488281
2014-04-04,39.448421478271484
2014-04-07,39.33324432373047
2014-04-08,39.48133087158203
2014-04-09,39.90912628173828
2014-04-10,39.53068923950195
2014-04-11,39.37437438964844
2014-04-14,39.3579216003418
2014-04-15,39.38260269165039
2014-04-16,39.604732513427734
2014-04-17,39.942039489746094
2014-04-21,39.87622833251953
2014-04-22,39.95026397705078
2014-04-23,39.90912628173828
2014-04-24,39.78572082519531
2014-04-25,39.87622833251953
2014-04-28,39.87622833251953
2014-04-29,40.197078704833984
2014-04-30,40.172401428222656
2014-05-01,40.10657501220703
2014-05-02,40.131256103515625
2014-05-05,40.14771270751953
2014-05-06,40.2711181640625
2014-05-07,40.534385681152344
2014-05-08,40.2711181640625
2014-05-09,40.081905364990234
2014-05-12,40.39452362060547
2014-05-13,40.30402755737305
2014-05-14,40.39452362060547
2014-05-15,40.090118408203125
2014-05-16,40.34516143798828
2014-05-19,40.33692932128906
2014-05-20,40.180625915527344
2014-05-21,40.35338592529297
2014-05-22,40.34516143798828
2014-05-23,40.46856689453125
2014-05-27,40.8305549621582
2014-05-28,40.64133071899414
2014-05-29,40.97040939331055
2014-05-30,40.879913330078125
2014-06-02,41.11027145385742
2014-06-03,41.069129943847656
2014-06-04,40.921051025390625
2014-06-05,41.42289733886719
2014-06-06,41.546302795410156
2014-06-09,41.58743667602539
2014-06-10,41.38175964355469
2014-06-11,41.20077133178711
2014-06-12,41.07736587524414
2014-06-13,41.18431854248047
2014-06-16,41.70261001586914
2014-06-17,41.61212158203125
2014-06-18,42.04814910888672
2014-06-19,42.25382614135742
2014-06-20,42.20032501220703
2014-06-23,42.12510681152344
2014-06-24,42.016448974609375
2014-06-25,42.091670989990234
2014-06-26,42.21704864501953
2014-06-27,42.33405685424805
2014-06-30,42.526302337646484
2014-07-01,42.768680572509766
2014-07-02,42.56808853149414
2014-07-03,42.50958251953125
2014-07-07,41.97466278076172
2014-07-08,41.9495849609375
2014-07-09,42.016448974609375
2014-07-10,41.68212127685547
2014-07-11,42.024810791015625
2014-07-14,42.07495880126953
2014-07-15,42.03316879272461
2014-07-16,42.30898666381836
2014-07-17,42.008087158203125
2014-07-18,42.375850677490234
2014-07-21,42.33405685424805
2014-07-22,42.6098747253418
2014-07-23,42.68510437011719
2014-07-24,42.77703857421875
2014-07-25,42.46778869628906
2014-07-28,42.643314361572266
2014-07-29,42.283912658691406
2014-07-30,42.367488861083984
2014-07-31,41.255859375
2014-08-01,41.2391357421875
2014-08-04,41.331085205078125
2014-08-05,40.545413970947266
2014-08-06,40.38660430908203
2014-08-07,40.32809829711914
2014-08-08,40.79615783691406
2014-08-11,41.03018569946289
2014-08-12,41.15556335449219
2014-08-13,41.28929138183594
2014-08-14,41.489891052246094
2014-08-15,41.489891052246094
2014-08-18,41.79913330078125
2014-08-19,41.87436294555664
2014-08-20,41.983009338378906
2014-08-21,41.89107894897461
2014-08-22,41.957942962646484
2014-08-25,42.12510681152344
2014-08-26,42.133460998535156
2014-08-27,42.317344665527344
2014-08-28,42.367488861083984
2014-08-29,42.5346565246582
2014-09-02,42.38420486450195
2014-09-03,42.94419860839844
2014-09-04,42.88569641113281
2014-09-05,43.18659591674805
2014-09-08,42.73525619506836
2014-09-09,42.3925666809082
2014-09-10,42.20868682861328
2014-09-11,42.083316802978516
2014-09-12,41.748985290527344
2014-09-15,41.6486930847168
2014-09-16,42.03316879272461
2014-09-17,41.92450714111328
2014-09-18,41.64033508300781
2014-09-19,41.7740592956543
2014-09-22,41.4146614074707
2014-09-23,40.921539306640625
2014-09-24,41.08033752441406
2014-09-25,40.42839431762695
2014-09-26,40.68750762939453
2014-09-29,40.55377197265625
2014-09-30,40.63735580444336
2014-10-01,40.39497375488281
2014-10-02,40.19437026977539
2014-10-03,40.4200439453125
2014-10-06,40.58720397949219
2014-10-07,40.211082458496094
2014-10-08,40.53705978393555
2014-10-09,39.567508697509766
2014-10-10,39.291683197021484
2014-10-13,39.06602096557617
2014-10-14,38.91557693481445
2014-10-15,38.63139724731445
2014-10-16,39.007511138916016
2014-10-17,39.45885467529297
2014-10-20,39.8349723815918
2014-10-21,40.211082458496094
2014-10-22,39.90184020996094
2014-10-23,40.17765426635742
2014-10-24,40.45347213745117
2014-10-27,40.44511032104492
2014-10-28,40.86302185058594
2014-10-29,40.46183395385742
2014-10-30,41.14720153808594
2014-10-31,41.56511306762695
2014-11-03,41.247493743896484
2014-11-04,41.20570755004883
2014-11-05,41.489891052246094
2014-11-06,41.046905517578125
2014-11-07,41.255859375
2014-11-10,41.40629959106445
2014-11-11,41.5400390625
2014-11-12,40.929893493652344
2014-11-13,40.91317367553711
2014-11-14,41.055259704589844
2014-11-17,41.01346969604492
2014-11-18,41.322723388671875
2014-11-19,41.2391357421875
2014-11-20,41.339439392089844
2014-11-21,41.489891052246094
2014-11-24,41.481529235839844
2014-11-25,41.56511306762695
2014-11-26,41.75735092163086
2014-11-28,41.49824905395508
2014-12-01,41.322723388671875
2014-12-02,41.39794158935547
2014-12-03,41.43973922729492
2014-12-04,41.57346725463867
2014-12-05,41.464813232421875
2014-12-08,40.93824768066406
2014-12-09,40.9549674987793
2014-12-10,40.411685943603516
2014-12-11,40.57048797607422
2014-12-12,40.29467010498047
2014-12-15,39.54243850708008
2014-12-16,39.6928825378418
2014-12-17,40.38660430908203
2014-12-18,41.02183151245117
2014-12-19,40.95228958129883
2014-12-22,41.22366714477539
2014-12-23,41.316959381103516
2014-12-24,41.59680938720703
2014-12-26,41.96995162963867
2014-12-29,41.82578659057617
2014-12-30,41.39327621459961
2014-12-31,41.11341857910156
2015-01-02,41.08797836303711
2015-01-05,40.22296905517578
2015-01-06,40.09575653076172
2015-01-07,40.29080581665039
2015-01-08,40.63003158569336
2015-01-09,40.392581939697266
2015-01-12,40.214481353759766
2015-01-13,40.180564880371094
2015-01-14,40.375614166259766
2015-01-15,40.5537109375
2015-01-16,40.96076965332031
2015-01-20,41.1982307434082
2015-01-21,41.469600677490234
2015-01-22,41.664649963378906
2015-01-23,41.35087203979492
2015-01-26,41.75794219970703
2015-01-27,41.95298767089844
2015-01-28,41.41872024536133
2015-01-29,41.77489471435547
2015-01-30,41.22366714477539
2015-02-02,41.34238815307617
2015-02-03,41.978431701660156
2015-02-04,41.59680938720703
2015-02-05,42.07171630859375
2015-02-06,40.909889221191406
2015-02-09,40.562191009521484
2015-02-10,41.05406188964844
2015-02-11,40.97772979736328
2015-02-12,41.41872024536133
2015-02-13,41.401756286621094
2015-02-17,41.38479232788086
2015-02-18,41.60528564453125
2015-02-19,41.34238815307617
2015-02-20,41.537445068359375
2015-02-23,41.41024398803711
2015-02-24,41.74097442626953
2015-02-25,41.56288146972656
2015-02-26,41.02861404418945
2015-02-27,41.09646224975586
2015-03-02,41.26606750488281
2015-03-03,41.28302764892578
2015-03-04,40.90140914916992
2015-03-05,41.02013397216797
2015-03-06,40.1042366027832
2015-03-09,39.87527084350586
2015-03-10,39.459720611572266
2015-03-11,39.13747024536133
2015-03-12,39.7480583190918
2015-03-13,39.30707550048828
2015-03-16,39.89223098754883
2015-03-17,40.07032012939453
2015-03-18,41.37631607055664
2015-03-19,40.57066345214844
2015-03-20,41.333919525146484
2015-03-23,41.41024398803711
2015-03-24,41.35935974121094
2015-03-25,41.26606750488281
2015-03-26,40.926849365234375
2015-03-27,41.09646224975586
2015-03-30,41.26606750488281
2015-03-31,41.18973922729492
2015-04-01,41.1982307434082
2015-04-02,41.24910354614258
2015-04-06,42.19044494628906
2015-04-07,41.81729507446289
2015-04-08,42.09716033935547
2015-04-09,41.834266662597656
2015-04-10,42.054752349853516
2015-04-13,41.63921356201172
2015-04-14,42.224365234375
2015-04-15,42.444862365722656
2015-04-16,42.24980545043945
2015-04-17,41.834266662597656
2015-04-20,42.18196105957031
2015-04-21,42.23284149169922
2015-04-22,42.529659271240234
2015-04-23,42.74167251586914
2015-04-24,43.25050735473633
2015-04-27,43.03849411010742
2015-04-28,43.131778717041016
2015-04-29,43.191139221191406
2015-04-30,42.7077522277832
2015-05-01,42.936729431152344
2015-05-04,42.99608612060547
2015-05-05,42.41941452026367
2015-05-06,42.02082824707031
2015-05-07,41.910579681396484
2015-05-08,42.4024543762207
2015-05-11,42.3685302734375
2015-05-12,42.241329193115234
2015-05-13,42.309173583984375
2015-05-14,42.57206344604492
2015-05-15,42.99608612060547
2015-05-18,42.809513092041016
2015-05-19,42.894325256347656
2015-05-20,43.02153015136719
2015-05-21,43.1402587890625
2015-05-22,42.72471618652344
2015-05-26,42.08019256591797
2015-05-27,42.52117919921875
2015-05-28,42.461814880371094
2015-05-29,42.26676940917969
2015-06-01,41.96146774291992
2015-06-02,41.834266662597656
2015-06-03,41.94451141357422
2015-06-04,41.155818939208984
2015-06-05,40.782684326171875
2015-06-08,40.5537109375
2015-06-09,40.46042251586914
2015-06-10,41.1982307434082
2015-06-11,41.28302764892578
2015-06-12,40.757240295410156
2015-06-15,40.79963684082031
2015-06-16,40.74876022338867
2015-06-17,40.757240295410156
2015-06-18,41.35935974121094
2015-06-19,41.172794342041016
2015-06-22,41.67144012451172
2015-06-23,41.59407043457031
2015-06-24,41.4650993347168
2015-06-25,41.232967376708984
2015-06-26,41.16419982910156
2015-06-29,40.35604476928711
2015-06-30,40.098121643066406
2015-07-01,40.33024978637695
2015-07-02,40.295860290527344
2015-07-06,39.71123504638672
2015-07-07,39.80581283569336
2015-07-08,39.32435989379883
2015-07-09,39.67685317993164
2015-07-10,40.35604476928711
2015-07-13,40.55377960205078
2015-07-14,40.691341400146484
2015-07-15,40.3990364074707
2015-07-16,40.957855224609375
2015-07-17,40.708534240722656
2015-07-20,40.64834976196289
2015-07-21,40.20988464355469
2015-07-22,40.07233428955078
2015-07-23,39.986351013183594
2015-07-24,39.616668701171875
2015-07-27,39.67685317993164
2015-07-28,39.94336700439453
2015-07-29,40.15830612182617
2015-07-30,40.012149810791016
2015-07-31,40.313053131103516
2015-08-03,40.08092498779297
2015-08-04,40.18409729003906
2015-08-05,40.12390899658203
2015-08-06,39.91757583618164
2015-08-07,39.9605598449707
2015-08-10,40.40762710571289
2015-08-11,39.90898132324219
2015-08-12,40.43341827392578
2015-08-13,40.17549514770508
2015-08-14,40.49359893798828
2015-08-17,40.502201080322266
2015-08-18,40.12390899658203
2015-08-19,40.02934265136719
2015-08-20,39.341548919677734
2015-08-21,38.894493103027344
2015-08-24,37.510311126708984
2015-08-25,37.905792236328125
2015-08-26,37.785430908203125
2015-08-27,38.344261169433594
2015-08-28,38.21529769897461
2015-08-31,38.25828170776367
2015-09-01,36.96867752075195
2015-09-02,37.34695816040039
2015-09-03,37.30397033691406
2015-09-04,37.020259857177734
2015-09-08,37.70805740356445
2015-09-09,37.16641616821289
2015-09-10,37.55329895019531
2015-09-11,37.054649353027344
2015-09-14,37.0804443359375
2015-09-15,37.30397033691406
2015-09-16,37.74244689941406
2015-09-17,38.15511703491211
2015-09-18,37.40713882446289
2015-09-21,37.785430908203125
2015-09-22,37.02886199951172
2015-09-23,36.839717864990234
2015-09-24,37.132022857666016
2015-09-25,37.2781867980957
2015-09-28,36.719356536865234
2015-09-29,36.25509262084961
2015-09-30,36.82252502441406
2015-10-01,37.2008056640625
2015-10-02,37.49311828613281
2015-10-05,38.68815231323242
2015-10-06,38.77412796020508
2015-10-07,39.07503128051758
2015-10-08,39.39313888549805
2015-10-09,39.20399856567383
2015-10-12,39.178199768066406
2015-10-13,39.27277374267578
2015-10-14,39.4619140625
2015-10-15,39.883182525634766
2015-10-16,40.00354766845703
2015-10-19,39.5994758605957
2015-10-20,39.92616653442383
2015-10-21,39.54788589477539
2015-10-22,39.90898132324219
2015-10-23,39.6596565246582
2015-10-26,39.38453674316406
2015-10-27,38.74833297729492
2015-10-28,39.014854431152344
2015-10-29,38.65376663208008
2015-10-30,38.95466995239258
2015-11-02,38.765533447265625
2015-11-03,39.161006927490234
2015-11-04,38.80851364135742
2015-11-05,38.40443420410156
2015-11-06,37.94878005981445
2015-11-09,37.2781867980957
2015-11-10,37.40713882446289
2015-11-11,37.475921630859375
2015-11-12,37.07185363769531
2015-11-13,36.745147705078125
2015-11-16,37.260986328125
2015-11-17,37.3383674621582
2015-11-18,37.751041412353516
2015-11-19,37.785430908203125
2015-11-20,37.62207794189453
2015-11-23,37.26958465576172
2015-11-24,37.475921630859375
2015-11-25,37.44153594970703
2015-11-27,37.226600646972656
2015-11-30,37.2781867980957
2015-12-01,37.329769134521484
2015-12-02,36.5388069152832
2015-12-03,36.44424057006836
2015-12-04,36.41844940185547
2015-12-07,35.87681198120117
2015-12-08,35.70486831665039
2015-12-09,35.90260696411133
2015-12-10,35.91120147705078
2015-12-11,35.29219055175781
2015-12-14,35.19761657714844
2015-12-15,35.48133087158203
2015-12-16,36.229305267333984
2015-12-17,35.66188049316406
2015-12-18,35.6329460144043
2015-12-21,35.37866973876953
2015-12-22,35.86967849731445
2015-12-23,36.60618591308594
2015-12-24,36.536033630371094
2015-12-28,36.50096893310547
2015-12-29,36.69386291503906
2015-12-30,36.255470275878906
2015-12-31,36.42205810546875
2016-01-04,35.597877502441406
2016-01-05,35.799537658691406
2016-01-06,35.361141204833984
2016-01-07,34.79998779296875
2016-01-08,34.47557067871094
2016-01-11,34.70354080200195
2016-01-12,34.52818298339844
2016-01-13,34.054718017578125
2016-01-14,34.73861312866211
2016-01-15,33.809207916259766
2016-01-19,33.826744079589844
2016-01-20,33.230525970458984
2016-01-21,34.13362121582031
2016-01-22,34.93151092529297
2016-01-25,34.519412994384766
2016-01-26,35.0805549621582
2016-01-27,34.913970947265625
2016-01-28,35.475120544433594
2016-01-29,35.96612548828125
2016-02-01,36.3519172668457
2016-02-02,35.703086853027344
2016-02-03,36.20286178588867
2016-02-04,36.46589660644531
2016-02-05,36.0976448059082
2016-02-08,35.194549560546875
2016-02-09,35.11563491821289
2016-02-10,35.30853271484375
2016-02-11,34.598323822021484
2016-02-12,35.09809494018555
2016-02-16,35.685550689697266
2016-02-17,36.0362663269043
2016-02-18,36.11518096923828
2016-02-19,35.93982696533203
2016-02-22,36.737709045410156
2016-02-23,36.14148712158203
2016-02-24,35.89597702026367
2016-02-25,36.52727127075195
2016-02-26,36.404518127441406
2016-02-29,36.15024948120117
2016-03-01,36.956905364990234
2016-03-02,36.737709045410156
2016-03-03,37.06212615966797
2016-03-04,37.5180549621582
2016-03-07,37.35145950317383
2016-03-08,37.474212646484375
2016-03-09,37.48297882080078
2016-03-10,37.640804290771484
2016-03-11,38.2194938659668
2016-03-14,38.28962707519531
2016-03-15,37.90384292602539
2016-03-16,37.710941314697266
2016-03-17,39.069976806640625
2016-03-18,38.7806396484375
2016-03-21,38.71049499511719
2016-03-22,38.57897186279297
2016-03-23,38.19319152832031
2016-03-24,38.210723876953125
2016-03-28,38.39484786987305
2016-03-29,38.99107360839844
2016-03-30,39.21026611328125
2016-03-31,39.455772399902344
2016-04-01,38.728023529052734
2016-04-04,38.7806396484375
2016-04-05,38.184417724609375
2016-04-06,38.184417724609375
2016-04-07,38.184417724609375
2016-04-08,38.92092514038086
2016-04-11,39.07875061035156
2016-04-12,39.35932540893555
2016-04-13,39.71004104614258
2016-04-14,39.4908447265625
2016-04-15,39.411930084228516
2016-04-18,39.411930084228516
2016-04-19,40.332557678222656
2016-04-20,40.087066650390625
2016-04-21,39.350555419921875
2016-04-22,39.35932540893555
2016-04-25,39.42070007324219
2016-04-26,39.5346794128418
2016-04-27,39.71004104614258
2016-04-28,40.30625915527344
2016-04-29,40.23611831665039
2016-05-02,40.27118682861328
2016-05-03,39.96431350708008
2016-05-04,39.841552734375
2016-05-05,39.92047119140625
2016-05-06,39.806488037109375
2016-05-09,39.70126724243164
2016-05-10,40.12213134765625
2016-05-11,40.10460662841797
2016-05-12,40.148441314697266
2016-05-13,39.64866638183594
2016-05-16,40.37640380859375
2016-05-17,40.06953430175781
2016-05-18,39.438236236572266
2016-05-19,39.56098556518555
2016-05-20,39.70126724243164
2016-05-23,39.70126724243164
2016-05-24,39.718807220458984
2016-05-25,40.209815979003906
2016-05-26,40.192283630371094
2016-05-27,40.13966751098633
2016-05-31,40.209815979003906
2016-06-01,40.05199432373047
2016-06-02,40.13090515136719
2016-06-03,40.94632339477539
2016-06-06,40.93754959106445
2016-06-07,41.4110221862793
2016-06-08,41.48993682861328
2016-06-09,41.3145751953125
2016-06-10,40.569297790527344
2016-06-13,40.25365447998047
2016-06-14,40.00814437866211
2016-06-15,40.07829284667969
2016-06-16,40.157203674316406
2016-06-17,40.3687858581543
2016-06-20,40.982181549072266
2016-06-21,41.30221939086914
2016-06-22,41.071083068847656
2016-06-23,41.64891815185547
2016-06-24,39.82650375366211
2016-06-27,39.11531448364258
2016-06-28,40.057640075683594
2016-06-29,40.795494079589844
2016-06-30,41.497798919677734
2016-07-01,41.43556594848633
2016-07-05,41.03553009033203
2016-07-06,41.31999969482422
2016-07-07,40.982181549072266
2016-07-08,41.417789459228516
2016-07-11,41.79115295410156
2016-07-12,42.07563781738281
2016-07-13,41.72892379760742
2016-07-14,42.02229309082031
2016-07-15,41.853389739990234
2016-07-18,42.146751403808594
2016-07-19,42.040069580078125
2016-07-20,42.16453552246094
2016-07-21,41.995628356933594
2016-07-22,42.30677032470703
2016-07-25,42.13786697387695
2016-07-26,42.102298736572266
2016-07-27,41.87117004394531
2016-07-28,41.96006774902344
2016-07-29,42.63569641113281
2016-08-01,42.12008285522461
2016-08-02,41.97784423828125
2016-08-03,42.07563781738281
2016-08-04,42.34233474731445
2016-08-05,42.262325286865234
2016-08-08,42.413448333740234
2016-08-09,42.44900894165039
2016-08-10,42.333438873291016
2016-08-11,42.653480529785156
2016-08-12,42.69792556762695
2016-08-15,42.6712532043457
2016-08-16,42.4578971862793
2016-08-17,42.40456008911133
2016-08-18,43.07129669189453
2016-08-19,42.6712532043457
2016-08-22,42.63569641113281
2016-08-23,42.83127212524414
2016-08-24,42.50235366821289
2016-08-25,42.44900894165039
2016-08-26,41.880062103271484
2016-08-29,42.031185150146484
2016-08-30,41.87117004394531
2016-08-31,41.55113220214844
2016-09-01,42.040069580078125
2016-09-02,42.262325286865234
2016-09-06,42.9735107421875
2016-09-07,43.186866760253906
2016-09-08,43.382442474365234
2016-09-09,42.34233474731445
2016-09-12,42.52012634277344
2016-09-13,41.613365173339844
2016-09-14,41.560028076171875
2016-09-15,41.808937072753906
2016-09-16,41.631141662597656
2016-09-19,42.066749572753906
2016-09-20,42.146751403808594
2016-09-21,42.44900894165039
2016-09-22,43.097965240478516
2016-09-23,42.61791229248047
2016-09-26,42.34233474731445
2016-09-27,42.395668029785156
2016-09-28,42.79571533203125
2016-09-29,42.43122482299805
2016-09-30,42.653480529785156
2016-10-03,42.25343322753906
2016-10-04,41.622249603271484
2016-10-05,41.47112274169922
2016-10-06,41.22220993041992
2016-10-07,40.89328384399414
2016-10-10,41.19554138183594
2016-10-11,40.59103012084961
2016-10-12,40.831058502197266
2016-10-13,40.99995803833008
2016-10-14,40.96440124511719
2016-10-17,40.90217208862305
2016-10-18,41.31999969482422
2016-10-19,41.631141662597656
2016-10-20,41.64891815185547
2016-10-21,41.391117095947266
2016-10-24,41.46223831176758
2016-10-25,41.497798919677734
2016-10-26,41.33777618408203
2016-10-27,41.18665313720703
2016-10-28,40.66215515136719
2016-10-31,41.17776107788086
2016-11-01,40.94662857055664
2016-11-02,40.34211730957031
2016-11-03,40.333221435546875
2016-11-04,40.1643180847168
2016-11-07,40.75104904174805
2016-11-08,41.09775161743164
2016-11-09,40.49324035644531
2016-11-10,39.302005767822266
2016-11-11,38.78639221191406
2016-11-14,38.421913146972656
2016-11-15,38.99085998535156
2016-11-16,38.78639221191406
2016-11-17,39.04419708251953
2016-11-18,38.87529373168945
2016-11-21,39.28422546386719
2016-11-22,39.41756820678711
2016-11-23,39.293113708496094
2016-11-25,39.604251861572266
2016-11-28,39.79094314575195
2016-11-29,39.80872344970703
2016-11-30,39.66648483276367
2016-12-01,39.159767150878906
2016-12-02,39.39090347290039
2016-12-05,39.57758712768555
2016-12-06,39.78205490112305
2016-12-07,40.262107849121094
2016-12-08,40.10208511352539
2016-12-09,40.030967712402344
2016-12-12,40.262107849121094
2016-12-13,40.973297119140625
2016-12-14,40.21765899658203
2016-12-15,40.22654724121094
2016-12-16,40.679649353027344
2016-12-19,40.697731018066406
2016-12-20,40.525909423828125
2016-12-21,40.6072998046875
2016-12-22,40.480682373046875
2016-12-23,40.733917236328125
2016-12-27,40.634429931640625
2016-12-28,40.30884552001953
2016-12-29,40.83340072631836
2016-12-30,40.697731018066406
2017-01-03,40.86956787109375
2017-01-04,41.023319244384766
2017-01-05,41.204200744628906
2017-01-06,41.27654266357422
2017-01-09,41.0323600769043
2017-01-10,40.97810363769531
2017-01-11,41.29463577270508
2017-01-12,41.4212532043457
2017-01-13,41.502647399902344
2017-01-17,41.665435791015625
2017-01-18,41.511695861816406
2017-01-19,41.08662414550781
2017-01-20,41.39411926269531
2017-01-23,41.4212532043457
2017-01-24,41.70161819458008
2017-01-25,41.819190979003906
2017-01-26,41.502647399902344
2017-01-27,41.10471725463867
2017-01-30,40.941925048828125
2017-01-31,41.168025970458984
2017-02-01,41.204200744628906
2017-02-02,41.403160095214844
2017-02-03,41.737789154052734
2017-02-06,41.412208557128906
2017-02-07,41.403160095214844
2017-02-08,41.83727264404297
2017-02-09,42.018157958984375
2017-02-10,42.13572692871094
2017-02-13,42.2623405456543
2017-02-14,42.072418212890625
2017-02-15,42.045284271240234
2017-02-16,42.18998336791992
2017-02-17,42.081459045410156
2017-02-21,42.280433654785156
2017-02-22,42.24424743652344
2017-02-23,42.3708610534668
2017-02-24,42.289466857910156
2017-02-27,42.289466857910156
2017-02-28,42.36182403564453
2017-03-01,42.67835998535156
2017-03-02,42.51556396484375
2017-03-03,42.64218521118164
2017-03-06,42.59696960449219
2017-03-07,42.696449279785156
2017-03-08,42.153812408447266
2017-03-09,42.325645446777344
2017-03-10,42.5517463684082
2017-03-13,42.39800262451172
2017-03-14,42.018157958984375
2017-03-15,43.04011535644531
2017-03-16,43.11247253417969
2017-03-17,43.04011535644531
2017-03-20,43.049163818359375
2017-03-21,43.19386672973633
2017-03-22,43.673194885253906
2017-03-23,43.62797164916992
2017-03-24,43.727455139160156
2017-03-27,43.9083366394043
2017-03-28,44.1072998046875
2017-03-29,44.16157150268555
2017-03-30,43.926422119140625
2017-03-31,44.17061233520508
2017-04-03,44.11634826660156
2017-04-04,44.17965316772461
2017-04-05,44.17061233520508
2017-04-06,44.27914047241211
2017-04-07,44.25200653076172
2017-04-10,44.13443374633789
2017-04-11,44.16157150268555
2017-04-12,44.5142822265625
2017-04-13,44.15252685546875
2017-04-17,44.46001434326172
2017-04-18,44.315311431884766
2017-04-19,43.86311340332031
2017-04-20,43.980690002441406
2017-04-21,43.94450759887695
2017-04-24,44.74038314819336
2017-04-25,44.62281036376953
2017-04-26,44.50523376464844
2017-04-27,44.46906280517578
2017-04-28,44.47810745239258
2017-05-01,44.55046081542969
2017-05-02,44.948394775390625
2017-05-03,44.794639587402344
2017-05-04,44.61376953125
2017-05-05,45.31014633178711
2017-05-08,45.129276275634766
2017-05-09,44.82177734375
2017-05-10,44.98456954956055
2017-05-11,44.722293853759766
2017-05-12,44.96647644042969
2017-05-15,45.183528900146484
2017-05-16,45.418678283691406
2017-05-17,45.219703674316406
2017-05-18,45.102134704589844
2017-05-19,45.491024017333984
2017-05-22,45.92513656616211
2017-05-23,45.82564926147461
2017-05-24,46.286895751953125
2017-05-25,46.16932678222656
2017-05-26,46.024620056152344
2017-05-30,46.07888412475586
2017-05-31,46.3592414855957
2017-06-01,46.757179260253906
2017-06-02,46.83856964111328
2017-06-05,46.95614242553711
2017-06-06,46.847618103027344
2017-06-07,46.947105407714844
2017-06-08,46.702919006347656
2017-06-09,46.594390869140625
2017-06-12,46.47681427001953
2017-06-13,46.657691955566406
2017-06-14,46.811439514160156
2017-06-15,46.64865493774414
2017-06-16,47.16918182373047
2017-06-19,47.04042434692383
2017-06-20,46.534610748291016
2017-06-21,46.55300521850586
2017-06-22,46.61738204956055
2017-06-23,46.782920837402344
2017-06-26,46.82890319824219
2017-06-27,46.5989875793457
2017-06-28,46.966854095458984
2017-06-29,46.45184326171875
2017-06-30,46.38746643066406
2017-07-03,46.36907196044922
2017-07-05,46.157554626464844
2017-07-06,45.89086151123047
2017-07-07,46.00121307373047
2017-07-10,46.12077331542969
2017-07-11,46.02880096435547
2017-07-12,46.39666748046875
2017-07-13,46.580596923828125
2017-07-14,47.14158248901367
2017-07-17,47.003639221191406
2017-07-18,47.20596694946289
2017-07-19,47.64739990234375
2017-07-20,47.886512756347656
2017-07-21,47.86811447143555
2017-07-24,47.75776290893555
2017-07-25,47.53703689575195
2017-07-26,47.85892105102539
2017-07-27,47.564632415771484
2017-07-28,47.656593322753906
2017-07-31,47.96928024291992
2017-08-01,48.17160415649414
2017-08-02,48.26356887817383
2017-08-03,48.40151596069336
2017-08-04,48.24517822265625
2017-08-07,48.272769927978516
2017-08-08,47.96928024291992
2017-08-09,47.86811447143555
2017-08-10,47.463470458984375
2017-08-11,47.463470458984375
2017-08-14,47.68418502807617
2017-08-15,47.656593322753906
2017-08-16,47.987674713134766
2017-08-17,47.592220306396484
2017-08-18,47.92329406738281
2017-08-21,47.950889587402344
2017-08-22,48.144012451171875
2017-08-23,48.30035400390625
2017-08-24,48.43830108642578
2017-08-25,48.695804595947266
2017-08-28,48.511871337890625
2017-08-29,48.32794189453125
2017-08-30,48.24517822265625
2017-08-31,48.78776931762695
2017-09-01,48.842952728271484
2017-09-05,48.613040924072266
2017-09-06,48.76018524169922
2017-09-07,48.93491744995117
2017-09-08,49.04528045654297
2017-09-11,49.34876251220703
2017-09-12,48.953311920166016
2017-09-13,48.62223434448242
2017-09-14,48.62223434448242
2017-09-15,48.73259735107422
2017-09-18,48.58544921875
2017-09-19,48.73259735107422
2017-09-20,48.52106857299805
2017-09-21,48.18999481201172
2017-09-22,48.17160415649414
2017-09-25,48.042850494384766
2017-09-26,47.85892105102539
2017-09-27,47.58302307128906
2017-09-28,47.720970153808594
2017-09-29,47.80373764038086
2017-10-02,47.71177673339844
2017-10-03,47.7393684387207
2017-10-04,47.601409912109375
2017-10-05,47.665794372558594
2017-10-06,47.564632415771484
2017-10-09,47.70257568359375
2017-10-10,48.10722351074219
2017-10-11,48.226783752441406
2017-10-12,48.49348831176758
2017-10-13,48.48428726196289
2017-10-16,48.1807975769043
2017-10-17,48.30035400390625
2017-10-18,48.49348831176758
2017-10-19,48.511871337890625
2017-10-20,48.3923225402832
2017-10-23,48.07963943481445
2017-10-24,48.07963943481445
2017-10-25,47.63820266723633
2017-10-26,47.77614974975586
2017-10-27,47.86811447143555
2017-10-30,48.05205154418945
2017-10-31,48.1532096862793
2017-11-01,48.24517822265625
2017-11-02,48.26356887817383
2017-11-03,48.20838928222656
2017-11-06,48.30955123901367
2017-11-07,48.36472702026367
2017-11-08,48.57625198364258
2017-11-09,48.346343994140625
2017-11-10,48.226783752441406
2017-11-13,47.97847366333008
2017-11-14,48.10722351074219
2017-11-15,47.92329406738281
2017-11-16,47.94169235229492
2017-11-17,47.76695251464844
2017-11-20,47.78534698486328
2017-11-21,48.02445983886719
2017-11-22,48.30035400390625
2017-11-24,48.56705856323242
2017-11-27,48.53026580810547
2017-11-28,48.70500564575195
2017-11-29,48.62223434448242
2017-11-30,48.92572021484375
2017-12-01,48.94411849975586
2017-12-04,48.92572021484375
2017-12-05,48.603843688964844
2017-12-06,48.65901565551758
2017-12-07,48.67741394042969
2017-12-08,48.67741394042969
2017-12-11,48.815364837646484
2017-12-12,48.603843688964844
2017-12-13,48.64982604980469
2017-12-14,48.56705856323242
2017-12-15,48.61756896972656
2017-12-18,48.757896423339844
2017-12-19,48.34627914428711
2017-12-20,48.2340202331543
2017-12-21,48.0843391418457
2017-12-22,48.12175750732422
2017-12-26,48.103050231933594
2017-12-27,48.25273132324219
2017-12-28,48.4959602355957
2017-12-29,48.45853805541992
2018-01-02,48.757896423339844
2018-01-03,48.84209060668945
2018-01-04,48.96370315551758
2018-01-05,49.15080261230469
2018-01-08,49.16015625
2018-01-09,48.94499588012695
2018-01-10,48.2901496887207
2018-01-11,48.4959602355957
2018-01-12,48.70176696777344
2018-01-16,48.776607513427734
2018-01-17,49.13209533691406
2018-01-18,48.91693115234375
2018-01-19,49.01047897338867
2018-01-22,49.225643157958984
2018-01-23,49.40338897705078
2018-01-24,49.4408073425293
2018-01-25,49.40338897705078
2018-01-26,49.590484619140625
2018-01-29,49.04789733886719
2018-01-30,48.664344787597656
2018-01-31,48.99176788330078
2018-02-01,48.776607513427734
2018-02-02,47.691436767578125
2018-02-05,46.63433074951172
2018-02-06,46.81207275390625
2018-02-07,46.34432601928711
2018-02-08,45.30592346191406
2018-02-09,45.57721710205078
2018-02-12,46.18528747558594
2018-02-13,46.26947784423828
2018-02-14,46.69981384277344
2018-02-15,47.102073669433594
2018-02-16,47.20497512817383
2018-02-20,46.765296936035156
2018-02-21,46.26947784423828
2018-02-22,46.09174346923828
2018-02-23,46.78400802612305
2018-02-26,46.99917221069336
2018-02-27,46.2320671081543
2018-02-28,45.7736701965332
2018-03-01,45.586570739746094
2018-03-02,45.60528564453125
2018-03-05,46.06367874145508
2018-03-06,46.09174346923828
2018-03-07,46.101097106933594
2018-03-08,46.22270965576172
2018-03-09,46.56884002685547
2018-03-12,46.81207275390625
2018-03-13,46.68110656738281
2018-03-14,46.81207275390625
2018-03-15,46.334964752197266
2018-03-16,46.40045166015625
2018-03-19,46.054317474365234
2018-03-20,45.7736701965332
2018-03-21,45.988834381103516
2018-03-22,45.29656982421875
2018-03-23,44.96915054321289
2018-03-26,45.53980255126953
2018-03-27,45.42753982543945
2018-03-28,45.63335037231445
2018-03-29,46.07303237915039
2018-04-02,45.10947036743164
2018-04-03,45.642704010009766
2018-04-04,45.85786819458008
2018-04-05,46.18528747558594
2018-04-06,45.79238510131836
2018-04-09,46.24142074584961
2018-04-10,46.456581115722656
2018-04-11,46.47529602050781
2018-04-12,46.25077438354492
2018-04-13,46.43787384033203
2018-04-16,46.90562057495117
2018-04-17,47.214332580566406
2018-04-18,47.223690032958984
2018-04-19,46.94303894042969
2018-04-20,46.55949020385742
2018-04-23,46.47529602050781
2018-04-24,46.409812927246094
2018-04-25,46.32561492919922
2018-04-26,46.69981384277344
2018-04-27,47.008522033691406
2018-04-30,46.82142639160156
2018-05-01,46.69981384277344
2018-05-02,47.01787567138672
2018-05-03,47.04594421386719
2018-05-04,47.0552978515625
2018-05-07,46.980464935302734
2018-05-08,46.522064208984375
2018-05-09,46.65303421020508
2018-05-10,47.008522033691406
2018-05-11,47.102073669433594
2018-05-14,47.13949203491211
2018-05-15,46.7185173034668
2018-05-16,46.297550201416016
2018-05-17,46.1291618347168
2018-05-18,45.904640197753906
2018-05-21,46.20399475097656
2018-05-22,46.18528747558594
2018-05-23,46.16658401489258
2018-05-24,46.101097106933594
2018-05-25,45.86722183227539
2018-05-29,45.23108673095703
2018-05-30,46.101097106933594
2018-05-31,46.21335983276367
2018-06-01,45.832916259765625
2018-06-04,45.975223541259766
2018-06-05,45.66214370727539
2018-06-06,45.690608978271484
2018-06-07,45.55778503417969
2018-06-08,45.38701629638672
2018-06-11,45.78548049926758
2018-06-12,45.851890563964844
2018-06-13,46.01317596435547
2018-06-14,46.070098876953125
2018-06-15,46.02266311645508
2018-06-18,46.03215026855469
2018-06-19,46.03215026855469
2018-06-20,46.0416374206543
2018-06-21,45.851890563964844
2018-06-22,46.29779052734375
2018-06-25,46.2503547668457
2018-06-26,46.2503547668457
2018-06-27,46.22189712524414
2018-06-28,46.468563079833984
2018-06-29,46.83856201171875
2018-07-02,46.629844665527344
2018-07-03,46.9239501953125
2018-07-05,47.20856857299805
2018-07-06,47.853702545166016
2018-07-09,47.303443908691406
2018-07-10,47.474212646484375
2018-07-11,47.161128997802734
2018-07-12,47.483699798583984
2018-07-13,47.455238342285156
2018-07-16,47.3603630065918
2018-07-17,47.27497863769531
2018-07-18,47.19908142089844
2018-07-19,47.379337310791016
2018-07-20,47.464725494384766
2018-07-23,47.246517181396484
2018-07-24,47.369850158691406
2018-07-25,47.66395568847656
2018-07-26,47.51216125488281
2018-07-27,47.44574737548828
2018-07-30,47.379337310791016
2018-07-31,47.5690803527832
2018-08-01,47.132667541503906
2018-08-02,47.20856857299805
2018-08-03,47.58805465698242
2018-08-06,47.483699798583984
2018-08-07,47.720882415771484
2018-08-08,47.54062271118164
2018-08-09,47.55959701538086
2018-08-10,47.104209899902344
2018-08-13,46.99036407470703
2018-08-14,46.952415466308594
2018-08-15,46.41163635253906
2018-08-16,46.468563079833984
2018-08-17,46.66779327392578
2018-08-20,46.79113006591797
2018-08-21,46.952415466308594
2018-08-22,46.99036407470703
2018-08-23,46.686767578125
2018-08-24,46.96189880371094
2018-08-27,47.142154693603516
2018-08-28,46.89548873901367
2018-08-29,47.170616149902344
2018-08-30,46.848052978515625
2018-08-31,46.449588775634766
2018-09-04,46.326255798339844
2018-09-05,46.449588775634766
2018-09-06,46.4875373840332
2018-09-07,46.070098876953125
2018-09-10,46.145992279052734
2018-09-11,46.30727767944336
2018-09-12,46.43061447143555
2018-09-13,46.57292175292969
2018-09-14,46.212406158447266
2018-09-17,46.534976959228516
2018-09-18,46.79113006591797
2018-09-19,46.25984191894531
2018-09-20,46.534976959228516
2018-09-21,46.534976959228516
2018-09-24,46.31676483154297
2018-09-25,46.089073181152344
2018-09-26,45.8708610534668
2018-09-27,45.78548049926758
2018-09-28,45.927791595458984
2018-10-01,46.19342803955078
2018-10-02,46.127017974853516
2018-10-03,45.918304443359375
2018-10-04,45.62419891357422
2018-10-05,45.823429107666016
2018-10-08,45.72855758666992
2018-10-09,45.899330139160156
2018-10-10,44.96957778930664
2018-10-11,44.38136672973633
2018-10-12,44.53316116333008
2018-10-15,44.51418685913086
2018-10-16,45.3300895690918
2018-10-17,45.00752258300781
2018-10-18,44.6944465637207
2018-10-19,45.31111526489258
2018-10-22,44.9316291809082
2018-10-23,44.675472259521484
2018-10-24,44.38136672973633
2018-10-25,44.38136672973633
2018-10-26,44.21059799194336
2018-10-29,43.92597579956055
2018-10-30,44.14418411254883
2018-10-31,44.191627502441406
2018-11-01,44.6944465637207
2018-11-02,44.42880630493164
2018-11-05,44.80828857421875
2018-11-06,45.09291076660156
2018-11-07,45.7095832824707
2018-11-08,45.159324645996094
2018-11-09,44.97906494140625
2018-11-12,44.39085388183594
2018-11-13,44.46675109863281
2018-11-14,44.42880630493164
2018-11-15,44.39085388183594
2018-11-16,44.77033996582031
2018-11-19,44.76085662841797
2018-11-20,44.17265319824219
2018-11-21,44.286495208740234
2018-11-23,44.06829071044922
2018-11-26,44.53316116333008
2018-11-27,44.72290802001953
2018-11-28,45.05496597290039
2018-11-29,44.95060348510742
2018-11-30,44.99803924560547
2018-12-03,45.30162811279297
2018-12-04,44.87470245361328
2018-12-06,45.10239791870117
2018-12-07,44.80828857421875
2018-12-10,44.647010803222656
2018-12-11,44.751365661621094
2018-12-12,45.12137222290039
2018-12-13,45.38701629638672
2018-12-14,45.10239791870117
2018-12-17,44.38136672973633
2018-12-18,44.22008514404297
2018-12-19,44.11572265625
2018-12-20,43.96392822265625
2018-12-21,43.5429801940918
2018-12-24,42.326480865478516
2018-12-26,43.49470520019531
2018-12-27,43.378849029541016
2018-12-28,43.6491813659668
2018-12-31,43.57194519042969
2019-01-02,43.658836364746094
2019-01-03,43.59125518798828
2019-01-04,44.566383361816406
2019-01-07,44.585693359375
2019-01-08,45.15532302856445
2019-01-09,45.319454193115234
2019-01-10,45.75392150878906
2019-01-11,45.59944152832031
2019-01-14,45.20359802246094
2019-01-15,45.512550354003906
2019-01-16,45.72495651245117
2019-01-17,45.89874267578125
2019-01-18,46.14976501464844
2019-01-22,45.773231506347656
2019-01-23,46.20769500732422
2019-01-24,46.40079116821289
2019-01-25,46.54560852050781
2019-01-28,46.420101165771484
2019-01-29,46.67112350463867
2019-01-30,47.01869583129883
2019-01-31,47.4145393371582
2019-02-01,47.269718170166016
2019-02-04,47.366268157958984
2019-02-05,47.62694549560547
2019-02-06,47.38557815551758
2019-02-07,47.337303161621094
2019-02-08,47.192481994628906
2019-02-11,47.12489700317383
2019-02-12,47.3179931640625
2019-02-13,47.3083381652832
2019-02-14,47.35661315917969
2019-02-15,47.713836669921875
2019-02-19,48.022789001464844
2019-02-20,48.20623016357422
2019-02-21,48.32209014892578
2019-02-22,48.62138748168945
2019-02-25,48.53449249267578
2019-02-26,48.60207748413086
2019-02-27,48.4669075012207
2019-02-28,48.51518249511719
2019-03-01,48.57311248779297
2019-03-04,48.4765625
2019-03-05,48.4862174987793
2019-03-06,48.4765625
2019-03-07,48.351051330566406
2019-03-08,48.4765625
2019-03-11,48.85309600830078
2019-03-12,48.930335998535156
2019-03-13,49.1041259765625
2019-03-14,49.07516098022461
2019-03-15,49.35514450073242
2019-03-18,49.61582565307617
2019-03-19,49.509620666503906
2019-03-20,49.65444564819336
2019-03-21,49.75099182128906
2019-03-22,49.27790832519531
2019-03-25,49.4323844909668
2019-03-26,49.72203063964844
2019-03-27,49.557899475097656
2019-03-28,49.3165283203125
2019-03-29,49.664100646972656
2019-04-01,49.789608001708984
2019-04-02,49.83788299560547
2019-04-03,49.876502990722656
2019-04-04,49.73168182373047
2019-04-05,50.01166915893555
2019-04-08,49.96339797973633
2019-04-09,49.77029800415039
2019-04-10,49.92477798461914
2019-04-11,50.08890914916992
2019-04-12,50.18545913696289
2019-04-15,50.1661491394043
2019-04-16,49.76064682006836
2019-04-17,49.847537994384766
2019-04-18,49.75099182128906
2019-04-22,49.77029800415039
2019-04-23,49.85719299316406
2019-04-24,49.89581298828125
2019-04-25,50.0406379699707
2019-04-26,50.1661491394043
2019-04-29,49.95374298095703
2019-04-30,50.368896484375
2019-05-01,50.01166915893555
2019-05-02,49.80891799926758
2019-05-03,50.18545913696289
2019-05-06,49.818572998046875
2019-05-07,49.471004486083984
2019-05-08,49.27790832519531
2019-05-09,49.2199821472168
2019-05-10,49.75099182128906
2019-05-13,49.53858947753906
2019-05-14,49.664100646972656
2019-05-15,49.73168182373047
2019-05-16,49.876502990722656
2019-05-17,49.847537994384766
2019-05-20,49.77995681762695
2019-05-21,50.02132797241211
2019-05-22,50.137184143066406
2019-05-23,49.93443298339844
2019-05-24,50.25303649902344
2019-05-28,49.88615798950195
2019-05-29,49.442039489746094
2019-05-30,49.509620666503906
2019-05-31,49.61582565307617
2019-06-03,49.90261459350586
2019-06-04,50.236541748046875
2019-06-05,50.74725341796875
2019-06-06,51.04189682006836
2019-06-07,51.36600112915039
2019-06-10,51.17939758300781
2019-06-11,51.16957473754883
2019-06-12,51.23832321166992
2019-06-13,51.34635925292969
2019-06-14,51.267791748046875
2019-06-17,51.208858489990234
2019-06-18,51.69993209838867
2019-06-19,52.161537170410156
2019-06-20,52.652610778808594
2019-06-21,52.57403564453125
2019-06-24,52.6722526550293
2019-06-25,52.25975036621094
2019-06-26,51.87671661376953
2019-06-27,51.87671661376953
2019-06-28,52.181182861328125
2019-07-01,51.9847526550293
2019-07-02,52.357967376708984
2019-07-03,52.93743133544922
2019-07-05,52.61332321166992
2019-07-08,52.465999603271484
2019-07-09,52.505287170410156
2019-07-10,52.81957244873047
2019-07-11,52.957069396972656
2019-07-12,52.74100112915039
2019-07-15,52.83921432495117
2019-07-16,52.44636154174805
2019-07-17,52.51511001586914
2019-07-18,52.78028869628906
2019-07-19,52.357967376708984
2019-07-22,52.3285026550293
2019-07-23,52.12225341796875
2019-07-24,52.14189529418945
2019-07-25,51.6802864074707
2019-07-26,51.61153793334961
2019-07-29,51.719573974609375
2019-07-30,51.326717376708984
2019-07-31,50.933860778808594
2019-08-01,51.149932861328125
2019-08-02,51.12046813964844
2019-08-05,50.14814758300781
2019-08-06,50.31511306762695
2019-08-07,50.67850112915039
2019-08-08,51.09100341796875
2019-08-09,51.13029098510742
2019-08-12,50.83564376831055
2019-08-13,50.96332550048828
2019-08-14,49.892791748046875
2019-08-15,50.13832473754883
2019-08-16,50.63922119140625
2019-08-19,51.032073974609375
2019-08-20,50.83564376831055
2019-08-21,51.267791748046875
2019-08-22,50.9927864074707
2019-08-23,50.295467376708984
2019-08-26,50.76689529418945
2019-08-27,50.8847541809082
2019-08-28,50.87493133544922
2019-08-29,51.31689453125
2019-08-30,51.35618209838867
2019-09-03,51.58207321166992
2019-09-04,52.132076263427734
2019-09-05,52.02404022216797
2019-09-06,52.063323974609375
2019-09-09,51.86689758300781
2019-09-10,51.847251892089844
2019-09-11,51.85707473754883
2019-09-12,52.063323974609375
2019-09-13,51.79814910888672
2019-09-16,51.35618209838867
2019-09-17,51.79814910888672
2019-09-18,52.03385925292969
2019-09-19,52.12225341796875
2019-09-20,52.21064376831055
2019-09-23,52.15171432495117
2019-09-24,52.220462799072266
2019-09-25,52.279396057128906
2019-09-26,52.3677864074707
2019-09-27,52.24993133544922
2019-09-30,52.44636154174805
2019-10-01,52.191001892089844
2019-10-02,51.37582778930664
2019-10-03,51.64100646972656
2019-10-04,52.220462799072266
2019-10-07,52.063323974609375
2019-10-08,51.621360778808594
2019-10-09,52.05350112915039
2019-10-10,52.24993133544922
2019-10-11,52.505287170410156
2019-10-14,52.24993133544922
2019-10-15,52.48564147949219
2019-10-16,52.43653869628906
2019-10-17,52.731178283691406
2019-10-18,52.77046585083008
2019-10-21,52.93743133544922
2019-10-22,52.88832092285156
2019-10-23,53.13385772705078
2019-10-24,53.24189376831055
2019-10-25,52.94725036621094
2019-10-28,52.849037170410156
2019-10-29,52.917789459228516
2019-10-30,52.976715087890625
2019-10-31,53.192787170410156
2019-11-01,53.72314453125
2019-11-04,53.40885925292969
2019-11-05,53.04546356201172
2019-11-06,52.89814376831055
2019-11-07,52.583858489990234
2019-11-08,52.623146057128906
2019-11-11,52.465999603271484
2019-11-12,52.505287170410156
2019-11-13,52.6722526550293
2019-11-14,52.66242980957031
2019-11-15,53.07493209838867
2019-11-18,53.18296813964844
2019-11-19,53.13385772705078
2019-11-20,53.04546356201172
2019-11-21,52.93743133544922
2019-11-22,52.849037170410156
2019-11-25,52.868682861328125
2019-11-26,53.0552864074707
2019-11-27,53.08475112915039
2019-11-29,52.7115364074707
2019-12-02,52.230289459228516
2019-12-03,52.240108489990234
2019-12-04,52.642784118652344
2019-12-05,52.701717376708984
2019-12-06,52.89814376831055
2019-12-09,52.81957244873047
2019-12-10,52.966896057128906
2019-12-11,53.52671432495117
2019-12-12,53.55617904663086
2019-12-13,53.82135772705078
2019-12-16,54.34189224243164
2019-12-17,54.50885772705078
2019-12-18,54.63653564453125
2019-12-19,54.66600036621094
2019-12-20,54.88999938964844
2019-12-23,54.779998779296875
2019-12-24,54.880001068115234
2019-12-26,55.029998779296875
2019-12-27,55.16999816894531
2019-12-30,54.779998779296875
2019-12-31,55.040000915527344
2020-01-02,54.79999923706055
2020-01-03,54.54999923706055
2020-01-06,54.689998626708984
2020-01-07,54.5
2020-01-08,54.779998779296875
2020-01-09,54.88999938964844
2020-01-10,55.040000915527344
2020-01-13,55.33000183105469
2020-01-14,55.5
2020-01-15,55.849998474121094
2020-01-16,56.279998779296875
2020-01-17,56.380001068115234
2020-01-21,55.9900016784668
2020-01-22,56.11000061035156
2020-01-23,56.22999954223633
2020-01-24,56.20000076293945
2020-01-27,55.47999954223633
2020-01-28,56.0099983215332
2020-01-29,56.06999969482422
2020-01-30,56.220001220703125
2020-01-31,55.65999984741211
2020-02-03,55.900001525878906
2020-02-04,56.130001068115234
2020-02-05,56.619998931884766
2020-02-06,56.470001220703125
2020-02-07,56.20000076293945
2020-02-10,56.27000045776367
2020-02-11,56.68000030517578
2020-02-12,56.720001220703125
2020-02-13,56.65999984741211
2020-02-14,57.09000015258789
2020-02-18,57.189998626708984
2020-02-19,57.22999954223633
2020-02-20,57.04999923706055
2020-02-21,57.040000915527344
2020-02-24,55.40999984741211
2020-02-25,53.9900016784668
2020-02-26,53.560001373291016
2020-02-27,51.77000045776367
2020-02-28,50.599998474121094
2020-03-02,52.150001525878906
2020-03-03,51.7599983215332
2020-03-04,53.66999816894531
2020-03-05,52.27000045776367
2020-03-06,51.31999969482422
2020-03-09,46.45000076293945
2020-03-10,47.0099983215332
2020-03-11,44.709999084472656
2020-03-12,38.4900016784668
2020-03-13,41.560001373291016
2020-03-16,35.79999923706055
2020-03-17,37.83000183105469
2020-03-18,35.22999954223633
2020-03-19,34.939998626708984
2020-03-20,34.349998474121094
2020-03-23,32.709999084472656
2020-03-24,36.43000030517578
2020-03-25,37.81999969482422
2020-03-26,40.41999816894531
2020-03-27,38.91999816894531
2020-03-30,39.529998779296875
2020-03-31,39.040000915527344
2020-04-01,37.0
2020-04-02,38.09000015258789
2020-04-03,36.900001525878906
2020-04-06,38.959999084472656
2020-04-07,39.04999923706055
2020-04-08,40.13999938964844
2020-04-09,42.029998779296875
2020-04-13,41.40999984741211
2020-04-14,42.45000076293945
2020-04-15,40.869998931884766
2020-04-16,40.650001525878906
