Date,GRID
2010-01-04,29.358299255371094
2010-01-05,29.56403350830078
2010-01-06,29.841339111328125
2010-01-07,29.850284576416016
2010-01-08,29.96657943725586
2010-01-11,29.841339111328125
2010-01-12,29.537200927734375
2010-01-13,29.850284576416016
2010-01-14,29.787668228149414
2010-01-15,28.98259925842285
2010-01-19,29.22411346435547
2010-01-20,28.562170028686523
2010-01-21,27.837604522705078
2010-01-22,26.898351669311523
2010-01-25,27.14882469177246
2010-01-26,26.987810134887695
2010-01-27,27.068317413330078
2010-01-28,26.513708114624023
2010-01-29,26.32585906982422
2010-02-01,26.73733901977539
2010-02-02,27.175661087036133
2010-02-03,26.880468368530273
2010-02-04,25.851760864257812
2010-02-05,25.610246658325195
2010-02-08,25.45816993713379
2010-02-09,25.932266235351562
2010-02-10,25.798091888427734
2010-02-11,26.13800621032715
2010-02-12,25.923324584960938
2010-02-16,26.299022674560547
2010-02-17,26.36163902282715
2010-02-18,26.83574104309082
2010-02-19,26.81785011291504
2010-02-22,26.782062530517578
2010-02-23,26.28113555908203
2010-02-24,26.343753814697266
2010-02-25,25.94121551513672
2010-02-26,26.003835678100586
2010-03-01,26.504758834838867
2010-03-02,26.773122787475586
2010-03-03,26.978866577148438
2010-03-04,26.9520263671875
2010-03-05,27.211437225341797
2010-03-08,27.265113830566406
2010-03-09,27.13093376159668
2010-03-10,27.318784713745117
2010-03-11,27.542415618896484
2010-03-12,27.631866455078125
2010-03-15,27.283000946044922
2010-03-16,27.587139129638672
2010-03-17,27.694480895996094
2010-03-18,27.605030059814453
2010-03-19,27.19354820251465
2010-03-22,27.51557731628418
2010-03-23,27.891277313232422
2010-03-24,27.51557731628418
2010-03-25,27.479793548583984
2010-03-26,27.542415618896484
2010-03-29,27.783939361572266
2010-03-30,27.613977432250977
2010-03-31,27.4976863861084
2010-04-01,27.783939361572266
2010-04-05,28.01651382446289
2010-04-06,28.21330451965332
2010-04-07,28.159635543823242
2010-04-08,28.320655822753906
2010-04-09,28.41010093688965
2010-04-12,28.44588279724121
2010-04-13,28.41010093688965
2010-04-14,28.508499145507812
2010-04-15,28.928926467895508
2010-04-16,28.31169891357422
2010-04-19,27.998620986938477
2010-04-20,28.696348190307617
2010-04-21,28.51744270324707
2010-04-22,28.51744270324707
2010-04-23,28.83052635192871
2010-04-26,28.750019073486328
2010-04-27,27.891277313232422
2010-04-28,27.792875289916992
2010-04-29,28.651622772216797
2010-04-30,28.383272171020508
2010-05-03,28.86630630493164
2010-05-04,27.53346824645996
2010-05-05,27.139883041381836
2010-05-06,25.959104537963867
2010-05-07,25.83386993408203
2010-05-10,27.20249366760254
2010-05-11,27.265113830566406
2010-05-12,27.95389175415039
2010-05-13,28.043350219726562
2010-05-14,27.211437225341797
2010-05-17,27.166709899902344
2010-05-18,26.791006088256836
2010-05-19,26.531599044799805
2010-05-20,25.30610466003418
2010-05-21,25.637073516845703
2010-05-24,25.332935333251953
2010-05-25,25.0288028717041
2010-05-26,25.216651916503906
2010-05-27,26.16484832763672
2010-05-28,25.8607120513916
2010-06-01,25.49394989013672
2010-06-02,25.994892120361328
2010-06-03,26.272192001342773
2010-06-04,25.27031898498535
2010-06-07,24.53680992126465
2010-06-08,24.366851806640625
2010-06-09,24.56364631652832
2010-06-10,25.449230194091797
2010-06-11,25.83386993408203
2010-06-14,25.994892120361328
2010-06-15,26.83574104309082
2010-06-16,26.889408111572266
2010-06-17,26.81785011291504
2010-06-18,26.782062530517578
2010-06-21,26.647884368896484
2010-06-22,26.304931640625
2010-06-23,26.170272827148438
2010-06-24,25.55080223083496
2010-06-25,25.89196014404297
2010-06-28,25.811159133911133
2010-06-29,24.679960250854492
2010-06-30,24.491418838500977
2010-07-01,24.66199493408203
2010-07-02,24.688940048217773
2010-07-06,25.06599998474121
2010-07-07,25.71240234375
2010-07-08,26.071517944335938
2010-07-09,26.304931640625
2010-07-12,26.06253433227539
2010-07-13,26.807697296142578
2010-07-14,26.79871368408203
2010-07-15,26.924406051635742
2010-07-16,25.802183151245117
2010-07-19,26.044584274291992
2010-07-20,26.11640167236328
2010-07-21,25.85604476928711
2010-07-22,27.157825469970703
2010-07-23,27.606718063354492
2010-07-26,28.02867317199707
2010-07-27,27.79524803161621
2010-07-28,27.355337142944336
2010-07-29,27.409202575683594
2010-07-30,27.849119186401367
2010-08-02,28.513473510742188
2010-08-03,28.19027328491211
2010-08-04,28.09151840209961
2010-08-05,27.956851959228516
2010-08-06,27.84014320373535
2010-08-09,28.118452072143555
2010-08-10,27.750368118286133
2010-08-11,26.457557678222656
2010-08-12,26.06253433227539
2010-08-13,25.918895721435547
2010-08-16,25.882978439331055
2010-08-17,26.67302131652832
2010-08-18,26.601200103759766
2010-08-19,25.92786979675293
2010-08-20,25.60466766357422
2010-08-23,25.63160514831543
2010-08-24,24.922353744506836
2010-08-25,24.877464294433594
2010-08-26,24.886445999145508
2010-08-27,25.568756103515625
2010-08-30,25.110891342163086
2010-08-31,25.057024002075195
2010-09-01,26.026626586914062
2010-09-02,26.224138259887695
2010-09-03,26.40369415283203
2010-09-07,25.981735229492188
2010-09-08,26.107425689697266
2010-09-09,26.18822479248047
2010-09-10,26.304931640625
2010-09-13,26.708940505981445
2010-09-14,26.762807846069336
2010-09-15,26.41266441345215
2010-09-16,26.278003692626953
2010-09-17,26.107425689697266
2010-09-20,26.690982818603516
2010-09-21,26.637115478515625
2010-09-22,26.529380798339844
2010-09-23,26.25107192993164
2010-09-24,26.897470474243164
2010-09-27,26.861562728881836
2010-09-28,27.04111671447754
2010-09-29,27.184762954711914
2010-09-30,27.148853302001953
2010-10-01,27.301471710205078
2010-10-04,26.843599319458008
2010-10-05,27.62467384338379
2010-10-06,27.83116340637207
2010-10-07,28.127426147460938
2010-10-08,28.199251174926758
2010-10-11,28.082542419433594
2010-10-12,28.262096405029297
2010-10-13,28.755870819091797
2010-10-14,28.845657348632812
2010-10-15,28.86360740661621
2010-10-18,29.016231536865234
2010-10-19,28.19027328491211
2010-10-20,28.746898651123047
2010-10-21,28.728940963745117
2010-10-22,29.016231536865234
2010-10-25,29.20476531982422
2010-10-26,29.052146911621094
2010-10-27,28.576322555541992
2010-10-28,28.899520874023438
2010-10-29,28.289031982421875
2010-11-01,27.876047134399414
2010-11-02,28.36085319519043
2010-11-03,28.271072387695312
2010-11-04,29.02521514892578
2010-11-05,28.746898651123047
2010-11-08,28.764850616455078
2010-11-09,28.055604934692383
2010-11-10,28.100496292114258
2010-11-11,27.786285400390625
2010-11-12,27.328407287597656
2010-11-15,27.400230407714844
2010-11-16,26.592227935791016
2010-11-17,26.81667137145996
2010-11-18,27.49898338317871
2010-11-19,27.29249382019043
2010-11-22,27.220670700073242
2010-11-23,26.771778106689453
2010-11-24,27.229652404785156
2010-11-26,27.023162841796875
2010-11-29,26.906452178955078
2010-11-30,26.67302131652832
2010-12-01,27.373292922973633
2010-12-02,27.885032653808594
2010-12-03,28.118452072143555
2010-12-06,28.271072387695312
2010-12-07,28.22618293762207
2010-12-08,28.25312042236328
2010-12-09,28.315961837768555
2010-12-10,28.60325050354004
2010-12-13,28.63018798828125
2010-12-14,28.585296630859375
2010-12-15,28.477561950683594
2010-12-16,28.30698585510254
2010-12-17,28.28005599975586
2010-12-20,28.432676315307617
2010-12-21,28.69303321838379
2010-12-22,28.61223030090332
2010-12-23,28.46858787536621
2010-12-27,28.4237003326416
2010-12-28,28.432676315307617
2010-12-29,28.486549377441406
2010-12-30,28.45063591003418
2010-12-31,28.5224552154541
2011-01-03,28.77383041381836
2011-01-04,28.77383041381836
2011-01-05,28.71996307373047
2011-01-06,28.755870819091797
2011-01-07,28.513473510742188
2011-01-10,28.63018798828125
2011-01-11,28.845657348632812
2011-01-12,29.186809539794922
2011-01-13,29.303529739379883
2011-01-14,29.518997192382812
2011-01-18,29.76139259338379
2011-01-19,29.554899215698242
2011-01-20,29.348407745361328
2011-01-21,29.75240135192871
2011-01-24,30.039716720581055
2011-01-25,29.994813919067383
2011-01-26,30.300060272216797
2011-01-27,30.659175872802734
2011-01-28,29.84218406677246
2011-01-31,30.057662963867188
2011-02-01,30.928503036499023
2011-02-02,30.88361358642578
2011-02-03,30.59633445739746
2011-02-04,30.659175872802734
2011-02-07,30.73996353149414
2011-02-08,30.892589569091797
2011-02-09,30.88361358642578
2011-02-10,30.775875091552734
2011-02-11,30.847694396972656
2011-02-14,30.820770263671875
2011-02-15,30.748945236206055
2011-02-16,30.991342544555664
2011-02-17,31.179880142211914
2011-02-18,31.33250617980957
2011-02-22,30.49757194519043
2011-02-23,30.264148712158203
2011-02-24,30.219255447387695
2011-02-25,30.605316162109375
2011-02-28,30.811796188354492
2011-03-01,30.37187957763672
2011-03-02,30.506534576416016
2011-03-03,31.000316619873047
2011-03-04,30.632238388061523
2011-03-07,30.416770935058594
2011-03-08,30.533479690551758
2011-03-09,30.49757194519043
2011-03-10,29.734455108642578
2011-03-11,29.572856903076172
2011-03-14,29.45614242553711
2011-03-15,29.402280807495117
2011-03-16,28.854629516601562
2011-03-17,29.45614242553711
2011-03-18,29.914011001586914
2011-03-21,30.443696975708008
2011-03-22,30.416770935058594
2011-03-23,30.326982498168945
2011-03-24,30.5604190826416
2011-03-25,30.524497985839844
2011-03-28,30.533479690551758
2011-03-29,30.88361358642578
2011-03-30,31.512065887451172
2011-03-31,31.422286987304688
2011-04-01,31.574893951416016
2011-04-04,31.727519989013672
2011-04-05,31.485109329223633
2011-04-06,31.00930404663086
2011-04-07,30.829742431640625
2011-04-08,30.551433563232422
2011-04-11,30.34494972229004
2011-04-12,30.120506286621094
2011-04-13,29.83321189880371
2011-04-14,29.97686004638672
2011-04-15,30.039716720581055
2011-04-18,29.554899215698242
2011-04-19,29.54591941833496
2011-04-20,30.183334350585938
2011-04-21,30.425745010375977
2011-04-25,30.452674865722656
2011-04-26,30.946460723876953
2011-04-27,31.126012802124023
2011-04-28,31.30557632446289
2011-04-29,31.440244674682617
2011-05-02,31.287609100341797
2011-05-03,31.018274307250977
2011-05-04,30.37187957763672
2011-05-05,30.084592819213867
2011-05-06,30.16539192199707
2011-05-09,30.282100677490234
2011-05-10,30.901559829711914
2011-05-11,30.300060272216797
2011-05-12,30.282100677490234
2011-05-13,29.878097534179688
2011-05-16,29.86913299560547
2011-05-17,29.64467430114746
2011-05-18,29.64467430114746
2011-05-19,29.896053314208984
2011-05-20,29.58183479309082
2011-05-23,29.088058471679688
2011-05-24,28.755870819091797
2011-05-25,28.989303588867188
2011-05-26,29.38431739807129
2011-05-27,29.22271728515625
2011-05-31,29.878097534179688
2011-06-01,29.35740089416504
2011-06-02,29.33942985534668
2011-06-03,28.971338272094727
2011-06-06,28.69303321838379
2011-06-07,29.15987205505371
2011-06-08,28.710981369018555
2011-06-09,28.78281021118164
2011-06-10,28.513473510742188
2011-06-13,28.39676284790039
2011-06-14,28.78281021118164
2011-06-15,28.19027328491211
2011-06-16,28.145387649536133
2011-06-17,28.369836807250977
2011-06-20,28.39676284790039
2011-06-21,28.99434471130371
2011-06-22,28.99434471130371
2011-06-23,28.515920639038086
2011-06-24,28.362468719482422
2011-06-27,28.777692794799805
2011-06-28,28.886018753051758
2011-06-29,29.25612449645996
2011-06-30,29.85188865661621
2011-07-01,30.240055084228516
2011-07-05,29.969247817993164
2011-07-06,29.84286880493164
2011-07-07,30.122699737548828
2011-07-08,29.716495513916016
2011-07-11,28.867963790893555
2011-07-12,28.849910736083984
2011-07-13,29.07558822631836
2011-07-14,28.82282829284668
2011-07-15,28.81380271911621
2011-07-18,28.425649642944336
2011-07-19,28.90407371520996
2011-07-20,29.048503875732422
2011-07-21,29.4637451171875
2011-07-22,29.55400848388672
2011-07-25,29.626224517822266
2011-07-26,29.328338623046875
2011-07-27,28.326353073120117
2011-07-28,27.875009536743164
2011-07-29,27.893068313598633
2011-08-01,27.46880340576172
2011-08-02,26.376544952392578
2011-08-03,26.80983543395996
2011-08-04,25.212078094482422
2011-08-05,25.275270462036133
2011-08-08,23.46086883544922
2011-08-09,23.731672286987305
2011-08-10,23.5240478515625
2011-08-11,24.724624633789062
2011-08-12,25.04056739807129
2011-08-15,25.455806732177734
2011-08-16,25.085702896118164
2011-08-17,24.787817001342773
2011-08-18,23.235193252563477
2011-08-19,22.946332931518555
2011-08-22,22.91022491455078
2011-08-23,23.867076873779297
2011-08-24,24.39063262939453
2011-08-25,24.083721160888672
2011-08-26,24.706575393676758
2011-08-29,25.46483039855957
2011-08-30,25.636341094970703
2011-08-31,25.88909339904785
2011-09-01,25.329425811767578
2011-09-02,24.589221954345703
2011-09-06,23.74069595336914
2011-09-07,24.498952865600586
2011-09-08,24.119827270507812
2011-09-09,23.208106994628906
2011-09-12,23.271299362182617
2011-09-13,23.70458984375
2011-09-14,24.309389114379883
2011-09-15,24.589221954345703
2011-09-16,24.291336059570312
2011-09-19,23.830968856811523
2011-09-20,23.56918716430664
2011-09-21,22.838010787963867
2011-09-22,21.854076385498047
2011-09-23,22.025583267211914
2011-09-26,22.124889373779297
2011-09-27,22.838010787963867
2011-09-28,22.224185943603516
2011-09-29,22.540124893188477
2011-09-30,22.088775634765625
2011-10-03,20.879173278808594
2011-10-04,20.716690063476562
2011-10-05,22.097803115844727
2011-10-06,22.747737884521484
2011-10-07,22.46790885925293
2011-10-10,23.13589096069336
2011-10-11,23.126863479614258
2011-10-12,23.85804557800293
2011-10-13,23.67751121520996
2011-10-14,23.993453979492188
2011-10-17,23.424755096435547
2011-10-18,23.650432586669922
2011-10-19,23.3615665435791
2011-10-20,22.955360412597656
2011-10-21,22.955360412597656
2011-10-24,24.137880325317383
2011-10-25,24.137880325317383
2011-10-26,23.695566177368164
2011-10-27,25.0947322845459
2011-10-28,24.778789520263672
2011-10-31,23.70458984375
2011-11-01,22.801904678344727
2011-11-02,22.801904678344727
2011-11-03,24.092742919921875
2011-11-04,23.605297088623047
2011-11-07,23.415725708007812
2011-11-08,23.6865291595459
2011-11-09,22.32347869873047
2011-11-10,22.314449310302734
2011-11-11,23.13589096069336
2011-11-14,22.657472610473633
2011-11-15,22.657472610473633
2011-11-16,22.305423736572266
2011-11-17,21.836027145385742
2011-11-18,22.061697006225586
2011-11-21,21.258302688598633
2011-11-22,21.2673282623291
2011-11-23,20.68961524963379
2011-11-25,20.491024017333984
2011-11-28,21.30344009399414
2011-11-29,21.456897735595703
2011-11-30,22.377635955810547
2011-12-01,22.377635955810547
2011-12-02,22.494991302490234
2011-12-05,22.666501998901367
2011-12-06,22.69358253479004
2011-12-07,22.55817222595215
2011-12-08,21.872129440307617
2011-12-09,22.314449310302734
2011-12-12,21.754785537719727
2011-12-13,21.619380950927734
2011-12-14,21.195117950439453
2011-12-15,21.4388427734375
2011-12-16,21.547170639038086
2011-12-19,21.384679794311523
2011-12-20,22.088775634765625
2011-12-21,22.045299530029297
2011-12-22,22.461925506591797
2011-12-23,22.597797393798828
2011-12-27,22.525341033935547
2011-12-28,22.235502243041992
2011-12-29,22.443822860717773
2011-12-30,22.579675674438477
2012-01-03,23.204627990722656
2012-01-04,22.79705810546875
2012-01-05,22.79705810546875
2012-01-06,22.652137756347656
2012-01-09,22.769882202148438
2012-01-10,23.36765480041504
2012-01-11,23.548805236816406
2012-01-12,23.693723678588867
2012-01-13,23.53068733215332
2012-01-17,23.63031578063965
2012-01-18,24.0197811126709
2012-01-19,24.30961036682129
2012-01-20,24.30961036682129
2012-01-23,24.30961036682129
2012-01-24,24.14657974243164
2012-01-25,24.54509925842285
2012-01-26,24.563215255737305
2012-01-27,24.789642333984375
2012-01-30,24.517929077148438
2012-01-31,24.744356155395508
2012-02-01,25.314958572387695
2012-02-02,25.396474838256836
2012-02-03,25.912742614746094
2012-02-06,25.731592178344727
2012-02-07,25.86745262145996
2012-02-08,25.97614097595215
2012-02-09,25.930858612060547
2012-02-10,25.60479164123535
2012-02-13,25.731592178344727
2012-02-14,25.360254287719727
2012-02-15,25.42365074157715
2012-02-16,25.939912796020508
2012-02-17,25.958024978637695
2012-02-21,26.075775146484375
2012-02-22,25.958024978637695
2012-02-23,25.86745262145996
2012-02-24,25.9036865234375
2012-02-27,25.967084884643555
2012-02-28,25.948972702026367
2012-02-29,25.894628524780273
2012-03-01,25.894628524780273
2012-03-02,25.6772518157959
2012-03-05,25.459884643554688
2012-03-06,24.626615524291992
2012-03-07,24.862104415893555
2012-03-08,25.514223098754883
2012-03-09,25.441761016845703
2012-03-12,25.441761016845703
2012-03-13,25.92180061340332
2012-03-14,25.66819190979004
2012-03-15,25.967084884643555
2012-03-16,25.930858612060547
2012-03-19,26.048606872558594
2012-03-20,25.61385154724121
2012-03-21,25.582111358642578
2012-03-22,25.29192352294922
2012-03-23,25.43701171875
2012-03-26,25.87230110168457
2012-03-27,25.863235473632812
2012-03-28,25.427947998046875
2012-03-29,25.201234817504883
2012-03-30,25.201234817504883
2012-04-02,25.573049545288086
2012-04-03,25.21030616760254
2012-04-04,24.81129264831543
2012-04-05,24.51203155517578
2012-04-09,24.058610916137695
2012-04-10,23.623323440551758
2012-04-11,24.00420570373535
2012-04-12,24.294395446777344
2012-04-13,24.076749801635742
2012-04-16,24.33972930908203
2012-04-17,24.747817993164062
2012-04-18,24.493896484375
2012-04-19,24.249052047729492
2012-04-20,24.575515747070312
2012-04-23,23.949787139892578
2012-04-24,24.3034610748291
2012-04-25,24.321598052978516
2012-04-26,24.321598052978516
2012-04-27,24.620851516723633
2012-04-30,24.493896484375
2012-05-01,25.056140899658203
2012-05-02,25.056140899658203
2012-05-03,24.484832763671875
2012-05-04,24.321598052978516
2012-05-07,24.239986419677734
2012-05-08,24.058610916137695
2012-05-09,23.804698944091797
2012-05-10,23.85003662109375
2012-05-11,23.777490615844727
2012-05-14,23.405681610107422
2012-05-15,23.12456512451172
2012-05-16,22.95225715637207
2012-05-17,22.580455780029297
2012-05-18,22.580455780029297
2012-05-21,22.770891189575195
2012-05-22,23.006675720214844
2012-05-23,22.562318801879883
2012-05-24,22.87971305847168
2012-05-25,22.92506217956543
2012-05-29,23.15176773071289
2012-05-30,22.77996253967285
2012-05-31,22.74368667602539
2012-06-01,22.217716217041016
2012-06-04,22.108890533447266
2012-06-05,22.06355094909668
2012-06-06,22.834367752075195
2012-06-07,23.1427001953125
2012-06-08,22.97039222717285
2012-06-11,22.934127807617188
2012-06-12,22.852506637573242
2012-06-13,22.852506637573242
2012-06-14,22.915987014770508
2012-06-15,23.088287353515625
2012-06-18,23.36941146850586
2012-06-19,23.704940795898438
2012-06-20,23.723081588745117
2012-06-21,23.13913345336914
2012-06-22,23.23023796081543
2012-06-25,23.23023796081543
2012-06-26,22.774744033813477
2012-06-27,22.993377685546875
2012-06-28,22.993377685546875
2012-06-29,24.1412296295166
2012-07-02,24.432741165161133
2012-07-03,24.432741165161133
2012-07-05,24.59671974182129
2012-07-06,24.22321891784668
2012-07-09,24.22321891784668
2012-07-10,23.895248413085938
2012-07-11,23.822376251220703
2012-07-12,23.694839477539062
2012-07-13,24.004575729370117
2012-07-16,23.995468139648438
2012-07-17,23.986352920532227
2012-07-18,24.050127029418945
2012-07-19,24.02280044555664
2012-07-20,23.658397674560547
2012-07-23,23.22112464904785
2012-07-24,23.0115966796875
2012-07-25,23.0115966796875
2012-07-26,23.57640838623047
2012-07-27,24.104778289794922
2012-07-30,24.296096801757812
2012-07-31,24.28697967529297
2012-08-01,24.23232078552246
2012-08-02,23.995468139648438
2012-08-03,24.870014190673828
2012-08-06,25.34372901916504
2012-08-07,25.50771141052246
2012-08-08,25.279956817626953
2012-08-09,25.289072036743164
2012-08-10,25.34372901916504
2012-08-13,25.25263214111328
2012-08-14,25.325510025024414
2012-08-15,25.398386001586914
2012-08-16,25.862993240356445
2012-08-17,25.90854263305664
2012-08-20,25.726348876953125
2012-08-21,25.835664749145508
2012-08-22,25.7810001373291
2012-08-23,25.607913970947266
2012-08-24,25.607913970947266
2012-08-27,25.662578582763672
2012-08-28,25.662578582763672
2012-08-29,25.662578582763672
2012-08-30,25.662578582763672
2012-08-31,25.398386001586914
2012-09-04,25.380170822143555
2012-09-05,25.43482780456543
2012-09-06,26.09073829650879
2012-09-07,26.427810668945312
2012-09-10,26.491575241088867
2012-09-11,26.44602394104004
2012-09-12,26.79220199584961
2012-09-13,27.1019344329834
2012-09-14,27.539216995239258
2012-09-17,27.30235481262207
2012-09-18,27.202146530151367
2012-09-19,27.202146530151367
2012-09-20,27.02906036376953
2012-09-21,27.22916603088379
2012-09-24,26.92763900756836
2012-09-25,26.589555740356445
2012-09-26,26.21492576599121
2012-09-27,26.708341598510742
2012-09-28,26.251480102539062
2012-10-01,26.297168731689453
2012-10-02,26.671794891357422
2012-10-03,26.61696434020996
2012-10-04,26.772300720214844
2012-10-05,26.772300720214844
2012-10-08,26.790576934814453
2012-10-09,26.33371353149414
2012-10-10,26.33371353149414
2012-10-11,26.21492576599121
2012-10-12,26.32457733154297
2012-10-15,26.379398345947266
2012-10-16,26.635242462158203
2012-10-17,26.744895935058594
2012-10-18,26.863670349121094
2012-10-19,25.99562644958496
2012-10-22,25.94994354248047
2012-10-23,25.36515998840332
2012-10-24,25.337745666503906
2012-10-25,25.41998291015625
2012-10-26,25.273784637451172
2012-10-31,25.483943939208984
2012-11-01,25.785472869873047
2012-11-02,25.785472869873047
2012-11-05,25.55704116821289
2012-11-06,26.1966552734375
2012-11-07,25.86771011352539
2012-11-08,25.493078231811523
2012-11-09,25.28291893005371
2012-11-12,25.28291893005371
2012-11-13,24.99966812133789
2012-11-14,24.506250381469727
2012-11-15,24.442291259765625
2012-11-16,24.442291259765625
2012-11-19,24.780366897583008
2012-11-20,24.835193634033203
2012-11-21,24.953981399536133
2012-11-23,24.953981399536133
2012-11-26,25.502214431762695
2012-11-27,25.273784637451172
2012-11-28,25.36515998840332
2012-11-29,25.36515998840332
2012-11-30,25.986492156982422
2012-12-03,25.904258728027344
2012-12-04,25.8859806060791
2012-12-05,26.087003707885742
2012-12-06,25.8859806060791
2012-12-07,25.849428176879883
2012-12-10,26.0047664642334
2012-12-11,26.269752502441406
2012-12-12,26.269752502441406
2012-12-13,26.297168731689453
2012-12-14,26.452497482299805
2012-12-17,26.47077178955078
2012-12-18,26.744895935058594
2012-12-19,27.073829650878906
2012-12-20,27.09210777282715
2012-12-21,27.03451156616211
2012-12-24,27.03451156616211
2012-12-26,26.86994743347168
2012-12-27,26.586523056030273
2012-12-28,26.613956451416016
2012-12-31,26.723663330078125
2013-01-02,27.427640914916992
2013-01-03,27.519065856933594
2013-01-04,27.820770263671875
2013-01-07,27.683629989624023
2013-01-08,27.601350784301758
2013-01-09,27.848194122314453
2013-01-10,27.903053283691406
2013-01-11,28.140758514404297
2013-01-14,28.140758514404297
2013-01-15,28.140758514404297
2013-01-16,28.223039627075195
2013-01-17,28.3236083984375
2013-01-18,28.296180725097656
2013-01-22,28.57045555114746
2013-01-23,28.543025970458984
2013-01-24,28.579605102539062
2013-01-25,28.98187255859375
2013-01-28,28.762453079223633
2013-01-29,28.890445709228516
2013-01-30,28.79902458190918
2013-01-31,28.79902458190918
2013-02-01,28.762453079223633
2013-02-04,27.9761962890625
2013-02-05,28.451602935791016
2013-02-06,28.442461013793945
2013-02-07,28.223039627075195
2013-02-08,28.223039627075195
2013-02-11,28.597885131835938
2013-02-12,28.744165420532227
2013-02-13,29.119007110595703
2013-02-14,29.58527946472168
2013-02-15,29.4664249420166
2013-02-19,29.822982788085938
2013-02-20,29.822982788085938
2013-02-21,29.164724349975586
2013-02-22,29.658418655395508
2013-02-25,29.055011749267578
2013-02-26,29.082439422607422
2013-02-27,29.484716415405273
2013-02-28,29.64927864074707
2013-03-01,29.28357696533203
2013-03-04,29.63099479675293
2013-03-05,29.78641700744629
2013-03-06,29.78641700744629
2013-03-07,29.87784194946289
2013-03-08,29.978416442871094
2013-03-11,30.152116775512695
2013-03-12,30.17953872680664
2013-03-13,30.261823654174805
2013-03-14,30.627532958984375
2013-03-15,30.44467544555664
2013-03-18,29.932703018188477
2013-03-19,29.722414016723633
2013-03-20,30.042404174804688
2013-03-21,29.67286491394043
2013-03-22,29.87410545349121
2013-03-25,29.70945167541504
2013-03-26,29.727754592895508
2013-03-27,29.252107620239258
2013-03-28,29.252107620239258
2013-04-01,29.050870895385742
2013-04-02,28.986846923828125
2013-04-03,28.813053131103516
2013-04-04,28.56608009338379
2013-04-05,28.45631980895996
2013-04-08,28.620967864990234
2013-04-09,29.060020446777344
2013-04-10,29.62713623046875
2013-04-11,29.544815063476562
2013-04-12,29.435039520263672
2013-04-15,28.474611282348633
2013-04-16,28.520343780517578
2013-04-17,27.78858757019043
2013-04-18,27.614797592163086
2013-04-19,27.96238136291504
2013-04-22,28.63925552368164
2013-04-23,28.867931365966797
2013-04-24,29.572254180908203
2013-04-25,29.855810165405273
2013-04-26,29.526519775390625
2013-04-29,29.800928115844727
2013-04-30,29.62713623046875
2013-05-01,29.389307022094727
2013-05-02,29.581396102905273
2013-05-03,30.111921310424805
2013-05-06,30.111921310424805
2013-05-07,29.837514877319336
2013-05-08,30.075336456298828
2013-05-09,29.581396102905273
2013-05-10,29.819223403930664
2013-05-13,29.62713623046875
2013-05-14,29.62713623046875
2013-05-15,30.194242477416992
2013-05-16,30.194242477416992
2013-05-17,30.322309494018555
2013-05-20,30.596717834472656
2013-05-21,31.11808967590332
2013-05-22,30.468660354614258
2013-05-23,30.121070861816406
2013-05-24,30.093629837036133
2013-05-28,30.2216854095459
2013-05-29,30.03874969482422
2013-05-30,30.404626846313477
2013-05-31,30.212543487548828
2013-06-03,30.212543487548828
2013-06-04,29.67286491394043
2013-06-05,29.462488174438477
2013-06-06,29.764341354370117
2013-06-07,30.111921310424805
2013-06-10,29.983863830566406
2013-06-11,29.789461135864258
2013-06-12,29.595067977905273
2013-06-13,29.55803871154785
2013-06-14,29.400665283203125
2013-06-17,29.64134979248047
2013-06-18,29.64134979248047
2013-06-19,29.622840881347656
2013-06-20,28.891523361206055
2013-06-21,28.326845169067383
2013-06-24,27.780672073364258
2013-06-25,28.2435245513916
2013-06-26,28.2435245513916
2013-06-27,29.122953414916992
2013-06-28,28.891523361206055
2013-07-01,28.891523361206055
2013-07-02,29.02112579345703
2013-07-03,29.02112579345703
2013-07-05,29.345123291015625
2013-07-08,29.483978271484375
2013-07-09,29.798728942871094
2013-07-10,29.622840881347656
2013-07-11,30.07643699645996
2013-07-12,29.900554656982422
2013-07-15,30.354156494140625
2013-07-16,30.30787467956543
2013-07-17,30.548547744750977
2013-07-18,30.622610092163086
2013-07-19,31.16876983642578
2013-07-22,31.23358726501465
2013-07-23,31.224319458007812
2013-07-24,30.817012786865234
2013-07-25,30.928098678588867
2013-07-26,30.789241790771484
2013-07-29,30.539291381835938
2013-07-30,30.539291381835938
2013-07-31,30.65964126586914
2013-08-01,31.085460662841797
2013-08-02,31.002151489257812
2013-08-05,31.19654655456543
2013-08-06,30.91883659362793
2013-08-07,30.91883659362793
2013-08-08,31.094728469848633
2013-08-09,30.90958595275879
2013-08-12,30.900320053100586
2013-08-13,30.91883659362793
2013-08-14,30.91883659362793
2013-08-15,30.91883659362793
2013-08-16,30.45598030090332
2013-08-19,29.99312400817871
2013-08-20,30.13197898864746
2013-08-21,30.011634826660156
2013-08-22,30.011634826660156
2013-08-23,30.428213119506836
2013-08-26,30.215295791625977
2013-08-27,29.900554656982422
2013-08-28,29.752437591552734
2013-08-29,29.983867645263672
2013-08-30,29.983867645263672
2013-09-03,29.983867645263672
2013-09-04,29.687639236450195
2013-09-05,29.761695861816406
2013-09-06,30.048660278320312
2013-09-09,30.094951629638672
2013-09-10,30.511520385742188
2013-09-11,30.70592498779297
2013-09-12,30.90958595275879
2013-09-13,30.90958595275879
2013-09-16,30.74295997619629
2013-09-17,31.335405349731445
2013-09-18,31.261348724365234
2013-09-19,31.4279842376709
2013-09-20,31.38170051574707
2013-09-23,31.58535385131836
2013-09-24,31.909358978271484
2013-09-25,31.58535385131836
2013-09-26,31.58535385131836
2013-09-27,31.798267364501953
2013-09-30,31.363182067871094
2013-10-01,31.9278621673584
2013-10-02,31.58535385131836
2013-10-03,31.326154708862305
2013-10-04,31.918607711791992
2013-10-07,31.918607711791992
2013-10-08,31.011411666870117
2013-10-09,30.891067504882812
2013-10-10,31.696439743041992
2013-10-11,32.02969741821289
2013-10-14,32.04821014404297
2013-10-15,31.75197410583496
2013-10-16,31.872314453125
2013-10-17,32.168548583984375
2013-10-18,32.62215042114258
2013-10-21,32.89985275268555
2013-10-22,33.53860855102539
2013-10-23,33.371978759765625
2013-10-24,33.74226379394531
2013-10-25,33.4923210144043
2013-10-28,33.529354095458984
2013-10-29,33.71449661254883
2013-10-30,33.52009201049805
2013-10-31,33.621917724609375
2013-11-01,33.122032165527344
2013-11-04,33.46455383300781
2013-11-05,33.46455383300781
2013-11-06,33.76078414916992
2013-11-07,33.34420394897461
2013-11-08,32.853572845458984
2013-11-11,33.24237823486328
2013-11-12,32.98318862915039
2013-11-13,33.02946472167969
2013-11-14,33.0479736328125
2013-11-15,33.038726806640625
2013-11-18,33.0479736328125
2013-11-19,32.52956771850586
2013-11-20,32.27037811279297
2013-11-21,32.798038482666016
2013-11-22,32.723968505859375
2013-11-25,32.723968505859375
2013-11-26,33.0479736328125
2013-11-27,33.057247161865234
2013-11-29,33.57564163208008
2013-12-02,32.86283493041992
2013-12-03,32.2611198425293
2013-12-04,32.075984954833984
2013-12-05,32.11299514770508
2013-12-06,32.557342529296875
2013-12-09,32.464778900146484
2013-12-10,32.45552444458008
2013-12-11,32.45552444458008
2013-12-12,31.7056941986084
2013-12-13,31.75197410583496
2013-12-16,32.27963638305664
2013-12-17,32.04821014404297
2013-12-18,32.37295150756836
2013-12-19,32.391517639160156
2013-12-20,32.88327407836914
2013-12-23,32.98533630371094
2013-12-24,32.98533630371094
2013-12-26,33.208030700683594
2013-12-27,33.59773254394531
2013-12-30,33.458553314208984
2013-12-31,33.458553314208984
2014-01-02,33.458553314208984
2014-01-03,33.208030700683594
2014-01-06,33.50495529174805
2014-01-07,33.38432312011719
2014-01-08,33.690513610839844
2014-01-09,33.690513610839844
2014-01-10,34.22867202758789
2014-01-13,34.22867202758789
2014-01-14,34.831783294677734
2014-01-15,35.10086441040039
2014-01-16,35.31428527832031
2014-01-17,35.323543548583984
2014-01-21,34.98951721191406
2014-01-22,35.19363784790039
2014-01-23,35.02663040161133
2014-01-24,34.77611541748047
2014-01-27,34.12661361694336
2014-01-28,34.23796081542969
2014-01-29,34.14516830444336
2014-01-30,34.18229293823242
2014-01-31,34.18229293823242
2014-02-03,33.17091369628906
2014-02-04,33.30082321166992
2014-02-05,33.50495529174805
2014-02-06,33.449283599853516
2014-02-07,34.293617248535156
2014-02-10,34.12661361694336
2014-02-11,34.52558898925781
2014-02-12,34.59053039550781
2014-02-13,34.952396392822266
2014-02-14,35.388492584228516
2014-02-18,35.36993408203125
2014-02-19,35.53695297241211
2014-02-20,35.601905822753906
2014-02-21,35.7410774230957
2014-02-24,35.945213317871094
2014-02-25,35.92665481567383
2014-02-26,36.316349029541016
2014-02-27,35.99161148071289
2014-02-28,36.26069259643555
2014-03-03,35.51839828491211
2014-03-04,36.529754638671875
2014-03-05,36.57615280151367
2014-03-06,36.75244903564453
2014-03-07,36.436981201171875
2014-03-10,36.48336410522461
2014-03-11,36.019432067871094
2014-03-12,36.00088119506836
2014-03-13,35.629737854003906
2014-03-14,35.53695297241211
2014-03-17,36.51120376586914
2014-03-18,36.687496185302734
2014-03-19,36.353458404541016
2014-03-20,36.316349029541016
2014-03-21,36.40914535522461
2014-03-24,35.8245849609375
2014-03-25,36.40732955932617
2014-03-26,36.351470947265625
2014-03-27,36.00705337524414
2014-03-28,36.13737106323242
2014-03-31,36.267696380615234
2014-04-01,36.58419418334961
2014-04-02,36.723838806152344
2014-04-03,36.65867614746094
2014-04-04,36.14667510986328
2014-04-07,35.48573684692383
2014-04-08,35.74639129638672
2014-04-09,36.08152389526367
2014-04-10,35.457820892333984
2014-04-11,35.299560546875
2014-04-14,34.964439392089844
2014-04-15,35.23440170288086
2014-04-16,35.830177307128906
2014-04-17,35.87671661376953
2014-04-21,36.02566146850586
2014-04-22,36.4818000793457
2014-04-23,36.090816497802734
2014-04-24,36.277008056640625
2014-04-25,35.9418830871582
2014-04-28,35.92325973510742
2014-04-29,35.92325973510742
2014-04-30,35.51367950439453
2014-05-01,35.40196228027344
2014-05-02,35.495052337646484
2014-05-05,35.60676956176758
2014-05-06,35.19717788696289
2014-05-07,34.73170852661133
2014-05-08,34.46175765991211
2014-05-09,34.23834228515625
2014-05-12,34.508304595947266
2014-05-13,34.65725326538086
2014-05-14,34.52691650390625
2014-05-15,33.52155303955078
2014-05-16,34.0335578918457
2014-05-19,34.22903823852539
2014-05-20,33.93114471435547
2014-05-21,34.098716735839844
2014-05-22,33.80082702636719
2014-05-23,34.415218353271484
2014-05-27,34.703800201416016
2014-05-28,34.955135345458984
2014-05-29,34.955135345458984
2014-05-30,34.703800201416016
2014-06-02,34.80617904663086
2014-06-03,34.499000549316406
2014-06-04,34.15455627441406
2014-06-05,35.066829681396484
2014-06-06,35.34610366821289
2014-06-09,35.37403106689453
2014-06-10,35.37403106689453
2014-06-11,35.13201141357422
2014-06-12,34.768951416015625
2014-06-13,34.489681243896484
2014-06-16,34.713096618652344
2014-06-17,35.048221588134766
2014-06-18,35.048221588134766
2014-06-19,35.39264678955078
2014-06-20,35.17855453491211
2014-06-23,35.104068756103516
2014-06-24,34.97083282470703
2014-06-25,35.027130126953125
2014-06-26,35.027130126953125
2014-06-27,35.20541000366211
2014-06-30,35.39307403564453
2014-07-01,35.702720642089844
2014-07-02,35.505672454833984
2014-07-03,35.36492919921875
2014-07-07,35.24294662475586
2014-07-08,34.755027770996094
2014-07-09,34.858245849609375
2014-07-10,34.5485954284668
2014-07-11,34.49229431152344
2014-07-14,34.73625564575195
2014-07-15,34.4829216003418
2014-07-16,34.886390686035156
2014-07-17,34.436004638671875
2014-07-18,34.44538879394531
2014-07-21,34.238956451416016
2014-07-22,34.980220794677734
2014-07-23,35.05528259277344
2014-07-24,34.755027770996094
2014-07-25,34.623661041259766
2014-07-28,34.51106262207031
2014-07-29,34.47352981567383
2014-07-30,34.15450668334961
2014-07-31,33.413238525390625
2014-08-01,33.40385818481445
2014-08-04,33.460147857666016
2014-08-05,33.150508880615234
2014-08-06,33.535221099853516
2014-08-07,33.234947204589844
2014-08-08,33.441383361816406
2014-08-11,34.182655334472656
2014-08-12,34.182655334472656
2014-08-13,33.873008728027344
2014-08-14,34.276485443115234
2014-08-15,34.29525375366211
2014-08-18,34.623661041259766
2014-08-19,34.604896545410156
2014-08-20,34.604896545410156
2014-08-21,34.69873046875
2014-08-22,34.717498779296875
2014-08-25,34.6330451965332
2014-08-26,35.05528259277344
2014-08-27,34.820701599121094
2014-08-28,34.980220794677734
2014-08-29,34.98959732055664
2014-09-02,35.28047180175781
2014-09-03,35.46814727783203
2014-09-04,35.51504898071289
2014-09-05,35.41184616088867
2014-09-08,35.41184616088867
2014-09-09,35.23356246948242
2014-09-10,35.23356246948242
2014-09-11,35.22417449951172
2014-09-12,34.755027770996094
2014-09-15,34.539215087890625
2014-09-16,34.858245849609375
2014-09-17,34.848854064941406
2014-09-18,34.97083282470703
2014-09-19,34.773799896240234
2014-09-22,34.38908767700195
2014-09-23,33.59480285644531
2014-09-24,33.933189392089844
2014-09-25,33.46320724487305
2014-09-26,33.735801696777344
2014-09-29,33.52900314331055
2014-09-30,33.34100341796875
2014-10-01,32.72061538696289
2014-10-02,32.48563003540039
2014-10-03,32.48563003540039
2014-10-06,32.70182800292969
2014-10-07,32.570220947265625
2014-10-08,32.66421890258789
2014-10-09,31.376453399658203
2014-10-10,31.085065841674805
2014-10-13,30.549283981323242
2014-10-14,30.59627914428711
2014-10-15,30.455276489257812
2014-10-16,30.690275192260742
2014-10-17,31.01926040649414
2014-10-20,31.29185676574707
2014-10-21,31.93104362487793
2014-10-22,31.93104362487793
2014-10-23,32.288238525390625
2014-10-24,32.16603469848633
2014-10-27,32.16603469848633
2014-10-28,32.76763153076172
2014-10-29,33.228214263916016
2014-10-30,32.78642654418945
2014-10-31,33.82979202270508
2014-11-03,33.613590240478516
2014-11-04,33.50080871582031
2014-11-05,33.54779815673828
2014-11-06,33.51959991455078
2014-11-07,33.75460433959961
2014-11-10,33.75460433959961
2014-11-11,33.82979202270508
2014-11-12,33.57600402832031
2014-11-13,33.60420608520508
2014-11-14,33.35980987548828
2014-11-17,33.36920928955078
2014-11-18,33.79219436645508
2014-11-19,33.35980987548828
2014-11-20,33.35980987548828
2014-11-21,33.77339553833008
2014-11-24,34.017784118652344
2014-11-25,34.017784118652344
2014-11-26,34.196388244628906
2014-11-28,33.51020812988281
2014-12-01,33.51020812988281
2014-12-02,33.10600662231445
2014-12-03,33.557193756103516
2014-12-04,33.425601959228516
2014-12-05,33.51020812988281
2014-12-08,32.99321365356445
2014-12-09,32.85221862792969
2014-12-10,32.72061538696289
2014-12-11,33.01201248168945
2014-12-12,32.513816833496094
2014-12-15,31.96863555908203
2014-12-16,32.12843704223633
2014-12-17,32.07203674316406
2014-12-18,32.07203674316406
2014-12-19,33.153011322021484
2014-12-22,33.247013092041016
2014-12-23,33.61486053466797
2014-12-24,33.56782913208008
2014-12-26,33.80302047729492
2014-12-29,33.934730529785156
2014-12-30,33.586631774902344
2014-12-31,33.63368225097656
2015-01-02,33.417293548583984
2015-01-05,33.417293548583984
2015-01-06,32.07195281982422
2015-01-07,31.940235137939453
2015-01-08,32.50471496582031
2015-01-09,32.325965881347656
2015-01-12,31.959054946899414
2015-01-13,31.789705276489258
2015-01-14,31.770898818969727
2015-01-15,31.573320388793945
2015-01-16,31.573320388793945
2015-01-20,31.85556983947754
2015-01-21,32.194252014160156
2015-01-22,32.45767593383789
2015-01-23,32.59878921508789
2015-01-26,32.8339958190918
2015-01-27,32.57057571411133
2015-01-28,32.269508361816406
2015-01-29,32.29774856567383
2015-01-30,31.977872848510742
2015-02-02,32.35419845581055
2015-02-03,33.17267990112305
2015-02-04,32.80577087402344
2015-02-05,33.26677322387695
2015-02-06,32.88103485107422
2015-02-09,32.815181732177734
2015-02-10,32.815181732177734
2015-02-11,32.86221694946289
2015-02-12,33.389068603515625
2015-02-13,33.39848327636719
2015-02-17,33.360843658447266
2015-02-18,33.55841827392578
2015-02-19,33.7465705871582
2015-02-20,33.80302047729492
2015-02-23,33.49256134033203
2015-02-24,33.96295928955078
2015-02-25,34.113494873046875
2015-02-26,33.85946273803711
2015-02-27,33.718353271484375
2015-03-02,33.925323486328125
2015-03-03,33.511375427246094
2015-03-04,33.39848327636719
2015-03-05,33.45492172241211
2015-03-06,33.153865814208984
2015-03-09,32.786956787109375
2015-03-10,32.73991775512695
2015-03-11,32.26011276245117
2015-03-12,32.88103485107422
2015-03-13,32.523529052734375
2015-03-16,32.984527587890625
2015-03-17,32.51412582397461
2015-03-18,32.92808532714844
2015-03-19,32.92808532714844
2015-03-20,33.37965774536133
2015-03-23,34.047630310058594
2015-03-24,34.25461959838867
2015-03-25,33.64183044433594
2015-03-26,33.510047912597656
2015-03-27,33.321781158447266
2015-03-30,34.357208251953125
2015-03-31,34.1595344543457
2015-04-01,34.0748176574707
2015-04-02,33.84892272949219
2015-04-06,34.80903244018555
2015-04-07,34.2442512512207
2015-04-08,34.479583740234375
2015-04-09,35.693843841552734
2015-04-10,35.693843841552734
2015-04-13,35.76914596557617
2015-04-14,35.12907028198242
2015-04-15,35.731502532958984
2015-04-16,35.02553176879883
2015-04-17,34.76197052001953
2015-04-20,33.96186828613281
2015-04-21,35.49617004394531
2015-04-22,35.298500061035156
2015-04-23,34.95964431762695
2015-04-24,34.696075439453125
2015-04-27,35.251434326171875
2015-04-28,34.441917419433594
2015-04-29,34.441917419433594
2015-04-30,34.592533111572266
2015-05-01,35.2796745300293
2015-05-04,34.357208251953125
2015-05-05,33.980690002441406
2015-05-06,33.331199645996094
2015-05-07,33.40650177001953
2015-05-08,33.877140045166016
2015-05-11,34.1595344543457
2015-05-12,34.018341064453125
2015-05-13,34.018341064453125
2015-05-14,34.714900970458984
2015-05-15,34.714900970458984
2015-05-18,34.714900970458984
2015-05-19,34.714900970458984
2015-05-20,35.665611267089844
2015-05-21,35.04435348510742
2015-05-22,34.931396484375
2015-05-26,34.26308822631836
2015-05-27,34.780792236328125
2015-05-28,34.780792236328125
2015-05-29,34.780792236328125
2015-06-01,34.5078239440918
2015-06-02,34.5078239440918
2015-06-03,35.204376220703125
2015-06-04,35.336151123046875
2015-06-05,35.336151123046875
2015-06-08,34.99728775024414
2015-06-09,34.99728775024414
2015-06-10,34.92197799682617
2015-06-11,34.63018798828125
2015-06-12,34.94081115722656
2015-06-15,34.79962158203125
2015-06-16,34.79962158203125
2015-06-17,34.79962158203125
2015-06-18,34.30073165893555
2015-06-19,34.80903244018555
2015-06-22,35.46793746948242
2015-06-23,35.56206512451172
2015-06-24,35.27881622314453
2015-06-25,34.64408874511719
2015-06-26,34.615684509277344
2015-06-29,34.293582916259766
2015-06-30,33.89569854736328
2015-07-01,34.34095764160156
2015-07-02,33.82939147949219
2015-07-06,33.15678024291992
2015-07-07,33.36518859863281
2015-07-08,33.36518859863281
2015-07-09,33.36518859863281
2015-07-10,33.58308410644531
2015-07-13,34.1988525390625
2015-07-14,34.1988525390625
2015-07-15,33.55465316772461
2015-07-16,34.123069763183594
2015-07-17,33.13783264160156
2015-07-20,33.13783264160156
2015-07-21,33.13783264160156
2015-07-22,33.033626556396484
2015-07-23,32.398902893066406
2015-07-24,32.398902893066406
2015-07-27,32.398902893066406
2015-07-28,31.61260986328125
2015-07-29,32.304168701171875
2015-07-30,32.12417984008789
2015-07-31,32.550479888916016
2015-08-03,33.06203842163086
2015-08-04,33.06203842163086
2015-08-05,32.78731155395508
2015-08-06,32.78731155395508
2015-08-07,32.73995590209961
2015-08-10,32.73995590209961
2015-08-11,32.87257766723633
2015-08-12,31.603145599365234
2015-08-13,32.683109283447266
2015-08-14,32.683109283447266
2015-08-17,32.80625534057617
2015-08-18,32.664161682128906
2015-08-19,32.28522872924805
2015-08-20,31.821027755737305
2015-08-21,29.964248657226562
2015-08-24,27.349605560302734
2015-08-25,27.349605560302734
2015-08-26,27.349605560302734
2015-08-27,30.040037155151367
2015-08-28,31.271574020385742
2015-08-31,31.26209831237793
2015-09-01,30.220033645629883
2015-09-02,29.405323028564453
2015-09-03,29.812679290771484
2015-09-04,29.357955932617188
2015-09-08,29.357955932617188
2015-09-09,30.589496612548828
2015-09-10,30.352659225463867
2015-09-11,29.983198165893555
2015-09-14,29.99267578125
2015-09-15,30.314767837524414
2015-09-16,30.333715438842773
2015-09-17,30.3052921295166
2015-09-18,30.80738639831543
2015-09-21,29.926359176635742
2015-09-22,29.926359176635742
2015-09-23,29.994726181030273
2015-09-24,28.589460372924805
2015-09-25,29.918764114379883
2015-09-28,29.918764114379883
2015-09-29,29.766845703125
2015-09-30,30.061189651489258
2015-10-01,29.10219383239746
2015-10-02,30.374523162841797
2015-10-05,30.478967666625977
2015-10-06,30.811296463012695
2015-10-07,30.811296463012695
2015-10-08,31.51392364501953
2015-10-09,31.81776237487793
2015-10-12,31.81776237487793
2015-10-13,31.086650848388672
2015-10-14,31.086650848388672
2015-10-15,31.153118133544922
2015-10-16,31.447458267211914
2015-10-19,31.447458267211914
2015-10-20,31.447458267211914
2015-10-21,30.516948699951172
2015-10-22,30.516948699951172
2015-10-23,30.87775993347168
2015-10-26,31.475942611694336
2015-10-27,30.944225311279297
2015-10-28,30.849279403686523
2015-10-29,30.849279403686523
2015-10-30,31.352508544921875
2015-11-02,32.264034271240234
2015-11-03,31.68483543395996
2015-11-04,30.801799774169922
2015-11-05,30.801799774169922
2015-11-06,30.90624237060547
2015-11-09,31.257558822631836
2015-11-10,31.305036544799805
2015-11-11,30.488466262817383
2015-11-12,30.032705307006836
2015-11-13,30.68785858154297
2015-11-16,30.830284118652344
2015-11-17,31.371501922607422
2015-11-18,31.371501922607422
2015-11-19,31.57089614868164
2015-11-20,31.703832626342773
2015-11-23,31.3430118560791
2015-11-24,31.324031829833984
2015-11-25,31.29553985595703
2015-11-27,31.29553985595703
2015-11-30,31.447458267211914
2015-12-01,31.3430118560791
2015-12-02,31.24806022644043
2015-12-03,31.751293182373047
2015-12-04,31.79876708984375
2015-12-07,31.466447830200195
2015-12-08,31.03917694091797
2015-12-09,31.03917694091797
2015-12-10,30.57392120361328
2015-12-11,30.57392120361328
2015-12-14,30.22260856628418
2015-12-15,31.09614372253418
2015-12-16,30.507461547851562
2015-12-17,30.915733337402344
2015-12-18,31.058162689208984
2015-12-21,31.27655029296875
2015-12-22,31.409488677978516
2015-12-23,31.921518325805664
2015-12-24,32.09283447265625
2015-12-28,31.969099044799805
2015-12-29,31.45516014099121
2015-12-30,31.274330139160156
2015-12-31,31.778762817382812
2016-01-04,31.045909881591797
2016-01-05,30.693767547607422
2016-01-06,30.579561233520508
2016-01-07,29.218563079833984
2016-01-08,29.665882110595703
2016-01-11,29.446983337402344
2016-01-12,29.446983337402344
2016-01-13,28.133573532104492
2016-01-14,28.923521041870117
2016-01-15,27.762393951416016
2016-01-19,27.762393951416016
2016-01-20,27.35314178466797
2016-01-21,27.35314178466797
2016-01-22,28.495243072509766
2016-01-25,28.495243072509766
2016-01-26,28.980628967285156
2016-01-27,28.980628967285156
2016-01-28,28.276334762573242
2016-01-29,29.09483528137207
2016-02-01,28.676069259643555
2016-02-02,28.666549682617188
2016-02-03,28.657032012939453
2016-02-04,28.495243072509766
2016-02-05,28.495243072509766
2016-02-08,28.495243072509766
2016-02-09,28.495243072509766
2016-02-10,28.076465606689453
2016-02-11,26.95340919494629
2016-02-12,27.05810546875
2016-02-16,27.75287437438965
2016-02-17,28.504756927490234
2016-02-18,28.504756927490234
2016-02-19,28.504756927490234
2016-02-22,29.22808074951172
2016-02-23,29.066286087036133
2016-02-24,28.514270782470703
2016-02-25,29.266151428222656
2016-02-26,29.884780883789062
2016-02-29,29.81816291809082
2016-03-01,30.503419876098633
2016-03-02,30.579561233520508
2016-03-03,31.103015899658203
2016-03-04,31.407577514648438
2016-03-07,31.6455135345459
2016-03-08,31.293378829956055
2016-03-09,31.217222213745117
2016-03-10,31.588409423828125
2016-03-11,31.78827476501465
2016-03-14,32.02621078491211
2016-03-15,31.502748489379883
2016-03-16,31.835859298706055
2016-03-17,32.72098922729492
2016-03-18,32.330772399902344
2016-03-21,32.24510955810547
2016-03-22,32.57822036743164
2016-03-23,32.34981155395508
2016-03-24,31.693092346191406
2016-03-28,30.265478134155273
2016-03-29,30.265478134155273
2016-03-30,33.07313537597656
2016-03-31,33.07313537597656
2016-04-01,33.07313537597656
2016-04-04,32.66387939453125
2016-04-05,32.66387939453125
2016-04-06,32.5115966796875
2016-04-07,32.321250915527344
2016-04-08,32.52111053466797
2016-04-11,32.63533401489258
2016-04-12,32.70195388793945
2016-04-13,33.453826904296875
2016-04-14,33.47285842895508
2016-04-15,33.387203216552734
2016-04-18,33.387203216552734
2016-04-19,34.37702560424805
2016-04-20,33.91065979003906
2016-04-21,34.56736755371094
2016-04-22,34.900474548339844
2016-04-25,33.40623474121094
2016-04-26,34.16763687133789
2016-04-27,34.59591293334961
2016-04-28,34.59591293334961
2016-04-29,34.59591293334961
2016-05-02,34.59591293334961
2016-05-03,34.64350891113281
2016-05-04,33.93921661376953
2016-05-05,34.243778228759766
2016-05-06,33.977291107177734
2016-05-09,33.977291107177734
2016-05-10,34.12004852294922
2016-05-11,34.396060943603516
2016-05-12,34.59591293334961
2016-05-13,33.83452606201172
2016-05-16,33.92018127441406
2016-05-17,33.52996063232422
2016-05-18,33.35865020751953
2016-05-19,33.672733306884766
2016-05-20,33.42526626586914
2016-05-23,33.42526626586914
2016-05-24,34.86241149902344
2016-05-25,34.66254425048828
2016-05-26,34.56736755371094
2016-05-27,34.786277770996094
2016-05-31,34.786277770996094
2016-06-01,34.64350891113281
2016-06-02,34.69110107421875
2016-06-03,34.59591293334961
2016-06-06,35.33828353881836
2016-06-07,35.07179260253906
2016-06-08,35.21455764770508
2016-06-09,35.21455764770508
2016-06-10,34.434120178222656
2016-06-13,34.00584030151367
2016-06-14,33.18733215332031
2016-06-15,33.76789855957031
2016-06-16,33.07313537597656
2016-06-17,33.91065979003906
2016-06-20,33.91065979003906
2016-06-21,34.57688522338867
2016-06-22,34.62762451171875
2016-06-23,35.23076248168945
2016-06-24,32.6171760559082
2016-06-27,31.11412811279297
2016-06-28,32.15763854980469
2016-06-29,32.15763854980469
2016-06-30,33.48837661743164
2016-07-01,33.86174011230469
2016-07-05,32.894813537597656
2016-07-06,32.82780075073242
2016-07-07,32.82780075073242
2016-07-08,34.139373779296875
2016-07-11,34.41700744628906
2016-07-12,35.106300354003906
2016-07-13,34.91483688354492
2016-07-14,35.56583786010742
2016-07-15,35.106300354003906
2016-07-18,35.18289566040039
2016-07-19,34.89569091796875
2016-07-20,34.89569091796875
2016-07-21,34.90525436401367
2016-07-22,34.84782028198242
2016-07-25,35.2020378112793
2016-07-26,35.345638275146484
2016-07-27,35.680721282958984
2016-07-28,35.85304260253906
2016-07-29,35.99665451049805
2016-08-01,35.786033630371094
2016-08-02,35.48925018310547
2016-08-03,35.326499938964844
2016-08-04,35.326499938964844
2016-08-05,35.326499938964844
2016-08-08,35.84347152709961
2016-08-09,35.97750473022461
2016-08-10,36.32215118408203
2016-08-11,35.652008056640625
2016-08-12,36.21684265136719
2016-08-15,36.484893798828125
2016-08-16,36.762535095214844
2016-08-17,36.762535095214844
2016-08-18,36.81040954589844
2016-08-19,36.791255950927734
2016-08-22,36.9731559753418
2016-08-23,37.04974365234375
2016-08-24,36.685943603515625
2016-08-25,36.81040954589844
2016-08-26,36.743385314941406
2016-08-29,36.5902099609375
2016-08-30,36.86783981323242
2016-08-31,36.18811798095703
2016-09-01,36.73381042480469
2016-09-02,36.38916778564453
2016-09-06,37.442256927490234
2016-09-07,37.442256927490234
2016-09-08,37.183773040771484
2016-09-09,36.963584899902344
2016-09-12,36.09239196777344
2016-09-13,36.09239196777344
2016-09-14,35.72858810424805
2016-09-15,36.532772064208984
2016-09-16,36.57106399536133
2016-09-19,36.427459716796875
2016-09-20,36.71466827392578
2016-09-21,36.62251281738281
2016-09-22,37.486473083496094
2016-09-23,37.092891693115234
2016-09-26,35.998538970947266
2016-09-27,37.371280670166016
2016-09-28,37.371280670166016
2016-09-29,37.784061431884766
2016-09-30,38.033653259277344
2016-10-03,37.678470611572266
2016-10-04,37.44807434082031
2016-10-05,37.84165954589844
2016-10-06,38.139251708984375
2016-10-07,37.9760627746582
2016-10-10,37.505672454833984
2016-10-11,37.15049362182617
2016-10-12,37.006492614746094
2016-10-13,37.092891693115234
2016-10-14,36.92009735107422
2016-10-17,37.20807647705078
2016-10-18,37.265682220458984
2016-10-19,37.1696891784668
2016-10-20,37.246490478515625
2016-10-21,37.05449295043945
2016-10-24,37.467281341552734
2016-10-25,36.62251281738281
2016-10-26,36.526512145996094
2016-10-27,36.54571533203125
2016-10-28,36.51691818237305
2016-10-31,36.28651809692383
2016-11-01,36.046531677246094
2016-11-02,35.518550872802734
2016-11-03,37.025691986083984
2016-11-04,35.825740814208984
2016-11-07,36.33452224731445
2016-11-08,37.01609802246094
2016-11-09,36.843299865722656
2016-11-10,36.93929672241211
2016-11-11,37.486473083496094
2016-11-14,38.0240592956543
2016-11-15,37.966453552246094
2016-11-16,37.91845703125
2016-11-17,37.99525833129883
2016-11-18,37.678470611572266
2016-11-21,38.01445007324219
2016-11-22,38.65762710571289
2016-11-23,37.91845703125
2016-11-25,38.158451080322266
2016-11-28,38.60963439941406
2016-11-29,39.71358108520508
2016-11-30,38.44643020629883
2016-12-01,38.53282928466797
2016-12-02,38.42723083496094
2016-12-05,38.705623626708984
2016-12-06,38.99361801147461
2016-12-07,39.87677764892578
2016-12-08,39.81917953491211
2016-12-09,39.58879852294922
2016-12-12,39.550392150878906
2016-12-13,39.81917953491211
2016-12-14,39.41600036621094
2016-12-15,39.051212310791016
2016-12-16,39.60799026489258
2016-12-19,39.70398712158203
2016-12-20,39.89597702026367
2016-12-21,39.68225860595703
2016-12-22,39.181663513183594
2016-12-23,39.60525131225586
2016-12-27,39.52823257446289
2016-12-28,38.79658126831055
2016-12-29,38.73881912231445
2016-12-30,38.98912048339844
2017-01-03,38.67142868041992
2017-01-04,39.817039489746094
2017-01-05,39.258670806884766
2017-01-06,39.508975982666016
2017-01-09,39.22016525268555
2017-01-10,39.32605743408203
2017-01-11,39.8362922668457
2017-01-12,39.51860046386719
2017-01-13,40.21173858642578
2017-01-17,40.076969146728516
2017-01-18,39.470462799072266
2017-01-19,39.08538818359375
2017-01-20,39.2682991027832
2017-01-23,39.27793502807617
2017-01-24,39.64374923706055
2017-01-25,40.68346405029297
2017-01-26,40.10584259033203
2017-01-27,39.95181655883789
2017-01-30,39.37419509887695
2017-01-31,39.27793502807617
2017-02-01,39.297183990478516
2017-02-02,39.913307189941406
2017-02-03,39.68225860595703
2017-02-06,39.70152282714844
2017-02-07,39.60525131225586
2017-02-08,39.4127082824707
2017-02-09,39.566734313964844
2017-02-10,39.55711364746094
2017-02-13,39.49934768676758
2017-02-14,39.971065521240234
2017-02-15,39.913307189941406
2017-02-16,39.85554885864258
2017-02-17,39.489723205566406
2017-02-21,39.6918830871582
2017-02-22,39.566734313964844
2017-02-23,39.76890563964844
2017-02-24,39.1142692565918
2017-02-27,39.22016525268555
2017-02-28,39.08538818359375
2017-03-01,39.913307189941406
2017-03-02,39.22016525268555
2017-03-03,39.14315414428711
2017-03-06,38.85434341430664
2017-03-07,38.84471130371094
2017-03-08,38.748443603515625
2017-03-09,38.55590057373047
2017-03-10,39.05651092529297
2017-03-13,39.22979736328125
2017-03-14,38.67142868041992
2017-03-15,39.49934768676758
2017-03-16,39.71114730834961
2017-03-17,39.614871978759766
2017-03-20,39.76890563964844
2017-03-21,39.98069381713867
2017-03-22,38.979496002197266
2017-03-23,39.95181655883789
2017-03-24,39.38383102416992
2017-03-27,39.566734313964844
2017-03-28,39.79777908325195
2017-03-29,39.932559967041016
2017-03-30,40.0480842590332
2017-03-31,40.336891174316406
2017-04-03,40.00957489013672
2017-04-04,39.999942779541016
2017-04-05,39.68225860595703
2017-04-06,39.6918830871582
2017-04-07,40.00957489013672
2017-04-10,39.98069381713867
2017-04-11,40.00957489013672
2017-04-12,39.51860046386719
2017-04-13,39.470462799072266
2017-04-17,39.23941421508789
2017-04-18,39.51860046386719
2017-04-19,39.4127082824707
2017-04-20,40.15398025512695
2017-04-21,40.19248962402344
2017-04-24,41.703914642333984
2017-04-25,42.0986213684082
2017-04-26,41.915714263916016
2017-04-27,42.127498626708984
2017-04-28,41.56914138793945
2017-05-01,41.703914642333984
2017-05-02,42.204524993896484
2017-05-03,41.270694732666016
2017-05-04,41.270694732666016
2017-05-05,42.69549560546875
2017-05-08,42.69549560546875
2017-05-09,41.62690734863281
2017-05-10,41.790557861328125
2017-05-11,41.116668701171875
2017-05-12,41.126304626464844
2017-05-15,41.126304626464844
2017-05-16,41.28996276855469
2017-05-17,40.59682083129883
2017-05-18,40.433162689208984
2017-05-19,40.8182373046875
2017-05-22,41.05891036987305
2017-05-23,41.424739837646484
2017-05-24,41.020408630371094
2017-05-25,41.020408630371094
2017-05-26,41.395851135253906
2017-05-30,41.20331573486328
2017-05-31,41.48249816894531
2017-06-01,41.98310470581055
2017-06-02,42.8013916015625
2017-06-05,42.8013916015625
2017-06-06,42.271907806396484
2017-06-07,42.44519805908203
2017-06-08,42.724369049072266
2017-06-09,42.724369049072266
2017-06-12,42.291160583496094
2017-06-13,42.83988952636719
2017-06-14,42.377803802490234
2017-06-15,41.915714263916016
2017-06-16,42.18526077270508
2017-06-19,42.397064208984375
2017-06-20,42.30078887939453
2017-06-21,41.93496322631836
2017-06-22,42.31674575805664
2017-06-23,42.802486419677734
2017-06-26,42.64705276489258
2017-06-27,42.491607666015625
2017-06-28,42.76362228393555
2017-06-29,41.986454010009766
2017-06-30,42.32646179199219
2017-07-03,42.41388702392578
2017-07-05,41.986454010009766
2017-07-06,41.772727966308594
2017-07-07,42.540184020996094
2017-07-10,42.71504592895508
2017-07-11,42.481895446777344
2017-07-12,43.249351501464844
2017-07-13,43.47278594970703
2017-07-14,43.51164245605469
2017-07-17,43.8710823059082
2017-07-18,44.0070915222168
2017-07-19,44.531681060791016
2017-07-20,44.434532165527344
2017-07-21,43.8710823059082
2017-07-24,44.113948822021484
2017-07-25,44.3568115234375
2017-07-26,44.31795120239258
2017-07-27,44.46367645263672
2017-07-28,44.240238189697266
2017-07-31,44.3568115234375
2017-08-01,44.88140106201172
2017-08-02,44.67739486694336
2017-08-03,44.75511169433594
2017-08-04,44.88140106201172
2017-08-07,44.90082931518555
2017-08-08,44.97854232788086
2017-08-09,45.15340805053711
2017-08-10,44.22080612182617
2017-08-11,44.02652359008789
2017-08-14,44.59968185424805
2017-08-15,44.492820739746094
2017-08-16,44.50252914428711
2017-08-17,43.861366271972656
2017-08-18,43.75450897216797
2017-08-21,43.75450897216797
2017-08-22,43.75450897216797
2017-08-23,44.094520568847656
2017-08-24,44.15281295776367
2017-08-25,44.57053756713867
2017-08-28,44.52196502685547
2017-08-29,44.453956604003906
2017-08-30,44.67739486694336
2017-08-31,45.23113250732422
2017-09-01,45.454566955566406
2017-09-05,45.124267578125
2017-09-06,45.25055694580078
2017-09-07,45.69742965698242
2017-09-08,45.687705993652344
2017-09-11,45.95000457763672
2017-09-12,46.16372299194336
2017-09-13,46.21229934692383
2017-09-14,46.3774528503418
2017-09-15,46.42601776123047
2017-09-18,47.144901275634766
2017-09-19,47.2129020690918
2017-09-20,47.0283203125
2017-09-21,47.35419845581055
2017-09-22,47.218021392822266
2017-09-25,46.9359130859375
2017-09-26,47.26665115356445
2017-09-27,47.55847930908203
2017-09-28,47.529293060302734
2017-09-29,47.76276397705078
2017-10-02,47.928131103515625
2017-10-03,48.34642791748047
2017-10-04,48.22969436645508
2017-10-05,48.443695068359375
2017-10-06,48.07404327392578
2017-10-09,48.42424011230469
2017-10-10,48.76470947265625
2017-10-11,49.085723876953125
2017-10-12,48.91062545776367
2017-10-13,49.14408874511719
2017-10-16,49.11491012573242
2017-10-17,48.92035675048828
2017-10-18,49.07599639892578
2017-10-19,48.647979736328125
2017-10-20,48.793888092041016
2017-10-23,48.7160758972168
2017-10-24,48.92035675048828
2017-10-25,48.59933853149414
2017-10-26,48.832801818847656
2017-10-27,48.90089416503906
2017-10-30,49.07599639892578
2017-10-31,49.3094596862793
2017-11-01,48.98844528198242
2017-11-02,48.23942184448242
2017-11-03,48.65770721435547
2017-11-06,49.02736282348633
2017-11-07,48.59933853149414
2017-11-08,48.65770721435547
2017-11-09,48.20051193237305
2017-11-10,48.0643196105957
2017-11-13,47.77248764038086
2017-11-14,47.85030746459961
2017-11-15,47.43202209472656
2017-11-16,48.15187072753906
2017-11-17,47.94758605957031
2017-11-20,48.22969436645508
2017-11-21,48.5020637512207
2017-11-22,48.55070114135742
2017-11-24,48.94953918457031
2017-11-27,48.76470947265625
2017-11-28,48.99817657470703
2017-11-29,48.65770721435547
2017-11-30,48.638248443603516
2017-12-01,48.219966888427734
2017-12-04,49.04681396484375
2017-12-05,48.76470947265625
2017-12-06,48.793888092041016
2017-12-07,49.280277252197266
2017-12-08,49.319190979003906
2017-12-11,49.494285583496094
2017-12-12,49.58183670043945
2017-12-13,49.474830627441406
2017-12-14,49.22190475463867
2017-12-15,49.46510314941406
2017-12-18,50.048763275146484
2017-12-19,49.80556869506836
2017-12-20,49.756935119628906
2017-12-21,49.92063903808594
2017-12-22,49.725746154785156
2017-12-26,49.65753936767578
2017-12-27,49.6867790222168
2017-12-28,49.6867790222168
2017-12-29,49.6867790222168
2018-01-02,49.842681884765625
2018-01-03,50.28117752075195
2018-01-04,50.544281005859375
2018-01-05,51.04124450683594
2018-01-08,50.836612701416016
2018-01-09,50.7586555480957
2018-01-10,50.23246765136719
2018-01-11,50.77814483642578
2018-01-12,51.255615234375
2018-01-16,51.28485870361328
2018-01-17,51.71360778808594
2018-01-18,51.45050811767578
2018-01-19,51.616172790527344
2018-01-22,51.723358154296875
2018-01-23,51.87926483154297
2018-01-24,51.859779357910156
2018-01-25,51.60641860961914
2018-01-26,52.16185760498047
2018-01-29,51.86951446533203
2018-01-30,51.29459762573242
2018-01-31,51.18741226196289
2018-02-01,51.49923324584961
2018-02-02,50.183738708496094
2018-02-05,48.42000198364258
2018-02-06,48.663604736328125
2018-02-07,49.06312942504883
2018-02-08,47.221431732177734
2018-02-09,47.240928649902344
2018-02-12,47.97175979614258
2018-02-13,47.79635238647461
2018-02-14,48.634368896484375
2018-02-15,49.6867790222168
2018-02-16,49.93038558959961
2018-02-20,49.58932113647461
2018-02-21,49.716007232666016
2018-02-22,49.60881805419922
2018-02-23,49.83293914794922
2018-02-26,50.3104133605957
2018-02-27,49.79396057128906
2018-02-28,49.31648254394531
2018-03-01,48.624637603759766
2018-03-02,48.76105499267578
2018-03-05,49.394432067871094
2018-03-06,49.96935272216797
2018-03-07,50.10578155517578
2018-03-08,50.27143478393555
2018-03-09,51.01201248168945
2018-03-12,51.12895202636719
2018-03-13,50.84635925292969
2018-03-14,50.85609436035156
2018-03-15,50.56377410888672
2018-03-16,50.71967697143555
2018-03-19,50.27143478393555
2018-03-20,50.49555969238281
2018-03-21,50.183738708496094
2018-03-22,49.00614929199219
2018-03-23,47.96221160888672
2018-03-26,48.90858459472656
2018-03-27,48.40125274658203
2018-03-28,47.87440872192383
2018-03-29,48.49881362915039
2018-04-02,47.28902816772461
2018-04-03,47.32804870605469
2018-04-04,47.74757385253906
2018-04-05,48.17685317993164
2018-04-06,47.5231819152832
2018-04-09,47.80611801147461
2018-04-10,48.12807846069336
2018-04-11,47.91343688964844
2018-04-12,48.22563171386719
2018-04-13,48.02075958251953
2018-04-16,48.33296203613281
2018-04-17,48.93785095214844
2018-04-18,48.83053207397461
2018-04-19,48.76224136352539
2018-04-20,48.68418502807617
2018-04-23,48.957366943359375
2018-04-24,47.864654541015625
2018-04-25,47.640262603759766
2018-04-26,47.864654541015625
2018-04-27,47.923187255859375
2018-04-30,47.68904113769531
2018-05-01,47.298789978027344
2018-05-02,48.2744255065918
2018-05-03,48.5475959777832
2018-05-04,49.16224670410156
2018-05-07,49.79641342163086
2018-05-08,49.87446594238281
2018-05-09,50.04031753540039
2018-05-10,51.3769416809082
2018-05-11,51.328155517578125
2018-05-14,51.55255126953125
2018-05-15,51.14278793334961
2018-05-16,51.5037727355957
2018-05-17,51.38669204711914
2018-05-18,51.133026123046875
2018-05-21,51.54280090332031
2018-05-22,51.454986572265625
2018-05-23,50.88912582397461
2018-05-24,50.55739974975586
2018-05-25,50.35252380371094
2018-05-29,49.337860107421875
2018-05-30,50.362274169921875
2018-05-31,49.825679779052734
2018-06-01,50.245208740234375
2018-06-04,50.4500846862793
2018-06-05,50.079341888427734
2018-06-06,50.51837921142578
2018-06-07,50.059837341308594
2018-06-08,49.708595275878906
2018-06-11,49.854949951171875
2018-06-12,49.396400451660156
2018-06-13,50.313499450683594
2018-06-14,50.615943908691406
2018-06-15,49.864707946777344
2018-06-18,49.708595275878906
2018-06-19,49.58176803588867
2018-06-20,49.25004959106445
2018-06-21,48.629669189453125
2018-06-22,48.70819854736328
2018-06-25,47.73638916015625
2018-06-26,48.13886260986328
2018-06-27,47.60877990722656
2018-06-28,47.392826080322266
2018-06-29,47.86399841308594
2018-07-02,47.88362503051758
2018-07-03,48.13886260986328
2018-07-05,48.18793869018555
2018-07-06,48.2664680480957
2018-07-09,49.44440841674805
2018-07-10,49.572025299072266
2018-07-11,48.6689338684082
2018-07-12,48.79654312133789
2018-07-13,48.8848876953125
2018-07-16,48.72783660888672
2018-07-17,48.98305130004883
2018-07-18,49.002681732177734
2018-07-19,49.346256256103516
2018-07-20,49.3069953918457
2018-07-23,48.963417053222656
2018-07-24,48.82598876953125
2018-07-25,48.80636215209961
2018-07-26,49.06158447265625
2018-07-27,48.83580780029297
2018-07-30,48.7671012878418
2018-07-31,49.05176544189453
2018-08-01,48.79654312133789
2018-08-02,48.973236083984375
2018-08-03,49.05176544189453
2018-08-06,49.4542350769043
2018-08-07,49.787986755371094
2018-08-08,49.846885681152344
2018-08-09,49.31680679321289
2018-08-10,48.56095504760742
2018-08-13,48.060325622558594
2018-08-14,48.22720718383789
2018-08-15,47.157230377197266
2018-08-16,47.569515228271484
2018-08-17,47.51061248779297
2018-08-20,48.22720718383789
2018-08-21,48.93397903442383
2018-08-22,49.08121871948242
2018-08-23,48.894710540771484
2018-08-24,49.002681732177734
2018-08-27,49.58184051513672
2018-08-28,49.59165954589844
2018-08-29,49.748714447021484
2018-08-30,49.11066436767578
2018-08-31,49.08121871948242
2018-09-04,48.747459411621094
2018-09-05,48.482425689697266
2018-09-06,48.13886260986328
2018-09-07,47.42226791381836
2018-09-10,48.15849304199219
2018-09-11,48.18793869018555
2018-09-12,48.030879974365234
2018-09-13,48.29591751098633
2018-09-14,48.32642364501953
2018-09-17,48.20833969116211
2018-09-18,48.64131546020508
2018-09-19,48.20833969116211
2018-09-20,49.05461120605469
2018-09-21,48.99557113647461
2018-09-24,48.41498565673828
2018-09-25,47.9229621887207
2018-09-26,47.93280792236328
2018-09-27,47.43094253540039
2018-09-28,46.79131317138672
2018-10-01,46.968441009521484
2018-10-02,46.604347229003906
2018-10-03,46.555145263671875
2018-10-04,45.76790237426758
2018-10-05,45.13811492919922
2018-10-08,45.05939483642578
2018-10-09,44.69529724121094
2018-10-10,43.24875259399414
2018-10-11,42.7075309753418
2018-10-12,42.422157287597656
2018-10-15,42.678001403808594
2018-10-16,43.86870574951172
2018-10-17,43.67189025878906
2018-10-18,42.57960510253906
2018-10-19,42.34342956542969
2018-10-22,42.156463623046875
2018-10-23,41.97933578491211
2018-10-24,41.02480697631836
2018-10-25,41.06417465209961
2018-10-26,40.591835021972656
2018-10-29,40.522945404052734
2018-10-30,41.01497268676758
2018-10-31,41.51683044433594
2018-11-01,42.52055740356445
2018-11-02,42.84529495239258
2018-11-05,42.372955322265625
2018-11-06,42.589439392089844
2018-11-07,43.2192268371582
2018-11-08,43.3471565246582
2018-11-09,42.353271484375
2018-11-12,41.48731231689453
2018-11-13,41.54636001586914
2018-11-14,41.438106536865234
2018-11-15,41.871089935302734
2018-11-16,41.60539627075195
2018-11-19,41.06417465209961
2018-11-20,40.49342727661133
2018-11-21,41.0346565246582
2018-11-23,41.01497268676758
2018-11-26,41.379066467285156
2018-11-27,41.044490814208984
2018-11-28,42.08757781982422
2018-11-29,42.1269416809082
2018-11-30,41.86125183105469
2018-12-03,42.530399322509766
2018-12-04,41.53651428222656
2018-12-06,40.44422149658203
2018-12-07,39.88331985473633
2018-12-10,39.82427978515625
2018-12-11,39.843963623046875
2018-12-12,40.896888732910156
2018-12-13,40.454071044921875
2018-12-14,39.81443786621094
2018-12-17,38.89927291870117
2018-12-18,39.1532096862793
2018-12-19,38.60203552246094
2018-12-20,38.09022521972656
2018-12-21,37.46031188964844
2018-12-24,36.69260025024414
2018-12-26,37.942588806152344
2018-12-27,38.041011810302734
2018-12-28,38.43471145629883
2018-12-31,38.41502380371094
2019-01-02,38.56266784667969
2019-01-03,37.92290496826172
2019-01-04,39.1532096862793
2019-01-07,39.49769592285156
2019-01-08,40.01934051513672
2019-01-09,40.91500473022461
2019-01-10,40.92485046386719
2019-01-11,40.90516662597656
2019-01-14,40.87563705444336
2019-01-15,40.688629150390625
2019-01-16,41.02327346801758
2019-01-17,40.993743896484375
2019-01-18,41.90909194946289
2019-01-22,41.19059371948242
2019-01-23,40.954376220703125
2019-01-24,41.76145553588867
2019-01-25,42.66695785522461
2019-01-28,42.50947952270508
2019-01-29,42.588218688964844
2019-01-30,43.011444091796875
2019-01-31,43.61183166503906
2019-02-01,43.46419906616211
2019-02-04,43.542938232421875
2019-02-05,43.76931381225586
2019-02-06,44.13348388671875
2019-02-07,43.22797393798828
2019-02-08,42.98191833496094
2019-02-11,43.031131744384766
2019-02-12,43.50356674194336
2019-02-13,43.7988395690918
2019-02-14,44.16300964355469
2019-02-15,44.48780822753906
2019-02-19,44.664974212646484
2019-02-20,44.80276870727539
2019-02-21,44.45827865600586
2019-02-22,44.704341888427734
2019-02-25,45.09804153442383
2019-02-26,44.89134979248047
2019-02-27,45.11772918701172
2019-02-28,44.6748161315918
2019-03-01,44.664974212646484
2019-03-04,44.379547119140625
2019-03-05,44.22206497192383
2019-03-06,43.51340866088867
2019-03-07,43.05081558227539
2019-03-08,42.77522277832031
2019-03-11,43.483882904052734
2019-03-12,43.641361236572266
2019-03-13,43.65120315551758
2019-03-14,43.41498565673828
2019-03-15,43.828365325927734
2019-03-18,43.77915573120117
2019-03-19,44.16300964355469
2019-03-20,44.379547119140625
2019-03-21,44.40519332885742
2019-03-22,43.033870697021484
2019-03-25,42.8365592956543
2019-03-26,42.895755767822266
2019-03-27,42.994415283203125
2019-03-28,42.797096252441406
2019-03-29,43.004276275634766
2019-04-01,43.62580871582031
2019-04-02,43.744197845458984
2019-04-03,44.49398422241211
2019-04-04,44.56304168701172
2019-04-05,44.898475646972656
2019-04-08,44.898475646972656
2019-04-09,44.6419677734375
2019-04-10,44.70116424560547
2019-04-11,44.4742546081543
2019-04-12,44.99713134765625
2019-04-15,44.92807388305664
2019-04-16,45.22404479980469
2019-04-17,45.61867141723633
2019-04-18,45.786380767822266
2019-04-22,45.72718811035156
2019-04-23,45.73705291748047
2019-04-24,45.72718811035156
2019-04-25,45.33256149291992
2019-04-26,45.49041748046875
2019-04-29,45.342430114746094
2019-04-30,45.54960632324219
2019-05-01,45.914634704589844
2019-05-02,45.03659439086914
2019-05-03,45.50027847290039
2019-05-06,45.26350784301758
2019-05-07,45.2437744140625
2019-05-08,45.4608154296875
2019-05-09,45.13525390625
2019-05-10,44.65183639526367
2019-05-13,43.7639274597168
2019-05-14,44.49398422241211
2019-05-15,44.83928298950195
2019-05-16,45.15498352050781
2019-05-17,44.6419677734375
2019-05-20,44.109222412109375
2019-05-21,44.5926399230957
2019-05-22,44.168418884277344
2019-05-23,43.41862869262695
2019-05-24,43.81325912475586
2019-05-28,43.87245178222656
2019-05-29,43.28050994873047
2019-05-30,43.40876770019531
2019-05-31,42.71817398071289
2019-06-03,43.033870697021484
2019-06-04,44.00070571899414
2019-06-05,44.50385284423828
2019-06-06,44.543312072753906
2019-06-07,45.40162658691406
2019-06-10,45.677860260009766
2019-06-11,45.8455810546875
2019-06-12,45.312835693359375
2019-06-13,45.76665115356445
2019-06-14,45.58012390136719
2019-06-17,45.550357818603516
2019-06-18,46.5326042175293
2019-06-19,46.66158676147461
2019-06-20,47.475162506103516
2019-06-21,47.465240478515625
2019-06-24,47.37594223022461
2019-06-25,46.92947006225586
2019-06-26,47.25688934326172
2019-06-27,47.69343948364258
2019-06-28,47.93156051635742
2019-07-01,48.09030532836914
2019-07-02,48.09030532836914
2019-07-03,48.258975982666016
2019-07-05,47.713279724121094
2019-07-08,47.30649185180664
2019-07-09,47.008846282958984
2019-07-10,47.06837463378906
2019-07-11,46.919551849365234
2019-07-12,47.29656982421875
2019-07-15,47.39579391479492
2019-07-16,47.43547821044922
2019-07-17,47.266807556152344
2019-07-18,47.12790298461914
2019-07-19,47.266807556152344
2019-07-22,47.3858642578125
2019-07-23,47.911720275878906
2019-07-24,48.09030532836914
2019-07-25,47.9910888671875
2019-07-26,48.02085494995117
2019-07-29,47.84226608276367
2019-07-30,47.69343948364258
2019-07-31,48.66576385498047
2019-08-01,47.663673400878906
2019-08-02,47.197357177734375
2019-08-05,45.52059555053711
2019-08-06,46.324249267578125
2019-08-07,47.23704528808594
2019-08-08,48.02085494995117
2019-08-09,47.86210632324219
2019-08-12,47.34618377685547
2019-08-13,47.94147872924805
2019-08-14,46.36393737792969
2019-08-15,45.877777099609375
2019-08-16,47.008846282958984
2019-08-19,47.643829345703125
2019-08-20,47.366024017333984
2019-08-21,48.04069519042969
2019-08-22,47.455318450927734
2019-08-23,46.492919921875
2019-08-26,46.86001968383789
2019-08-27,47.24696350097656
2019-08-28,47.05845260620117
2019-08-29,47.356101989746094
2019-08-30,47.455318450927734
2019-09-03,46.95923614501953
2019-09-04,47.79265213012695
2019-09-05,48.21928405761719
2019-09-06,48.22920608520508
2019-09-09,48.46732711791992
2019-09-10,49.02294158935547
2019-09-11,50.005191802978516
2019-09-12,49.47933578491211
2019-09-13,49.6281623840332
2019-09-16,49.5984001159668
2019-09-17,49.88612365722656
2019-09-18,49.75714874267578
2019-09-19,50.28299331665039
2019-09-20,49.7373046875
2019-09-23,49.816673278808594
2019-09-24,49.28090286254883
2019-09-25,49.484310150146484
2019-09-26,49.35469055175781
2019-09-27,48.82624816894531
2019-09-30,49.44442367553711
2019-10-01,48.596920013427734
2019-10-02,47.24091339111328
2019-10-03,47.599857330322266
2019-10-04,48.20806121826172
2019-10-07,48.20806121826172
2019-10-08,47.639739990234375
2019-10-09,48.04853439331055
2019-10-10,48.367591857910156
2019-10-11,49.554100036621094
2019-10-14,49.404541015625
2019-10-15,49.913047790527344
2019-10-16,49.803367614746094
2019-10-17,50.2420768737793
2019-10-18,50.64090347290039
2019-10-21,51.02975845336914
2019-10-22,51.03972625732422
2019-10-23,50.949989318847656
2019-10-24,51.26905059814453
2019-10-25,51.78752517700195
2019-10-28,52.136497497558594
2019-10-29,52.02682113647461
2019-10-30,51.807464599609375
2019-10-31,51.099552154541016
2019-11-01,51.83738327026367
2019-11-04,52.37579345703125
2019-11-05,52.654972076416016
2019-11-06,52.615089416503906
2019-11-07,52.36582565307617
2019-11-08,52.50541305541992
2019-11-11,52.3259391784668
2019-11-12,52.236202239990234
2019-11-13,51.348819732666016
2019-11-14,51.239139556884766
2019-11-15,51.568172454833984
2019-11-18,51.5482292175293
2019-11-19,51.51831817626953
2019-11-20,51.25908279418945
2019-11-21,51.11949157714844
2019-11-22,51.38869857788086
2019-11-25,52.37579345703125
2019-11-26,52.50541305541992
2019-11-27,52.754676818847656
2019-11-29,52.45555877685547
2019-12-02,52.136497497558594
2019-12-03,52.00688171386719
2019-12-04,52.39573287963867
2019-12-05,52.25614929199219
2019-12-06,52.874324798583984
2019-12-09,52.45555877685547
2019-12-10,52.49544143676758
2019-12-11,53.003944396972656
2019-12-12,53.87139129638672
2019-12-13,53.78152084350586
2019-12-16,54.370662689208984
2019-12-17,54.570369720458984
2019-12-18,54.570369720458984
2019-12-19,54.82000732421875
2019-12-20,54.8899040222168
2019-12-23,55.0496711730957
2019-12-24,55.0496711730957
2019-12-26,55.129554748535156
2019-12-27,55.1994514465332
2019-12-30,54.670223236083984
2019-12-31,54.84996032714844
2020-01-02,55.83851623535156
2020-01-03,55.15951156616211
2020-01-06,54.96978759765625
2020-01-07,54.9398307800293
2020-01-08,55.469058990478516
2020-01-09,55.47904586791992
2020-01-10,55.0896110534668
2020-01-13,55.279335021972656
2020-01-14,55.369205474853516
2020-01-15,55.26934814453125
2020-01-16,55.82853317260742
2020-01-17,56.138084411621094
2020-01-21,56.03822708129883
2020-01-22,56.02824401855469
2020-01-23,56.30783462524414
2020-01-24,56.25790786743164
2020-01-27,54.280792236328125
2020-01-28,55.429115295410156
2020-01-29,55.53895568847656
2020-01-30,55.45907211303711
2020-01-31,53.92131805419922
2020-02-03,54.630279541015625
2020-02-04,56.22795104980469
2020-02-05,56.76716232299805
2020-02-06,56.76716232299805
2020-02-07,56.22795104980469
2020-02-10,56.807106018066406
2020-02-11,57.7956657409668
2020-02-12,58.68436813354492
2020-02-13,58.4447135925293
2020-02-14,58.45470428466797
2020-02-18,58.215049743652344
2020-02-19,60.9011344909668
2020-02-20,61.52022933959961
2020-02-21,60.85120391845703
2020-02-24,58.45470428466797
2020-02-25,56.108123779296875
2020-02-26,56.33778762817383
2020-02-27,55.009727478027344
2020-02-28,54.330718994140625
2020-03-02,55.58888244628906
2020-03-03,54.96978759765625
2020-03-04,56.9468994140625
2020-03-05,55.57889938354492
2020-03-06,53.951271057128906
2020-03-09,48.56912612915039
2020-03-10,50.086910247802734
2020-03-11,46.75177764892578
2020-03-12,40.670650482177734
2020-03-13,43.865989685058594
2020-03-16,38.63362503051758
2020-03-17,40.14142608642578
2020-03-18,36.5666389465332
2020-03-19,38.27415084838867
2020-03-20,37.09587097167969
2020-03-23,37.13581085205078
2020-03-24,41.20986557006836
2020-03-25,42.487998962402344
2020-03-26,44.75
2020-03-27,43.849998474121094
2020-03-30,43.459999084472656
2020-03-31,42.849998474121094
2020-04-01,40.880001068115234
2020-04-02,41.18000030517578
2020-04-03,39.939998626708984
2020-04-06,43.220001220703125
2020-04-07,43.70000076293945
2020-04-08,44.720001220703125
2020-04-09,45.650001525878906
