Date,HAP
2010-01-04,27.706674575805664
2010-01-05,27.986385345458984
2010-01-06,28.33002471923828
2010-01-07,28.37796974182129
2010-01-08,28.56177520751953
2010-01-11,28.68964195251465
2010-01-12,28.018348693847656
2010-01-13,28.24211311340332
2010-01-14,28.186172485351562
2010-01-15,27.81056785583496
2010-01-19,28.114246368408203
2010-01-20,27.442960739135742
2010-01-21,26.579872131347656
2010-01-22,26.100379943847656
2010-01-25,26.140335083007812
2010-01-26,26.052431106567383
2010-01-27,25.716787338256836
2010-01-28,25.317209243774414
2010-01-29,24.87767219543457
2010-02-01,25.62887954711914
2010-02-02,25.924564361572266
2010-02-03,25.852642059326172
2010-02-04,24.701862335205078
2010-02-05,24.597972869873047
2010-02-08,24.374208450317383
2010-02-09,24.94959831237793
2010-02-10,24.885665893554688
2010-02-11,25.540971755981445
2010-02-12,25.373149871826172
2010-02-16,26.084396362304688
2010-02-17,26.124353408813477
2010-02-18,26.316152572631836
2010-02-19,26.116365432739258
2010-02-22,26.116365432739258
2010-02-23,25.58892250061035
2010-02-24,25.556957244873047
2010-02-25,25.556957244873047
2010-02-26,25.668834686279297
2010-03-01,25.956531524658203
2010-03-02,26.340126037597656
2010-03-03,26.51594352722168
2010-03-04,26.49197006225586
2010-03-05,26.947490692138672
2010-03-08,26.947490692138672
2010-03-09,26.779661178588867
2010-03-10,27.04338264465332
2010-03-11,26.899534225463867
2010-03-12,27.107316970825195
2010-03-15,26.803638458251953
2010-03-16,27.16325569152832
2010-03-17,27.299116134643555
2010-03-18,27.1392822265625
2010-03-19,26.86756706237793
2010-03-22,26.931501388549805
2010-03-23,27.09133529663086
2010-03-24,26.755687713623047
2010-03-25,26.46000099182129
2010-03-26,26.63581657409668
2010-03-29,27.02739715576172
2010-03-30,27.08333969116211
2010-03-31,27.115304946899414
2010-04-01,27.442960739135742
2010-04-05,27.746639251708984
2010-04-06,27.77860450744629
2010-04-07,27.522871017456055
2010-04-08,27.594797134399414
2010-04-09,27.962413787841797
2010-04-12,27.850526809692383
2010-04-13,27.674711227416992
2010-04-14,27.8425350189209
2010-04-15,27.858522415161133
2010-04-16,27.299116134643555
2010-04-19,27.171249389648438
2010-04-20,27.51487922668457
2010-04-21,27.395009994506836
2010-04-22,27.35504913330078
2010-04-23,27.498897552490234
2010-04-26,27.50689125061035
2010-04-27,26.64380645751953
2010-04-28,26.739702224731445
2010-04-29,26.979454040527344
2010-04-30,26.707738876342773
2010-05-03,26.723718643188477
2010-05-04,25.796703338623047
2010-05-05,25.429088592529297
2010-05-06,24.11048698425293
2010-05-07,24.286300659179688
2010-05-10,25.49302101135254
2010-05-11,25.41310691833496
2010-05-12,25.636873245239258
2010-05-13,25.38114356994629
2010-05-14,24.8616886138916
2010-05-17,24.589977264404297
2010-05-18,24.174419403076172
2010-05-19,23.84676742553711
2010-05-20,22.791881561279297
2010-05-21,23.327316284179688
2010-05-24,23.031625747680664
2010-05-25,22.85581398010254
2010-05-26,22.8238468170166
2010-05-27,23.926679611206055
2010-05-28,23.623001098632812
2010-06-01,22.943721771240234
2010-06-02,23.75885772705078
2010-06-03,23.694927215576172
2010-06-04,22.791881561279297
2010-06-07,22.592092514038086
2010-06-08,22.975685119628906
2010-06-09,22.807865142822266
2010-06-10,23.774843215942383
2010-06-11,23.886722564697266
2010-06-14,23.91868782043457
2010-06-15,24.526046752929688
2010-06-16,24.566001892089844
2010-06-17,24.58198356628418
2010-06-18,24.510061264038086
2010-06-21,24.558012008666992
2010-06-22,24.11847686767578
2010-06-23,24.182409286499023
2010-06-24,23.654964447021484
2010-06-25,23.822790145874023
2010-06-28,23.583045959472656
2010-06-29,22.687990188598633
2010-06-30,22.4642276763916
2010-07-01,22.40029525756836
2010-07-02,22.512178421020508
2010-07-06,22.576108932495117
2010-07-07,23.311330795288086
2010-07-08,23.630990982055664
2010-07-09,23.886722564697266
2010-07-12,23.814800262451172
2010-07-13,24.190401077270508
2010-07-14,24.134464263916016
2010-07-15,24.326255798339844
2010-07-16,23.79082489013672
2010-07-19,23.79881477355957
2010-07-20,24.294294357299805
2010-07-21,24.04655647277832
2010-07-22,24.58198356628418
2010-07-23,24.86968231201172
2010-07-26,24.941606521606445
2010-07-27,24.821731567382812
2010-07-28,24.645919799804688
2010-07-29,24.81374168395996
2010-07-30,24.893657684326172
2010-08-02,25.668834686279297
2010-08-03,25.604907989501953
2010-08-04,25.86862564086914
2010-08-05,25.996492385864258
2010-08-06,25.996492385864258
2010-08-09,26.092390060424805
2010-08-10,25.8206787109375
2010-08-11,24.893657684326172
2010-08-12,25.037506103515625
2010-08-13,24.981563568115234
2010-08-16,25.07746124267578
2010-08-17,25.8206787109375
2010-08-18,25.8206787109375
2010-08-19,25.397127151489258
2010-08-20,25.181350708007812
2010-08-23,25.117422103881836
2010-08-24,24.62993621826172
2010-08-25,24.63793182373047
2010-08-26,24.550020217895508
2010-08-27,25.173358917236328
2010-08-30,24.821731567382812
2010-08-31,24.74980926513672
2010-09-01,25.5809268951416
2010-09-02,25.84465217590332
2010-09-03,26.020465850830078
2010-09-07,25.74875259399414
2010-09-08,25.98050308227539
2010-09-09,26.028457641601562
2010-09-10,26.276193618774414
2010-09-13,26.63581657409668
2010-09-14,26.71573257446289
2010-09-15,26.62782096862793
2010-09-16,26.691753387451172
2010-09-17,26.595855712890625
2010-09-20,26.86756706237793
2010-09-21,26.76367950439453
2010-09-22,26.82761001586914
2010-09-23,26.531925201416016
2010-09-24,27.075347900390625
2010-09-27,26.995431900024414
2010-09-28,27.147274017333984
2010-09-29,27.115304946899414
2010-09-30,26.955476760864258
2010-10-01,27.22718620300293
2010-10-04,26.979454040527344
2010-10-05,27.554838180541992
2010-10-06,27.834543228149414
2010-10-07,27.602792739868164
2010-10-08,28.194162368774414
2010-10-11,28.210142135620117
2010-10-12,28.298057556152344
2010-10-13,28.6976318359375
2010-10-14,28.801525115966797
2010-10-15,28.8175106048584
2010-10-18,28.825496673583984
2010-10-19,28.114246368408203
2010-10-20,28.497844696044922
2010-10-21,28.47386932373047
2010-10-22,28.54578971862793
2010-10-25,28.801525115966797
2010-10-26,28.71360969543457
2010-10-27,28.433908462524414
2010-10-28,28.577756881713867
2010-10-29,28.729595184326172
2010-11-01,28.68964195251465
2010-11-02,29.11319351196289
2010-11-03,29.217082977294922
2010-11-04,30.016239166259766
2010-11-05,30.04819679260254
2010-11-08,30.040212631225586
2010-11-09,29.880380630493164
2010-11-10,30.056194305419922
2010-11-11,30.160085678100586
2010-11-12,29.51276969909668
2010-11-15,29.328962326049805
2010-11-16,28.50583267211914
2010-11-17,28.60972023010254
2010-11-18,29.233064651489258
2010-11-19,29.30498695373535
2010-11-22,29.265033721923828
2010-11-23,28.593740463256836
2010-11-24,29.105199813842773
2010-11-26,28.761566162109375
2010-11-29,28.665668487548828
2010-11-30,28.529808044433594
2010-12-01,29.241052627563477
2010-12-02,29.784486770629883
2010-12-03,30.04819679260254
2010-12-06,30.152095794677734
2010-12-07,30.1361083984375
2010-12-08,29.976280212402344
2010-12-09,30.016239166259766
2010-12-10,30.176067352294922
2010-12-13,30.303930282592773
2010-12-14,30.407825469970703
2010-12-15,30.072174072265625
2010-12-16,30.16807746887207
2010-12-17,30.224016189575195
2010-12-20,30.335895538330078
2010-12-21,30.687532424926758
2010-12-22,30.76744270324707
2010-12-23,30.859294891357422
2010-12-27,30.77066421508789
2010-12-28,30.810951232910156
2010-12-29,31.24604034423828
2010-12-30,31.286327362060547
2010-12-31,31.38302230834961
2011-01-03,31.600566864013672
2011-01-04,31.50387191772461
2011-01-05,31.600566864013672
2011-01-06,31.511930465698242
2011-01-07,31.415250778198242
2011-01-10,31.326614379882812
2011-01-11,31.713363647460938
2011-01-12,32.309593200683594
2011-01-13,32.26125717163086
2011-01-14,32.41434097290039
2011-01-18,32.65606689453125
2011-01-19,32.1242790222168
2011-01-20,31.608617782592773
2011-01-21,31.673080444335938
2011-01-24,31.938966751098633
2011-01-25,31.77781867980957
2011-01-26,32.34988784790039
2011-01-27,32.33377456665039
2011-01-28,31.793933868408203
2011-01-31,32.37405776977539
2011-02-01,33.22006607055664
2011-02-02,33.26036071777344
2011-02-03,33.244232177734375
2011-02-04,33.228126525878906
2011-02-07,33.3570442199707
2011-02-08,33.33287048339844
2011-02-09,33.17978286743164
2011-02-10,33.09920883178711
2011-02-11,33.3248176574707
2011-02-14,33.6471061706543
2011-02-15,33.28452682495117
2011-02-16,33.63098907470703
2011-02-17,33.80825424194336
2011-02-18,33.67933654785156
2011-02-22,32.94612121582031
2011-02-23,33.091156005859375
2011-02-24,33.01864242553711
2011-02-25,33.461788177490234
2011-02-28,33.848533630371094
2011-03-01,33.3409309387207
2011-03-02,33.57459259033203
2011-03-03,34.04996871948242
2011-03-04,33.888824462890625
2011-03-07,33.494022369384766
2011-03-08,33.3167610168457
2011-03-09,33.002525329589844
2011-03-10,31.83422088623047
2011-03-11,32.237083435058594
2011-03-14,32.0920524597168
2011-03-15,31.81810760498047
2011-03-16,31.318557739257812
2011-03-17,32.07594299316406
2011-03-18,32.31766128540039
2011-03-21,33.010581970214844
2011-03-22,32.97835159301758
2011-03-23,33.20395278930664
2011-03-24,33.502079010009766
2011-03-25,33.59876251220703
2011-03-28,33.4214973449707
2011-03-29,33.69544982910156
2011-03-30,34.058021545410156
2011-03-31,34.20305633544922
2011-04-01,34.53340530395508
2011-04-04,34.734840393066406
2011-04-05,34.83958053588867
2011-04-06,34.64620590209961
2011-04-07,34.45282745361328
2011-04-08,34.57368850708008
2011-04-11,34.25139236450195
2011-04-12,33.4698486328125
2011-04-13,33.477901458740234
2011-04-14,33.59876251220703
2011-04-15,33.6390495300293
2011-04-18,32.97835159301758
2011-04-19,33.4134407043457
2011-04-20,34.04191207885742
2011-04-21,34.39643096923828
2011-04-25,34.25139236450195
2011-04-26,34.44477081298828
2011-04-27,34.57368850708008
2011-04-28,34.46089172363281
2011-04-29,34.783172607421875
2011-05-02,34.51728057861328
2011-05-03,33.67127227783203
2011-05-04,33.07503890991211
2011-05-05,32.406288146972656
2011-05-06,32.61577606201172
2011-05-09,33.11532211303711
2011-05-10,33.27647399902344
2011-05-11,32.38211441040039
2011-05-12,32.14039611816406
2011-05-13,31.769763946533203
2011-05-16,31.72947883605957
2011-05-17,31.769763946533203
2011-05-18,32.33377456665039
2011-05-19,32.34183120727539
2011-05-20,32.1001091003418
2011-05-23,31.608617782592773
2011-05-24,31.922853469848633
2011-05-25,32.25320053100586
2011-05-26,32.58354187011719
2011-05-27,32.89778137207031
2011-05-31,33.3651008605957
2011-06-01,32.52714538574219
2011-06-02,32.51909255981445
2011-06-03,32.309593200683594
2011-06-06,31.761703491210938
2011-06-07,31.906734466552734
2011-06-08,31.616680145263672
2011-06-09,32.10816955566406
2011-06-10,31.54416275024414
2011-06-13,31.318557739257812
2011-06-14,31.81810760498047
2011-06-15,31.117124557495117
2011-06-16,30.673973083496094
2011-06-17,30.754554748535156
2011-06-20,30.730375289916992
2011-06-21,31.536104202270508
2011-06-22,31.407184600830078
2011-06-23,31.14130401611328
2011-06-24,30.665924072265625
2011-06-27,30.95598030090332
2011-06-28,31.519981384277344
2011-06-29,32.172630310058594
2011-06-30,32.51909255981445
2011-07-01,32.720523834228516
2011-07-05,32.88166046142578
2011-07-06,32.83332443237305
2011-07-07,33.228126525878906
2011-07-08,33.11532211303711
2011-07-11,32.285423278808594
2011-07-12,32.13234329223633
2011-07-13,32.53520584106445
2011-07-14,32.390174865722656
2011-07-15,32.69635009765625
2011-07-18,32.301544189453125
2011-07-19,32.784976959228516
2011-07-20,33.010581970214844
2011-07-21,33.542362213134766
2011-07-22,33.63098907470703
2011-07-25,33.526248931884766
2011-07-26,33.4698486328125
2011-07-27,32.744693756103516
2011-07-28,32.49492263793945
2011-07-29,32.31766128540039
2011-08-01,32.27737045288086
2011-08-02,31.391069412231445
2011-08-03,31.29438591003418
2011-08-04,28.87721061706543
2011-08-05,29.19144058227539
2011-08-08,27.03209686279297
2011-08-09,28.6838321685791
2011-08-10,27.306045532226562
2011-08-11,28.90943717956543
2011-08-12,28.925552368164062
2011-08-15,29.75545310974121
2011-08-16,29.441211700439453
2011-08-17,29.658763885498047
2011-08-18,28.11176872253418
2011-08-19,27.81365203857422
2011-08-22,27.805591583251953
2011-08-23,28.812747955322266
2011-08-24,28.853044509887695
2011-08-25,28.337369918823242
2011-08-26,29.030296325683594
2011-08-29,29.795738220214844
2011-08-30,29.93271255493164
2011-08-31,30.00522804260254
2011-09-01,29.803789138793945
2011-09-02,29.272014617919922
2011-09-06,28.804689407348633
2011-09-07,29.658763885498047
2011-09-08,29.296186447143555
2011-09-09,28.65160369873047
2011-09-12,28.401830673217773
2011-09-13,28.60326385498047
2011-09-14,28.87721061706543
2011-09-15,29.384815216064453
2011-09-16,29.22367286682129
2011-09-19,28.490461349487305
2011-09-20,28.297088623046875
2011-09-21,27.32215690612793
2011-09-22,25.662363052368164
2011-09-23,25.541507720947266
2011-09-26,25.936309814453125
2011-09-27,26.524490356445312
2011-09-28,25.710704803466797
2011-09-29,25.912137985229492
2011-09-30,25.058069229125977
2011-10-03,24.22011375427246
2011-10-04,24.70355224609375
2011-10-05,25.4689884185791
2011-10-06,26.371402740478516
2011-10-07,25.928253173828125
2011-10-10,27.08043670654297
2011-10-11,27.209354400634766
2011-10-12,27.74919319152832
2011-10-13,27.604162216186523
2011-10-14,28.361547470092773
2011-10-17,27.53970718383789
2011-10-18,28.216514587402344
2011-10-19,27.741134643554688
2011-10-20,27.725019454956055
2011-10-21,28.417940139770508
2011-10-24,29.094757080078125
2011-10-25,28.434059143066406
2011-10-26,29.054473876953125
2011-10-27,30.504776000976562
2011-10-28,30.456432342529297
2011-10-31,29.086698532104492
2011-11-01,28.127883911132812
2011-11-02,28.96584129333496
2011-11-03,29.642650604248047
2011-11-04,29.360641479492188
2011-11-07,29.610416412353516
2011-11-08,30.053573608398438
2011-11-09,28.490461349487305
2011-11-10,28.861095428466797
2011-11-11,29.449275970458984
2011-11-14,29.183385848999023
2011-11-15,29.118928909301758
2011-11-16,28.62743377685547
2011-11-17,28.031198501586914
2011-11-18,27.982852935791016
2011-11-21,27.265756607055664
2011-11-22,27.136844635009766
2011-11-23,26.460033416748047
2011-11-25,26.186086654663086
2011-11-28,27.338272094726562
2011-11-29,27.418846130371094
2011-11-30,28.861095428466797
2011-12-01,28.716064453125
2011-12-02,28.546857833862305
2011-12-05,28.740232467651367
2011-12-06,28.7885799407959
2011-12-07,28.7724609375
2011-12-08,27.789478302001953
2011-12-09,28.24068260192871
2011-12-12,27.44301414489746
2011-12-13,27.177127838134766
2011-12-14,26.51643180847168
2011-12-15,26.556718826293945
2011-12-16,26.66145896911621
2011-12-19,26.218313217163086
2011-12-20,27.24158477783203
2011-12-21,27.32215690612793
2011-12-22,27.700849533081055
2011-12-23,27.89801025390625
2011-12-27,27.848718643188477
2011-12-28,27.25724220275879
2011-12-29,27.602270126342773
2011-12-30,27.709064483642578
2012-01-03,28.686643600463867
2012-01-04,28.75236701965332
2012-01-05,28.62092399597168
2012-01-06,28.41555404663086
2012-01-09,28.6044979095459
2012-01-10,29.080965042114258
2012-01-11,28.957738876342773
2012-01-12,29.048105239868164
2012-01-13,28.933094024658203
2012-01-17,29.16311264038086
2012-01-18,29.62315559387207
2012-01-19,29.78744888305664
2012-01-20,29.7381591796875
2012-01-23,29.968183517456055
2012-01-24,29.75459098815918
2012-01-25,30.263917922973633
2012-01-26,30.15712547302246
2012-01-27,30.346067428588867
2012-01-30,30.066753387451172
2012-01-31,30.03390121459961
2012-02-01,30.346067428588867
2012-02-02,30.4857234954834
2012-02-03,30.855398178100586
2012-02-06,30.70752716064453
2012-02-07,30.78145980834961
2012-02-08,30.855398178100586
2012-02-09,30.79789161682129
2012-02-10,30.247488021850586
2012-02-13,30.600727081298828
2012-02-14,30.370710372924805
2012-02-15,30.22284507751465
2012-02-16,30.674667358398438
2012-02-17,30.732166290283203
2012-02-21,30.92111587524414
2012-02-22,30.896467208862305
2012-02-23,31.085412979125977
2012-02-24,31.208641052246094
2012-02-27,31.151132583618164
2012-02-28,31.340076446533203
2012-02-29,31.003263473510742
2012-03-01,31.290788650512695
2012-03-02,31.077199935913086
2012-03-05,30.567869186401367
2012-03-06,29.573862075805664
2012-03-07,29.88602638244629
2012-03-08,30.452857971191406
2012-03-09,30.36249351501465
2012-03-12,30.189979553222656
2012-03-13,30.666452407836914
2012-03-14,30.239274978637695
2012-03-15,30.411785125732422
2012-03-16,30.666452407836914
2012-03-19,30.773242950439453
2012-03-20,30.38714027404785
2012-03-21,30.247488021850586
2012-03-22,29.771020889282227
2012-03-23,30.074975967407227
2012-03-26,30.502151489257812
2012-03-27,30.27213478088379
2012-03-28,29.81209945678711
2012-03-29,29.68065643310547
2012-03-30,29.98461151123047
2012-04-02,30.461078643798828
2012-04-03,30.132476806640625
2012-04-04,29.557435989379883
2012-04-05,29.376699447631836
2012-04-09,28.974164962768555
2012-04-10,28.390905380249023
2012-04-11,28.678430557250977
2012-04-12,29.384918212890625
2012-04-13,28.92487907409668
2012-04-16,28.883804321289062
2012-04-17,29.33562469482422
2012-04-18,29.16311264038086
2012-04-19,29.056320190429688
2012-04-20,29.204187393188477
2012-04-23,28.744152069091797
2012-04-24,28.859159469604492
2012-04-25,29.33562469482422
2012-04-26,29.417783737182617
2012-04-27,29.573862075805664
2012-04-30,29.458850860595703
2012-05-01,29.77923583984375
2012-05-02,29.491710662841797
2012-05-03,29.097394943237305
2012-05-04,28.514129638671875
2012-05-07,28.39912223815918
2012-05-08,28.15266990661621
2012-05-09,27.799428939819336
2012-05-10,27.881580352783203
2012-05-11,27.73371124267578
2012-05-14,27.134016036987305
2012-05-15,26.772558212280273
2012-05-16,26.468605041503906
2012-05-17,26.197509765625
2012-05-18,25.983924865722656
2012-05-21,26.690412521362305
2012-05-22,26.673978805541992
2012-05-23,26.517894744873047
2012-05-24,26.690412521362305
2012-05-25,26.460390090942383
2012-05-29,26.912212371826172
2012-05-30,26.304304122924805
2012-05-31,26.213937759399414
2012-06-01,25.704614639282227
2012-06-04,25.721044540405273
2012-06-05,25.983924865722656
2012-06-06,26.690412521362305
2012-06-07,26.66576385498047
2012-06-08,26.61647605895996
2012-06-11,26.26323127746582
2012-06-12,26.698625564575195
2012-06-13,26.419315338134766
2012-06-14,26.657546997070312
2012-06-15,27.076513290405273
2012-06-18,27.035438537597656
2012-06-19,27.618698120117188
2012-06-20,27.536550521850586
2012-06-21,26.54254150390625
2012-06-22,26.632905960083008
2012-06-25,26.197509765625
2012-06-26,26.485036849975586
2012-06-27,26.92864227294922
2012-06-28,26.89578628540039
2012-06-29,27.74192237854004
2012-07-02,27.75013542175293
2012-07-03,28.30875587463379
2012-07-05,28.02944564819336
2012-07-06,27.626914978027344
2012-07-09,27.45440101623535
2012-07-10,27.125802993774414
2012-07-11,27.314746856689453
2012-07-12,26.99436378479004
2012-07-13,27.38046646118164
2012-07-16,27.446184158325195
2012-07-17,27.64334487915039
2012-07-18,27.76656723022461
2012-07-19,27.947298049926758
2012-07-20,27.70085334777832
2012-07-23,27.199737548828125
2012-07-24,26.89578628540039
2012-07-25,26.961502075195312
2012-07-26,27.64334487915039
2012-07-27,28.17731475830078
2012-07-30,28.136241912841797
2012-07-31,27.832290649414062
2012-08-01,27.840505599975586
2012-08-02,27.487258911132812
2012-08-03,28.07052230834961
2012-08-06,28.3005428314209
2012-08-07,28.670217514038086
2012-08-08,28.703075408935547
2012-08-09,28.834516525268555
2012-08-10,28.867372512817383
2012-08-13,28.711292266845703
2012-08-14,28.768795013427734
2012-08-15,28.686643600463867
2012-08-16,29.072750091552734
2012-08-17,29.048105239868164
2012-08-20,28.990598678588867
2012-08-21,28.957738876342773
2012-08-22,29.015243530273438
2012-08-23,28.703075408935547
2012-08-24,28.69485855102539
2012-08-27,28.61271095275879
2012-08-28,28.579853057861328
2012-08-29,28.546993255615234
2012-08-30,28.15266990661621
2012-08-31,28.50591468811035
2012-09-04,28.292325973510742
2012-09-05,28.20196533203125
2012-09-06,29.056320190429688
2012-09-07,29.58207130432129
2012-09-10,29.384918212890625
2012-09-11,29.6560115814209
2012-09-12,29.647796630859375
2012-09-13,30.329633712768555
2012-09-14,30.69109535217285
2012-09-17,30.502151489257812
2012-09-18,30.411785125732422
2012-09-19,30.395357131958008
2012-09-20,30.263917922973633
2012-09-21,30.28856086730957
2012-09-24,30.14069366455078
2012-09-25,29.82852554321289
2012-09-26,29.52457046508789
2012-09-27,30.091405868530273
2012-09-28,29.664226531982422
2012-10-01,30.091405868530273
2012-10-02,30.03390121459961
2012-10-03,29.721731185913086
2012-10-04,30.050329208374023
2012-10-05,29.992822647094727
2012-10-08,29.82852554321289
2012-10-09,29.81209945678711
2012-10-10,29.376699447631836
2012-10-11,29.75459098815918
2012-10-12,29.52457046508789
2012-10-15,29.6560115814209
2012-10-16,30.091405868530273
2012-10-17,30.461078643798828
2012-10-18,30.33785629272461
2012-10-19,30.025684356689453
2012-10-22,29.951745986938477
2012-10-23,29.45063591003418
2012-10-24,29.27812385559082
2012-10-25,29.53278923034668
2012-10-26,29.467065811157227
2012-10-31,29.508140563964844
2012-11-01,29.78744888305664
2012-11-02,29.36848258972168
2012-11-05,29.376699447631836
2012-11-06,29.721731185913086
2012-11-07,29.146684646606445
2012-11-08,28.777009963989258
2012-11-09,28.69485855102539
2012-11-12,28.686643600463867
2012-11-13,28.464841842651367
2012-11-14,28.054094314575195
2012-11-15,28.04587745666504
2012-11-16,28.0212345123291
2012-11-19,28.75236701965332
2012-11-20,28.793437957763672
2012-11-21,28.768795013427734
2012-11-23,29.31097984313965
2012-11-26,29.195968627929688
2012-11-27,28.957738876342773
2012-11-28,29.039880752563477
2012-11-29,29.343839645385742
2012-11-30,29.26991081237793
2012-12-03,29.130250930786133
2012-12-04,29.138469696044922
2012-12-05,29.171323776245117
2012-12-06,29.23704719543457
2012-12-07,29.319194793701172
2012-12-10,29.467065811157227
2012-12-11,29.6560115814209
2012-12-12,29.78744888305664
2012-12-13,29.573862075805664
2012-12-14,29.639585494995117
2012-12-17,29.81209945678711
2012-12-18,30.148910522460938
2012-12-19,30.03390121459961
2012-12-20,30.132476806640625
2012-12-21,29.88602638244629
2012-12-24,29.81284523010254
2012-12-26,29.81284523010254
2012-12-27,29.871723175048828
2012-12-28,29.602537155151367
2012-12-31,30.157743453979492
2013-01-02,30.788658142089844
2013-01-03,30.60359001159668
2013-01-04,30.830718994140625
2013-01-07,30.61199951171875
2013-01-08,30.578351974487305
2013-01-09,30.6540584564209
2013-01-10,31.049434661865234
2013-01-11,30.990549087524414
2013-01-14,31.015790939331055
2013-01-15,30.98213768005371
2013-01-16,30.923248291015625
2013-01-17,31.30179786682129
2013-01-18,31.394338607788086
2013-01-22,31.537343978881836
2013-01-23,31.478452682495117
2013-01-24,31.562583923339844
2013-01-25,31.67193603515625
2013-01-28,31.495281219482422
2013-01-29,31.789710998535156
2013-01-30,31.59623146057129
2013-01-31,31.57098960876465
2013-02-01,31.882244110107422
2013-02-04,31.470046997070312
2013-02-05,31.646697998046875
2013-02-06,31.495281219482422
2013-02-07,31.377513885498047
2013-02-08,31.436397552490234
2013-02-11,31.419572830200195
2013-02-12,31.436397552490234
2013-02-13,31.453218460083008
2013-02-14,31.436397552490234
2013-02-15,31.234506607055664
2013-02-19,31.377513885498047
2013-02-20,30.6540584564209
2013-02-21,30.359636306762695
2013-02-22,30.51946258544922
2013-02-25,30.05679702758789
2013-02-26,30.17456817626953
2013-02-27,30.578351974487305
2013-02-28,30.536291122436523
2013-03-01,30.3680477142334
2013-03-04,30.22503662109375
2013-03-05,30.60359001159668
2013-03-06,30.60359001159668
2013-03-07,30.721359252929688
2013-03-08,30.855953216552734
2013-03-11,30.839134216308594
2013-03-12,30.855953216552734
2013-03-13,30.68771743774414
2013-03-14,30.88119125366211
2013-03-15,30.88119125366211
2013-03-18,30.595176696777344
2013-03-19,30.359636306762695
2013-03-20,30.536291122436523
2013-03-21,30.258691787719727
2013-03-22,30.384868621826172
2013-03-25,30.22503662109375
2013-03-26,30.401695251464844
2013-03-27,30.435346603393555
2013-03-28,30.477405548095703
2013-04-01,30.22503662109375
2013-04-02,30.065208435058594
2013-04-03,29.73712921142578
2013-04-04,29.821256637573242
2013-04-05,29.695066452026367
2013-04-08,29.854904174804688
2013-04-09,30.23345184326172
2013-04-10,30.31757164001465
2013-04-11,30.300752639770508
2013-04-12,29.871723175048828
2013-04-15,28.769729614257812
2013-04-16,29.080982208251953
2013-04-17,28.466890335083008
2013-04-18,28.55101203918457
2013-04-19,28.702430725097656
2013-04-22,28.96320915222168
2013-04-23,29.156688690185547
2013-04-24,29.602537155151367
2013-04-25,29.796016693115234
2013-04-26,29.686660766601562
2013-04-29,30.05679702758789
2013-04-30,30.199804306030273
2013-05-01,29.753957748413086
2013-05-02,29.888553619384766
2013-05-03,30.32598876953125
2013-05-06,30.468990325927734
2013-05-07,30.527883529663086
2013-05-08,30.89801597595215
2013-05-09,30.68771743774414
2013-05-10,30.704540252685547
2013-05-13,30.418519973754883
2013-05-14,30.578351974487305
2013-05-15,30.3680477142334
2013-05-16,30.22503662109375
2013-05-17,30.384868621826172
2013-05-20,30.670881271362305
2013-05-21,30.704540252685547
2013-05-22,30.250272750854492
2013-05-23,30.30916404724121
2013-05-24,30.07361602783203
2013-05-28,30.157743453979492
2013-05-29,30.216623306274414
2013-05-30,30.351228713989258
2013-05-31,29.720306396484375
2013-06-03,30.13250732421875
2013-06-04,29.9810848236084
2013-06-05,29.493175506591797
2013-06-06,29.627775192260742
2013-06-07,29.83808135986328
2013-06-10,29.829666137695312
2013-06-11,29.282875061035156
2013-06-12,29.097806930541992
2013-06-13,29.602537155151367
2013-06-14,29.42587661743164
2013-06-17,29.65300941467285
2013-06-18,29.804428100585938
2013-06-19,29.38381576538086
2013-06-20,28.2481746673584
2013-06-21,28.399595260620117
2013-06-24,27.844385147094727
2013-06-25,28.130399703979492
2013-06-26,28.155641555786133
2013-06-27,28.307058334350586
2013-06-28,28.33229637145996
2013-07-01,28.475299835205078
2013-07-02,28.408000946044922
2013-07-03,28.39118003845215
2013-07-05,28.29023551940918
2013-07-08,28.55101203918457
2013-07-09,28.92115020751953
2013-07-10,28.929563522338867
2013-07-11,29.476354598999023
2013-07-12,29.568893432617188
2013-07-15,29.61936378479004
2013-07-16,29.594127655029297
2013-07-17,29.762367248535156
2013-07-18,29.854904174804688
2013-07-19,30.082033157348633
2013-07-22,30.258691787719727
2013-07-23,30.443756103515625
2013-07-24,29.997913360595703
2013-07-25,30.13250732421875
2013-07-26,30.065208435058594
2013-07-29,29.955852508544922
2013-07-30,29.526826858520508
2013-07-31,29.400646209716797
2013-08-01,29.64459991455078
2013-08-02,29.686660766601562
2013-08-05,29.610952377319336
2013-08-06,29.240812301635742
2013-08-07,29.148279190063477
2013-08-08,29.720306396484375
2013-08-09,29.796016693115234
2013-08-12,29.947437286376953
2013-08-13,30.023143768310547
2013-08-14,30.031557083129883
2013-08-15,29.96426010131836
2013-08-16,29.913787841796875
2013-08-19,29.552064895629883
2013-08-20,29.678245544433594
2013-08-21,29.316516876220703
2013-08-22,29.695066452026367
2013-08-23,29.871723175048828
2013-08-26,29.896961212158203
2013-08-27,29.526826858520508
2013-08-28,29.627775192260742
2013-08-29,29.552064895629883
2013-08-30,29.400646209716797
2013-09-03,29.711898803710938
2013-09-04,29.972675323486328
2013-09-05,29.96426010131836
2013-09-06,30.115680694580078
2013-09-09,30.54470443725586
2013-09-10,30.7550106048584
2013-09-11,30.839134216308594
2013-09-12,30.536291122436523
2013-09-13,30.58676528930664
2013-09-16,30.830718994140625
2013-09-17,30.872777938842773
2013-09-18,31.604639053344727
2013-09-19,31.419572830200195
2013-09-20,31.024200439453125
2013-09-23,30.914838790893555
2013-09-24,30.973724365234375
2013-09-25,30.90643310546875
2013-09-26,30.914838790893555
2013-09-27,30.855953216552734
2013-09-30,30.527883529663086
2013-10-01,30.670881271362305
2013-10-02,30.721359252929688
2013-10-03,30.62041473388672
2013-10-04,30.780241012573242
2013-10-07,30.578351974487305
2013-10-08,30.216623306274414
2013-10-09,30.32598876953125
2013-10-10,30.637237548828125
2013-10-11,30.72977066040039
2013-10-14,30.914838790893555
2013-10-15,30.872777938842773
2013-10-16,31.099903106689453
2013-10-17,31.427988052368164
2013-10-18,31.554168701171875
2013-10-21,31.587818145751953
2013-10-22,31.97477912902832
2013-10-23,31.579402923583984
2013-10-24,31.756061553955078
2013-10-25,31.882244110107422
2013-10-28,31.97477912902832
2013-10-29,31.907482147216797
2013-10-30,31.80653190612793
2013-10-31,31.59623146057129
2013-11-01,31.394338607788086
2013-11-04,31.713998794555664
2013-11-05,31.512102127075195
2013-11-06,31.68876075744629
2013-11-07,31.226091384887695
2013-11-08,31.453218460083008
2013-11-11,31.427988052368164
2013-11-12,31.242921829223633
2013-11-13,31.40275001525879
2013-11-14,31.67193603515625
2013-11-15,31.82335662841797
2013-11-18,31.68876075744629
2013-11-19,31.646697998046875
2013-11-20,31.436397552490234
2013-11-21,31.545759201049805
2013-11-22,31.655115127563477
2013-11-25,31.470046997070312
2013-11-26,31.31021499633789
2013-11-27,31.26815414428711
2013-11-29,31.26815414428711
2013-12-02,31.10832405090332
2013-12-03,30.948490142822266
2013-12-04,31.099903106689453
2013-12-05,30.98213768005371
2013-12-06,31.15038299560547
2013-12-09,31.284976959228516
2013-12-10,31.259740829467773
2013-12-11,30.79707145690918
2013-12-12,30.64565086364746
2013-12-13,30.679296493530273
2013-12-16,30.923248291015625
2013-12-17,30.88960838317871
2013-12-18,31.31021499633789
2013-12-19,31.30179786682129
2013-12-20,31.352275848388672
2013-12-23,31.464128494262695
2013-12-24,31.66200828552246
2013-12-26,31.902923583984375
2013-12-27,32.04917907714844
2013-12-30,32.09220504760742
2013-12-31,32.21265411376953
2014-01-02,31.902923583984375
2014-01-03,31.902923583984375
2014-01-06,31.799667358398438
2014-01-07,31.842687606811523
2014-01-08,31.644807815551758
2014-01-09,31.455520629882812
2014-01-10,31.77386474609375
2014-01-13,31.412500381469727
2014-01-14,31.67061424255371
2014-01-15,31.72224235534668
2014-01-16,31.81688117980957
2014-01-17,31.937334060668945
2014-01-21,32.031978607177734
2014-01-22,31.9803466796875
2014-01-23,31.705028533935547
2014-01-24,30.973703384399414
2014-01-27,30.663970947265625
2014-01-28,30.88766860961914
2014-01-29,30.586536407470703
2014-01-30,30.8016300201416
2014-01-31,30.44887351989746
2014-02-03,29.846607208251953
2014-02-04,30.130538940429688
2014-02-05,30.08751106262207
2014-02-06,30.526309967041016
2014-02-07,30.99951934814453
2014-02-10,31.008119583129883
2014-02-11,31.472728729248047
2014-02-12,31.43830680847168
2014-02-13,31.584575653076172
2014-02-14,31.920122146606445
2014-02-18,31.945940017700195
2014-02-19,32.07499313354492
2014-02-20,32.18684768676758
2014-02-21,32.13521957397461
2014-02-24,32.29008865356445
2014-02-25,32.13521957397461
2014-02-26,31.96314811706543
2014-02-27,32.0663948059082
2014-02-28,32.11801528930664
2014-03-03,31.868501663208008
2014-03-04,32.29008865356445
2014-03-05,32.2470703125
2014-03-06,32.54820251464844
2014-03-07,32.41914367675781
2014-03-10,32.221256256103516
2014-03-11,31.894315719604492
2014-03-12,31.91152000427246
2014-03-13,31.618989944458008
2014-03-14,31.79107093811035
2014-03-17,31.885711669921875
2014-03-18,32.21265411376953
2014-03-19,31.705028533935547
2014-03-20,31.739442825317383
2014-03-21,31.877105712890625
2014-03-24,31.920122146606445
2014-03-25,32.13521957397461
2014-03-26,31.945940017700195
2014-03-27,32.109413146972656
2014-03-28,32.5137939453125
2014-03-31,32.75469970703125
2014-04-01,32.89236068725586
2014-04-02,32.81492233276367
2014-04-03,32.875144958496094
2014-04-04,32.77190017700195
2014-04-07,32.54820251464844
2014-04-08,32.849334716796875
2014-04-09,33.10744857788086
2014-04-10,32.651451110839844
2014-04-11,32.45356369018555
2014-04-14,32.849334716796875
2014-04-15,32.71167755126953
2014-04-16,33.09024429321289
2014-04-17,33.245113372802734
2014-04-21,33.227901458740234
2014-04-22,33.34835433959961
2014-04-23,33.36556625366211
2014-04-24,33.29673767089844
2014-04-25,33.1934928894043
2014-04-28,33.219303131103516
2014-04-29,33.356956481933594
2014-04-30,33.4774169921875
2014-05-01,33.32254409790039
2014-05-02,33.50322341918945
2014-05-05,33.55485153198242
2014-05-06,33.53764343261719
2014-05-07,33.80436325073242
2014-05-08,33.67530059814453
2014-05-09,33.49462127685547
2014-05-12,33.80436325073242
2014-05-13,33.90760803222656
2014-05-14,33.87318801879883
2014-05-15,33.589263916015625
2014-05-16,33.589263916015625
2014-05-19,33.726924896240234
2014-05-20,33.48601531982422
2014-05-21,33.63228225708008
2014-05-22,33.709716796875
2014-05-23,33.75273513793945
2014-05-27,33.76995086669922
2014-05-28,33.6580924987793
2014-05-29,33.83016586303711
2014-05-30,33.709716796875
2014-06-02,33.77854537963867
2014-06-03,33.79575729370117
2014-06-04,33.67530059814453
2014-06-05,33.89039611816406
2014-06-06,34.182926177978516
2014-06-09,34.1399040222168
2014-06-10,34.079681396484375
2014-06-11,34.03666305541992
2014-06-12,34.079681396484375
2014-06-13,34.217342376708984
2014-06-16,34.30337905883789
2014-06-17,34.286170959472656
2014-06-18,34.73357391357422
2014-06-19,34.922855377197266
2014-06-20,35.00889205932617
2014-06-23,35.14655303955078
2014-06-24,34.79379653930664
2014-06-25,34.83681869506836
2014-06-26,34.948665618896484
2014-06-27,34.87983703613281
2014-06-30,34.922855377197266
2014-07-01,35.05191421508789
2014-07-02,35.24979782104492
2014-07-03,35.344444274902344
2014-07-07,35.180965423583984
2014-07-08,35.05191421508789
2014-07-09,35.155155181884766
2014-07-10,34.776588439941406
2014-07-11,34.75077438354492
2014-07-14,34.83681869506836
2014-07-15,34.59591293334961
2014-07-16,35.04330825805664
2014-07-17,34.707759857177734
2014-07-18,34.82821273803711
2014-07-21,34.811004638671875
2014-07-22,34.97447967529297
2014-07-23,35.05191421508789
2014-07-24,35.12074279785156
2014-07-25,35.02609634399414
2014-07-28,34.86262512207031
2014-07-29,34.707759857177734
2014-07-30,34.535682678222656
2014-07-31,34.00224304199219
2014-08-01,33.75273513793945
2014-08-04,34.13130187988281
2014-08-05,33.68391036987305
2014-08-06,33.89039611816406
2014-08-07,33.606475830078125
2014-08-08,33.86458969116211
2014-08-11,34.20013427734375
2014-08-12,34.01084899902344
2014-08-13,34.04526901245117
2014-08-14,34.071075439453125
2014-08-15,34.182926177978516
2014-08-18,34.561492919921875
2014-08-19,34.50126647949219
2014-08-20,34.552886962890625
2014-08-21,34.4926643371582
2014-08-22,34.217342376708984
2014-08-25,34.41523361206055
2014-08-26,34.61311340332031
2014-08-27,34.6389274597168
2014-08-28,34.44964599609375
2014-08-29,34.552886962890625
2014-09-02,34.355003356933594
2014-09-03,34.51847457885742
2014-09-04,34.11410140991211
2014-09-05,34.09688949584961
2014-09-08,33.74413299560547
2014-09-09,33.580657958984375
2014-09-10,33.563453674316406
2014-09-11,33.391380310058594
2014-09-12,33.15046691894531
2014-09-15,33.15907669067383
2014-09-16,33.563453674316406
2014-09-17,33.43439865112305
2014-09-18,33.37417221069336
2014-09-19,33.20208740234375
2014-09-22,32.6944694519043
2014-09-23,32.71167755126953
2014-09-24,32.73748779296875
2014-09-25,32.18684768676758
2014-09-26,32.41054153442383
2014-09-29,32.17824172973633
2014-09-30,31.9803466796875
2014-10-01,31.489931106567383
2014-10-02,31.309255599975586
2014-10-03,31.257631301879883
2014-10-06,31.532955169677734
2014-10-07,30.844650268554688
2014-10-08,31.11136817932129
2014-10-09,30.638158798217773
2014-10-10,29.889633178710938
2014-10-13,29.803592681884766
2014-10-14,29.803592681884766
2014-10-15,29.674531936645508
2014-10-16,29.889633178710938
2014-10-17,30.285402297973633
2014-10-20,30.423067092895508
2014-10-21,30.930692672729492
2014-10-22,30.509098052978516
2014-10-23,30.767213821411133
2014-10-24,30.930692672729492
2014-10-27,30.44887351989746
2014-10-28,30.930692672729492
2014-10-29,30.87046241760254
2014-10-30,30.87046241760254
2014-10-31,31.15438461303711
2014-11-03,30.8016300201416
2014-11-04,30.37143898010254
2014-11-05,30.5177059173584
2014-11-06,30.629552841186523
2014-11-07,31.15438461303711
2014-11-10,31.145790100097656
2014-11-11,31.22321891784668
2014-11-12,31.0511417388916
2014-11-13,30.879060745239258
2014-11-14,31.094161987304688
2014-11-17,31.162992477416992
2014-11-18,31.44691276550293
2014-11-19,31.257631301879883
2014-11-20,31.489931106567383
2014-11-21,31.945940017700195
2014-11-24,31.79107093811035
2014-11-25,31.67061424255371
2014-11-26,31.464128494262695
2014-11-28,30.35423469543457
2014-12-01,30.20796775817871
2014-12-02,30.37143898010254
2014-12-03,30.767213821411133
2014-12-04,30.491893768310547
2014-12-05,30.311216354370117
2014-12-08,29.803592681884766
2014-12-09,29.803592681884766
2014-12-10,29.227134704589844
2014-12-11,29.158302307128906
2014-12-12,28.521625518798828
2014-12-15,28.263507843017578
2014-12-16,28.18607521057129
2014-12-17,29.115285873413086
2014-12-18,29.674531936645508
2014-12-19,30.061704635620117
2014-12-22,29.98322105407715
2014-12-23,30.0714054107666
2014-12-24,30.133132934570312
2014-12-26,30.115501403808594
2014-12-29,30.044946670532227
2014-12-30,29.912668228149414
2014-12-31,29.877397537231445
2015-01-02,29.868576049804688
2015-01-05,28.907346725463867
2015-01-06,28.854442596435547
2015-01-07,29.083723068237305
2015-01-08,29.568742752075195
2015-01-09,29.51583480834961
2015-01-12,29.048446655273438
2015-01-13,28.83679962158203
2015-01-14,28.59870147705078
2015-01-15,28.633975982666016
2015-01-16,29.25127410888672
2015-01-20,29.32182502746582
2015-01-21,29.70102310180664
2015-01-22,30.124319076538086
2015-01-23,29.604019165039062
2015-01-26,29.859760284423828
2015-01-27,30.009672164916992
2015-01-28,29.180727005004883
2015-01-29,29.30418586730957
2015-01-30,29.339460372924805
2015-02-02,29.974401473999023
2015-02-03,30.68870735168457
2015-02-04,30.15077018737793
2015-02-05,30.697528839111328
2015-02-06,30.468238830566406
2015-02-09,30.45942497253418
2015-02-10,30.380056381225586
2015-02-11,30.194868087768555
2015-02-12,30.662248611450195
2015-02-13,31.18255043029785
2015-02-17,31.05908966064453
2015-02-18,31.085540771484375
2015-02-19,30.865079879760742
2015-02-20,30.95326042175293
2015-02-23,30.829801559448242
2015-02-24,30.962081909179688
2015-02-25,31.050268173217773
2015-02-26,30.803348541259766
2015-02-27,30.873897552490234
2015-03-02,30.64461326599121
2015-03-03,30.485877990722656
2015-03-04,30.24777603149414
2015-03-05,30.124319076538086
2015-03-06,29.436466217041016
2015-03-09,29.365915298461914
2015-03-10,28.70452117919922
2015-03-11,28.77507209777832
2015-03-12,28.916168212890625
2015-03-13,28.536970138549805
2015-03-16,28.79271125793457
2015-03-17,28.713340759277344
2015-03-18,29.30418586730957
2015-03-19,29.004352569580078
2015-03-20,29.612838745117188
2015-03-23,29.64811134338379
2015-03-24,29.612838745117188
2015-03-25,29.524648666381836
2015-03-26,29.29537010192871
2015-03-27,29.154272079467773
2015-03-30,29.38355255126953
2015-03-31,29.12781524658203
2015-04-01,29.445283889770508
2015-04-02,29.59520149230957
2015-04-06,30.0714054107666
2015-04-07,30.053768157958984
2015-04-08,30.06258773803711
2015-04-09,30.203683853149414
2015-04-10,30.32714080810547
2015-04-13,30.23013687133789
2015-04-14,30.57406234741211
2015-04-15,31.050268173217773
2015-04-16,30.997358322143555
2015-04-17,30.679887771606445
2015-04-20,30.679887771606445
2015-04-21,30.626977920532227
2015-04-22,30.635799407958984
2015-04-23,30.944446563720703
2015-04-24,31.11199951171875
2015-04-27,31.2001895904541
2015-04-28,31.297191619873047
2015-04-29,31.420650482177734
2015-04-30,31.067907333374023
2015-05-01,31.420650482177734
2015-05-04,31.526472091674805
2015-05-05,31.261917114257812
2015-05-06,31.050268173217773
2015-05-07,30.944446563720703
2015-05-08,31.64992904663086
2015-05-11,31.36773681640625
2015-05-12,31.394189834594727
2015-05-13,31.641115188598633
2015-05-14,31.82630729675293
2015-05-15,31.799850463867188
2015-05-18,31.62347984313965
2015-05-19,31.244277954101562
2015-05-20,31.314823150634766
2015-05-21,31.517654418945312
2015-05-22,31.49119758605957
2015-05-26,30.873897552490234
2015-05-27,31.006175994873047
2015-05-28,30.909170150756836
2015-05-29,30.741619110107422
2015-06-01,30.635799407958984
2015-06-02,30.873897552490234
2015-06-03,30.812166213989258
2015-06-04,30.30950927734375
2015-06-05,30.212501525878906
2015-06-08,30.141952514648438
2015-06-09,30.06258773803711
2015-06-10,30.565244674682617
2015-06-11,30.477060317993164
2015-06-12,30.186046600341797
2015-06-15,30.053768157958984
2015-06-16,30.0714054107666
2015-06-17,29.947940826416016
2015-06-18,30.34478187561035
2015-06-19,30.15077018737793
2015-06-22,30.371234893798828
2015-06-23,30.477060317993164
2015-06-24,30.283048629760742
2015-06-25,30.097858428955078
2015-06-26,29.859760284423828
2015-06-29,29.242454528808594
2015-06-30,29.41883087158203
2015-07-01,29.348278045654297
2015-07-02,29.445283889770508
2015-07-06,28.86325454711914
2015-07-07,28.70452117919922
2015-07-08,28.13131332397461
2015-07-09,28.316505432128906
2015-07-10,28.854442596435547
2015-07-13,28.977901458740234
2015-07-14,29.11017608642578
2015-07-15,28.748615264892578
2015-07-16,28.819162368774414
2015-07-17,28.607519149780273
2015-07-20,28.219499588012695
2015-07-21,28.18422508239746
2015-07-22,27.919668197631836
2015-07-23,27.69920539855957
2015-07-24,27.311185836791992
2015-07-27,26.94080352783203
2015-07-28,27.4875545501709
2015-07-29,27.716840744018555
2015-07-30,27.655109405517578
2015-07-31,27.49637794494629
2015-08-03,27.05544662475586
2015-08-04,27.22300148010254
2015-08-05,27.3376407623291
2015-08-06,27.417007446289062
2015-08-07,27.170085906982422
2015-08-10,27.7785701751709
2015-08-11,27.40818977355957
2015-08-12,27.584562301635742
2015-08-13,27.36409568786621
2015-08-14,27.293546676635742
2015-08-17,27.3376407623291
2015-08-18,27.13481330871582
2015-08-19,26.764432907104492
2015-08-20,26.402870178222656
2015-08-21,25.58274269104004
2015-08-24,24.409868240356445
2015-08-25,24.286407470703125
2015-08-26,24.506872177124023
2015-08-27,25.64447021484375
2015-08-28,25.803205490112305
2015-08-31,25.72383689880371
2015-09-01,24.780248641967773
2015-09-02,25.088903427124023
2015-09-03,25.24763298034668
2015-09-04,24.621511459350586
2015-09-08,25.265270233154297
2015-09-09,24.97425651550293
2015-09-10,25.053625106811523
2015-09-11,24.859615325927734
2015-09-14,24.683242797851562
2015-09-15,24.930166244506836
2015-09-16,25.503372192382812
2015-09-17,25.38873291015625
2015-09-18,24.780248641967773
2015-09-21,24.700881958007812
2015-09-22,24.110034942626953
2015-09-23,23.739654541015625
2015-09-24,23.78374671936035
2015-09-25,23.85429573059082
2015-09-28,23.184083938598633
2015-09-29,23.263450622558594
2015-09-30,23.774925231933594
2015-10-01,23.78374671936035
2015-10-02,24.453960418701172
2015-10-05,25.185903549194336
2015-10-06,25.61801528930664
2015-10-07,26.200040817260742
2015-10-08,26.499874114990234
2015-10-09,26.605695724487305
2015-10-12,26.252954483032227
2015-10-13,25.926664352416992
2015-10-14,26.26177215576172
2015-10-15,26.66742706298828
2015-10-16,26.56160545349121
2015-10-19,26.200040817260742
2015-10-20,26.16476821899414
2015-10-21,26.02366828918457
2015-10-22,26.57042121887207
2015-10-23,26.676246643066406
2015-10-26,26.15595054626465
2015-10-27,25.759111404418945
2015-10-28,26.147132873535156
2015-10-29,25.900209426879883
2015-10-30,25.856115341186523
2015-11-02,26.244136810302734
2015-11-03,26.57042121887207
2015-11-04,26.314685821533203
2015-11-05,26.11185646057129
2015-11-06,25.776750564575195
2015-11-09,25.52100944519043
2015-11-10,25.335819244384766
2015-11-11,25.141809463500977
2015-11-12,24.621511459350586
2015-11-13,24.612695693969727
2015-11-16,25.106536865234375
2015-11-17,24.92134666442871
2015-11-18,25.291728973388672
2015-11-19,25.300548553466797
2015-11-20,25.106536865234375
2015-11-23,24.97425651550293
2015-11-24,25.309364318847656
2015-11-25,25.362274169921875
2015-11-27,25.141809463500977
2015-11-30,25.291728973388672
2015-12-01,25.44164276123047
2015-12-02,25.053625106811523
2015-12-03,24.86843490600586
2015-12-04,24.87725067138672
2015-12-07,24.32168197631836
2015-12-08,23.880752563476562
2015-12-09,24.12767219543457
2015-12-10,24.136491775512695
2015-12-11,23.536827087402344
2015-12-14,23.431001663208008
2015-12-15,23.819021224975586
2015-12-16,24.030670166015625
2015-12-17,23.52800750732422
2015-12-18,23.519189834594727
2015-12-21,23.42740821838379
2015-12-22,23.790903091430664
2015-12-23,24.67238426208496
2015-12-24,24.645124435424805
2015-12-28,24.308887481689453
2015-12-29,24.408849716186523
2015-12-30,24.118051528930664
2015-12-31,23.936304092407227
2016-01-04,23.809080123901367
2016-01-05,23.754552841186523
2016-01-06,23.172958374023438
2016-01-07,22.67315101623535
2016-01-08,22.32782745361328
2016-01-11,22.064292907714844
2016-01-12,22.073379516601562
2016-01-13,21.864368438720703
2016-01-14,22.17333984375
2016-01-15,21.564481735229492
2016-01-19,21.519044876098633
2016-01-20,21.001060485839844
2016-01-21,21.355470657348633
2016-01-22,22.14607810974121
2016-01-25,21.473608016967773
2016-01-26,22.17333984375
2016-01-27,22.055204391479492
2016-01-28,22.545927047729492
2016-01-29,23.045734405517578
2016-02-01,22.81854820251465
2016-02-02,22.10063934326172
2016-02-03,22.854896545410156
2016-02-04,23.481931686401367
2016-02-05,23.39105796813965
2016-02-08,23.10025978088379
2016-02-09,22.67315101623535
2016-02-10,22.582277297973633
2016-02-11,22.42778968811035
2016-02-12,23.009384155273438
2016-02-16,23.26383399963379
2016-02-17,23.890865325927734
2016-02-18,23.899951934814453
2016-02-19,23.618244171142578
2016-02-22,24.145313262939453
2016-02-23,23.71820640563965
2016-02-24,23.745466232299805
2016-02-25,23.945390701293945
2016-02-26,23.972652435302734
2016-02-29,24.072614669799805
2016-03-01,24.517900466918945
2016-03-02,24.82686996459961
2016-03-03,25.24489402770996
2016-03-04,25.59930419921875
2016-03-07,25.9991512298584
2016-03-08,25.172195434570312
2016-03-09,25.38120460510254
2016-03-10,25.408466339111328
2016-03-11,25.8537540435791
2016-03-14,25.74470329284668
2016-03-15,25.408466339111328
2016-03-16,26.053672790527344
2016-03-17,26.52622413635254
2016-03-18,26.52622413635254
2016-03-21,26.435348510742188
2016-03-22,26.262685775756836
2016-03-23,25.6083927154541
2016-03-24,25.635652542114258
2016-03-28,25.69926643371582
2016-03-29,25.926450729370117
2016-03-30,26.199073791503906
2016-03-31,25.890098571777344
2016-04-01,25.6720027923584
2016-04-04,25.45390510559082
2016-04-05,25.099496841430664
2016-04-06,25.29033088684082
2016-04-07,25.25398063659668
2016-04-08,25.844663619995117
2016-04-11,26.062763214111328
2016-04-12,26.626184463500977
2016-04-13,26.880630493164062
2016-04-14,26.762496948242188
2016-04-15,26.635271072387695
2016-04-18,26.926067352294922
2016-04-19,27.64397621154785
2016-04-20,27.78937530517578
2016-04-21,27.662153244018555
2016-04-22,27.716676712036133
2016-04-25,27.44405174255371
2016-04-26,27.680326461791992
2016-04-27,27.98021125793457
2016-04-28,28.00747299194336
2016-04-29,28.19830894470215
2016-05-02,28.207399368286133
2016-05-03,27.407705307006836
2016-05-04,26.953330993652344
2016-05-05,26.889719009399414
2016-05-06,27.035118103027344
2016-05-09,26.426259994506836
2016-05-10,26.907894134521484
2016-05-11,26.93515396118164
2016-05-12,27.09872817993164
2016-05-13,26.717058181762695
2016-05-16,27.171428680419922
2016-05-17,27.189603805541992
2016-05-18,26.75341033935547
2016-05-19,26.707971572875977
2016-05-20,26.844282150268555
2016-05-23,26.862455368041992
2016-05-24,27.02602767944336
2016-05-25,27.389528274536133
2016-05-26,27.416790008544922
2016-05-27,27.280479431152344
2016-05-31,27.23504066467285
2016-06-01,27.207780838012695
2016-06-02,27.180517196655273
2016-06-03,27.680326461791992
2016-06-06,28.1256103515625
2016-06-07,28.370969772338867
2016-06-08,28.54363441467285
2016-06-09,28.28009796142578
2016-06-10,27.68941307067871
2016-06-13,27.434967041015625
2016-06-14,27.080554962158203
2016-06-15,27.280479431152344
2016-06-16,27.189603805541992
2016-06-17,27.516752243041992
2016-06-20,27.78937530517578
2016-06-21,27.77120018005371
2016-06-22,27.753028869628906
2016-06-23,28.34370994567871
2016-06-24,26.916982650756836
2016-06-27,26.380823135375977
2016-06-28,26.898805618286133
2016-06-29,27.425878524780273
2016-06-30,27.753028869628906
2016-07-01,28.00747299194336
2016-07-05,27.571277618408203
2016-07-06,27.725765228271484
2016-07-07,27.498579025268555
2016-07-08,27.998384475708008
2016-07-11,28.25283432006836
2016-07-12,28.54363441467285
2016-07-13,28.589069366455078
2016-07-14,28.979827880859375
2016-07-15,28.88895606994629
2016-07-18,28.96165657043457
2016-07-19,28.70720672607422
2016-07-20,28.52545738220215
2016-07-21,28.44367027282715
2016-07-22,28.516368865966797
2016-07-25,28.19830894470215
2016-07-26,28.40732192993164
2016-07-27,28.589069366455078
2016-07-28,28.42549705505371
2016-07-29,28.589069366455078
2016-08-01,28.25283432006836
2016-08-02,28.28009796142578
2016-08-03,28.389144897460938
2016-08-04,28.434585571289062
2016-08-05,28.55272102355957
2016-08-08,28.79808235168457
2016-08-09,28.825340270996094
2016-08-10,28.816253662109375
2016-08-11,28.943479537963867
2016-08-12,28.816253662109375
2016-08-15,28.988916397094727
2016-08-16,28.998001098632812
2016-08-17,28.879867553710938
2016-08-18,29.125226974487305
2016-08-19,29.088878631591797
2016-08-22,29.107051849365234
2016-08-23,29.288801193237305
2016-08-24,28.88895606994629
2016-08-25,28.870779037475586
2016-08-26,28.616331100463867
2016-08-29,28.816253662109375
2016-08-30,28.6981201171875
2016-08-31,28.49819564819336
2016-09-01,28.57089614868164
2016-09-02,28.998001098632812
2016-09-06,29.29789161682129
2016-09-07,29.306978225708008
2016-09-08,29.207014083862305
2016-09-09,28.44367027282715
2016-09-12,28.679943084716797
2016-09-13,27.91659927368164
2016-09-14,27.87116241455078
2016-09-15,28.03473472595215
2016-09-16,27.798463821411133
2016-09-19,27.934772491455078
2016-09-20,27.91659927368164
2016-09-21,28.434585571289062
2016-09-22,28.752643585205078
2016-09-23,28.40732192993164
2016-09-26,28.28009796142578
2016-09-27,28.1256103515625
2016-09-28,28.36188316345215
2016-09-29,28.70720672607422
2016-09-30,28.870779037475586
2016-10-03,28.825340270996094
2016-10-04,28.46184539794922
2016-10-05,28.752643585205078
2016-10-06,28.679943084716797
2016-10-07,28.47093391418457
2016-10-10,28.807167053222656
2016-10-11,28.42549705505371
2016-10-12,28.489107131958008
2016-10-13,28.36188316345215
2016-10-14,28.18013572692871
2016-10-17,28.1256103515625
2016-10-18,28.44367027282715
2016-10-19,28.752643585205078
2016-10-20,28.679943084716797
2016-10-21,28.66176986694336
2016-10-24,28.616331100463867
2016-10-25,28.67085838317871
2016-10-26,28.56180763244629
2016-10-27,28.46184539794922
2016-10-28,28.34370994567871
2016-10-31,28.36188316345215
2016-11-01,28.370969772338867
2016-11-02,28.243745803833008
2016-11-03,28.23465919494629
2016-11-04,28.043825149536133
2016-11-07,28.47093391418457
2016-11-08,28.752643585205078
2016-11-09,28.816253662109375
2016-11-10,28.76173210144043
2016-11-11,28.243745803833008
2016-11-14,28.44367027282715
2016-11-15,28.68903160095215
2016-11-16,28.62542152404785
2016-11-17,28.589069366455078
2016-11-18,28.589069366455078
2016-11-21,28.852603912353516
2016-11-22,29.097965240478516
2016-11-23,29.17975425720215
2016-11-25,29.288801193237305
2016-11-28,29.143402099609375
2016-11-29,28.96165657043457
2016-11-30,29.288801193237305
2016-12-01,29.497812271118164
2016-12-02,29.552339553833008
2016-12-05,29.88857078552246
2016-12-06,29.979446411132812
2016-12-07,30.352035522460938
2016-12-08,30.515607833862305
2016-12-09,30.515607833862305
2016-12-12,30.579219818115234
2016-12-13,30.48834228515625
2016-12-14,29.943096160888672
2016-12-15,29.93400764465332
2016-12-16,29.924922943115234
2016-12-19,29.78867530822754
2016-12-20,29.890628814697266
2016-12-21,29.890628814697266
2016-12-22,29.79794692993164
2016-12-23,29.78867530822754
2016-12-27,30.0203857421875
2016-12-28,29.936969757080078
2016-12-29,30.14087677001953
2016-12-30,29.992582321166992
2017-01-03,30.335512161254883
2017-01-04,30.59502601623535
2017-01-05,30.715517044067383
2017-01-06,30.622835159301758
2017-01-09,30.40966033935547
2017-01-10,30.5208797454834
2017-01-11,30.817468643188477
2017-01-12,30.798931121826172
2017-01-13,30.854543685913086
2017-01-17,30.891618728637695
2017-01-18,30.808204650878906
2017-01-19,30.669174194335938
2017-01-20,30.93796157836914
2017-01-23,31.058446884155273
2017-01-24,31.54967498779297
2017-01-25,31.558944702148438
2017-01-26,31.33650016784668
2017-01-27,31.33650016784668
2017-01-30,31.01210594177246
2017-01-31,31.08625602722168
2017-02-01,31.188207626342773
2017-02-02,31.290157318115234
2017-02-03,31.355037689208984
2017-02-06,31.20673942565918
2017-02-07,31.19747543334961
2017-02-08,31.23455047607422
2017-02-09,31.271623611450195
2017-02-10,31.568214416503906
2017-02-13,31.707237243652344
2017-02-14,31.623821258544922
2017-02-15,31.651630401611328
2017-02-16,31.596019744873047
2017-02-17,31.410648345947266
2017-02-21,31.57748031616211
2017-02-22,31.392112731933594
2017-02-23,31.271623611450195
2017-02-24,30.965763092041016
2017-02-27,30.993568420410156
2017-02-28,30.863811492919922
2017-03-01,31.317964553833008
2017-03-02,30.84527587890625
2017-03-03,30.965763092041016
2017-03-06,30.771129608154297
2017-03-07,30.678443908691406
2017-03-08,30.354049682617188
2017-03-09,30.103801727294922
2017-03-10,30.316974639892578
2017-03-13,30.530149459838867
2017-03-14,30.233558654785156
2017-03-15,30.90088653564453
2017-03-16,30.956499099731445
2017-03-17,31.002838134765625
2017-03-20,30.93796157836914
2017-03-21,30.72478675842285
2017-03-22,30.7896671295166
2017-03-23,30.7896671295166
2017-03-24,30.687711715698242
2017-03-27,30.576492309570312
2017-03-28,30.72478675842285
2017-03-29,30.87308120727539
2017-03-30,30.863811492919922
2017-03-31,30.919424057006836
2017-04-03,30.752592086791992
2017-04-04,30.910152435302734
2017-04-05,30.93796157836914
2017-04-06,31.076982498168945
2017-04-07,30.975032806396484
2017-04-10,31.039913177490234
2017-04-11,31.160400390625
2017-04-12,31.002838134765625
2017-04-13,30.687711715698242
2017-04-17,30.863811492919922
2017-04-18,30.641372680664062
2017-04-19,30.37258529663086
2017-04-20,30.567224502563477
2017-04-21,30.45600128173828
2017-04-24,30.83600616455078
2017-04-25,30.975032806396484
2017-04-26,30.90088653564453
2017-04-27,30.715517044067383
2017-04-28,30.771129608154297
2017-05-01,30.752592086791992
2017-05-02,30.63210105895996
2017-05-03,30.34478187561035
2017-05-04,30.048189163208008
2017-05-05,30.446731567382812
2017-05-08,30.37258529663086
2017-05-09,30.28917121887207
2017-05-10,30.483806610107422
2017-05-11,30.446731567382812
2017-05-12,30.446731567382812
2017-05-15,30.715517044067383
2017-05-16,30.826738357543945
2017-05-17,30.530149459838867
2017-05-18,30.36331558227539
2017-05-19,30.94722557067871
2017-05-22,31.01210594177246
2017-05-23,31.114057540893555
2017-05-24,31.09552001953125
2017-05-25,30.87308120727539
2017-05-26,30.798931121826172
2017-05-30,30.567224502563477
2017-05-31,30.45600128173828
2017-06-01,30.530149459838867
2017-06-02,30.557954788208008
2017-06-05,30.502344131469727
2017-06-06,30.706249237060547
2017-06-07,30.557954788208008
2017-06-08,30.576492309570312
2017-06-09,30.826738357543945
2017-06-12,30.798931121826172
2017-06-13,30.993568420410156
2017-06-14,30.576492309570312
2017-06-15,30.326244354248047
2017-06-16,30.465269088745117
2017-06-19,30.539417266845703
2017-06-20,30.103801727294922
2017-06-21,29.974044799804688
2017-06-22,30.085264205932617
2017-06-23,30.233558654785156
2017-06-26,30.21502113342285
2017-06-27,30.159414291381836
2017-06-28,30.428197860717773
2017-06-29,30.242828369140625
2017-06-30,30.493078231811523
2017-07-03,30.798931121826172
2017-07-05,30.567224502563477
2017-07-06,30.381853103637695
2017-07-07,30.21502113342285
2017-07-10,30.548686981201172
2017-07-11,30.576492309570312
2017-07-12,30.771129608154297
2017-07-13,30.84527587890625
2017-07-14,31.067718505859375
2017-07-17,31.160400390625
2017-07-18,31.104793548583984
2017-07-19,31.355037689208984
2017-07-20,31.392112731933594
2017-07-21,31.24381446838379
2017-07-24,31.178937911987305
2017-07-25,31.531139373779297
2017-07-26,31.66089630126953
2017-07-27,31.54967498779297
2017-07-28,31.670166015625
2017-07-31,31.7999267578125
2017-08-01,31.790653228759766
2017-08-02,31.73504638671875
2017-08-03,31.670166015625
2017-08-04,31.836994171142578
2017-08-07,31.809188842773438
2017-08-08,31.772113800048828
2017-08-09,31.7999267578125
2017-08-10,31.5404052734375
2017-08-11,31.253087997436523
2017-08-14,31.401382446289062
2017-08-15,31.253087997436523
2017-08-16,31.327232360839844
2017-08-17,31.09552001953125
2017-08-18,30.965763092041016
2017-08-21,30.965763092041016
2017-08-22,31.13259506225586
2017-08-23,31.2808895111084
2017-08-24,31.19747543334961
2017-08-25,31.401382446289062
2017-08-28,31.373577117919922
2017-08-29,31.364307403564453
2017-08-30,31.429187774658203
2017-08-31,31.73504638671875
2017-09-01,31.92041015625
2017-09-05,31.864803314208984
2017-09-06,32.142852783203125
2017-09-07,32.2911491394043
2017-09-08,32.142852783203125
2017-09-11,32.2911491394043
2017-09-12,32.3004150390625
2017-09-13,32.281883239746094
2017-09-14,32.365291595458984
2017-09-15,32.42090606689453
2017-09-18,32.53212356567383
2017-09-19,32.65261459350586
2017-09-20,32.643348693847656
2017-09-21,32.56919860839844
2017-09-22,32.559932708740234
2017-09-25,32.83798599243164
2017-09-26,32.717491149902344
2017-09-27,32.66188430786133
2017-09-28,32.68968963623047
2017-09-29,32.89359664916992
2017-10-02,32.958473205566406
2017-10-03,33.05115509033203
2017-10-04,33.14384078979492
2017-10-05,33.13457489013672
2017-10-06,32.967742919921875
2017-10-09,32.958473205566406
2017-10-10,33.09749984741211
2017-10-11,33.15311050415039
2017-10-12,33.20872116088867
2017-10-13,33.47750473022461
2017-10-16,33.440433502197266
2017-10-17,33.3292121887207
2017-10-18,33.319942474365234
2017-10-19,33.16238021850586
2017-10-20,33.23653030395508
2017-10-23,33.15311050415039
2017-10-24,33.227256774902344
2017-10-25,33.09749984741211
2017-10-26,33.03261947631836
2017-10-27,33.023353576660156
2017-10-30,33.18091583251953
2017-10-31,33.15311050415039
2017-11-01,33.440433502197266
2017-11-02,33.384822845458984
2017-11-03,33.3292121887207
2017-11-06,33.5701904296875
2017-11-07,33.41262435913086
2017-11-08,33.48677444458008
2017-11-09,33.30140686035156
2017-11-10,33.227256774902344
2017-11-13,33.14384078979492
2017-11-14,32.958473205566406
2017-11-15,32.68968963623047
2017-11-16,32.902862548828125
2017-11-17,32.930667877197266
2017-11-20,32.977012634277344
2017-11-21,33.21799087524414
2017-11-22,33.41262435913086
2017-11-24,33.53311538696289
2017-11-27,33.357017517089844
2017-11-28,33.49604415893555
2017-11-29,33.45896911621094
2017-11-30,33.672142028808594
2017-12-01,33.727752685546875
2017-12-04,33.89458084106445
2017-12-05,33.58872985839844
2017-12-06,33.421897888183594
2017-12-07,33.4311637878418
2017-12-08,33.61653137207031
2017-12-11,33.71848678588867
2017-12-12,33.820438385009766
2017-12-13,33.9501953125
2017-12-14,33.783363342285156
2017-12-15,33.8111686706543
2017-12-18,34.20861053466797
2017-12-19,34.07612609863281
2017-12-20,34.25592803955078
2017-12-21,34.63444519042969
2017-12-22,34.72907638549805
2017-12-26,34.899410247802734
2017-12-27,34.946720123291016
2017-12-28,35.09812927246094
2017-12-29,35.12651824951172
2018-01-02,35.533424377441406
2018-01-03,35.87409210205078
2018-01-04,36.1201286315918
2018-01-05,36.25261306762695
2018-01-08,36.27153778076172
2018-01-09,36.27153778076172
2018-01-10,36.186370849609375
2018-01-11,36.621665954589844
2018-01-12,36.9528694152832
2018-01-16,36.69736862182617
2018-01-17,36.79199981689453
2018-01-18,36.67844009399414
2018-01-19,36.8109245300293
2018-01-22,37.198909759521484
2018-01-23,37.246219635009766
2018-01-24,37.35977554321289
2018-01-25,37.198909759521484
2018-01-26,37.52064895629883
2018-01-29,37.151588439941406
2018-01-30,36.69736862182617
2018-01-31,36.54595947265625
2018-02-01,36.668983459472656
2018-02-02,35.63751983642578
2018-02-05,34.51142501831055
2018-02-06,34.90886688232422
2018-02-07,34.785850524902344
2018-02-08,33.470497131347656
2018-02-09,33.338016510009766
2018-02-12,34.19915008544922
2018-02-13,34.23699951171875
2018-02-14,34.814239501953125
2018-02-15,34.98457336425781
2018-02-16,35.12651824951172
2018-02-20,34.766929626464844
2018-02-21,34.814239501953125
2018-02-22,34.785850524902344
2018-02-23,35.277923583984375
2018-02-26,35.505035400390625
2018-02-27,35.145442962646484
2018-02-28,34.66283416748047
2018-03-01,34.36001968383789
2018-03-02,34.1896858215332
2018-03-05,34.61552047729492
2018-03-06,34.8804817199707
2018-03-07,34.64390563964844
2018-03-08,34.596595764160156
2018-03-09,35.04134750366211
2018-03-12,35.012962341308594
2018-03-13,34.766929626464844
2018-03-14,34.70068359375
2018-03-15,34.350555419921875
2018-03-16,34.51142501831055
2018-03-19,34.0477409362793
2018-03-20,34.2464599609375
2018-03-21,34.65336990356445
2018-03-22,34.07612609863281
2018-03-23,33.73546600341797
2018-03-26,34.227535247802734
2018-03-27,33.924720764160156
2018-03-28,33.73546600341797
2018-03-29,34.30324172973633
2018-04-02,33.536739349365234
2018-04-03,34.00042724609375
2018-04-04,34.0477409362793
2018-04-05,34.483036041259766
2018-04-06,33.9531135559082
2018-04-09,34.18022155761719
2018-04-10,34.73853302001953
2018-04-11,34.87101745605469
2018-04-12,35.06027603149414
2018-04-13,35.145442962646484
2018-04-16,35.20222473144531
2018-04-17,35.44825744628906
2018-04-18,35.90248107910156
2018-04-19,35.77946472167969
2018-04-20,35.476646423339844
2018-04-23,35.382015228271484
2018-04-24,35.031890869140625
2018-04-25,35.173828125
2018-04-26,35.400943756103516
2018-04-27,35.36309051513672
2018-04-30,35.04134750366211
2018-05-01,34.946720123291016
2018-05-02,34.90886688232422
2018-05-03,34.9183349609375
2018-05-04,35.173828125
2018-05-07,35.12651824951172
2018-05-08,34.96564865112305
2018-05-09,35.533424377441406
2018-05-10,35.89302062988281
2018-05-11,35.88355255126953
2018-05-14,36.091739654541016
2018-05-15,35.949798583984375
2018-05-16,36.224220275878906
2018-05-17,36.23368835449219
2018-05-18,36.2620735168457
2018-05-21,36.517574310302734
2018-05-22,36.30938720703125
2018-05-23,36.072811126708984
2018-05-24,35.987648010253906
2018-05-25,35.599666595458984
2018-05-29,35.19275665283203
2018-05-30,35.75107192993164
2018-05-31,35.533424377441406
2018-06-01,35.732147216796875
2018-06-04,35.71322250366211
2018-06-05,35.8078498840332
2018-06-06,36.1201286315918
2018-06-07,36.205291748046875
2018-06-08,36.186370849609375
2018-06-11,36.2999267578125
2018-06-12,36.13905334472656
2018-06-13,35.987648010253906
2018-06-14,35.87409210205078
2018-06-15,35.43879318237305
2018-06-18,35.467185974121094
2018-06-19,34.99403762817383
2018-06-20,34.99403762817383
2018-06-21,34.719608306884766
2018-06-22,35.23060989379883
2018-06-25,34.66283416748047
2018-06-26,34.88994216918945
2018-06-27,34.72907638549805
2018-06-28,34.79531478881836
2018-06-29,35.135982513427734
2018-07-02,34.55874252319336
2018-07-03,34.62498092651367
2018-07-05,34.87101745605469
2018-07-06,35.06974411010742
2018-07-09,35.476646423339844
2018-07-10,35.533424377441406
2018-07-11,34.785850524902344
2018-07-12,34.9751091003418
2018-07-13,34.79531478881836
2018-07-16,34.55874252319336
2018-07-17,34.74800109863281
2018-07-18,34.73853302001953
2018-07-19,34.52088928222656
2018-07-20,34.53981399536133
2018-07-23,34.39786911010742
2018-07-24,34.814239501953125
2018-07-25,35.135982513427734
2018-07-26,35.277923583984375
2018-07-27,35.173828125
2018-07-30,35.012962341308594
2018-07-31,35.45772171020508
2018-08-01,35.06027603149414
2018-08-02,35.08866882324219
2018-08-03,35.249534606933594
2018-08-06,35.34416198730469
2018-08-07,35.44825744628906
2018-08-08,35.400943756103516
2018-08-09,35.18329620361328
2018-08-10,34.719608306884766
2018-08-13,34.36001968383789
2018-08-14,34.464111328125
2018-08-15,33.67868423461914
2018-08-16,33.87740707397461
2018-08-17,34.27485275268555
2018-08-20,34.454647064208984
2018-08-21,34.60605239868164
2018-08-22,34.74800109863281
2018-08-23,34.454647064208984
2018-08-24,34.899410247802734
2018-08-27,35.25899887084961
2018-08-28,35.164371490478516
2018-08-29,35.32524108886719
2018-08-30,35.1549072265625
2018-08-31,34.80477523803711
2018-09-04,34.47357177734375
2018-09-05,34.36001968383789
2018-09-06,34.2843132019043
2018-09-07,34.07612609863281
2018-09-10,34.27485275268555
2018-09-11,34.322166442871094
2018-09-12,34.65336990356445
2018-09-13,34.63444519042969
2018-09-14,34.62498092651367
2018-09-17,34.82370376586914
2018-09-18,35.145442962646484
2018-09-19,35.391483306884766
2018-09-20,35.628055572509766
2018-09-21,35.67536926269531
2018-09-24,35.64698028564453
2018-09-25,35.78892517089844
2018-09-26,35.78892517089844
2018-09-27,35.628055572509766
2018-09-28,35.77000045776367
2018-10-01,35.78892517089844
2018-10-02,35.987648010253906
2018-10-03,36.00657272338867
2018-10-04,35.845703125
2018-10-05,35.609127044677734
2018-10-08,35.732147216796875
2018-10-09,35.505035400390625
2018-10-10,34.60605239868164
2018-10-11,34.52088928222656
2018-10-12,34.47357177734375
2018-10-15,34.66283416748047
2018-10-16,34.98457336425781
2018-10-17,34.814239501953125
2018-10-18,34.26538848876953
2018-10-19,34.26538848876953
2018-10-22,34.12344741821289
2018-10-23,33.5935173034668
2018-10-24,32.67560958862305
2018-10-25,32.770240783691406
2018-10-26,32.647220611572266
2018-10-29,32.34440612792969
2018-10-30,32.874332427978516
2018-10-31,33.18661117553711
2018-11-01,33.81116485595703
2018-11-02,33.792240142822266
2018-11-05,33.9531135559082
2018-11-06,34.16129684448242
2018-11-07,34.69122314453125
2018-11-08,34.31270217895508
2018-11-09,33.990962982177734
2018-11-12,33.56513214111328
2018-11-13,33.24338912963867
2018-11-14,33.073055267333984
2018-11-15,33.12983322143555
2018-11-16,33.58405685424805
2018-11-19,33.24338912963867
2018-11-20,32.47688674926758
2018-11-21,33.006813049316406
2018-11-23,32.401187896728516
2018-11-26,32.75131607055664
2018-11-27,32.533668518066406
2018-11-28,32.978424072265625
2018-11-29,32.978424072265625
2018-11-30,33.006813049316406
2018-12-03,33.915260314941406
2018-12-04,32.959503173828125
2018-12-06,32.533668518066406
2018-12-07,32.401187896728516
2018-12-10,32.11729431152344
2018-12-11,32.06998062133789
2018-12-12,32.33494567871094
2018-12-13,32.3538703918457
2018-12-14,31.956424713134766
2018-12-17,31.558979034423828
2018-12-18,31.606298446655273
2018-12-19,31.133150100708008
2018-12-20,30.80118751525879
2018-12-21,30.48967170715332
2018-12-24,29.983455657958984
2018-12-26,30.976415634155273
2018-12-27,31.141908645629883
2018-12-28,31.09323501586914
2018-12-31,31.375545501708984
2019-01-02,31.375545501708984
2019-01-03,31.0056209564209
2019-01-04,32.2030143737793
2019-01-07,32.38797378540039
2019-01-08,32.68001937866211
2019-01-09,32.98180389404297
2019-01-10,33.25437927246094
2019-01-11,33.030479431152344
2019-01-14,32.913658142089844
2019-01-15,32.972068786621094
2019-01-16,32.933128356933594
2019-01-17,33.24464797973633
2019-01-18,33.643775939941406
2019-01-22,33.0207405090332
2019-01-23,33.04021072387695
2019-01-24,33.10835647583008
2019-01-25,33.624305725097656
2019-01-28,33.30305480957031
2019-01-29,33.643775939941406
2019-01-30,34.13051986694336
2019-01-31,34.286277770996094
2019-02-01,34.286277770996094
2019-02-04,34.31548309326172
2019-02-05,34.29601287841797
2019-02-06,34.188926696777344
2019-02-07,33.789798736572266
2019-02-08,33.68271255493164
2019-02-11,33.63404083251953
2019-02-12,34.081844329833984
2019-02-13,34.081844329833984
2019-02-14,34.179195404052734
2019-02-15,34.286277770996094
2019-02-19,34.57832336425781
2019-02-20,34.92878341674805
2019-02-21,34.78275680541992
2019-02-22,34.98719024658203
2019-02-25,35.02613067626953
2019-02-26,34.9482536315918
2019-02-27,34.88010787963867
2019-02-28,34.55885314941406
2019-03-01,34.57832336425781
2019-03-04,34.65620040893555
2019-03-05,34.57832336425781
2019-03-06,34.266807556152344
2019-03-07,33.935821533203125
2019-03-08,33.828739166259766
2019-03-11,34.227867126464844
2019-03-12,34.38362503051758
2019-03-13,34.68540954589844
2019-03-14,34.51018142700195
2019-03-15,34.57832336425781
2019-03-18,34.85090255737305
2019-03-19,34.9093132019043
2019-03-20,34.957984924316406
2019-03-21,35.15268325805664
2019-03-22,34.34468460083008
2019-03-25,34.42256546020508
2019-03-26,34.58805847167969
2019-03-27,34.51991271972656
2019-03-28,34.55885314941406
2019-03-29,34.74381637573242
2019-04-01,35.162418365478516
2019-04-02,35.09427261352539
2019-04-03,35.230560302734375
2019-04-04,35.3765869140625
2019-04-05,35.639427185058594
2019-04-08,35.73677444458008
2019-04-09,35.327911376953125
2019-04-10,35.44472885131836
2019-04-11,35.259769439697266
2019-04-12,35.41552734375
2019-04-15,35.41552734375
2019-04-16,35.44472885131836
2019-04-17,35.542076110839844
2019-04-18,35.512874603271484
2019-04-22,35.473934173583984
2019-04-23,35.542076110839844
2019-04-24,35.08454132080078
2019-04-25,34.919044494628906
2019-04-26,34.996925354003906
2019-04-29,35.07480239868164
2019-04-30,35.13321304321289
2019-05-01,34.62699890136719
2019-05-02,34.42256546020508
2019-05-03,34.85090255737305
2019-05-06,34.4907112121582
2019-05-07,33.99422836303711
2019-05-08,33.896881103515625
2019-05-09,33.67298126220703
2019-05-10,33.945556640625
2019-05-13,33.25437927246094
2019-05-14,33.53669357299805
2019-05-15,33.57563400268555
2019-05-16,33.70218276977539
2019-05-17,33.30305480957031
2019-05-20,33.12782669067383
2019-05-21,33.41987609863281
2019-05-22,33.21543884277344
2019-05-23,32.62160873413086
2019-05-24,32.894187927246094
2019-05-28,32.69948959350586
2019-05-29,32.61187744140625
2019-05-30,32.69948959350586
2019-05-31,32.524261474609375
2019-06-03,33.0596809387207
2019-06-04,33.565895080566406
2019-06-05,33.44907760620117
2019-06-06,33.70218276977539
2019-06-07,33.99422836303711
2019-06-10,34.05263900756836
2019-06-11,34.266807556152344
2019-06-12,34.159725189208984
2019-06-13,34.39336395263672
2019-06-14,34.27654266357422
2019-06-17,34.25707244873047
2019-06-18,34.8314323425293
2019-06-19,34.9482536315918
2019-06-20,35.44472885131836
2019-06-21,35.532344818115234
2019-06-24,35.590755462646484
2019-06-25,35.41552734375
2019-06-26,35.590755462646484
2019-06-27,35.52260971069336
2019-06-28,35.69783401489258
2019-07-01,35.77571487426758
2019-07-02,35.69783401489258
2019-07-03,35.77571487426758
2019-07-05,35.581016540527344
2019-07-08,35.52260971069336
2019-07-09,35.3765869140625
2019-07-10,35.542076110839844
2019-07-11,35.46419906616211
2019-07-12,35.678367614746094
2019-07-15,35.64916229248047
2019-07-16,35.41552734375
2019-07-17,35.308441162109375
2019-07-18,35.39605712890625
2019-07-19,35.50313949584961
2019-07-22,35.590755462646484
2019-07-23,35.76598358154297
2019-07-24,35.68810272216797
2019-07-25,35.288970947265625
2019-07-26,35.31817626953125
2019-07-29,35.279239654541016
2019-07-30,35.347381591796875
2019-07-31,34.9482536315918
2019-08-01,34.57832336425781
2019-08-02,34.13051986694336
2019-08-05,33.32252502441406
2019-08-06,33.44907760620117
2019-08-07,33.507484436035156
2019-08-08,34.0623779296875
2019-08-09,33.72165298461914
2019-08-12,33.1375617980957
2019-08-13,33.34199523925781
2019-08-14,32.38797378540039
2019-08-15,32.436649322509766
2019-08-16,32.71895980834961
2019-08-19,33.049949645996094
2019-08-20,32.952598571777344
2019-08-21,33.1765022277832
2019-08-22,33.12782669067383
2019-08-23,32.378238677978516
2019-08-26,32.66054916381836
2019-08-27,32.64107894897461
2019-08-28,32.90392303466797
2019-08-29,33.28358459472656
2019-08-30,33.45881271362305
2019-09-03,33.24464797973633
2019-09-04,33.59510040283203
2019-09-05,33.877410888671875
2019-09-06,33.877410888671875
2019-09-09,34.04290771484375
2019-09-10,34.4128303527832
2019-09-11,34.6756706237793
2019-09-12,34.66593933105469
2019-09-13,34.85090255737305
2019-09-16,35.181888580322266
2019-09-17,35.13321304321289
2019-09-18,34.96772003173828
2019-09-19,34.88010787963867
2019-09-20,34.85090255737305
2019-09-23,34.82169723510742
2019-09-24,34.47124099731445
2019-09-25,34.42256546020508
2019-09-26,34.31548309326172
2019-09-27,34.198665618896484
2019-09-30,34.266807556152344
2019-10-01,33.857940673828125
2019-10-02,33.22517776489258
2019-10-03,33.32252502441406
2019-10-04,33.643775939941406
2019-10-07,33.5172233581543
2019-10-08,33.10835647583008
2019-10-09,33.37119674682617
2019-10-10,33.770328521728516
2019-10-11,34.34468460083008
2019-10-14,34.081844329833984
2019-10-15,34.218135833740234
2019-10-16,34.07210922241211
2019-10-17,34.101314544677734
2019-10-18,34.188926696777344
2019-10-21,34.40309524536133
2019-10-22,34.51991271972656
2019-10-23,34.64646911621094
2019-10-24,34.62699890136719
2019-10-25,34.88010787963867
2019-10-28,34.996925354003906
2019-10-29,35.00666046142578
2019-10-30,34.80222702026367
2019-10-31,34.65620040893555
2019-11-01,35.19162368774414
2019-11-04,35.639427185058594
2019-11-05,35.75624465942383
2019-11-06,35.48366928100586
2019-11-07,35.73677444458008
2019-11-08,35.610225677490234
2019-11-11,35.52260971069336
2019-11-12,35.454463958740234
2019-11-13,35.31817626953125
2019-11-14,35.269500732421875
2019-11-15,35.493404388427734
2019-11-18,35.31817626953125
2019-11-19,35.230560302734375
2019-11-20,35.12348175048828
2019-11-21,35.201358795166016
2019-11-22,35.201358795166016
2019-11-25,35.40578842163086
2019-11-26,35.35711669921875
2019-11-27,35.259769439697266
2019-11-29,35.05533218383789
2019-12-02,35.00666046142578
2019-12-03,34.74381637573242
2019-12-04,35.05533218383789
2019-12-05,35.00666046142578
2019-12-06,35.366851806640625
2019-12-09,35.40578842163086
2019-12-10,35.39605712890625
2019-12-11,35.66863250732422
2019-12-12,36.13590621948242
2019-12-13,36.13590621948242
2019-12-16,36.50583267211914
2019-12-17,36.573974609375
2019-12-18,36.54477310180664
2019-12-19,36.58371353149414
2019-12-20,36.720001220703125
2019-12-23,36.86000061035156
2019-12-24,36.900001525878906
2019-12-26,37.150001525878906
2019-12-27,37.119998931884766
2019-12-30,37.06999969482422
2019-12-31,37.16999816894531
2020-01-02,37.380001068115234
2020-01-03,37.119998931884766
2020-01-06,37.2400016784668
2020-01-07,37.09000015258789
2020-01-08,36.970001220703125
2020-01-09,36.939998626708984
2020-01-10,36.779998779296875
2020-01-13,37.04999923706055
2020-01-14,37.119998931884766
2020-01-15,36.880001068115234
2020-01-16,37.06999969482422
2020-01-17,37.099998474121094
2020-01-21,36.619998931884766
2020-01-22,36.529998779296875
2020-01-23,36.29999923706055
2020-01-24,35.91999816894531
2020-01-27,35.0
2020-01-28,35.18000030517578
2020-01-29,35.09000015258789
2020-01-30,35.04999923706055
2020-01-31,34.36000061035156
2020-02-03,34.29999923706055
2020-02-04,34.810001373291016
2020-02-05,35.470001220703125
2020-02-06,35.36000061035156
2020-02-07,34.86000061035156
2020-02-10,34.869998931884766
2020-02-11,35.2400016784668
2020-02-12,35.5099983215332
2020-02-13,35.25
2020-02-14,35.0
2020-02-18,34.849998474121094
2020-02-19,35.060001373291016
2020-02-20,35.029998779296875
2020-02-21,35.04999923706055
2020-02-24,33.79999923706055
2020-02-25,32.880001068115234
2020-02-26,32.61000061035156
2020-02-27,31.440000534057617
2020-02-28,30.81999969482422
2020-03-02,31.799999237060547
2020-03-03,31.5
2020-03-04,32.34000015258789
2020-03-05,31.450000762939453
2020-03-06,30.729999542236328
2020-03-09,27.100000381469727
2020-03-10,28.149999618530273
2020-03-11,26.489999771118164
2020-03-12,23.280000686645508
2020-03-13,24.690000534057617
2020-03-16,22.350000381469727
2020-03-17,23.219999313354492
2020-03-18,20.959999084472656
2020-03-19,21.959999084472656
2020-03-20,21.5
2020-03-23,21.229999542236328
2020-03-24,23.489999771118164
2020-03-25,24.559999465942383
2020-03-26,25.40999984741211
2020-03-27,24.329999923706055
2020-03-30,25.010000228881836
2020-03-31,25.149999618530273
2020-04-01,24.239999771118164
2020-04-02,25.209999084472656
2020-04-03,24.610000610351562
2020-04-06,25.969999313354492
2020-04-07,26.139999389648438
2020-04-08,26.729999542236328
2020-04-09,27.309999465942383
