Date,IHF
2010-01-04,46.21978759765625
2010-01-05,46.01499557495117
2010-01-06,45.968448638916016
2010-01-07,46.99244689941406
2010-01-08,47.2344970703125
2010-01-11,47.20654296875
2010-01-12,46.433902740478516
2010-01-13,47.29035186767578
2010-01-14,48.044376373291016
2010-01-15,47.672027587890625
2010-01-19,48.62154006958008
2010-01-20,47.83026885986328
2010-01-21,46.564231872558594
2010-01-22,45.996376037597656
2010-01-25,46.00569152832031
2010-01-26,45.60538101196289
2010-01-27,45.800880432128906
2010-01-28,45.42851257324219
2010-01-29,45.10269546508789
2010-02-01,45.43782424926758
2010-02-02,46.238407135009766
2010-02-03,45.62401580810547
2010-02-04,44.47898864746094
2010-02-05,44.1997184753418
2010-02-08,44.02284240722656
2010-02-09,44.52553939819336
2010-02-10,44.33934020996094
2010-02-11,44.83272171020508
2010-02-12,44.45106887817383
2010-02-16,44.71171188354492
2010-02-17,45.35404968261719
2010-02-18,45.549537658691406
2010-02-19,45.4099006652832
2010-02-22,45.73572540283203
2010-02-23,44.935123443603516
2010-02-24,45.21440124511719
2010-02-25,45.59606170654297
2010-02-26,45.86603927612305
2010-03-01,46.36874771118164
2010-03-02,46.6666374206543
2010-03-03,46.68525695800781
2010-03-04,46.405982971191406
2010-03-05,47.04829788208008
2010-03-08,46.73178482055664
2010-03-09,46.48045349121094
2010-03-10,46.787654876708984
2010-03-11,47.46720886230469
2010-03-12,47.122779846191406
2010-03-15,47.27171325683594
2010-03-16,47.672027587890625
2010-03-17,47.727874755859375
2010-03-18,48.52845001220703
2010-03-19,49.068389892578125
2010-03-22,49.524532318115234
2010-03-23,49.338348388671875
2010-03-24,48.68671798706055
2010-03-25,48.705326080322266
2010-03-26,48.33295822143555
2010-03-29,48.77979278564453
2010-03-30,48.96597671508789
2010-03-31,48.56569290161133
2010-04-01,49.012535095214844
2010-04-05,49.08700180053711
2010-04-06,49.22664260864258
2010-04-07,48.733253479003906
2010-04-08,48.60292434692383
2010-04-09,48.407432556152344
2010-04-12,48.426063537597656
2010-04-13,48.12816619873047
2010-04-14,47.60686111450195
2010-04-15,47.42998123168945
2010-04-16,47.45790481567383
2010-04-19,48.27711486816406
2010-04-20,48.78910827636719
2010-04-21,48.184017181396484
2010-04-22,48.035072326660156
2010-04-23,48.33295822143555
2010-04-26,47.38344192504883
2010-04-27,47.04829788208008
2010-04-28,47.299652099609375
2010-04-29,48.25849533081055
2010-04-30,46.638702392578125
2010-05-03,46.79695129394531
2010-05-04,46.05222702026367
2010-05-05,46.247718811035156
2010-05-06,45.39128875732422
2010-05-07,44.35796356201172
2010-05-10,45.92190170288086
2010-05-11,46.06153869628906
2010-05-12,46.84349060058594
2010-05-13,46.601470947265625
2010-05-14,46.13601303100586
2010-05-17,46.38735580444336
2010-05-18,46.182559967041016
2010-05-19,46.163944244384766
2010-05-20,44.441749572753906
2010-05-21,44.45106887817383
2010-05-24,44.52553939819336
2010-05-25,44.15317153930664
2010-05-26,44.46968078613281
2010-05-27,45.72639083862305
2010-05-28,45.465755462646484
2010-06-01,44.82341766357422
2010-06-02,46.02429962158203
2010-06-03,46.787654876708984
2010-06-04,45.54022979736328
2010-06-07,45.45643615722656
2010-06-08,45.16786193847656
2010-06-09,45.00960159301758
2010-06-10,45.93120193481445
2010-06-11,46.15461730957031
2010-06-14,46.433902740478516
2010-06-15,46.97382736206055
2010-06-16,46.983150482177734
2010-06-17,47.16001510620117
2010-06-18,46.7411003112793
2010-06-21,46.30357360839844
2010-06-22,45.41920852661133
2010-06-23,45.20509338378906
2010-06-24,44.57207489013672
2010-06-25,44.73033905029297
2010-06-28,44.33934020996094
2010-06-29,43.08262634277344
2010-06-30,42.738189697265625
2010-07-01,41.86312484741211
2010-07-02,41.62108612060547
2010-07-06,41.67693328857422
2010-07-07,42.328582763671875
2010-07-08,42.840579986572266
2010-07-09,43.08262634277344
2010-07-12,43.06399917602539
2010-07-13,43.52945327758789
2010-07-14,43.75287628173828
2010-07-15,44.06007385253906
2010-07-16,42.97090148925781
2010-07-19,42.97090148925781
2010-07-20,43.12916946411133
2010-07-21,42.01207733154297
2010-07-22,41.64901351928711
2010-07-23,41.71417236328125
2010-07-26,42.542686462402344
2010-07-27,42.29133224487305
2010-07-28,41.3045654296875
2010-07-29,41.35112380981445
2010-07-30,41.835201263427734
2010-08-02,42.542686462402344
2010-08-03,42.93367385864258
2010-08-04,43.575992584228516
2010-08-05,43.8087272644043
2010-08-06,44.00421905517578
2010-08-09,44.05076217651367
2010-08-10,43.88319778442383
2010-08-11,42.328582763671875
2010-08-12,42.53338623046875
2010-08-13,42.47751998901367
2010-08-16,42.31926345825195
2010-08-17,42.81266403198242
2010-08-18,42.81266403198242
2010-08-19,41.77934265136719
2010-08-20,41.66763687133789
2010-08-23,41.54661178588867
2010-08-24,40.969451904296875
2010-08-25,41.788639068603516
2010-08-26,41.3045654296875
2010-08-27,41.82588195800781
2010-08-30,41.10908126831055
2010-08-31,40.67155456542969
2010-09-01,41.86312484741211
2010-09-02,42.18894958496094
2010-09-03,42.88711929321289
2010-09-07,42.63578796386719
2010-09-08,42.87782287597656
2010-09-09,43.566688537597656
2010-09-10,43.95767593383789
2010-09-13,44.171783447265625
2010-09-14,44.09731674194336
2010-09-15,44.376583099365234
2010-09-16,44.02284240722656
2010-09-17,43.95767593383789
2010-09-20,44.963069915771484
2010-09-21,45.074764251708984
2010-09-22,45.20509338378906
2010-09-23,45.129669189453125
2010-09-24,45.58597946166992
2010-09-27,45.30660629272461
2010-09-28,45.595298767089844
2010-09-29,45.64187240600586
2010-09-30,45.93056106567383
2010-10-01,45.856056213378906
2010-10-04,45.101722717285156
2010-10-05,45.92124557495117
2010-10-06,45.26935577392578
2010-10-07,45.623233795166016
2010-10-08,45.92124557495117
2010-10-11,46.172691345214844
2010-10-12,46.30307388305664
2010-10-13,46.75008010864258
2010-10-14,46.61970901489258
2010-10-15,46.87115478515625
2010-10-18,47.225040435791016
2010-10-19,46.032997131347656
2010-10-20,46.675567626953125
2010-10-21,46.386898040771484
2010-10-22,47.02014923095703
2010-10-25,47.225040435791016
2010-10-26,47.00153732299805
2010-10-27,46.43344497680664
2010-10-28,46.554508209228516
2010-10-29,46.65694808959961
2010-11-01,46.51726150512695
2010-11-02,48.04456329345703
2010-11-03,47.914180755615234
2010-11-04,48.57538604736328
2010-11-05,48.70576858520508
2010-11-08,49.0689697265625
2010-11-09,48.66849899291992
2010-11-10,49.04103469848633
2010-11-11,49.35765075683594
2010-11-12,48.67781448364258
2010-11-15,48.31462860107422
2010-11-16,47.45786666870117
2010-11-17,47.69997787475586
2010-11-18,48.156307220458984
2010-11-19,48.463619232177734
2010-11-22,48.901329040527344
2010-11-23,48.156307220458984
2010-11-24,48.44501876831055
2010-11-26,48.08180236816406
2010-11-29,48.230812072753906
2010-11-30,47.867618560791016
2010-12-01,48.92926788330078
2010-12-02,49.50666046142578
2010-12-03,49.366973876953125
2010-12-06,48.94789123535156
2010-12-07,48.87339401245117
2010-12-08,48.975830078125
2010-12-09,48.994468688964844
2010-12-10,49.84191131591797
2010-12-13,49.59048080444336
2010-12-14,50.05612564086914
2010-12-15,49.655662536621094
2010-12-16,49.90711212158203
2010-12-17,50.00025177001953
2010-12-20,49.99092483520508
2010-12-21,50.195804595947266
2010-12-22,50.47653579711914
2010-12-23,50.355308532714844
2010-12-27,50.15943908691406
2010-12-28,50.15011215209961
2010-12-29,50.22472381591797
2010-12-30,50.24337387084961
2010-12-31,50.24337387084961
2011-01-03,51.17605972290039
2011-01-04,51.222679138183594
2011-01-05,51.390567779541016
2011-01-06,51.95018005371094
2011-01-07,51.98747634887695
2011-01-10,52.20199966430664
2011-01-11,52.724308013916016
2011-01-12,52.84554672241211
2011-01-13,53.116024017333984
2011-01-14,53.731597900390625
2011-01-18,54.01140594482422
2011-01-19,53.022762298583984
2011-01-20,52.79892349243164
2011-01-21,52.64036178588867
2011-01-24,52.519107818603516
2011-01-25,53.022762298583984
2011-01-26,53.48909378051758
2011-01-27,54.33784103393555
2011-01-28,52.97611999511719
2011-01-31,52.95747756958008
2011-02-01,53.750244140625
2011-02-02,53.55438232421875
2011-02-03,53.992733001708984
2011-02-04,54.40312194824219
2011-02-07,54.151302337646484
2011-02-08,54.878780364990234
2011-02-09,54.74822235107422
2011-02-10,54.78553009033203
2011-02-11,55.074642181396484
2011-02-14,55.223880767822266
2011-02-15,55.065330505371094
2011-02-16,55.690208435058594
2011-02-17,55.93270492553711
2011-02-18,56.1658935546875
2011-02-22,55.18657684326172
2011-02-23,54.72955322265625
2011-02-24,55.05598831176758
2011-02-25,55.690208435058594
2011-02-28,55.97001647949219
2011-03-01,55.64358139038086
2011-03-02,56.35240173339844
2011-03-03,57.50892639160156
2011-03-04,57.285099029541016
2011-03-07,56.436363220214844
2011-03-08,56.9959716796875
2011-03-09,57.527591705322266
2011-03-10,56.4643440246582
2011-03-11,56.417694091796875
2011-03-14,55.89540481567383
2011-03-15,55.54098892211914
2011-03-16,54.589656829833984
2011-03-17,54.654945373535156
2011-03-18,54.757530212402344
2011-03-21,55.04667663574219
2011-03-22,55.13060760498047
2011-03-23,55.000038146972656
2011-03-24,55.764827728271484
2011-03-25,56.1220588684082
2011-03-28,56.345916748046875
2011-03-29,56.86824417114258
2011-03-30,57.493160247802734
2011-03-31,57.7450065612793
2011-04-01,58.360595703125
2011-04-04,58.64042282104492
2011-04-05,58.239341735839844
2011-04-06,58.1087646484375
2011-04-07,57.8102912902832
2011-04-08,57.59576416015625
2011-04-11,57.036136627197266
2011-04-12,57.47452163696289
2011-04-13,57.25999450683594
2011-04-14,57.353267669677734
2011-04-15,57.549129486083984
2011-04-18,56.54180145263672
2011-04-19,57.185367584228516
2011-04-20,57.6517448425293
2011-04-21,58.89226531982422
2011-04-25,58.677730560302734
2011-04-26,59.19071960449219
2011-04-27,59.96487808227539
2011-04-28,60.9815559387207
2011-04-29,60.795005798339844
2011-05-02,61.308021545410156
2011-05-03,60.636451721191406
2011-05-04,60.48722457885742
2011-05-05,60.645782470703125
2011-05-06,61.14945983886719
2011-05-09,61.83033752441406
2011-05-10,62.380653381347656
2011-05-11,61.9889030456543
2011-05-12,62.20343780517578
2011-05-13,62.1008415222168
2011-05-16,62.1008415222168
2011-05-17,61.82101058959961
2011-05-18,62.67911148071289
2011-05-19,62.800384521484375
2011-05-20,62.17546081542969
2011-05-23,61.27069854736328
2011-05-24,60.477882385253906
2011-05-25,60.78567886352539
2011-05-26,61.158790588378906
2011-05-27,60.78567886352539
2011-05-31,61.53187942504883
2011-06-01,60.75769805908203
2011-06-02,60.96290588378906
2011-06-03,59.992881774902344
2011-06-06,58.90158462524414
2011-06-07,59.06013870239258
2011-06-08,58.95753860473633
2011-06-09,60.18874740600586
2011-06-10,59.134765625
2011-06-13,58.99485397338867
2011-06-14,59.97423553466797
2011-06-15,59.09745788574219
2011-06-16,59.339962005615234
2011-06-17,59.27467727661133
2011-06-20,60.104793548583984
2011-06-21,60.81367874145508
2011-06-22,60.28200912475586
2011-06-23,59.8902702331543
2011-06-24,58.97499084472656
2011-06-27,59.572120666503906
2011-06-28,60.673065185546875
2011-06-29,60.68239974975586
2011-06-30,60.80366897583008
2011-07-01,61.86729049682617
2011-07-05,61.74600601196289
2011-07-06,62.137874603271484
2011-07-07,62.063228607177734
2011-07-08,61.615379333496094
2011-07-11,60.18791580200195
2011-07-12,60.38384246826172
2011-07-13,60.663726806640625
2011-07-14,60.37450408935547
2011-07-15,60.066593170166016
2011-07-18,59.69341278076172
2011-07-19,59.917335510253906
2011-07-20,59.991973876953125
2011-07-21,61.456783294677734
2011-07-22,61.77400207519531
2011-07-25,60.486473083496094
2011-07-26,60.07594680786133
2011-07-27,58.144622802734375
2011-07-28,58.10731506347656
2011-07-29,57.44487380981445
2011-08-01,55.4015998840332
2011-08-02,54.11405944824219
2011-08-03,54.2540168762207
2011-08-04,51.772239685058594
2011-08-05,51.42701721191406
2011-08-08,46.85530471801758
2011-08-09,49.589012145996094
2011-08-10,47.44310760498047
2011-08-11,49.53303909301758
2011-08-12,50.23277282714844
2011-08-15,51.76289367675781
2011-08-16,51.408355712890625
2011-08-17,51.128456115722656
2011-08-18,49.07585525512695
2011-08-19,48.254825592041016
2011-08-22,48.040225982666016
2011-08-23,49.88756561279297
2011-08-24,50.633968353271484
2011-08-25,49.439727783203125
2011-08-26,50.52201843261719
2011-08-29,52.14542770385742
2011-08-30,52.630592346191406
2011-08-31,52.555946350097656
2011-09-01,52.052127838134766
2011-09-02,50.717933654785156
2011-09-06,50.53133010864258
2011-09-07,52.47197723388672
2011-09-08,51.59495544433594
2011-09-09,49.8036003112793
2011-09-12,50.176795959472656
2011-09-13,51.13779067993164
2011-09-14,51.46432876586914
2011-09-15,52.238739013671875
2011-09-16,52.44398880004883
2011-09-19,51.74424743652344
2011-09-20,51.17510986328125
2011-09-21,49.53303909301758
2011-09-22,48.33879089355469
2011-09-23,48.77283477783203
2011-09-26,49.79030227661133
2011-09-27,50.518394470214844
2011-09-28,48.83818817138672
2011-09-29,48.84751892089844
2011-09-30,48.091426849365234
2011-10-03,45.72045135498047
2011-10-04,46.36453628540039
2011-10-05,46.92461395263672
2011-10-06,48.240779876708984
2011-10-07,47.923404693603516
2011-10-10,49.463600158691406
2011-10-11,49.5289421081543
2011-10-12,50.163673400878906
2011-10-13,49.99565887451172
2011-10-14,50.807769775390625
2011-10-17,49.79964065551758
2011-10-18,50.117008209228516
2011-10-19,49.99565887451172
2011-10-20,50.07967758178711
2011-10-21,51.22781753540039
2011-10-24,52.84269332885742
2011-10-25,52.263954162597656
2011-10-26,53.55211639404297
2011-10-27,54.80293655395508
2011-10-28,54.756263732910156
2011-10-31,53.96283721923828
2011-11-01,52.59064483642578
2011-11-02,53.206729888916016
2011-11-03,53.44942855834961
2011-11-04,53.50544738769531
2011-11-07,54.25221252441406
2011-11-08,55.16698455810547
2011-11-09,53.59877395629883
2011-11-10,54.37355422973633
2011-11-11,55.37233352661133
2011-11-14,55.157657623291016
2011-11-15,55.09231185913086
2011-11-16,53.477439880371094
2011-11-17,52.82402420043945
2011-11-18,53.04805374145508
2011-11-21,52.20793914794922
2011-11-22,52.049259185791016
2011-11-23,51.09714889526367
2011-11-25,50.75175094604492
2011-11-28,52.39463806152344
2011-11-29,52.81468200683594
2011-11-30,55.250999450683594
2011-12-01,55.08296585083008
2011-12-02,54.597572326660156
2011-12-05,54.849605560302734
2011-12-06,54.76559066772461
2011-12-07,54.9896354675293
2011-12-08,53.36543655395508
2011-12-09,54.12152099609375
2011-12-12,53.393436431884766
2011-12-13,52.758689880371094
2011-12-14,52.32928466796875
2011-12-15,52.84269332885742
2011-12-16,53.06671142578125
2011-12-19,52.6373291015625
2011-12-20,54.168190002441406
2011-12-21,54.52291488647461
2011-12-22,55.3009147644043
2011-12-23,55.599788665771484
2011-12-27,55.72119903564453
2011-12-28,54.721832275390625
2011-12-29,55.14213943481445
2011-12-30,54.96467971801758
2012-01-03,55.553077697753906
2012-01-04,55.61846160888672
2012-01-05,56.19751739501953
2012-01-06,56.96339416503906
2012-01-09,56.94470977783203
2012-01-10,57.2716064453125
2012-01-11,57.39303207397461
2012-01-12,56.93537902832031
2012-01-13,56.80461502075195
2012-01-17,57.477088928222656
2012-01-18,57.906707763671875
2012-01-19,57.71991729736328
2012-01-20,57.673221588134766
2012-01-23,57.66389465332031
2012-01-24,57.81331253051758
2012-01-25,58.0374641418457
2012-01-26,57.15953826904297
2012-01-27,57.70124053955078
2012-01-30,57.2716064453125
2012-01-31,57.5611457824707
2012-02-01,58.89673614501953
2012-02-02,58.54182434082031
2012-02-03,58.700592041015625
2012-02-06,57.66389465332031
2012-02-07,58.252288818359375
2012-02-08,58.3643684387207
2012-02-09,58.336334228515625
2012-02-10,58.252288818359375
2012-02-13,58.78463363647461
2012-02-14,59.50381088256836
2012-02-15,59.48512649536133
2012-02-16,60.05487060546875
2012-02-17,59.8306999206543
2012-02-21,59.8120231628418
2012-02-22,59.755985260009766
2012-02-23,59.980159759521484
2012-02-24,60.50316619873047
2012-02-27,60.680633544921875
2012-02-28,60.80204772949219
2012-02-29,60.43779373168945
2012-03-01,60.559200286865234
2012-03-02,60.120235443115234
2012-03-05,59.80268096923828
2012-03-06,58.79399871826172
2012-03-07,59.176918029785156
2012-03-08,59.914772033691406
2012-03-09,60.47515869140625
2012-03-12,59.78401565551758
2012-03-13,60.56855010986328
2012-03-14,60.91413116455078
2012-03-15,60.97016525268555
2012-03-16,61.07291030883789
2012-03-19,61.11959457397461
2012-03-20,60.21363830566406
2012-03-21,60.194950103759766
2012-03-22,59.8306999206543
2012-03-23,59.79335403442383
2012-03-26,61.24036407470703
2012-03-27,61.0438117980957
2012-03-28,61.1186637878418
2012-03-29,61.95167541503906
2012-03-30,62.59749221801758
2012-04-02,63.18718719482422
2012-04-03,63.56153869628906
2012-04-04,62.934444427490234
2012-04-05,62.98125457763672
2012-04-09,61.37139129638672
2012-04-10,60.360538482666016
2012-04-11,60.93149185180664
2012-04-12,61.85809326171875
2012-04-13,61.184200286865234
2012-04-16,60.725555419921875
2012-04-17,62.05466079711914
2012-04-18,62.07337188720703
2012-04-19,62.69110870361328
2012-04-20,62.66301727294922
2012-04-23,61.970401763916016
2012-04-24,61.8768196105957
2012-04-25,62.082725524902344
2012-04-26,61.455631256103516
2012-04-27,60.8940315246582
2012-04-30,60.02357864379883
2012-05-01,60.725555419921875
2012-05-02,60.71622085571289
2012-05-03,59.56496810913086
2012-05-04,58.51668930053711
2012-05-07,58.666446685791016
2012-05-08,59.022117614746094
2012-05-09,58.21717834472656
2012-05-10,58.22653579711914
2012-05-11,58.123573303222656
2012-05-14,57.69303894042969
2012-05-15,57.3841667175293
2012-05-16,57.065940856933594
2012-05-17,56.476280212402344
2012-05-18,55.61518478393555
2012-05-21,56.89746856689453
2012-05-22,56.75707244873047
2012-05-23,56.72898864746094
2012-05-24,57.22505187988281
2012-05-25,57.64623260498047
2012-05-29,58.27333450317383
2012-05-30,57.487125396728516
2012-05-31,57.05657958984375
2012-06-01,55.82110595703125
2012-06-04,55.811737060546875
2012-06-05,56.775787353515625
2012-06-06,57.97382736206055
2012-06-07,57.51520919799805
2012-06-08,58.46989440917969
2012-06-11,57.664955139160156
2012-06-12,58.245262145996094
2012-06-13,57.992549896240234
2012-06-14,58.92851257324219
2012-06-15,59.199951171875
2012-06-18,59.480743408203125
2012-06-19,60.14466094970703
2012-06-20,59.99483108520508
2012-06-21,58.71195983886719
2012-06-22,59.68579864501953
2012-06-25,58.57148742675781
2012-06-26,59.02096176147461
2012-06-27,59.8169059753418
2012-06-28,60.697113037109375
2012-06-29,60.9124755859375
2012-07-02,60.4911003112793
2012-07-03,60.079105377197266
2012-07-05,60.01354217529297
2012-07-06,59.601531982421875
2012-07-09,60.88438415527344
2012-07-10,60.640933990478516
2012-07-11,60.9124755859375
2012-07-12,60.54727554321289
2012-07-13,61.56795120239258
2012-07-16,61.39940643310547
2012-07-17,61.661590576171875
2012-07-18,61.93315124511719
2012-07-19,61.46495819091797
2012-07-20,60.77202224731445
2012-07-23,59.83563232421875
2012-07-24,59.49852752685547
2012-07-25,58.206295013427734
2012-07-26,58.13139343261719
2012-07-27,59.610904693603516
2012-07-30,59.51725387573242
2012-07-31,58.39357376098633
2012-08-01,58.374855041503906
2012-08-02,58.06584167480469
2012-08-03,58.618309020996094
2012-08-06,58.23439025878906
2012-08-07,59.32997131347656
2012-08-08,60.53792190551758
2012-08-09,60.48173522949219
2012-08-10,60.453643798828125
2012-08-13,60.19146728515625
2012-08-14,60.04164505004883
2012-08-15,60.53792190551758
2012-08-16,61.07167053222656
2012-08-17,61.21213150024414
2012-08-20,61.56795120239258
2012-08-21,61.57733154296875
2012-08-22,61.848876953125
2012-08-23,61.64287185668945
2012-08-24,61.72712707519531
2012-08-27,62.15788269042969
2012-08-28,62.101722717285156
2012-08-29,62.66355514526367
2012-08-30,62.43881607055664
2012-08-31,62.43881607055664
2012-09-04,62.80400466918945
2012-09-05,62.89765548706055
2012-09-06,63.73103332519531
2012-09-07,63.73103332519531
2012-09-10,62.92572021484375
2012-09-11,62.66355514526367
2012-09-12,62.45751953125
2012-09-13,63.169193267822266
2012-09-14,63.64675521850586
2012-09-17,63.8153190612793
2012-09-18,64.08685302734375
2012-09-19,64.08685302734375
2012-09-20,63.93703079223633
2012-09-21,64.4239501953125
2012-09-24,64.28351593017578
2012-09-25,64.00241088867188
2012-09-26,63.6932258605957
2012-09-27,64.52711486816406
2012-09-28,64.25540924072266
2012-10-01,64.7988510131836
2012-10-02,65.2953872680664
2012-10-03,65.80132293701172
2012-10-04,66.1292953491211
2012-10-05,65.60458374023438
2012-10-08,65.5577392578125
2012-10-09,64.88314056396484
2012-10-10,64.7894287109375
2012-10-11,65.4546890258789
2012-10-12,65.14549255371094
2012-10-15,65.53900146484375
2012-10-16,65.4359359741211
2012-10-17,65.0330810546875
2012-10-18,65.05177307128906
2012-10-19,64.0680160522461
2012-10-22,64.71449279785156
2012-10-23,63.93682861328125
2012-10-24,63.94620132446289
2012-10-25,64.5551986694336
2012-10-26,63.60888671875
2012-10-31,63.39339828491211
2012-11-01,64.82693481445312
2012-11-02,64.28350067138672
2012-11-05,64.7988510131836
2012-11-06,64.17107391357422
2012-11-07,63.355934143066406
2012-11-08,62.18476104736328
2012-11-09,61.838096618652344
2012-11-12,61.603851318359375
2012-11-13,61.116661071777344
2012-11-14,59.88924789428711
2012-11-15,60.18907165527344
2012-11-16,60.73249816894531
2012-11-19,61.706939697265625
2012-11-20,61.716285705566406
2012-11-21,61.82870864868164
2012-11-23,62.35340881347656
2012-11-26,61.809993743896484
2012-11-27,61.50079345703125
2012-11-28,61.58512496948242
2012-11-29,62.615745544433594
2012-11-30,62.671966552734375
2012-12-03,62.587642669677734
2012-12-04,62.64385223388672
2012-12-05,62.82187271118164
2012-12-06,62.8968391418457
2012-12-07,63.355934143066406
2012-12-10,63.63703536987305
2012-12-11,64.04927825927734
2012-12-12,64.2179183959961
2012-12-13,63.918094635009766
2012-12-14,63.768192291259766
2012-12-17,64.40531158447266
2012-12-18,65.23919677734375
2012-12-19,64.86967468261719
2012-12-20,65.44466400146484
2012-12-21,65.09588623046875
2012-12-24,64.7188720703125
2012-12-26,64.2947006225586
2012-12-27,64.2098617553711
2012-12-28,63.61603546142578
2012-12-31,64.52092742919922
2013-01-02,65.41638946533203
2013-01-03,64.4926528930664
2013-01-04,64.76599884033203
2013-01-07,65.0205078125
2013-01-08,64.32295989990234
2013-01-09,65.18070983886719
2013-01-10,65.88768768310547
2013-01-11,65.81228637695312
2013-01-14,66.12334442138672
2013-01-15,66.64176177978516
2013-01-16,66.56635284423828
2013-01-17,67.60319519042969
2013-01-18,67.72576904296875
2013-01-22,68.73432922363281
2013-01-23,68.28190612792969
2013-01-24,68.81920623779297
2013-01-25,69.17736053466797
2013-01-28,69.10195922851562
2013-01-29,68.98886108398438
2013-01-30,68.66834259033203
2013-01-31,68.42327880859375
2013-02-01,69.20563507080078
2013-02-04,68.64008331298828
2013-02-05,69.9031753540039
2013-02-06,69.92202758789062
2013-02-07,70.04454803466797
2013-02-08,70.70438385009766
2013-02-11,70.15766906738281
2013-02-12,69.865478515625
2013-02-13,70.16708374023438
2013-02-14,70.12938690185547
2013-02-15,70.11996459960938
2013-02-19,70.1388168334961
2013-02-20,69.1867904663086
2013-02-21,68.84746551513672
2013-02-22,68.59293365478516
2013-02-25,67.3958511352539
2013-02-26,67.5184097290039
2013-02-27,68.36673736572266
2013-02-28,68.43270874023438
2013-03-01,68.63066101074219
2013-03-04,68.56466674804688
2013-03-05,69.20563507080078
2013-03-06,69.41300964355469
2013-03-07,69.73350524902344
2013-03-08,70.17652893066406
2013-03-11,70.57240295410156
2013-03-12,70.96830749511719
2013-03-13,71.14739990234375
2013-03-14,71.36416625976562
2013-03-15,71.44901275634766
2013-03-18,71.10026550292969
2013-03-19,71.2039566040039
2013-03-20,71.31705474853516
2013-03-21,70.94001007080078
2013-03-22,70.80804443359375
2013-03-25,70.89197540283203
2013-03-26,71.63701629638672
2013-03-27,72.0142822265625
2013-03-28,72.30663299560547
2013-04-01,73.21199798583984
2013-04-02,74.63604736328125
2013-04-03,73.54206848144531
2013-04-04,73.6363754272461
2013-04-05,73.21199798583984
2013-04-08,73.40060424804688
2013-04-09,73.62696075439453
2013-04-10,73.84384155273438
2013-04-11,74.60774993896484
2013-04-12,74.2776870727539
2013-04-15,72.30663299560547
2013-04-16,73.62696075439453
2013-04-17,72.62728881835938
2013-04-18,71.3163833618164
2013-04-19,71.97655487060547
2013-04-22,71.5144271850586
2013-04-23,72.24060821533203
2013-04-24,72.62728881835938
2013-04-25,73.1270980834961
2013-04-26,73.23085021972656
2013-04-29,73.75899505615234
2013-04-30,74.21165466308594
2013-05-01,73.89102172851562
2013-05-02,74.93785095214844
2013-05-03,74.78695678710938
2013-05-06,75.10758209228516
2013-05-07,75.57915496826172
2013-05-08,76.75802612304688
2013-05-09,76.61653137207031
2013-05-10,77.3238525390625
2013-05-13,77.26728820800781
2013-05-14,77.33329010009766
2013-05-15,77.39930725097656
2013-05-16,77.02206420898438
2013-05-17,77.54076385498047
2013-05-20,76.92777252197266
2013-05-21,77.11637878417969
2013-05-22,76.97491455078125
2013-05-23,77.4559097290039
2013-05-24,77.05034637451172
2013-05-28,78.61589050292969
2013-05-29,78.03117370605469
2013-05-30,79.42696380615234
2013-05-31,78.03117370605469
2013-06-03,78.11604309082031
2013-06-04,77.70110321044922
2013-06-05,76.3996353149414
2013-06-06,77.11637878417969
2013-06-07,78.25753021240234
2013-06-10,79.12515258789062
2013-06-11,78.87052917480469
2013-06-12,78.66305541992188
2013-06-13,79.45526885986328
2013-06-14,78.87996673583984
2013-06-17,79.42696380615234
2013-06-18,80.21915435791016
2013-06-19,79.20061492919922
2013-06-20,77.92743682861328
2013-06-21,78.26691436767578
2013-06-24,78.24810791015625
2013-06-25,78.08778381347656
2013-06-26,78.55007934570312
2013-06-27,79.69178771972656
2013-06-28,79.2483139038086
2013-07-01,79.7483901977539
2013-07-02,79.2483139038086
2013-07-03,78.75769805908203
2013-07-05,79.5030746459961
2013-07-08,80.32396697998047
2013-07-09,80.8334732055664
2013-07-10,81.20146942138672
2013-07-11,81.9280014038086
2013-07-12,81.78645324707031
2013-07-15,81.81477355957031
2013-07-16,81.59774780273438
2013-07-17,81.4090576171875
2013-07-18,83.08854675292969
2013-07-19,82.96589660644531
2013-07-22,83.50371551513672
2013-07-23,83.6546630859375
2013-07-24,83.40934753417969
2013-07-25,83.33386993408203
2013-07-26,83.30558013916016
2013-07-29,83.09799194335938
2013-07-30,82.24879455566406
2013-07-31,82.87151336669922
2013-08-01,83.12629699707031
2013-08-02,82.80548858642578
2013-08-05,83.56034851074219
2013-08-06,83.23009490966797
2013-08-07,82.83377838134766
2013-08-08,83.2017822265625
2013-08-09,83.296142578125
2013-08-12,83.09799194335938
2013-08-13,83.32445526123047
2013-08-14,82.975341796875
2013-08-15,81.36186218261719
2013-08-16,81.3807144165039
2013-08-19,81.29583740234375
2013-08-20,81.9845962524414
2013-08-21,81.5128173828125
2013-08-22,82.03176879882812
2013-08-23,82.40918731689453
2013-08-26,82.597900390625
2013-08-27,81.1825942993164
2013-08-28,81.1637191772461
2013-08-29,81.69209289550781
2013-08-30,80.94671630859375
2013-09-03,81.52227020263672
2013-09-04,82.15445709228516
2013-09-05,82.84323120117188
2013-09-06,82.77719116210938
2013-09-09,82.58846282958984
2013-09-10,83.4659652709961
2013-09-11,84.01321411132812
2013-09-12,83.81509399414062
2013-09-13,84.39065551757812
2013-09-16,85.01337432861328
2013-09-17,85.16435241699219
2013-09-18,83.91886901855469
2013-09-19,82.47523498535156
2013-09-20,82.3714599609375
2013-09-23,82.57903289794922
2013-09-24,82.48175048828125
2013-09-25,82.51954650878906
2013-09-26,82.75566864013672
2013-09-27,82.31175994873047
2013-09-30,82.40618896484375
2013-10-01,83.63402557373047
2013-10-02,83.87015533447266
2013-10-03,83.8890380859375
2013-10-04,84.67296600341797
2013-10-07,83.9173812866211
2013-10-08,83.16178131103516
2013-10-09,82.97289276123047
2013-10-10,84.31404876708984
2013-10-11,84.8524169921875
2013-10-14,85.0601806640625
2013-10-15,84.31404876708984
2013-10-16,85.56077575683594
2013-10-17,84.82408142089844
2013-10-18,84.10626220703125
2013-10-21,83.9079360961914
2013-10-22,84.23849487304688
2013-10-23,83.35069274902344
2013-10-24,82.48175048828125
2013-10-25,82.17951202392578
2013-10-28,82.32119750976562
2013-10-29,82.66120147705078
2013-10-30,82.46287536621094
2013-10-31,82.89732360839844
2013-11-01,82.77454376220703
2013-11-04,83.75682067871094
2013-11-05,83.41679382324219
2013-11-06,83.936279296875
2013-11-07,82.77454376220703
2013-11-08,83.8606948852539
2013-11-11,84.35184478759766
2013-11-12,84.41795349121094
2013-11-13,85.06963348388672
2013-11-14,85.83468627929688
2013-11-15,85.53242492675781
2013-11-18,85.27742004394531
2013-11-19,84.93741607666016
2013-11-20,85.64579010009766
2013-11-21,86.2785873413086
2013-11-22,86.92081451416016
2013-11-25,87.65750885009766
2013-11-26,88.12033081054688
2013-11-27,88.06364440917969
2013-11-29,88.148681640625
2013-12-02,87.88421630859375
2013-12-03,87.4686279296875
2013-12-04,87.11917877197266
2013-12-05,86.2785873413086
2013-12-06,87.1380615234375
2013-12-09,87.66698455810547
2013-12-10,87.39306640625
2013-12-11,85.50409698486328
2013-12-12,84.74852752685547
2013-12-13,84.71073150634766
2013-12-16,85.1829605102539
2013-12-17,84.40850067138672
2013-12-18,85.68354797363281
2013-12-19,85.19244384765625
2013-12-20,86.34471130371094
2013-12-23,86.9901351928711
2013-12-24,87.2074966430664
2013-12-26,87.49102020263672
2013-12-27,87.57606506347656
2013-12-30,87.69893646240234
2013-12-31,88.12419891357422
2014-01-02,87.52882385253906
2014-01-03,88.09584045410156
2014-01-06,87.34925842285156
2014-01-07,88.94638061523438
2014-01-08,89.04087829589844
2014-01-09,90.00479888916016
2014-01-10,89.68350219726562
2014-01-13,88.94638061523438
2014-01-14,89.73074340820312
2014-01-15,89.98591613769531
2014-01-16,89.28657531738281
2014-01-17,89.34330749511719
2014-01-21,89.55119323730469
2014-01-22,89.53230285644531
2014-01-23,89.26764678955078
2014-01-24,87.594970703125
2014-01-27,87.48155975341797
2014-01-28,87.65167236328125
2014-01-29,87.04685974121094
2014-01-30,88.23760223388672
2014-01-31,87.7934341430664
2014-02-03,85.89391326904297
2014-02-04,85.68600463867188
2014-02-05,85.92227935791016
2014-02-06,86.49874877929688
2014-02-07,85.78994750976562
2014-02-10,85.94116973876953
2014-02-11,86.57434844970703
2014-02-12,86.13016510009766
2014-02-13,87.34925842285156
2014-02-14,88.50220489501953
2014-02-18,88.89911651611328
2014-02-19,88.38878631591797
2014-02-20,88.94638061523438
2014-02-21,88.77626037597656
2014-02-24,90.52456665039062
2014-02-25,89.34330749511719
2014-02-26,89.96699523925781
2014-02-27,90.15601348876953
2014-02-28,90.86478424072266
2014-03-03,90.36390686035156
2014-03-04,91.6302490234375
2014-03-05,91.57356262207031
2014-03-06,91.51686096191406
2014-03-07,91.32784271240234
2014-03-10,91.53575897216797
2014-03-11,91.39401245117188
2014-03-12,91.4507064819336
2014-03-13,90.32610321044922
2014-03-14,89.78742218017578
2014-03-17,90.50566101074219
2014-03-18,91.93266296386719
2014-03-19,93.0099868774414
2014-03-20,93.62427520751953
2014-03-21,93.17066192626953
2014-03-24,92.23506164550781
2014-03-25,91.92498779296875
2014-03-26,92.49224853515625
2014-03-27,91.86825561523438
2014-03-28,92.38824462890625
2014-03-31,93.4471206665039
2014-04-01,94.09000396728516
2014-04-02,93.91039276123047
2014-04-03,94.17513275146484
2014-04-04,92.41658782958984
2014-04-07,91.11189270019531
2014-04-08,91.66022491455078
2014-04-09,92.70023345947266
2014-04-10,90.44063568115234
2014-04-11,89.23992156982422
2014-04-14,89.69373321533203
2014-04-15,90.16646575927734
2014-04-16,89.53303527832031
2014-04-17,88.3228530883789
2014-04-21,88.40795135498047
2014-04-22,89.05082702636719
2014-04-23,89.18321228027344
2014-04-24,90.25154876708984
2014-04-25,90.3082504272461
2014-04-28,89.72209930419922
2014-04-29,89.66536712646484
2014-04-30,89.61811828613281
2014-05-01,89.93008422851562
2014-05-02,89.74101257324219
2014-05-05,90.04354858398438
2014-05-06,89.74101257324219
2014-05-07,91.10244750976562
2014-05-08,90.36500549316406
2014-05-09,91.1780776977539
2014-05-12,92.54896545410156
2014-05-13,92.53949737548828
2014-05-14,91.9627914428711
2014-05-15,91.72640991210938
2014-05-16,91.79261016845703
2014-05-19,92.59625244140625
2014-05-20,92.32205200195312
2014-05-21,93.16349029541016
2014-05-22,93.4944076538086
2014-05-23,94.43037414550781
2014-05-27,95.01655578613281
2014-05-28,94.82748413085938
2014-05-29,95.37580871582031
2014-05-30,95.22456359863281
2014-06-02,95.1867446899414
2014-06-03,95.73509979248047
2014-06-04,96.43470764160156
2014-06-05,96.98306274414062
2014-06-06,97.24779510498047
2014-06-09,97.1248779296875
2014-06-10,97.1248779296875
2014-06-11,96.98306274414062
2014-06-12,96.51033782958984
2014-06-13,96.51978302001953
2014-06-16,96.14163970947266
2014-06-17,96.02818298339844
2014-06-18,96.25508880615234
2014-06-19,96.91688537597656
2014-06-20,97.66378021240234
2014-06-23,97.83395385742188
2014-06-24,97.0554428100586
2014-06-25,97.69869995117188
2014-06-26,96.98920440673828
2014-06-27,97.33921813964844
2014-06-30,97.2635498046875
2014-07-01,97.9352035522461
2014-07-02,98.7392578125
2014-07-03,99.2216796875
2014-07-07,97.99193572998047
2014-07-08,96.97974395751953
2014-07-09,97.3959732055664
2014-07-10,97.04596710205078
2014-07-11,97.24461364746094
2014-07-14,98.04869842529297
2014-07-15,97.75543975830078
2014-07-16,98.55950164794922
2014-07-17,98.68247985839844
2014-07-18,99.63790893554688
2014-07-21,99.02303314208984
2014-07-22,100.08251190185547
2014-07-23,99.95006561279297
2014-07-24,100.1392593383789
2014-07-25,99.65681457519531
2014-07-28,100.66900634765625
2014-07-29,100.22439575195312
2014-07-30,100.26224517822266
2014-07-31,98.08653259277344
2014-08-01,98.24736022949219
2014-08-04,99.26898193359375
2014-08-05,98.72032928466797
2014-08-06,99.06085968017578
2014-08-07,97.64192199707031
2014-08-08,98.38925170898438
2014-08-11,98.18112182617188
2014-08-12,98.07707977294922
2014-08-13,99.23114013671875
2014-08-14,100.10142517089844
2014-08-15,99.66627502441406
2014-08-18,100.92442321777344
2014-08-19,101.72847747802734
2014-08-20,101.73794555664062
2014-08-21,101.97441864013672
2014-08-22,101.87037658691406
2014-08-25,102.02171325683594
2014-08-26,102.76902770996094
2014-08-27,103.27037811279297
2014-08-28,103.0433578491211
2014-08-29,103.69608306884766
2014-09-02,103.37445831298828
2014-09-03,103.30821228027344
2014-09-04,102.66497039794922
2014-09-05,103.62987518310547
2014-09-08,104.02716064453125
2014-09-09,104.35823059082031
2014-09-10,104.08390808105469
2014-09-11,104.39608764648438
2014-09-12,103.27983856201172
2014-09-15,102.57038116455078
2014-09-16,103.79067993164062
2014-09-17,103.67713928222656
2014-09-18,104.61363983154297
2014-09-19,104.8879623413086
2014-09-22,103.87579345703125
2014-09-23,102.6933364868164
2014-09-24,104.36075592041016
2014-09-25,102.27884674072266
2014-09-26,102.11800384521484
2014-09-29,102.36402893066406
2014-09-30,101.12434387207031
2014-10-01,99.5061264038086
2014-10-02,100.06446838378906
2014-10-03,101.67321014404297
2014-10-06,100.36727142333984
2014-10-07,99.33576965332031
2014-10-08,101.43665313720703
2014-10-09,99.60077667236328
2014-10-10,99.1275863647461
2014-10-13,98.33270263671875
2014-10-14,97.2917251586914
2014-10-15,96.83749389648438
2014-10-16,98.42732238769531
2014-10-17,99.7900390625
2014-10-20,100.79313659667969
2014-10-21,103.70779418945312
2014-10-22,102.61953735351562
2014-10-23,103.49015045166016
2014-10-24,104.00115966796875
2014-10-27,103.88758850097656
2014-10-28,104.62574005126953
2014-10-29,104.8623275756836
2014-10-30,105.69510650634766
2014-10-31,107.5877456665039
2014-11-03,107.483642578125
2014-11-04,107.19975280761719
2014-11-05,106.74553680419922
2014-11-06,107.47418212890625
2014-11-07,104.6068344116211
2014-11-10,105.47743225097656
2014-11-11,105.92220306396484
2014-11-12,106.19664001464844
2014-11-13,106.2723617553711
2014-11-14,105.33549499511719
2014-11-17,106.67926788330078
2014-11-18,108.18392944335938
2014-11-19,106.99156188964844
2014-11-20,107.39849853515625
2014-11-21,107.70130920410156
2014-11-24,108.49620819091797
2014-11-25,108.69493865966797
2014-11-26,108.96936798095703
2014-11-28,109.38577270507812
2014-12-01,109.0924301147461
2014-12-02,109.67912292480469
2014-12-03,110.96614837646484
2014-12-04,110.56865692138672
2014-12-05,111.67587280273438
2014-12-08,111.26896667480469
2014-12-09,111.6664047241211
2014-12-10,109.51824951171875
2014-12-11,110.21855163574219
2014-12-12,109.1681137084961
2014-12-15,108.69493865966797
2014-12-16,107.28494262695312
2014-12-17,109.36683654785156
2014-12-18,111.91246795654297
2014-12-19,112.30989837646484
2014-12-22,113.14266967773438
2014-12-23,113.18053436279297
2014-12-24,113.5545654296875
2014-12-26,113.51667785644531
2014-12-29,113.36517333984375
2014-12-30,113.5829849243164
2014-12-31,112.08684539794922
2015-01-02,111.8974609375
2015-01-05,110.26874542236328
2015-01-06,109.68167877197266
2015-01-07,111.4050521850586
2015-01-08,114.70980834960938
2015-01-09,113.7818374633789
2015-01-12,111.95427703857422
2015-01-13,112.65499877929688
2015-01-14,112.52243041992188
2015-01-15,112.35198211669922
2015-01-16,113.7912826538086
2015-01-20,113.00535583496094
2015-01-21,114.5677719116211
2015-01-22,117.01082611083984
2015-01-23,115.48628234863281
2015-01-26,115.85558319091797
2015-01-27,115.08856964111328
2015-01-28,113.47880554199219
2015-01-29,114.55831146240234
2015-01-30,112.30464172363281
2015-02-02,112.7970199584961
2015-02-03,114.01856231689453
2015-02-04,114.54882049560547
2015-02-05,115.3253173828125
2015-02-06,114.4825668334961
2015-02-09,113.32730102539062
2015-02-10,115.57151794433594
2015-02-11,117.10552215576172
2015-02-12,117.0676498413086
2015-02-13,116.78357696533203
2015-02-17,117.39906311035156
2015-02-18,117.39906311035156
2015-02-19,117.36119079589844
2015-02-20,118.53536987304688
2015-02-23,120.609130859375
2015-02-24,119.9652099609375
2015-02-25,119.85157012939453
2015-02-26,120.2682113647461
2015-02-27,120.48599243164062
2015-03-02,121.07311248779297
2015-03-03,120.18299865722656
2015-03-04,121.52764129638672
2015-03-05,121.40455627441406
2015-03-06,119.75688171386719
2015-03-09,120.14513397216797
2015-03-10,118.89518737792969
2015-03-11,119.70006561279297
2015-03-12,121.49922943115234
2015-03-13,121.81169891357422
2015-03-16,124.21687316894531
2015-03-17,124.055908203125
2015-03-18,126.02549743652344
2015-03-19,126.9534912109375
2015-03-20,127.27544403076172
2015-03-23,127.97615814208984
2015-03-24,127.17127227783203
2015-03-25,124.9349136352539
2015-03-26,124.39501190185547
2015-03-27,125.52222442626953
2015-03-30,127.04719543457031
2015-03-31,126.0336685180664
2015-04-01,124.9633560180664
2015-04-02,125.52222442626953
2015-04-06,126.3367919921875
2015-04-07,125.46537780761719
2015-04-08,126.30836486816406
2015-04-09,126.94297790527344
2015-04-10,127.35977172851562
2015-04-13,127.2650146484375
2015-04-14,127.19873046875
2015-04-15,126.43150329589844
2015-04-16,127.47340393066406
2015-04-17,126.04315185546875
2015-04-20,126.48832702636719
2015-04-21,127.1513671875
2015-04-22,126.93350219726562
2015-04-23,127.71023559570312
2015-04-24,128.02281188964844
2015-04-27,126.10946655273438
2015-04-28,127.07559967041016
2015-04-29,123.883544921875
2015-04-30,121.75237274169922
2015-05-01,122.38697814941406
2015-05-04,123.65624237060547
2015-05-05,121.35453796386719
2015-05-06,121.31665802001953
2015-05-07,122.16912841796875
2015-05-08,123.7225341796875
2015-05-11,123.89303588867188
2015-05-12,123.883544921875
2015-05-13,124.14875030517578
2015-05-14,125.7684555053711
2015-05-15,126.27997589111328
2015-05-18,127.77650451660156
2015-05-19,128.7236785888672
2015-05-20,129.1973114013672
2015-05-21,129.1973114013672
2015-05-22,129.56671142578125
2015-05-26,128.25013732910156
2015-05-27,129.4152069091797
2015-05-28,129.40570068359375
2015-05-29,131.24327087402344
2015-06-01,131.48004150390625
2015-06-02,130.1824188232422
2015-06-03,130.10665893554688
2015-06-04,129.0930938720703
2015-06-05,129.63302612304688
2015-06-08,129.28256225585938
2015-06-09,129.39620971679688
2015-06-10,130.90228271484375
2015-06-11,131.5274200439453
2015-06-12,130.2202606201172
2015-06-15,132.37042236328125
2015-06-16,133.38397216796875
2015-06-17,133.0713653564453
2015-06-18,134.03750610351562
2015-06-19,134.56790161132812
2015-06-22,135.5813751220703
2015-06-23,135.61927795410156
2015-06-24,133.6750030517578
2015-06-25,137.92935180664062
2015-06-26,137.49343872070312
2015-06-29,135.12474060058594
2015-06-30,135.44683837890625
2015-07-01,136.34698486328125
2015-07-02,134.93521118164062
2015-07-06,134.15823364257812
2015-07-07,133.47601318359375
2015-07-08,131.33462524414062
2015-07-09,132.18740844726562
2015-07-10,134.1771697998047
2015-07-13,134.48985290527344
2015-07-14,135.81639099121094
2015-07-15,135.44683837890625
2015-07-16,134.96363830566406
2015-07-17,134.63198852539062
2015-07-20,133.71290588378906
2015-07-21,132.78433227539062
2015-07-22,133.33389282226562
2015-07-23,133.06858825683594
2015-07-24,131.03143310546875
2015-07-27,130.1502685546875
2015-07-28,131.66627502441406
2015-07-29,131.9884033203125
2015-07-30,131.66627502441406
2015-07-31,132.63275146484375
2015-08-03,132.53799438476562
2015-08-04,133.04014587402344
2015-08-05,134.5372314453125
2015-08-06,132.9169921875
2015-08-07,132.18740844726562
2015-08-10,132.92645263671875
2015-08-11,132.3200225830078
2015-08-12,131.5146942138672
2015-08-13,131.49569702148438
2015-08-14,132.07371520996094
2015-08-17,134.19613647460938
2015-08-18,134.7930450439453
2015-08-19,133.60867309570312
2015-08-20,129.8660125732422
2015-08-21,127.32667541503906
2015-08-24,121.93534088134766
2015-08-25,121.17730712890625
2015-08-26,124.59783935546875
2015-08-27,127.04243469238281
2015-08-28,126.83393096923828
2015-08-31,125.29901885986328
2015-09-01,122.09640502929688
2015-09-02,124.04827117919922
2015-09-03,124.49361419677734
2015-09-04,123.37554168701172
2015-09-08,126.39810180664062
2015-09-09,125.5263900756836
2015-09-10,125.57374572753906
2015-09-11,126.64444732666016
2015-09-14,126.42650604248047
2015-09-15,127.67724609375
2015-09-16,128.27415466308594
2015-09-17,129.25958251953125
2015-09-18,127.31719207763672
2015-09-21,127.6014175415039
2015-09-22,126.46441650390625
2015-09-23,127.26983642578125
2015-09-24,124.99576568603516
2015-09-25,121.21710968017578
2015-09-28,115.54959106445312
2015-09-29,115.57801818847656
2015-09-30,117.40717315673828
2015-10-01,117.21759033203125
2015-10-02,119.04676818847656
2015-10-05,120.09876251220703
2015-10-06,117.43560028076172
2015-10-07,118.44019317626953
2015-10-08,117.77676391601562
2015-10-09,119.17945098876953
2015-10-12,120.3641357421875
2015-10-13,120.49681854248047
2015-10-14,119.25527954101562
2015-10-15,119.8997573852539
2015-10-16,121.17919158935547
2015-10-19,122.15536499023438
2015-10-20,122.11746978759766
2015-10-21,119.41638946533203
2015-10-22,111.8154525756836
2015-10-23,115.1041259765625
2015-10-26,115.6538314819336
2015-10-27,116.9806900024414
2015-10-28,118.31700134277344
2015-10-29,118.59183502197266
2015-10-30,117.74833679199219
2015-11-02,119.45429229736328
2015-11-03,118.76244354248047
2015-11-04,118.4686279296875
2015-11-05,119.45429229736328
2015-11-06,119.75758361816406
2015-11-09,118.99937438964844
2015-11-10,119.70072937011719
2015-11-11,116.50679779052734
2015-11-12,114.59233093261719
2015-11-13,114.57339477539062
2015-11-16,116.0518798828125
2015-11-17,116.74374389648438
2015-11-18,118.32646942138672
2015-11-19,113.29393005371094
2015-11-20,115.96659851074219
2015-11-23,116.65843200683594
2015-11-24,117.36924743652344
2015-11-25,117.36924743652344
2015-11-27,117.95686340332031
2015-11-30,116.71530151367188
2015-12-01,119.5301284790039
2015-12-02,118.83827209472656
2015-12-03,115.58747863769531
2015-12-04,117.70096588134766
2015-12-07,116.1371841430664
2015-12-08,116.1750717163086
2015-12-09,115.56852722167969
2015-12-10,116.66791534423828
2015-12-11,115.45479583740234
2015-12-14,114.42174530029297
2015-12-15,115.85283660888672
2015-12-16,116.55418395996094
2015-12-17,116.72479248046875
2015-12-18,115.68224334716797
2015-12-21,117.56826782226562
2015-12-22,117.59669494628906
2015-12-23,119.30265045166016
2015-12-24,119.01139068603516
2015-12-28,118.48959350585938
2015-12-29,119.89373016357422
2015-12-30,118.97344970703125
2015-12-31,117.97725677490234
2016-01-04,117.20877075195312
2016-01-05,117.80648040771484
2016-01-06,116.4592514038086
2016-01-07,113.84069061279297
2016-01-08,112.53142547607422
2016-01-11,111.84831237792969
2016-01-12,112.70219421386719
2016-01-13,108.5940933227539
2016-01-14,110.15953063964844
2016-01-15,108.45178985595703
2016-01-19,108.56563568115234
2016-01-20,109.13489532470703
2016-01-21,108.66050720214844
2016-01-22,110.29237365722656
2016-01-25,108.94514465332031
2016-01-26,110.07415008544922
2016-01-27,108.66999053955078
2016-01-28,106.24119567871094
2016-01-29,109.75157165527344
2016-02-01,110.64340209960938
2016-02-02,108.70793151855469
2016-02-03,107.45558166503906
2016-02-04,107.87303924560547
2016-02-05,105.08370971679688
2016-02-08,101.61128997802734
2016-02-09,102.58848571777344
2016-02-10,104.26778411865234
2016-02-11,101.92436981201172
2016-02-12,102.92056274414062
2016-02-16,104.96037292480469
2016-02-17,107.24686431884766
2016-02-18,106.83892059326172
2016-02-19,106.54480743408203
2016-02-22,109.35309600830078
2016-02-23,109.3341293334961
2016-02-24,109.4764404296875
2016-02-25,110.53904724121094
2016-02-26,111.51627349853516
2016-02-29,109.87492370605469
2016-03-01,111.61112976074219
2016-03-02,111.94318389892578
2016-03-03,113.46118927001953
2016-03-04,112.78756713867188
2016-03-07,113.17655944824219
2016-03-08,111.16519927978516
2016-03-09,111.7534408569336
2016-03-10,111.6301040649414
2016-03-11,114.87483978271484
2016-03-14,114.5901870727539
2016-03-15,112.47449493408203
2016-03-16,113.1575927734375
2016-03-17,111.67753601074219
2016-03-18,114.07788848876953
2016-03-21,113.61299896240234
2016-03-22,114.3245620727539
2016-03-23,114.11194610595703
2016-03-24,113.60887908935547
2016-03-28,113.72277069091797
2016-03-29,115.9628677368164
2016-03-30,116.17169189453125
2016-03-31,115.78250885009766
2016-04-01,116.72221374511719
2016-04-04,116.72221374511719
2016-04-05,114.59603118896484
2016-04-06,116.29508972167969
2016-04-07,115.35538482666016
2016-04-08,115.04214477539062
2016-04-11,114.13092803955078
2016-04-12,115.44081115722656
2016-04-13,117.06394958496094
2016-04-14,117.4341049194336
2016-04-15,117.4531021118164
2016-04-18,118.14601135253906
2016-04-19,118.696533203125
2016-04-20,120.42408752441406
2016-04-21,120.1962661743164
2016-04-22,121.65802001953125
2016-04-25,120.82272338867188
2016-04-26,122.388916015625
2016-04-27,122.31298065185547
2016-04-28,121.43971252441406
2016-04-29,119.85456848144531
2016-05-02,120.00643157958984
2016-05-03,119.42742156982422
2016-05-04,118.36432647705078
2016-05-05,118.15550231933594
2016-05-06,118.01313018798828
2016-05-09,118.8199462890625
2016-05-10,119.48436737060547
2016-05-11,118.14601135253906
2016-05-12,115.64964294433594
2016-05-13,115.54521942138672
2016-05-16,116.9405288696289
2016-05-17,116.14321899414062
2016-05-18,116.23812866210938
2016-05-19,115.6686019897461
2016-05-20,116.6652603149414
2016-05-23,115.9628677368164
2016-05-24,117.47209930419922
2016-05-25,118.696533203125
2016-05-26,117.9466781616211
2016-05-27,118.54468536376953
2016-05-31,118.9718017578125
2016-06-01,119.9020004272461
2016-06-02,121.7909164428711
2016-06-03,120.99359130859375
2016-06-06,122.22754669189453
2016-06-07,122.32244873046875
2016-06-08,123.9076156616211
2016-06-09,123.53739929199219
2016-06-10,121.66751861572266
2016-06-13,120.08238220214844
2016-06-14,120.26270294189453
2016-06-15,119.9020004272461
2016-06-16,120.27218627929688
2016-06-17,119.51284790039062
2016-06-20,120.87966918945312
2016-06-21,120.85877227783203
2016-06-22,120.89676666259766
2016-06-23,122.28355407714844
2016-06-24,119.25352478027344
2016-06-27,116.14752197265625
2016-06-28,118.03772735595703
2016-06-29,120.52635955810547
2016-06-30,120.9822769165039
2016-07-01,120.7637939453125
2016-07-05,119.7949447631836
2016-07-06,120.83979797363281
2016-07-07,119.98490905761719
2016-07-08,121.99859619140625
2016-07-11,121.98912048339844
2016-07-12,122.34056091308594
2016-07-13,123.29039764404297
2016-07-14,122.74898529052734
2016-07-15,122.72997283935547
2016-07-18,123.09093475341797
2016-07-19,122.16006469726562
2016-07-20,123.3853988647461
2016-07-21,124.4492416381836
2016-07-22,125.86448669433594
2016-07-25,124.20223236083984
2016-07-26,123.94580078125
2016-07-27,122.20756530761719
2016-07-28,122.46403503417969
2016-07-29,122.07459259033203
2016-08-01,120.78280639648438
2016-08-02,119.45301818847656
2016-08-03,120.40287017822266
2016-08-04,119.77595520019531
2016-08-05,120.89676666259766
2016-08-08,120.07989501953125
2016-08-09,119.85194396972656
2016-08-10,119.53848266601562
2016-08-11,119.53848266601562
2016-08-12,119.94692993164062
2016-08-15,120.17488098144531
2016-08-16,119.19654846191406
2016-08-17,118.37019348144531
2016-08-18,119.00658416748047
2016-08-19,118.59813690185547
2016-08-22,118.8926010131836
2016-08-23,119.09205627441406
2016-08-24,117.61979675292969
2016-08-25,116.29951477050781
2016-08-26,115.87206268310547
2016-08-29,116.8409194946289
2016-08-30,117.24935913085938
2016-08-31,116.76493072509766
2016-09-01,115.95756530761719
2016-09-02,117.48682403564453
2016-09-06,116.85992431640625
2016-09-07,117.76226806640625
2016-09-08,117.97125244140625
2016-09-09,116.14752197265625
2016-09-12,117.49630737304688
2016-09-13,115.81509399414062
2016-09-14,114.8272476196289
2016-09-15,115.69160461425781
2016-09-16,116.8979263305664
2016-09-19,116.679443359375
2016-09-20,116.1190414428711
2016-09-21,117.50582885742188
2016-09-22,118.75012969970703
2016-09-23,117.99974822998047
2016-09-26,116.85072326660156
2016-09-27,117.67755126953125
2016-09-28,118.1717529296875
2016-09-29,116.76518249511719
2016-09-30,117.86763763427734
2016-10-03,116.4135513305664
2016-10-04,116.4515609741211
2016-10-05,116.67964172363281
2016-10-06,116.15692138671875
2016-10-07,115.83378601074219
2016-10-10,117.30691528320312
2016-10-11,115.073486328125
2016-10-12,114.18012237548828
2016-10-13,114.44622039794922
2016-10-14,114.10408020019531
2016-10-17,113.51483917236328
2016-10-18,116.793701171875
2016-10-19,116.90774536132812
2016-10-20,117.15484619140625
2016-10-21,116.63213348388672
2016-10-24,116.5941162109375
2016-10-25,116.01436614990234
2016-10-26,113.94251251220703
2016-10-27,112.13677215576172
2016-10-28,110.38804626464844
2016-10-31,111.42398071289062
2016-11-01,109.36163330078125
2016-11-02,109.96038055419922
2016-11-03,108.11661529541016
2016-11-04,108.86744689941406
2016-11-07,112.43138885498047
2016-11-08,113.72394561767578
2016-11-09,111.9752197265625
2016-11-10,114.1325912475586
2016-11-11,113.42930603027344
2016-11-14,116.95526885986328
2016-11-15,117.67755126953125
2016-11-16,117.37342834472656
2016-11-17,118.56141662597656
2016-11-18,117.72508239746094
2016-11-21,118.44738006591797
2016-11-22,118.71349334716797
2016-11-23,119.76841735839844
2016-11-25,120.1105728149414
2016-11-28,119.03662109375
2016-11-29,121.0229263305664
2016-11-30,120.26262664794922
2016-12-01,121.13699340820312
2016-12-02,120.74732208251953
2016-12-05,120.57626342773438
2016-12-06,120.70931243896484
2016-12-07,120.39567565917969
2016-12-08,120.99443817138672
2016-12-09,121.24153137207031
2016-12-12,120.69029998779297
2016-12-13,120.80435943603516
2016-12-14,118.8940658569336
2016-12-15,119.66388702392578
2016-12-16,120.50021362304688
2016-12-19,119.84445190429688
2016-12-20,120.06304931640625
2016-12-21,119.84808349609375
2016-12-22,119.75296783447266
2016-12-23,120.96094512939453
2016-12-27,121.06558990478516
2016-12-28,119.91466522216797
2016-12-29,119.72444915771484
2016-12-30,119.16323852539062
2017-01-03,119.6388168334961
2017-01-04,121.6743392944336
2017-01-05,121.76946258544922
2017-01-06,121.63627624511719
2017-01-09,122.34967041015625
2017-01-10,123.0820541381836
2017-01-11,123.80496215820312
2017-01-12,124.29957580566406
2017-01-13,124.53736877441406
2017-01-17,124.65150451660156
2017-01-18,124.07129669189453
2017-01-19,123.44355010986328
2017-01-20,123.6242446899414
2017-01-23,123.1486587524414
2017-01-24,123.51010131835938
2017-01-25,124.48030090332031
2017-01-26,123.9571533203125
2017-01-27,123.6147232055664
2017-01-30,122.29261779785156
2017-01-31,123.25331115722656
2017-02-01,124.50884246826172
2017-02-02,123.71939086914062
2017-02-03,124.87979125976562
2017-02-06,123.56718444824219
2017-02-07,123.41499328613281
2017-02-08,123.90007019042969
2017-02-09,125.07953643798828
2017-02-10,125.06050872802734
2017-02-13,125.3744125366211
2017-02-14,126.5063247680664
2017-02-15,127.47650909423828
2017-02-16,127.03894805908203
2017-02-17,125.73583984375
2017-02-21,128.10427856445312
2017-02-22,127.77136993408203
2017-02-23,128.15184020996094
2017-02-24,128.9222869873047
2017-02-27,130.05416870117188
2017-02-28,129.15057373046875
2017-03-01,130.301513671875
2017-03-02,129.73077392578125
2017-03-03,130.51077270507812
2017-03-06,130.03514099121094
2017-03-07,128.6940460205078
2017-03-08,128.7796173095703
2017-03-09,128.73202514648438
2017-03-10,128.84622192382812
2017-03-13,128.99838256835938
2017-03-14,127.86649322509766
2017-03-15,129.33131408691406
2017-03-16,128.40866088867188
2017-03-17,128.29449462890625
2017-03-20,127.17212677001953
2017-03-21,125.6122055053711
2017-03-22,125.43146514892578
2017-03-23,124.86076354980469
2017-03-24,125.75617980957031
2017-03-27,126.8980484008789
2017-03-28,127.33576965332031
2017-03-29,126.94561004638672
2017-03-30,127.9923324584961
2017-03-31,127.5926284790039
2017-04-03,127.79248809814453
2017-04-04,127.11688995361328
2017-04-05,127.15493774414062
2017-04-06,127.78294372558594
2017-04-07,127.54508972167969
2017-04-10,128.25872802734375
2017-04-11,128.6298370361328
2017-04-12,128.16360473632812
2017-04-13,127.51652526855469
2017-04-17,127.9637680053711
2017-04-18,127.44992065429688
2017-04-19,128.0303497314453
2017-04-20,129.2007598876953
2017-04-21,128.61080932617188
2017-04-24,129.54335021972656
2017-04-25,129.74313354492188
2017-04-26,130.12376403808594
2017-04-27,130.03814697265625
2017-04-28,130.78033447265625
2017-05-01,131.51304626464844
2017-05-02,133.58740234375
2017-05-03,132.4835968017578
2017-05-04,133.27337646484375
2017-05-05,133.7206268310547
2017-05-08,133.71107482910156
2017-05-09,134.11074829101562
2017-05-10,135.1669464111328
2017-05-11,135.14793395996094
2017-05-12,134.1678466796875
2017-05-15,134.22494506835938
2017-05-16,132.75003051757812
2017-05-17,131.28466796875
2017-05-18,131.9602508544922
2017-05-19,132.6358642578125
2017-05-22,132.9974365234375
2017-05-23,133.27337646484375
2017-05-24,133.67303466796875
2017-05-25,134.73876953125
2017-05-26,134.1773223876953
2017-05-30,133.5017547607422
2017-05-31,133.24485778808594
2017-06-01,136.19464111328125
2017-06-02,136.26124572753906
2017-06-05,136.04238891601562
2017-06-06,135.92820739746094
2017-06-07,136.8511962890625
2017-06-08,136.79408264160156
2017-06-09,137.3935546875
2017-06-12,137.18421936035156
2017-06-13,138.0596466064453
2017-06-14,138.90650939941406
2017-06-15,138.0215606689453
2017-06-16,138.51638793945312
2017-06-19,139.73435974121094
2017-06-20,139.13491821289062
2017-06-21,139.78195190429688
2017-06-22,141.83729553222656
2017-06-23,141.87535095214844
2017-06-26,141.49473571777344
2017-06-27,140.53219604492188
2017-06-28,142.1887664794922
2017-06-29,141.14154052734375
2017-06-30,141.44615173339844
2017-07-03,141.5509033203125
2017-07-05,142.2458953857422
2017-07-06,139.8467254638672
2017-07-07,141.19863891601562
2017-07-10,140.63693237304688
2017-07-11,140.8654327392578
2017-07-12,141.88409423828125
2017-07-13,141.58897399902344
2017-07-14,142.2458953857422
2017-07-17,142.20782470703125
2017-07-18,141.46522521972656
2017-07-19,142.34109497070312
2017-07-20,143.32171630859375
2017-07-21,143.1312713623047
2017-07-24,143.2360382080078
2017-07-25,142.2363739013672
2017-07-26,140.62741088867188
2017-07-27,138.5424346923828
2017-07-28,139.6943817138672
2017-07-31,138.5424346923828
2017-08-01,138.00927734375
2017-08-02,137.69509887695312
2017-08-03,138.7518768310547
2017-08-04,138.06640625
2017-08-07,138.2663116455078
2017-08-08,138.36154174804688
2017-08-09,137.8759765625
2017-08-10,136.1908416748047
2017-08-11,136.93345642089844
2017-08-14,137.76173400878906
2017-08-15,138.07591247558594
2017-08-16,137.790283203125
2017-08-17,136.45742797851562
2017-08-18,136.04800415039062
2017-08-21,136.93345642089844
2017-08-22,138.15206909179688
2017-08-23,137.59988403320312
2017-08-24,137.57131958007812
2017-08-25,137.790283203125
2017-08-28,138.30442810058594
2017-08-29,138.04734802246094
2017-08-30,138.04734802246094
2017-08-31,140.6559600830078
2017-09-01,140.88446044921875
2017-09-05,140.3798828125
2017-09-06,139.76104736328125
2017-09-07,139.7134246826172
2017-09-08,140.313232421875
2017-09-11,141.7698974609375
2017-09-12,141.12245178222656
2017-09-13,141.33193969726562
2017-09-14,141.04632568359375
2017-09-15,140.78927612304688
2017-09-18,139.89431762695312
2017-09-19,136.65733337402344
2017-09-20,137.714111328125
2017-09-21,137.65699768066406
2017-09-22,138.12351989746094
2017-09-25,136.54310607910156
2017-09-26,137.7832794189453
2017-09-27,138.87869262695312
2017-09-28,140.1265411376953
2017-09-29,140.7266082763672
2017-10-02,141.88870239257812
2017-10-03,142.6697998046875
2017-10-04,142.16494750976562
2017-10-05,141.62200927734375
2017-10-06,141.29812622070312
2017-10-09,138.05955505371094
2017-10-10,137.1546630859375
2017-10-11,137.49754333496094
2017-10-12,136.49740600585938
2017-10-13,135.19241333007812
2017-10-16,135.14480590820312
2017-10-17,137.8309326171875
2017-10-18,138.6405792236328
2017-10-19,139.86935424804688
2017-10-20,141.61248779296875
2017-10-23,141.9363250732422
2017-10-24,141.25050354003906
2017-10-25,140.82188415527344
2017-10-26,141.6315155029297
2017-10-27,143.60324096679688
2017-10-30,141.33624267578125
2017-10-31,142.2506561279297
2017-11-01,140.73614501953125
2017-11-02,141.54579162597656
2017-11-03,142.3078155517578
2017-11-06,141.83155822753906
2017-11-07,141.5076904296875
2017-11-08,140.52659606933594
2017-11-09,140.3646697998047
2017-11-10,139.8312530517578
2017-11-13,140.22177124023438
2017-11-14,139.6502685546875
2017-11-15,138.45005798339844
2017-11-16,140.84095764160156
2017-11-17,139.8312530517578
2017-11-20,139.73602294921875
2017-11-21,141.2790985107422
2017-11-22,142.10780334472656
2017-11-24,142.12684631347656
2017-11-27,142.33641052246094
2017-11-28,143.1746063232422
2017-11-29,146.5655975341797
2017-11-30,149.36607360839844
2017-12-01,148.2897186279297
2017-12-04,147.05142211914062
2017-12-05,146.2322540283203
2017-12-06,146.34654235839844
2017-12-07,147.25143432617188
2017-12-08,148.33734130859375
2017-12-11,147.99441528320312
2017-12-12,148.66119384765625
2017-12-13,149.36607360839844
2017-12-14,147.1371307373047
2017-12-15,148.8326416015625
2017-12-18,149.0517120361328
2017-12-19,149.57118225097656
2017-12-20,149.437744140625
2017-12-21,149.71414184570312
2017-12-22,149.71414184570312
2017-12-26,149.6378936767578
2017-12-27,149.8094482421875
2017-12-28,150.409912109375
2017-12-29,149.4853973388672
2018-01-02,150.87693786621094
2018-01-03,151.0198974609375
2018-01-04,151.85862731933594
2018-01-05,153.72669982910156
2018-01-08,151.9062957763672
2018-01-09,152.99285888671875
2018-01-10,152.592529296875
2018-01-11,154.68936157226562
2018-01-12,156.30963134765625
2018-01-16,156.69088745117188
2018-01-17,158.25396728515625
2018-01-18,158.53988647460938
2018-01-19,159.77896118164062
2018-01-22,160.70350646972656
2018-01-23,160.8178253173828
2018-01-24,161.07516479492188
2018-01-25,161.6851806640625
2018-01-26,163.743896484375
2018-01-29,163.8105926513672
2018-01-30,159.9981689453125
2018-01-31,159.65505981445312
2018-02-01,158.74008178710938
2018-02-02,155.8807373046875
2018-02-05,150.2192840576172
2018-02-06,152.9833221435547
2018-02-07,153.17393493652344
2018-02-08,149.3614959716797
2018-02-09,150.73397827148438
2018-02-12,151.77285766601562
2018-02-13,152.39236450195312
2018-02-14,153.4979705810547
2018-02-15,153.47891235351562
2018-02-16,154.794189453125
2018-02-20,153.57423400878906
2018-02-21,153.52658081054688
2018-02-22,153.2215576171875
2018-02-23,154.39390563964844
2018-02-26,155.53762817382812
2018-02-27,156.4145050048828
2018-02-28,153.9173583984375
2018-03-01,152.32565307617188
2018-03-02,154.70840454101562
2018-03-05,155.6806182861328
2018-03-06,155.9188690185547
2018-03-07,156.83384704589844
2018-03-08,156.11904907226562
2018-03-09,157.8250732421875
2018-03-12,156.72901916503906
2018-03-13,155.84262084960938
2018-03-14,155.29937744140625
2018-03-15,155.9379119873047
2018-03-16,155.8330841064453
2018-03-19,154.2223358154297
2018-03-20,153.87921142578125
2018-03-21,153.6409454345703
2018-03-22,150.81483459472656
2018-03-23,149.0026092529297
2018-03-26,151.15818786621094
2018-03-27,149.603515625
2018-03-28,150.02316284179688
2018-03-29,150.60499572753906
2018-04-02,148.5257110595703
2018-04-03,151.24404907226562
2018-04-04,153.3519287109375
2018-04-05,154.47743225097656
2018-04-06,151.453857421875
2018-04-09,151.55880737304688
2018-04-10,152.75103759765625
2018-04-11,151.7113800048828
2018-04-12,153.3900909423828
2018-04-13,152.8273468017578
2018-04-16,155.15463256835938
2018-04-17,157.36744689941406
2018-04-18,158.2544708251953
2018-04-19,157.38650512695312
2018-04-20,156.6330108642578
2018-04-23,156.73794555664062
2018-04-24,156.3087158203125
2018-04-25,157.4723663330078
2018-04-26,156.56622314453125
2018-04-27,158.349853515625
2018-04-30,156.42315673828125
2018-05-01,157.22438049316406
2018-05-02,157.65357971191406
2018-05-03,156.94775390625
2018-05-04,157.920654296875
2018-05-07,157.55821228027344
2018-05-08,156.7093048095703
2018-05-09,156.85240173339844
2018-05-10,158.9698028564453
2018-05-11,160.9156036376953
2018-05-14,162.07919311523438
2018-05-15,161.09677124023438
2018-05-16,162.6038055419922
2018-05-17,163.7578887939453
2018-05-18,163.8914337158203
2018-05-21,164.7593994140625
2018-05-22,163.96771240234375
2018-05-23,163.55760192871094
2018-05-24,163.49082946777344
2018-05-25,164.93106079101562
2018-05-29,163.853271484375
2018-05-30,165.83717346191406
2018-05-31,163.05209350585938
2018-06-01,163.9009552001953
2018-06-04,164.61630249023438
2018-06-05,165.57009887695312
2018-06-06,167.15342712402344
2018-06-07,166.90545654296875
2018-06-08,168.33615112304688
2018-06-11,170.51080322265625
2018-06-12,170.46310424804688
2018-06-13,171.7030792236328
2018-06-14,172.3420867919922
2018-06-15,173.2577362060547
2018-06-18,172.3993377685547
2018-06-19,173.01927185058594
2018-06-20,174.21153259277344
2018-06-21,173.41986083984375
2018-06-22,173.87774658203125
2018-06-25,172.23716735839844
2018-06-26,171.64935302734375
2018-06-27,170.27523803710938
2018-06-28,168.3762969970703
2018-06-29,167.60336303710938
2018-07-02,168.6053466796875
2018-07-03,169.5309600830078
2018-07-05,170.8573455810547
2018-07-06,171.9738006591797
2018-07-09,173.55784606933594
2018-07-10,174.0826873779297
2018-07-11,173.5482940673828
2018-07-12,174.7315673828125
2018-07-13,175.4759063720703
2018-07-16,174.5979766845703
2018-07-17,173.88229370117188
2018-07-18,174.21629333496094
2018-07-19,174.015869140625
2018-07-20,173.5387725830078
2018-07-23,175.34228515625
2018-07-24,172.99484252929688
2018-07-25,174.9128875732422
2018-07-26,176.47784423828125
2018-07-27,174.94151306152344
2018-07-30,173.90138244628906
2018-07-31,174.20672607421875
2018-08-01,174.6265869140625
2018-08-02,177.5465850830078
2018-08-03,178.65353393554688
2018-08-06,178.78709411621094
2018-08-07,178.29087829589844
2018-08-08,179.44554138183594
2018-08-09,180.11351013183594
2018-08-10,180.35206604003906
2018-08-13,180.78147888183594
2018-08-14,183.01441955566406
2018-08-15,182.29872131347656
2018-08-16,183.82550048828125
2018-08-17,184.3789825439453
2018-08-20,184.56982421875
2018-08-21,184.82748413085938
2018-08-22,185.0946502685547
2018-08-23,185.02784729003906
2018-08-24,186.0011749267578
2018-08-27,186.69776916503906
2018-08-28,187.09860229492188
2018-08-29,187.58523559570312
2018-08-30,186.82183837890625
2018-08-31,187.94786071777344
2018-09-04,186.8790740966797
2018-09-05,186.99362182617188
2018-09-06,187.74746704101562
2018-09-07,187.94786071777344
2018-09-10,185.32369995117188
2018-09-11,185.87713623046875
2018-09-12,186.4305877685547
2018-09-13,188.0909881591797
2018-09-14,188.13870239257812
2018-09-17,187.4897918701172
2018-09-18,188.4822235107422
2018-09-19,187.85243225097656
2018-09-20,188.78756713867188
2018-09-21,188.81619262695312
2018-09-24,189.131103515625
2018-09-25,187.9287567138672
2018-09-26,187.82373046875
2018-09-27,189.36093139648438
2018-09-28,190.81219482421875
2018-10-01,191.10818481445312
2018-10-02,189.49459838867188
2018-10-03,189.83831787109375
2018-10-04,188.44435119628906
2018-10-05,188.74029541015625
2018-10-08,189.06497192382812
2018-10-09,190.15341186523438
2018-10-10,186.32472229003906
2018-10-11,181.55087280273438
2018-10-12,182.31468200683594
2018-10-15,181.65586853027344
2018-10-16,187.19358825683594
2018-10-17,186.75439453125
2018-10-18,186.89759826660156
2018-10-19,184.66342163085938
2018-10-22,183.65138244628906
2018-10-23,183.0784912109375
2018-10-24,176.92971801757812
2018-10-25,180.15687561035156
2018-10-26,177.48350524902344
2018-10-29,177.53123474121094
2018-10-30,180.4528350830078
2018-10-31,181.89456176757812
2018-11-01,183.36492919921875
2018-11-02,183.384033203125
2018-11-05,183.81365966796875
2018-11-06,185.32223510742188
2018-11-07,192.33982849121094
2018-11-08,192.1011505126953
2018-11-09,191.20362854003906
2018-11-12,188.93128967285156
2018-11-13,186.0955810546875
2018-11-14,184.1096649169922
2018-11-15,184.92120361328125
2018-11-16,185.72323608398438
2018-11-19,181.31214904785156
2018-11-20,178.7533721923828
2018-11-21,179.6031036376953
2018-11-23,181.25486755371094
2018-11-26,183.85186767578125
2018-11-27,184.88304138183594
2018-11-28,190.6116943359375
2018-11-29,191.15591430664062
2018-11-30,190.96495056152344
2018-12-03,192.70263671875
2018-12-04,188.10061645507812
2018-12-06,184.74935913085938
2018-12-07,180.109130859375
2018-12-10,178.48605346679688
2018-12-11,179.03981018066406
2018-12-12,180.99708557128906
2018-12-13,181.02574157714844
2018-12-14,174.7241973876953
2018-12-17,169.5609588623047
2018-12-18,167.05813598632812
2018-12-19,164.84190368652344
2018-12-20,159.9986572265625
2018-12-21,157.53407287597656
2018-12-24,154.79241943359375
2018-12-26,161.8805389404297
2018-12-27,162.5396728515625
2018-12-28,162.17483520507812
2018-12-31,163.781005859375
2019-01-02,161.74850463867188
2019-01-03,157.8817596435547
2019-01-04,162.14508056640625
2019-01-07,163.424072265625
2019-01-08,165.6350555419922
2019-01-09,166.92396545410156
2019-01-10,167.30072021484375
2019-01-11,168.65904235839844
2019-01-14,167.72705078125
2019-01-15,171.20713806152344
2019-01-16,172.7835693359375
2019-01-17,173.04135131835938
2019-01-18,174.69711303710938
2019-01-22,173.2495574951172
2019-01-23,174.78631591796875
2019-01-24,174.23110961914062
2019-01-25,176.04550170898438
2019-01-28,174.61778259277344
2019-01-29,175.38121032714844
2019-01-30,177.9689483642578
2019-01-31,178.93067932128906
2019-02-01,178.5539093017578
2019-02-04,179.24794006347656
2019-02-05,178.62332153320312
2019-02-06,178.94058227539062
2019-02-07,179.23802185058594
2019-02-08,176.20413208007812
2019-02-11,175.6786651611328
2019-02-12,178.38536071777344
2019-02-13,179.5751495361328
2019-02-14,180.24932861328125
2019-02-15,183.9177703857422
2019-02-19,183.5707550048828
2019-02-20,182.69827270507812
2019-02-21,180.8541259765625
2019-02-22,181.7761993408203
2019-02-25,180.58645629882812
2019-02-26,179.1190643310547
2019-02-27,174.88546752929688
2019-02-28,173.0810089111328
2019-03-01,175.70838928222656
2019-03-04,170.32470703125
2019-03-05,169.8983917236328
2019-03-06,165.2781219482422
2019-03-07,163.84051513671875
2019-03-08,164.41555786132812
2019-03-11,166.4381561279297
2019-03-12,168.38143920898438
2019-03-13,171.88131713867188
2019-03-14,172.03005981445312
2019-03-15,170.8799591064453
2019-03-18,172.8430633544922
2019-03-19,174.30052185058594
2019-03-20,170.8527069091797
2019-03-21,173.08509826660156
2019-03-22,169.24537658691406
2019-03-25,167.96543884277344
2019-03-26,164.92941284179688
2019-03-27,163.67926025390625
2019-03-28,164.38369750976562
2019-03-29,166.57640075683594
2019-04-01,167.16180419921875
2019-04-02,166.06048583984375
2019-04-03,166.85423278808594
2019-04-04,168.28297424316406
2019-04-05,170.39630126953125
2019-04-08,169.66207885742188
2019-04-09,169.6918487548828
2019-04-10,169.3644256591797
2019-04-11,164.7805633544922
2019-04-12,159.7700653076172
2019-04-15,162.52835083007812
2019-04-16,155.08702087402344
2019-04-17,149.92770385742188
2019-04-18,152.7950897216797
2019-04-22,153.6582794189453
2019-04-23,158.1032257080078
2019-04-24,159.1549530029297
2019-04-25,160.13719177246094
2019-04-26,163.69912719726562
2019-04-29,163.659423828125
2019-04-30,162.28030395507812
2019-05-01,161.89334106445312
2019-05-02,162.76646423339844
2019-05-03,163.44114685058594
2019-05-06,166.89390563964844
2019-05-07,164.3142547607422
2019-05-08,164.73097229003906
2019-05-09,164.59207153320312
2019-05-10,165.67352294921875
2019-05-13,162.87562561035156
2019-05-14,162.48866271972656
2019-05-15,162.79623413085938
2019-05-16,163.1236572265625
2019-05-17,163.9174041748047
2019-05-20,165.13775634765625
2019-05-21,168.27304077148438
2019-05-22,167.95555114746094
2019-05-23,165.12782287597656
2019-05-24,166.08033752441406
2019-05-28,163.50067138671875
2019-05-29,163.03436279296875
2019-05-30,163.73878479003906
2019-05-31,163.2823944091797
2019-06-03,162.64739990234375
2019-06-04,165.98110961914062
2019-06-05,165.58424377441406
2019-06-06,165.76284790039062
2019-06-07,167.39002990722656
2019-06-10,168.91795349121094
2019-06-11,167.5090789794922
2019-06-12,166.86415100097656
2019-06-13,168.32264709472656
2019-06-14,167.95555114746094
2019-06-17,169.35256958007812
2019-06-18,169.57101440429688
2019-06-19,171.40792846679688
2019-06-20,170.3951416015625
2019-06-21,172.15261840820312
2019-06-24,170.80226135253906
2019-06-25,170.07740783691406
2019-06-26,167.3865966796875
2019-06-27,169.67031860351562
2019-06-28,170.1767120361328
2019-07-01,169.85897827148438
2019-07-02,170.0575714111328
2019-07-03,171.14976501464844
2019-07-05,172.1923370361328
2019-07-08,171.57672119140625
2019-07-09,169.868896484375
2019-07-10,171.5966033935547
2019-07-11,178.0803680419922
2019-07-12,180.40379333496094
2019-07-15,179.42079162597656
2019-07-16,178.93429565429688
2019-07-17,178.6066131591797
2019-07-18,177.95127868652344
2019-07-19,176.26332092285156
2019-07-22,175.6675567626953
2019-07-23,176.640625
2019-07-24,175.90586853027344
2019-07-25,174.41647338867188
2019-07-26,177.3257293701172
2019-07-29,178.3484344482422
2019-07-30,178.25909423828125
2019-07-31,176.2434539794922
2019-08-01,174.93280029296875
2019-08-02,174.0292510986328
2019-08-05,169.3327178955078
2019-08-06,171.55685424804688
2019-08-07,173.42356872558594
2019-08-08,174.96258544921875
2019-08-09,174.7342071533203
2019-08-12,172.15261840820312
2019-08-13,175.5484161376953
2019-08-14,170.45472717285156
2019-08-15,170.1767120361328
2019-08-16,172.18240356445312
2019-08-19,172.41078186035156
2019-08-20,170.13697814941406
2019-08-21,171.1696319580078
2019-08-22,168.20079040527344
2019-08-23,165.4007568359375
2019-08-26,165.927001953125
2019-08-27,161.4886474609375
2019-08-28,163.05746459960938
2019-08-29,165.81777954101562
2019-08-30,166.99935913085938
2019-09-03,165.59934997558594
2019-09-04,164.60641479492188
2019-09-05,165.70855712890625
2019-09-06,165.927001953125
2019-09-09,167.57525634765625
2019-09-10,169.29299926757812
2019-09-11,169.39230346679688
2019-09-12,167.29725646972656
2019-09-13,168.92562866210938
2019-09-16,170.13697814941406
2019-09-17,168.67739868164062
2019-09-18,167.70433044433594
2019-09-19,168.91567993164062
2019-09-20,169.19369506835938
2019-09-23,167.72418212890625
2019-09-24,165.06326293945312
2019-09-25,163.45993041992188
2019-09-26,159.81509399414062
2019-09-27,159.37692260742188
2019-09-30,161.03004455566406
2019-10-01,159.44664001464844
2019-10-02,158.26156616210938
2019-10-03,158.1520233154297
2019-10-04,160.4026641845703
2019-10-07,160.53211975097656
2019-10-08,157.91302490234375
2019-10-09,159.44664001464844
2019-10-10,160.7810821533203
2019-10-11,161.2391815185547
2019-10-14,160.6914520263672
2019-10-15,167.31390380859375
2019-10-16,167.72219848632812
2019-10-17,170.94879150390625
2019-10-18,170.86911010742188
2019-10-21,170.3811492919922
2019-10-22,173.16954040527344
2019-10-23,172.76123046875
2019-10-24,170.89898681640625
2019-10-25,171.29733276367188
2019-10-28,172.91061401367188
2019-10-29,175.8085479736328
2019-10-30,177.3621063232422
2019-10-31,175.72889709472656
2019-11-01,177.0633544921875
2019-11-04,177.91978454589844
2019-11-05,177.61106872558594
2019-11-06,179.77207946777344
2019-11-07,182.16212463378906
2019-11-08,183.89492797851562
2019-11-11,182.2318572998047
2019-11-12,183.4567413330078
2019-11-13,183.068359375
2019-11-14,183.62603759765625
2019-11-15,190.04931640625
2019-11-18,190.93563842773438
2019-11-19,191.95140075683594
2019-11-20,192.1007843017578
2019-11-21,192.6385498046875
2019-11-22,192.88751220703125
2019-11-25,196.44271850585938
2019-11-26,194.19207763671875
2019-11-27,194.87921142578125
2019-11-29,194.06260681152344
2019-12-02,193.2460174560547
2019-12-03,192.5290069580078
2019-12-04,193.7638702392578
2019-12-05,193.7937469482422
2019-12-06,195.46678161621094
2019-12-09,193.11654663085938
2019-12-10,192.8177947998047
2019-12-11,192.4493408203125
2019-12-12,194.3016357421875
2019-12-13,193.55474853515625
2019-12-16,196.86305236816406
2019-12-17,195.8650665283203
2019-12-18,197.6315155029297
2019-12-19,199.30813598632812
2019-12-20,199.81710815429688
2019-12-23,200.84503173828125
2019-12-24,200.8949432373047
2019-12-26,201.06459045410156
2019-12-27,201.1943359375
2019-12-30,199.89694213867188
2019-12-31,200.3759765625
2020-01-02,199.26821899414062
2020-01-03,198.2702178955078
2020-01-06,200.34603881835938
2020-01-07,199.47779846191406
2020-01-08,202.20230102539062
2020-01-09,201.58355712890625
2020-01-10,202.00270080566406
2020-01-13,200.12648010253906
2020-01-14,201.10450744628906
2020-01-15,203.9787139892578
2020-01-16,206.3040313720703
2020-01-17,205.61541748046875
2020-01-21,205.81500244140625
2020-01-22,206.5135955810547
2020-01-23,206.13436889648438
2020-01-24,201.85299682617188
2020-01-27,197.9508819580078
2020-01-28,200.99472045898438
2020-01-29,198.83908081054688
2020-01-30,196.5636749267578
2020-01-31,191.82322692871094
2020-02-03,192.27232360839844
2020-02-04,195.89500427246094
2020-02-05,203.31005859375
2020-02-06,202.85098266601562
2020-02-07,200.96478271484375
2020-02-10,202.12245178222656
2020-02-11,205.28607177734375
2020-02-12,209.69717407226562
2020-02-13,209.61734008789062
2020-02-14,208.04052734375
2020-02-18,209.4676513671875
2020-02-19,211.10433959960938
2020-02-20,208.68922424316406
2020-02-21,207.99063110351562
2020-02-24,196.5636749267578
2020-02-25,188.1306610107422
2020-02-26,186.38418579101562
2020-02-27,180.67568969726562
2020-02-28,179.07891845703125
2020-03-02,189.0687713623047
2020-03-03,182.1327667236328
2020-03-04,198.2801971435547
2020-03-05,193.13059997558594
2020-03-06,190.71546936035156
2020-03-09,180.31642150878906
2020-03-10,186.46401977539062
2020-03-11,179.38829040527344
2020-03-12,162.19297790527344
2020-03-13,175.8953399658203
2020-03-16,149.35885620117188
2020-03-17,155.83578491210938
2020-03-18,145.67626953125
2020-03-19,148.89976501464844
2020-03-20,141.21527099609375
2020-03-23,136.7342987060547
2020-03-24,148.29100036621094
2020-03-25,154.5399932861328
2020-03-26,167.88999938964844
2020-03-27,161.74000549316406
2020-03-30,168.32000732421875
2020-03-31,166.7100067138672
2020-04-01,158.85000610351562
2020-04-02,158.00999450683594
2020-04-03,153.13999938964844
2020-04-06,164.5800018310547
2020-04-07,165.83999633789062
2020-04-08,176.8800048828125
2020-04-09,177.97000122070312
