Date,IHI
2010-01-04,50.91632843017578
2010-01-05,51.20195007324219
2010-01-06,51.7827033996582
2010-01-07,52.011192321777344
2010-01-08,52.06831741333008
2010-01-11,52.39202117919922
2010-01-12,51.88743209838867
2010-01-13,52.34442138671875
2010-01-14,52.71572494506836
2010-01-15,52.201622009277344
2010-01-19,53.25839614868164
2010-01-20,52.83949279785156
2010-01-21,51.83983612060547
2010-01-22,51.6875114440918
2010-01-25,51.80175018310547
2010-01-26,51.63036346435547
2010-01-27,51.354286193847656
2010-01-28,50.81159210205078
2010-01-29,50.4307746887207
2010-02-01,50.659271240234375
2010-02-02,51.411399841308594
2010-02-03,51.182899475097656
2010-02-04,49.897613525390625
2010-02-05,49.95475387573242
2010-02-08,50.01185607910156
2010-02-09,50.44029235839844
2010-02-10,50.35459899902344
2010-02-11,50.373661041259766
2010-02-12,50.640228271484375
2010-02-16,51.17338180541992
2010-02-17,51.639896392822266
2010-02-18,52.001678466796875
2010-02-19,51.896949768066406
2010-02-22,52.24920654296875
2010-02-23,51.925506591796875
2010-02-24,52.23017501831055
2010-02-25,52.125450134277344
2010-02-26,52.42058563232422
2010-03-01,53.63922882080078
2010-03-02,54.26760482788086
2010-03-03,54.26760482788086
2010-03-04,54.21998596191406
2010-03-05,55.181556701660156
2010-03-08,55.01020050048828
2010-03-09,54.98163604736328
2010-03-10,55.27678298950195
2010-03-11,55.25773620605469
2010-03-12,55.057804107666016
2010-03-15,55.14347839355469
2010-03-16,55.26725387573242
2010-03-17,55.26725387573242
2010-03-18,55.31486129760742
2010-03-19,54.90546798706055
2010-03-22,55.45767593383789
2010-03-23,55.67664337158203
2010-03-24,55.57191848754883
2010-03-25,55.40803527832031
2010-03-26,55.08406066894531
2010-03-29,55.60813522338867
2010-03-30,55.9511604309082
2010-03-31,55.646240234375
2010-04-01,55.9606819152832
2010-04-05,56.189361572265625
2010-04-06,55.91302490234375
2010-04-07,55.58906555175781
2010-04-08,55.42708206176758
2010-04-09,55.86540603637695
2010-04-12,55.93210983276367
2010-04-13,56.14171600341797
2010-04-14,56.980228424072266
2010-04-15,57.16127395629883
2010-04-16,56.57051086425781
2010-04-19,56.52286148071289
2010-04-20,57.170806884765625
2010-04-21,56.71343231201172
2010-04-22,56.503807067871094
2010-04-23,56.7706184387207
2010-04-26,56.39899444580078
2010-04-27,55.92255783081055
2010-04-28,56.37992477416992
2010-04-29,57.170806884765625
2010-04-30,57.16127395629883
2010-05-03,57.475704193115234
2010-05-04,56.427581787109375
2010-05-05,56.19888687133789
2010-05-06,54.57905578613281
2010-05-07,53.27364730834961
2010-05-10,55.27463912963867
2010-05-11,55.46520233154297
2010-05-12,56.4656867980957
2010-05-13,56.189361572265625
2010-05-14,55.255577087402344
2010-05-17,55.45566177368164
2010-05-18,54.97925567626953
2010-05-19,54.350364685058594
2010-05-20,52.368446350097656
2010-05-21,52.28269958496094
2010-05-24,52.397029876708984
2010-05-25,52.063533782958984
2010-05-26,51.71097946166992
2010-05-27,53.27364730834961
2010-05-28,52.70194625854492
2010-06-01,51.95872116088867
2010-06-02,53.1688346862793
2010-06-03,53.64528274536133
2010-06-04,51.6728630065918
2010-06-07,50.92012023925781
2010-06-08,50.96776580810547
2010-06-09,50.93918228149414
2010-06-10,51.95872116088867
2010-06-11,52.59713363647461
2010-06-14,52.730533599853516
2010-06-15,53.511863708496094
2010-06-16,53.89301681518555
2010-06-17,53.978759765625
2010-06-18,54.04545974731445
2010-06-21,53.950164794921875
2010-06-22,53.03544235229492
2010-06-23,52.55901336669922
2010-06-24,51.87296676635742
2010-06-25,52.41609191894531
2010-06-28,52.54949188232422
2010-06-29,51.27267837524414
2010-06-30,50.89154052734375
2010-07-01,50.3293571472168
2010-07-02,50.472286224365234
2010-07-06,50.54851150512695
2010-07-07,51.69192886352539
2010-07-08,51.86343002319336
2010-07-09,52.01590347290039
2010-07-12,51.75863265991211
2010-07-13,52.6543083190918
2010-07-14,52.8067626953125
2010-07-15,52.778175354003906
2010-07-16,51.158329010009766
2010-07-19,51.1297492980957
2010-07-20,51.20597457885742
2010-07-21,49.54800796508789
2010-07-22,50.35794448852539
2010-07-23,50.87248992919922
2010-07-26,51.27267837524414
2010-07-27,50.681915283203125
2010-07-28,49.88151931762695
2010-07-29,49.55756378173828
2010-07-30,49.929168701171875
2010-08-02,50.58662796020508
2010-08-03,50.74861526489258
2010-08-04,51.39655303955078
2010-08-05,51.18691635131836
2010-08-06,50.996360778808594
2010-08-09,51.1392707824707
2010-08-10,50.8248405456543
2010-08-11,49.53850173950195
2010-08-12,49.31934356689453
2010-08-13,48.976322174072266
2010-08-16,48.75715637207031
2010-08-17,49.814823150634766
2010-08-18,50.014930725097656
2010-08-19,48.85244369506836
2010-08-20,48.414127349853516
2010-08-23,48.099700927734375
2010-08-24,45.99391555786133
2010-08-25,46.47032928466797
2010-08-26,46.13682556152344
2010-08-27,46.89911651611328
2010-08-30,46.07966995239258
2010-08-31,45.61276626586914
2010-09-01,46.851463317871094
2010-09-02,47.47081756591797
2010-09-03,48.19499206542969
2010-09-07,47.58515548706055
2010-09-08,47.54704284667969
2010-09-09,48.09016799926758
2010-09-10,48.51894760131836
2010-09-13,49.014427185058594
2010-09-14,49.39556884765625
2010-09-15,50.014930725097656
2010-09-16,49.85293960571289
2010-09-17,49.96726989746094
2010-09-20,50.72002410888672
2010-09-21,50.51040267944336
2010-09-22,50.367469787597656
2010-09-23,49.91963195800781
2010-09-24,51.07257080078125
2010-09-27,50.63426208496094
2010-09-28,51.40607833862305
2010-09-29,51.329833984375
2010-09-30,51.3393669128418
2010-10-01,51.44417953491211
2010-10-04,50.767677307128906
2010-10-05,51.9873046875
2010-10-06,51.87296676635742
2010-10-07,51.43465805053711
2010-10-08,51.49183654785156
2010-10-11,51.44417953491211
2010-10-12,51.39655303955078
2010-10-13,51.57758712768555
2010-10-14,51.329833984375
2010-10-15,51.49183654785156
2010-10-18,52.01590347290039
2010-10-19,51.00587844848633
2010-10-20,51.291751861572266
2010-10-21,51.6347541809082
2010-10-22,51.85390853881836
2010-10-25,52.225528717041016
2010-10-26,52.30175018310547
2010-10-27,52.35892105102539
2010-10-28,52.35892105102539
2010-10-29,51.62522888183594
2010-11-01,51.42512512207031
2010-11-02,51.82533264160156
2010-11-03,52.02543258666992
2010-11-04,52.854400634765625
2010-11-05,53.42610168457031
2010-11-08,53.12120056152344
2010-11-09,53.235538482666016
2010-11-10,53.58809280395508
2010-11-11,53.54998779296875
2010-11-12,52.854400634765625
2010-11-15,52.57808303833008
2010-11-16,51.68241500854492
2010-11-17,51.83485412597656
2010-11-18,52.406551361083984
2010-11-19,52.42562484741211
2010-11-22,52.41609191894531
2010-11-23,51.82533264160156
2010-11-24,52.616172790527344
2010-11-26,52.244590759277344
2010-11-29,52.054019927978516
2010-11-30,51.62522888183594
2010-12-01,52.78770065307617
2010-12-02,53.140254974365234
2010-12-03,53.57855987548828
2010-12-06,53.36892318725586
2010-12-07,53.30223846435547
2010-12-08,53.445167541503906
2010-12-09,53.816776275634766
2010-12-10,54.94114303588867
2010-12-13,54.89350128173828
2010-12-14,55.5033073425293
2010-12-15,55.52236557006836
2010-12-16,56.14171600341797
2010-12-17,56.79920196533203
2010-12-20,56.91352844238281
2010-12-21,56.684844970703125
2010-12-22,56.784000396728516
2010-12-23,56.61239242553711
2010-12-27,56.6600456237793
2010-12-28,56.65052032470703
2010-12-29,56.61239242553711
2010-12-30,56.63145446777344
2010-12-31,56.16428756713867
2011-01-03,56.946075439453125
2011-01-04,56.50752258300781
2011-01-05,56.52658462524414
2011-01-06,56.13570785522461
2011-01-07,55.8973503112793
2011-01-10,56.23102569580078
2011-01-11,56.974674224853516
2011-01-12,57.28929901123047
2011-01-13,57.394161224365234
2011-01-14,57.53718948364258
2011-01-18,57.785057067871094
2011-01-19,57.298828125
2011-01-20,57.19396209716797
2011-01-21,57.651580810546875
2011-01-24,57.58484649658203
2011-01-25,57.851802825927734
2011-01-26,58.03294372558594
2011-01-27,58.29035949707031
2011-01-28,57.31790542602539
2011-01-31,57.47044372558594
2011-02-01,58.18546676635742
2011-02-02,57.81366729736328
2011-02-03,58.261756896972656
2011-02-04,58.5001106262207
2011-02-07,59.300960540771484
2011-02-08,59.4439582824707
2011-02-09,59.39628982543945
2011-02-10,59.68230438232422
2011-02-11,60.34968948364258
2011-02-14,60.483158111572266
2011-02-15,60.42596435546875
2011-02-16,60.893123626708984
2011-02-17,61.24586868286133
2011-02-18,61.95138931274414
2011-02-22,60.75010681152344
2011-02-23,59.806251525878906
2011-02-24,59.81578063964844
2011-02-25,60.626163482666016
2011-02-28,60.759647369384766
2011-03-01,60.39735412597656
2011-03-02,60.53083801269531
2011-03-03,62.056243896484375
2011-03-04,61.84650802612305
2011-03-07,61.37934875488281
2011-03-08,62.13253402709961
2011-03-09,61.84650802612305
2011-03-10,60.511756896972656
2011-03-11,60.55943298339844
2011-03-14,59.95879364013672
2011-03-15,59.20561599731445
2011-03-16,58.299896240234375
2011-03-17,58.6907844543457
2011-03-18,59.16748809814453
2011-03-21,60.1113395690918
2011-03-22,60.10179901123047
2011-03-23,59.78718185424805
2011-03-24,60.25434112548828
2011-03-25,60.50035095214844
2011-03-28,60.57662582397461
2011-03-29,61.04384231567383
2011-03-30,61.31083297729492
2011-03-31,61.26316452026367
2011-04-01,61.90201187133789
2011-04-04,62.05458450317383
2011-04-05,61.84481430053711
2011-04-06,62.42644500732422
2011-04-07,62.57900619506836
2011-04-08,62.226200103759766
2011-04-11,62.79831314086914
2011-04-12,62.4741096496582
2011-04-13,62.54085159301758
2011-04-14,62.941349029541016
2011-04-15,63.532508850097656
2011-04-18,62.588539123535156
2011-04-19,63.05574035644531
2011-04-20,63.48485565185547
2011-04-21,63.87576675415039
2011-04-25,63.58018493652344
2011-04-26,64.40022277832031
2011-04-27,65.12491607666016
2011-04-28,65.52534484863281
2011-04-29,65.4490966796875
2011-05-02,65.80189514160156
2011-05-03,65.4681396484375
2011-05-04,64.848388671875
2011-05-05,64.5051040649414
2011-05-06,65.12491607666016
2011-05-09,65.4681396484375
2011-05-10,65.87812805175781
2011-05-11,65.33464813232422
2011-05-12,65.73513793945312
2011-05-13,65.30606079101562
2011-05-16,65.15350341796875
2011-05-17,65.02000427246094
2011-05-18,65.8114013671875
2011-05-19,66.1165542602539
2011-05-20,65.51583862304688
2011-05-23,64.41930389404297
2011-05-24,64.34300231933594
2011-05-25,64.52416229248047
2011-05-26,65.01046752929688
2011-05-27,65.13442993164062
2011-05-31,65.5444107055664
2011-06-01,64.42882537841797
2011-06-02,64.06647491455078
2011-06-03,63.35136032104492
2011-06-06,62.559932708740234
2011-06-07,62.83645248413086
2011-06-08,62.55039978027344
2011-06-09,63.12248992919922
2011-06-10,62.25481414794922
2011-06-13,62.27389144897461
2011-06-14,62.826908111572266
2011-06-15,61.91156005859375
2011-06-16,61.94969177246094
2011-06-17,62.04505157470703
2011-06-20,62.588539123535156
2011-06-21,63.44670486450195
2011-06-22,63.00806427001953
2011-06-23,62.722023010253906
2011-06-24,62.02858352661133
2011-06-27,62.581817626953125
2011-06-28,63.56428146362305
2011-06-29,63.402137756347656
2011-06-30,63.88859176635742
2011-07-01,65.09996032714844
2011-07-05,64.93780517578125
2011-07-06,65.48152923583984
2011-07-07,65.5673599243164
2011-07-08,65.17626953125
2011-07-11,63.73598861694336
2011-07-12,63.926719665527344
2011-07-13,64.30828857421875
2011-07-14,63.91718292236328
2011-07-15,63.926719665527344
2011-07-18,63.392601013183594
2011-07-19,64.40365600585938
2011-07-20,64.41317749023438
2011-07-21,65.50057983398438
2011-07-22,65.30982971191406
2011-07-25,64.32735443115234
2011-07-26,63.278141021728516
2011-07-27,62.038116455078125
2011-07-28,61.56120300292969
2011-07-29,61.77105712890625
2011-08-01,60.302120208740234
2011-08-02,58.690128326416016
2011-08-03,58.91904830932617
2011-08-04,56.191043853759766
2011-08-05,56.36274337768555
2011-08-08,52.22305679321289
2011-08-09,54.93197250366211
2011-08-10,52.24214172363281
2011-08-11,54.483673095703125
2011-08-12,55.647361755371094
2011-08-15,56.419979095458984
2011-08-16,56.162437438964844
2011-08-17,56.06705856323242
2011-08-18,53.234130859375
2011-08-19,52.85260009765625
2011-08-22,52.633216857910156
2011-08-23,55.27536392211914
2011-08-24,56.1147575378418
2011-08-25,55.20859146118164
2011-08-26,56.191043853759766
2011-08-29,58.051048278808594
2011-08-30,58.07966995239258
2011-08-31,58.48982238769531
2011-09-01,57.78397750854492
2011-09-02,56.162437438964844
2011-09-06,55.97166061401367
2011-09-07,57.90797805786133
2011-09-08,56.75382614135742
2011-09-09,54.62674331665039
2011-09-12,54.64582443237305
2011-09-13,55.4947395324707
2011-09-14,56.543968200683594
2011-09-15,57.22120666503906
2011-09-16,57.40244674682617
2011-09-19,56.610748291015625
2011-09-20,56.6584358215332
2011-09-21,54.874732971191406
2011-09-22,53.186439514160156
2011-09-23,53.839393615722656
2011-09-26,54.937171936035156
2011-09-27,56.302242279052734
2011-09-28,54.822608947753906
2011-09-29,55.04218292236328
2011-09-30,53.877559661865234
2011-10-03,51.59607696533203
2011-10-04,53.21889877319336
2011-10-05,54.30713653564453
2011-10-06,55.0135383605957
2011-10-07,54.00166702270508
2011-10-10,55.41448211669922
2011-10-11,55.576751708984375
2011-10-12,55.71039962768555
2011-10-13,55.61493682861328
2011-10-14,56.063602447509766
2011-10-17,54.478965759277344
2011-10-18,55.09945297241211
2011-10-19,55.67222213745117
2011-10-20,55.34763717651367
2011-10-21,56.42635726928711
2011-10-24,57.877342224121094
2011-10-25,56.101776123046875
2011-10-26,55.65312194824219
2011-10-27,57.52413558959961
2011-10-28,57.886878967285156
2011-10-31,56.550445556640625
2011-11-01,54.45033645629883
2011-11-02,54.78443145751953
2011-11-03,55.9299430847168
2011-11-04,55.605384826660156
2011-11-07,55.99677276611328
2011-11-08,56.87500762939453
2011-11-09,54.65079879760742
2011-11-10,55.16627502441406
2011-11-11,56.23542022705078
2011-11-14,55.67222213745117
2011-11-15,56.416805267333984
2011-11-16,55.29037094116211
2011-11-17,54.163944244384766
2011-11-18,53.47664260864258
2011-11-21,52.493408203125
2011-11-22,52.75114822387695
2011-11-23,51.83472442626953
2011-11-25,51.57698059082031
2011-11-28,53.323890686035156
2011-11-29,53.21889877319336
2011-11-30,55.767669677734375
2011-12-01,56.02541732788086
2011-12-02,54.65079879760742
2011-12-05,55.67222213745117
2011-12-06,55.5481071472168
2011-12-07,55.452659606933594
2011-12-08,53.629371643066406
2011-12-09,54.63169860839844
2011-12-12,53.84891891479492
2011-12-13,53.26662826538086
2011-12-14,52.512489318847656
2011-12-15,53.37163162231445
2011-12-16,53.46708679199219
2011-12-19,52.961151123046875
2011-12-20,54.64125061035156
2011-12-21,54.97535705566406
2011-12-22,55.77736282348633
2011-12-23,56.09281921386719
2011-12-27,56.226646423339844
2011-12-28,55.44279861450195
2011-12-29,56.217079162597656
2011-12-30,56.169288635253906
2012-01-03,57.106075286865234
2012-01-04,56.4560661315918
2012-01-05,56.675926208496094
2012-01-06,56.80974578857422
2012-01-09,56.6376953125
2012-01-10,57.058265686035156
2012-01-11,57.564918518066406
2012-01-12,57.58403015136719
2012-01-13,57.43109130859375
2012-01-17,57.746543884277344
2012-01-18,58.30097961425781
2012-01-19,59.07525634765625
2012-01-20,58.67377471923828
2012-01-23,58.6546516418457
2012-01-24,59.00833511352539
2012-01-25,60.71940612792969
2012-01-26,60.51869201660156
2012-01-27,61.15912628173828
2012-01-30,60.91061019897461
2012-01-31,60.96795654296875
2012-02-01,61.95254898071289
2012-02-02,62.15327453613281
2012-02-03,63.05185317993164
2012-02-06,63.223907470703125
2012-02-07,63.06142044067383
2012-02-08,62.87975311279297
2012-02-09,62.554779052734375
2012-02-10,62.24887466430664
2012-02-13,62.946693420410156
2012-02-14,63.05185317993164
2012-02-15,62.79376220703125
2012-02-16,63.54889678955078
2012-02-17,63.176090240478516
2012-02-21,62.449615478515625
2012-02-22,62.27755355834961
2012-02-23,62.41139221191406
2012-02-24,63.348167419433594
2012-02-27,63.309940338134766
2012-02-28,63.45331954956055
2012-02-29,62.48786544799805
2012-03-01,62.554779052734375
2012-03-02,62.26799774169922
2012-03-05,61.89519119262695
2012-03-06,60.71940612792969
2012-03-07,61.292972564697266
2012-03-08,62.14372253417969
2012-03-09,62.67903137207031
2012-03-12,62.50697708129883
2012-03-13,63.90260314941406
2012-03-14,63.96950149536133
2012-03-15,64.70557403564453
2012-03-16,64.8680648803711
2012-03-19,64.93497467041016
2012-03-20,64.69601440429688
2012-03-21,64.68644714355469
2012-03-22,64.31365966796875
2012-03-23,64.38056945800781
2012-03-26,65.6774673461914
2012-03-27,65.4574966430664
2012-03-28,64.97927856445312
2012-03-29,64.75933074951172
2012-03-30,64.88363647460938
2012-04-02,65.23751068115234
2012-04-03,65.2279281616211
2012-04-04,64.10891723632812
2012-04-05,64.02286529541016
2012-04-09,62.84646224975586
2012-04-10,61.775245666503906
2012-04-11,62.30129623413086
2012-04-12,63.44900131225586
2012-04-13,62.28216552734375
2012-04-16,61.909156799316406
2012-04-17,62.798641204833984
2012-04-18,63.171630859375
2012-04-19,62.98990249633789
2012-04-20,63.009071350097656
2012-04-23,62.272605895996094
2012-04-24,62.224788665771484
2012-04-25,63.468135833740234
2012-04-26,63.51595687866211
2012-04-27,64.28108978271484
2012-04-30,64.18544006347656
2012-05-01,64.86451721191406
2012-05-02,64.79756164550781
2012-05-03,64.42455291748047
2012-05-04,63.58292007446289
2012-05-07,63.793312072753906
2012-05-08,63.295982360839844
2012-05-09,62.798641204833984
2012-05-10,63.19077682495117
2012-05-11,63.056854248046875
2012-05-14,62.473453521728516
2012-05-15,62.17695999145508
2012-05-16,61.823081970214844
2012-05-17,60.675392150878906
2012-05-18,59.88156509399414
2012-05-21,61.11532974243164
2012-05-22,60.675392150878906
2012-05-23,60.560611724853516
2012-05-24,61.10577392578125
2012-05-25,60.93360137939453
2012-05-29,61.35444259643555
2012-05-30,60.321502685546875
2012-05-31,59.9484977722168
2012-06-01,58.399085998535156
2012-06-04,58.35127639770508
2012-06-05,59.1259880065918
2012-06-06,60.17803955078125
2012-06-07,60.2449951171875
2012-06-08,60.78057861328125
2012-06-11,60.02500915527344
2012-06-12,60.531917572021484
2012-06-13,60.063270568847656
2012-06-14,60.63712692260742
2012-06-15,61.488338470458984
2012-06-18,61.909156799316406
2012-06-19,62.78834533691406
2012-06-20,62.58723449707031
2012-06-21,61.11234664916992
2012-06-22,62.00303649902344
2012-06-25,60.949527740478516
2012-06-26,60.90164566040039
2012-06-27,61.859344482421875
2012-06-28,61.36135482788086
2012-06-29,63.0948486328125
2012-07-02,63.583251953125
2012-07-03,63.861000061035156
2012-07-05,63.430030822753906
2012-07-06,62.501041412353516
2012-07-09,62.63514709472656
2012-07-10,61.67740249633789
2012-07-11,61.76359939575195
2012-07-12,61.37092971801758
2012-07-13,61.96470642089844
2012-07-16,61.76359939575195
2012-07-17,62.55850601196289
2012-07-18,62.71174621582031
2012-07-19,62.59681701660156
2012-07-20,60.81545639038086
2012-07-23,59.48422622680664
2012-07-24,58.55522155761719
2012-07-25,59.41716384887695
2012-07-26,59.11070251464844
2012-07-27,60.57602310180664
2012-07-30,60.106727600097656
2012-07-31,59.86730194091797
2012-08-01,59.76194763183594
2012-08-02,59.081966400146484
2012-08-03,60.86332702636719
2012-08-06,61.026145935058594
2012-08-07,61.94556427001953
2012-08-08,61.8785285949707
2012-08-09,61.93598175048828
2012-08-10,62.1945686340332
2012-08-13,62.146671295166016
2012-08-14,61.97428894042969
2012-08-15,62.64469909667969
2012-08-16,62.54892349243164
2012-08-17,62.87457275390625
2012-08-20,62.98947525024414
2012-08-21,62.797935485839844
2012-08-22,62.26160430908203
2012-08-23,61.97428894042969
2012-08-24,62.290340423583984
2012-08-27,62.232879638671875
2012-08-28,62.41484832763672
2012-08-29,62.83623123168945
2012-08-30,62.48188781738281
2012-08-31,62.69257354736328
2012-09-04,63.33426284790039
2012-09-05,62.97989273071289
2012-09-06,64.1387939453125
2012-09-07,64.47395324707031
2012-09-10,64.2728271484375
2012-09-11,64.19620513916016
2012-09-12,64.45478820800781
2012-09-13,65.29756927490234
2012-09-14,66.01587677001953
2012-09-17,66.02545928955078
2012-09-18,66.30317687988281
2012-09-19,66.3702621459961
2012-09-20,66.33193969726562
2012-09-21,66.72459411621094
2012-09-24,66.8299560546875
2012-09-25,66.24897003173828
2012-09-26,65.81751251220703
2012-09-27,66.28731536865234
2012-09-28,65.91340637207031
2012-10-01,66.02845001220703
2012-10-02,66.27772521972656
2012-10-03,66.61328125
2012-10-04,66.78584289550781
2012-10-05,66.77629089355469
2012-10-08,66.30645751953125
2012-10-09,64.51364135742188
2012-10-10,64.16848754882812
2012-10-11,64.39857482910156
2012-10-12,64.03426361083984
2012-10-15,64.32188415527344
2012-10-16,65.26143646240234
2012-10-17,64.91632843017578
2012-10-18,64.2547836303711
2012-10-19,63.056339263916016
2012-10-22,63.506961822509766
2012-10-23,62.76874542236328
2012-10-24,62.95088195800781
2012-10-25,63.28645324707031
2012-10-26,63.32479476928711
2012-10-31,63.60282516479492
2012-11-01,64.30268096923828
2012-11-02,63.90964889526367
2012-11-05,64.37940216064453
2012-11-06,64.69581604003906
2012-11-07,63.35354232788086
2012-11-08,62.605743408203125
2012-11-09,62.96045684814453
2012-11-12,63.094722747802734
2012-11-13,62.86460494995117
2012-11-14,62.0688591003418
2012-11-15,62.16472244262695
2012-11-16,62.65367889404297
2012-11-19,63.66994094848633
2012-11-20,63.99591064453125
2012-11-21,63.842506408691406
2012-11-23,64.35064697265625
2012-11-26,64.5232162475586
2012-11-27,64.21641540527344
2012-11-28,64.58074951171875
2012-11-29,64.8875503540039
2012-11-30,64.85877990722656
2012-12-03,64.53282928466797
2012-12-04,64.62870025634766
2012-12-05,64.43694305419922
2012-12-06,64.60951232910156
2012-12-07,64.68622589111328
2012-12-10,65.20394134521484
2012-12-11,65.85588836669922
2012-12-12,65.88460540771484
2012-12-13,65.47237396240234
2012-12-14,65.08885955810547
2012-12-17,65.78877258300781
2012-12-18,66.40235137939453
2012-12-19,65.69526672363281
2012-12-20,65.92615509033203
2012-12-21,65.34896087646484
2012-12-24,65.11808013916016
2012-12-26,64.4831314086914
2012-12-27,64.82947540283203
2012-12-28,64.0983657836914
2012-12-31,65.03150177001953
2013-01-02,66.4456558227539
2013-01-03,66.25322723388672
2013-01-04,66.49374389648438
2013-01-07,66.93626403808594
2013-01-08,67.00360107421875
2013-01-09,68.03294372558594
2013-01-10,68.2734603881836
2013-01-11,68.19650268554688
2013-01-14,68.30231475830078
2013-01-15,68.34078979492188
2013-01-16,68.35039520263672
2013-01-17,69.34127807617188
2013-01-18,69.59139251708984
2013-01-22,70.19744873046875
2013-01-23,70.4379653930664
2013-01-24,71.01517486572266
2013-01-25,71.8906021118164
2013-01-28,71.75589752197266
2013-01-29,71.87133026123047
2013-01-30,71.30374145507812
2013-01-31,71.3903579711914
2013-02-01,72.2176513671875
2013-02-04,71.1690902709961
2013-02-05,71.96753692626953
2013-02-06,72.18879699707031
2013-02-07,71.96753692626953
2013-02-08,72.56399536132812
2013-02-11,72.51588439941406
2013-02-12,72.44855499267578
2013-02-13,72.45816802978516
2013-02-14,72.52552795410156
2013-02-15,72.19844055175781
2013-02-19,72.44855499267578
2013-02-20,71.12098693847656
2013-02-21,70.60148620605469
2013-02-22,71.06327056884766
2013-02-25,70.14936828613281
2013-02-26,70.48605346679688
2013-02-27,71.2171859741211
2013-02-28,71.2075424194336
2013-03-01,72.00602722167969
2013-03-04,71.96753692626953
2013-03-05,72.7275390625
2013-03-06,72.5736083984375
2013-03-07,72.42932891845703
2013-03-08,72.96803283691406
2013-03-11,73.15081787109375
2013-03-12,73.31434631347656
2013-03-13,73.3816909790039
2013-03-14,73.19891357421875
2013-03-15,72.38121032714844
2013-03-18,71.99640655517578
2013-03-19,71.99640655517578
2013-03-20,72.65055084228516
2013-03-21,72.20803833007812
2013-03-22,72.58322143554688
2013-03-25,72.13109588623047
2013-03-26,72.90069580078125
2013-03-27,73.0642318725586
2013-03-28,73.62218475341797
2013-04-01,73.02576446533203
2013-04-02,73.82421875
2013-04-03,73.28546905517578
2013-04-04,73.65104675292969
2013-04-05,73.03539276123047
2013-04-08,73.14117431640625
2013-04-09,73.3816909790039
2013-04-10,74.3051986694336
2013-04-11,74.48797607421875
2013-04-12,74.04549407958984
2013-04-15,72.29462432861328
2013-04-16,72.90069580078125
2013-04-17,72.27540588378906
2013-04-18,71.2845230102539
2013-04-19,71.93865966796875
2013-04-22,71.68855285644531
2013-04-23,72.5736083984375
2013-04-24,72.33309936523438
2013-04-25,72.69869232177734
2013-04-26,71.91944885253906
2013-04-29,72.63130950927734
2013-04-30,72.78523254394531
2013-05-01,72.05413818359375
2013-05-02,72.91033172607422
2013-05-03,73.35284423828125
2013-05-06,73.5260009765625
2013-05-07,73.97813415527344
2013-05-08,74.8631820678711
2013-05-09,75.34419250488281
2013-05-10,75.90214538574219
2013-05-13,76.06570434570312
2013-05-14,76.57552337646484
2013-05-15,76.75833129882812
2013-05-16,76.35428619384766
2013-05-17,76.64289855957031
2013-05-20,76.68135833740234
2013-05-21,77.40286254882812
2013-05-22,76.07530212402344
2013-05-23,76.16189575195312
2013-05-24,76.40238952636719
2013-05-28,77.24895477294922
2013-05-29,76.48896026611328
2013-05-30,77.14312744140625
2013-05-31,76.1234130859375
2013-06-03,76.6236572265625
2013-06-04,75.99832916259766
2013-06-05,75.31532287597656
2013-06-06,75.85404205322266
2013-06-07,76.41201782226562
2013-06-10,76.66212463378906
2013-06-11,76.07530212402344
2013-06-12,75.66165924072266
2013-06-13,76.86416625976562
2013-06-14,76.5851821899414
2013-06-17,77.20085906982422
2013-06-18,77.422119140625
2013-06-19,76.14266967773438
2013-06-20,74.31484985351562
2013-06-21,75.35379791259766
2013-06-24,74.78621673583984
2013-06-25,74.94979095458984
2013-06-26,75.11821746826172
2013-06-27,75.75359344482422
2013-06-28,75.59957122802734
2013-07-01,76.2734375
2013-07-02,75.8691177368164
2013-07-03,75.54179382324219
2013-07-05,76.63927459716797
2013-07-08,77.05320739746094
2013-07-09,75.84024047851562
2013-07-10,76.16756439208984
2013-07-11,77.4190444946289
2013-07-12,77.50569152832031
2013-07-15,78.0255355834961
2013-07-16,77.76561737060547
2013-07-17,78.46836853027344
2013-07-18,78.99783325195312
2013-07-19,79.18075561523438
2013-07-22,79.61395263671875
2013-07-23,79.21926879882812
2013-07-24,78.68017578125
2013-07-25,79.56584167480469
2013-07-26,79.67170715332031
2013-07-29,79.38290405273438
2013-07-30,79.37329864501953
2013-07-31,79.78723907470703
2013-08-01,81.11575317382812
2013-08-02,80.74992370605469
2013-08-05,80.76917266845703
2013-08-06,80.69216918945312
2013-08-07,80.39373779296875
2013-08-08,81.0580062866211
2013-08-09,80.99060821533203
2013-08-12,80.92323303222656
2013-08-13,80.68254852294922
2013-08-14,80.42262268066406
2013-08-15,79.20001220703125
2013-08-16,78.68017578125
2013-08-19,78.63204193115234
2013-08-20,78.71866607666016
2013-08-21,78.47799682617188
2013-08-22,79.10372924804688
2013-08-23,79.0363540649414
2013-08-26,79.1518783569336
2013-08-27,77.50569152832031
2013-08-28,77.50569152832031
2013-08-29,77.900390625
2013-08-30,77.2650375366211
2013-09-03,77.81375122070312
2013-09-04,78.64167022705078
2013-09-05,79.2289047241211
2013-09-06,79.440673828125
2013-09-09,80.3359603881836
2013-09-10,80.67292022705078
2013-09-11,80.97135925292969
2013-09-12,80.60554504394531
2013-09-13,80.69216918945312
2013-09-16,81.40455627441406
2013-09-17,81.82813262939453
2013-09-18,82.30948638916016
2013-09-19,82.04955291748047
2013-09-20,81.73189544677734
2013-09-23,81.49120330810547
2013-09-24,81.1009750366211
2013-09-25,81.22623443603516
2013-09-26,81.30329895019531
2013-09-27,81.2455062866211
2013-09-30,81.60202026367188
2013-10-01,82.17048645019531
2013-10-02,82.12232208251953
2013-10-03,81.7080078125
2013-10-04,82.07414245605469
2013-10-07,81.82362365722656
2013-10-08,81.21659088134766
2013-10-09,81.65984344482422
2013-10-10,82.81605529785156
2013-10-11,83.53868865966797
2013-10-14,84.38664245605469
2013-10-15,83.39417266845703
2013-10-16,84.73351287841797
2013-10-17,85.60070037841797
2013-10-18,85.83194732666016
2013-10-21,85.56217193603516
2013-10-22,85.48506927490234
2013-10-23,86.1788101196289
2013-10-24,85.7066879272461
2013-10-25,85.47543334960938
2013-10-28,85.71629333496094
2013-10-29,86.24627685546875
2013-10-30,85.85120391845703
2013-10-31,86.1498794555664
2013-11-01,85.86083984375
2013-11-04,86.58350372314453
2013-11-05,86.15950775146484
2013-11-06,85.8801040649414
2013-11-07,85.22489929199219
2013-11-08,86.13063049316406
2013-11-11,86.24627685546875
2013-11-12,86.43897247314453
2013-11-13,87.18090057373047
2013-11-14,87.5855712890625
2013-11-15,87.81682586669922
2013-11-18,86.91109466552734
2013-11-19,87.15198516845703
2013-11-20,87.03634643554688
2013-11-21,87.78790283203125
2013-11-22,87.93244171142578
2013-11-25,87.78790283203125
2013-11-26,87.95172119140625
2013-11-27,88.35639953613281
2013-11-29,88.18295288085938
2013-12-02,87.8938980102539
2013-12-03,87.85536193847656
2013-12-04,87.07490539550781
2013-12-05,87.02672576904297
2013-12-06,88.36603546142578
2013-12-09,88.3082275390625
2013-12-10,87.62410736083984
2013-12-11,85.65849304199219
2013-12-12,85.49471282958984
2013-12-13,85.75485229492188
2013-12-16,86.27516174316406
2013-12-17,86.03426361083984
2013-12-18,87.99027252197266
2013-12-19,87.77828216552734
2013-12-20,88.22150421142578
2013-12-23,88.87117767333984
2013-12-24,89.05462646484375
2013-12-26,89.32489776611328
2013-12-27,89.4311294555664
2013-12-30,89.46971130371094
2013-12-31,89.59520721435547
2014-01-02,88.83259582519531
2014-01-03,89.238037109375
2014-01-06,89.8172607421875
2014-01-07,90.79227447509766
2014-01-08,91.75763702392578
2014-01-09,91.97001647949219
2014-01-10,92.76160430908203
2014-01-13,91.68040466308594
2014-01-14,92.69403076171875
2014-01-15,93.11878967285156
2014-01-16,93.47598266601562
2014-01-17,93.01260375976562
2014-01-21,93.22499084472656
2014-01-22,92.88711547851562
2014-01-23,91.93140411376953
2014-01-24,89.96205139160156
2014-01-27,89.6145248413086
2014-01-28,90.29027557373047
2014-01-29,89.74967193603516
2014-01-30,90.89847564697266
2014-01-31,90.52197265625
2014-02-03,88.01201629638672
2014-02-04,88.31128692626953
2014-02-05,88.82292175292969
2014-02-06,89.25733947753906
2014-02-07,90.46404266357422
2014-02-10,91.41011810302734
2014-02-11,92.43338012695312
2014-02-12,92.78092193603516
2014-02-13,93.65940856933594
2014-02-14,93.86213684082031
2014-02-18,94.17105102539062
2014-02-19,93.45664978027344
2014-02-20,94.53787231445312
2014-02-21,94.17105102539062
2014-02-24,94.412353515625
2014-02-25,94.20001220703125
2014-02-26,94.49925231933594
2014-02-27,94.92403411865234
2014-02-28,94.91436004638672
2014-03-03,94.25792694091797
2014-03-04,95.82179260253906
2014-03-05,95.75423431396484
2014-03-06,95.80248260498047
2014-03-07,95.73492431640625
2014-03-10,95.78321075439453
2014-03-11,95.52253723144531
2014-03-12,95.37773132324219
2014-03-13,94.18067932128906
2014-03-14,93.81385803222656
2014-03-17,94.38343048095703
2014-03-18,95.35842895507812
2014-03-19,95.02054595947266
2014-03-20,94.78887939453125
2014-03-21,93.96831512451172
2014-03-24,92.79057312011719
2014-03-25,93.34812927246094
2014-03-26,93.41578674316406
2014-03-27,93.72501373291016
2014-03-28,94.02459716796875
2014-03-31,95.48374938964844
2014-04-01,96.324462890625
2014-04-02,96.88493347167969
2014-04-03,97.339111328125
2014-04-04,95.80264282226562
2014-04-07,94.40145874023438
2014-04-08,93.763671875
2014-04-09,94.85562896728516
2014-04-10,92.63304138183594
2014-04-11,91.47344970703125
2014-04-14,92.36247253417969
2014-04-15,92.60407257080078
2014-04-16,92.7586898803711
2014-04-17,93.00025177001953
2014-04-21,93.31916046142578
2014-04-22,93.3577880859375
2014-04-23,92.5557632446289
2014-04-24,92.54608154296875
2014-04-25,91.60874938964844
2014-04-28,91.93728637695312
2014-04-29,91.84066009521484
2014-04-30,91.82133483886719
2014-05-01,92.27550506591797
2014-05-02,92.50743865966797
2014-05-05,93.00992584228516
2014-05-06,92.67169952392578
2014-05-07,92.89395904541016
2014-05-08,92.97128295898438
2014-05-09,93.69601440429688
2014-05-12,94.9619140625
2014-05-13,94.58506774902344
2014-05-14,94.29515838623047
2014-05-15,93.22254180908203
2014-05-16,94.01493072509766
2014-05-19,94.50775146484375
2014-05-20,93.32882690429688
2014-05-21,93.71537017822266
2014-05-22,93.66702270507812
2014-05-23,93.79266357421875
2014-05-27,94.17920684814453
2014-05-28,94.57540130615234
2014-05-29,94.95226287841797
2014-05-30,95.05856323242188
2014-06-02,94.89427185058594
2014-06-03,95.10688018798828
2014-06-04,95.725341796875
2014-06-05,96.1505126953125
2014-06-06,96.43074798583984
2014-06-09,96.38245391845703
2014-06-10,96.20850372314453
2014-06-11,95.74465942382812
2014-06-12,95.37744903564453
2014-06-13,95.24214935302734
2014-06-16,96.86560821533203
2014-06-17,97.2038345336914
2014-06-18,98.51805114746094
2014-06-19,99.001220703125
2014-06-20,99.0592041015625
2014-06-23,98.92391204833984
2014-06-24,98.5627670288086
2014-06-25,99.28890991210938
2014-06-26,99.29859924316406
2014-06-27,99.23082733154297
2014-06-30,98.7757797241211
2014-07-01,99.87952423095703
2014-07-02,99.99571228027344
2014-07-03,100.54756164550781
2014-07-07,99.6665267944336
2014-07-08,98.80482482910156
2014-07-09,98.95972442626953
2014-07-10,98.84354400634766
2014-07-11,99.36636352539062
2014-07-14,99.33731842041016
2014-07-15,98.64024353027344
2014-07-16,98.09803009033203
2014-07-17,97.06204986572266
2014-07-18,98.41754150390625
2014-07-21,98.27229309082031
2014-07-22,99.1630630493164
2014-07-23,100.1312484741211
2014-07-24,99.9666748046875
2014-07-25,99.56001281738281
2014-07-28,99.4825668334961
2014-07-29,99.25019836425781
2014-07-30,100.09252166748047
2014-07-31,98.10773468017578
2014-08-01,97.88504028320312
2014-08-04,98.69831848144531
2014-08-05,97.99153900146484
2014-08-06,97.48806762695312
2014-08-07,96.2874984741211
2014-08-08,97.15888214111328
2014-08-11,97.24601745605469
2014-08-12,97.08143615722656
2014-08-13,98.34008026123047
2014-08-14,98.57244873046875
2014-08-15,98.11740112304688
2014-08-18,98.87259674072266
2014-08-19,99.36636352539062
2014-08-20,99.04688262939453
2014-08-21,99.23082733154297
2014-08-22,98.7660903930664
2014-08-25,99.06623840332031
2014-08-26,99.36636352539062
2014-08-27,98.93069458007812
2014-08-28,98.5530776977539
2014-08-29,99.10494995117188
2014-09-02,99.34701538085938
2014-09-03,99.59873962402344
2014-09-04,99.2695541381836
2014-09-05,99.54066467285156
2014-09-08,99.94731903076172
2014-09-09,99.86981201171875
2014-09-10,100.44107818603516
2014-09-11,100.51853942871094
2014-09-12,99.85047149658203
2014-09-15,99.28890991210938
2014-09-16,99.8407974243164
2014-09-17,99.69557189941406
2014-09-18,100.26680755615234
2014-09-19,99.53097534179688
2014-09-22,98.85321807861328
2014-09-23,97.58489990234375
2014-09-24,98.4207992553711
2014-09-25,97.05347442626953
2014-09-26,97.57714080810547
2014-09-29,97.31529998779297
2014-09-30,96.39402770996094
2014-10-01,96.52977752685547
2014-10-02,96.91769409179688
2014-10-03,98.85720825195312
2014-10-06,100.10822296142578
2014-10-07,98.79904174804688
2014-10-08,100.8646011352539
2014-10-09,98.9638900756836
2014-10-10,98.49839782714844
2014-10-13,97.14073181152344
2014-10-14,97.03407287597656
2014-10-15,95.37578582763672
2014-10-16,94.69696044921875
2014-10-17,95.34667205810547
2014-10-20,96.97588348388672
2014-10-21,99.24510955810547
2014-10-22,98.26567840576172
2014-10-23,99.72999572753906
2014-10-24,101.09733581542969
2014-10-27,101.14583587646484
2014-10-28,102.29016876220703
2014-10-29,102.53260803222656
2014-10-30,103.36659240722656
2014-10-31,104.12300872802734
2014-11-03,103.83207702636719
2014-11-04,103.76417541503906
2014-11-05,104.44302368164062
2014-11-06,104.92789459228516
2014-11-07,103.77388000488281
2014-11-10,105.06366729736328
2014-11-11,105.61641693115234
2014-11-12,105.7715835571289
2014-11-13,106.14010620117188
2014-11-14,105.57765197753906
2014-11-17,105.7134017944336
2014-11-18,107.38139343261719
2014-11-19,106.74134826660156
2014-11-20,107.02257537841797
2014-11-21,107.39108276367188
2014-11-24,108.54512023925781
2014-11-25,108.5160140991211
2014-11-26,109.27241516113281
2014-11-28,109.50516510009766
2014-12-01,109.27241516113281
2014-12-02,110.27128601074219
2014-12-03,110.77556610107422
2014-12-04,110.32945251464844
2014-12-05,110.80462646484375
2014-12-08,110.8628158569336
2014-12-09,111.14405822753906
2014-12-10,108.95240783691406
2014-12-11,109.5439453125
2014-12-12,108.27359008789062
2014-12-15,107.23591613769531
2014-12-16,106.62496185302734
2014-12-17,108.91361236572266
2014-12-18,111.48346710205078
2014-12-19,111.63862609863281
2014-12-22,111.98774719238281
2014-12-23,110.74644470214844
2014-12-24,111.36166381835938
2014-12-26,111.19644927978516
2014-12-29,111.11186981201172
2014-12-30,111.03409576416016
2014-12-31,109.95506286621094
2015-01-02,109.85787200927734
2015-01-05,109.58567810058594
2015-01-06,109.03157043457031
2015-01-07,110.9952163696289
2015-01-08,113.05607604980469
2015-01-09,112.22981262207031
2015-01-12,112.4339599609375
2015-01-13,111.71459197998047
2015-01-14,111.18964385986328
2015-01-15,109.95506286621094
2015-01-16,111.1313247680664
2015-01-20,110.62581634521484
2015-01-21,110.79109954833984
2015-01-22,112.75474548339844
2015-01-23,112.41449737548828
2015-01-26,112.57975769042969
2015-01-27,111.96733093261719
2015-01-28,111.01465606689453
2015-01-29,112.44365692138672
2015-01-30,110.39251708984375
2015-02-02,111.2090835571289
2015-02-03,112.48255920410156
2015-02-04,112.08397674560547
2015-02-05,113.64907836914062
2015-02-06,112.58946990966797
2015-02-09,110.9077377319336
2015-02-10,112.27840423583984
2015-02-11,112.2978515625
2015-02-12,113.06581115722656
2015-02-13,113.97957611083984
2015-02-17,114.6600570678711
2015-02-18,115.46692657470703
2015-02-19,115.06835174560547
2015-02-20,116.24461364746094
2015-02-23,116.6042709350586
2015-02-24,116.62372589111328
2015-02-25,116.30292510986328
2015-02-26,116.19600677490234
2015-02-27,115.70021057128906
2015-03-02,116.77926635742188
2015-03-03,115.44747161865234
2015-03-04,115.50579833984375
2015-03-05,116.40013885498047
2015-03-06,113.96015167236328
2015-03-09,114.46563720703125
2015-03-10,113.39634704589844
2015-03-11,113.64907836914062
2015-03-12,115.06835174560547
2015-03-13,114.26148986816406
2015-03-16,116.85704803466797
2015-03-17,115.88492584228516
2015-03-18,116.88618469238281
2015-03-19,117.43057250976562
2015-03-20,117.60555267333984
2015-03-23,117.82914733886719
2015-03-24,117.3819580078125
2015-03-25,115.76227569580078
2015-03-26,115.334228515625
2015-03-27,116.49186706542969
2015-03-30,117.97050476074219
2015-03-31,117.01716613769531
2015-04-01,115.57743835449219
2015-04-02,116.13192749023438
2015-04-06,116.84207153320312
2015-04-07,116.48213958740234
2015-04-08,116.77397918701172
2015-04-09,117.67867279052734
2015-04-10,118.47634887695312
2015-04-13,118.02887725830078
2015-04-14,117.66893005371094
2015-04-15,117.8246078491211
2015-04-16,117.64948272705078
2015-04-17,116.90043640136719
2015-04-20,118.12616729736328
2015-04-21,118.67090606689453
2015-04-22,119.08920288085938
2015-04-23,119.65342712402344
2015-04-24,118.84601593017578
2015-04-27,116.61832427978516
2015-04-28,116.56969451904297
2015-04-29,115.4704360961914
2015-04-30,113.71939086914062
2015-05-01,114.66301727294922
2015-05-04,115.43153381347656
2015-05-05,114.25444030761719
2015-05-06,113.88479614257812
2015-05-07,114.23499298095703
2015-05-08,115.66498565673828
2015-05-11,115.48988342285156
2015-05-12,114.69219207763672
2015-05-13,114.07933044433594
2015-05-14,116.33621215820312
2015-05-15,116.47241973876953
2015-05-18,117.18254089355469
2015-05-19,117.55220031738281
2015-05-20,117.71759033203125
2015-05-21,117.44519805908203
2015-05-22,117.01716613769531
2015-05-26,115.77200317382812
2015-05-27,116.91015625
2015-05-28,116.79344177246094
2015-05-29,116.28759002685547
2015-06-01,116.96853637695312
2015-06-02,116.84207153320312
2015-06-03,117.06581115722656
2015-06-04,116.20975494384766
2015-06-05,116.21947479248047
2015-06-08,115.67472076416016
2015-06-09,115.26615142822266
2015-06-10,116.89070892333984
2015-06-11,117.56194305419922
2015-06-12,116.74479675292969
2015-06-15,116.12220001220703
2015-06-16,116.61832427978516
2015-06-17,116.91015625
2015-06-18,118.81684112548828
2015-06-19,118.94329833984375
2015-06-22,119.244873046875
2015-06-23,118.92384338378906
2015-06-24,118.207763671875
2015-06-25,118.60720825195312
2015-06-26,118.8702621459961
2015-06-29,116.40536499023438
2015-06-30,116.64892578125
2015-07-01,117.22374725341797
2015-07-02,116.66841888427734
2015-07-06,116.75608825683594
2015-07-07,117.50628662109375
2015-07-08,115.66492462158203
2015-07-09,115.98644256591797
2015-07-10,117.67190551757812
2015-07-13,119.15280151367188
2015-07-14,120.02962493896484
2015-07-15,119.1917724609375
2015-07-16,120.08810424804688
2015-07-17,120.10755157470703
2015-07-20,120.273193359375
2015-07-21,120.692138671875
2015-07-22,122.58220672607422
2015-07-23,122.02688598632812
2015-07-24,121.2182388305664
2015-07-27,120.40959930419922
2015-07-28,121.8904800415039
2015-07-29,122.37762451171875
2015-07-30,122.66991424560547
2015-07-31,123.11804962158203
2015-08-03,122.40685272216797
2015-08-04,122.51403045654297
2015-08-05,123.92668914794922
2015-08-06,122.13406372070312
2015-08-07,121.76383972167969
2015-08-10,122.54322814941406
2015-08-11,122.16328430175781
2015-08-12,121.9781494140625
2015-08-13,121.80280303955078
2015-08-14,122.38736724853516
2015-08-17,123.36164093017578
2015-08-18,122.90372467041016
2015-08-19,122.21199798583984
2015-08-20,119.47430419921875
2015-08-21,116.80482482910156
2015-08-24,112.17705535888672
2015-08-25,111.48531341552734
2015-08-26,114.5347671508789
2015-08-27,117.13607025146484
2015-08-28,117.2822036743164
2015-08-31,115.64543914794922
2015-09-01,111.91401672363281
2015-09-02,113.86251831054688
2015-09-03,113.44358825683594
2015-09-04,111.96270751953125
2015-09-08,114.7880859375
2015-09-09,113.09286499023438
2015-09-10,113.68717193603516
2015-09-11,114.40811920166016
2015-09-14,113.60922241210938
2015-09-15,115.00242614746094
2015-09-16,115.44085693359375
2015-09-17,116.50279998779297
2015-09-18,115.26546478271484
2015-09-21,114.97318267822266
2015-09-22,113.86251831054688
2015-09-23,113.80406951904297
2015-09-24,113.15131378173828
2015-09-25,110.56842041015625
2015-09-28,106.37097930908203
2015-09-29,107.24952697753906
2015-09-30,108.63563537597656
2015-10-01,109.49465942382812
2015-10-02,111.83741760253906
2015-10-05,112.06193542480469
2015-10-06,109.54346466064453
2015-10-07,110.93937683105469
2015-10-08,111.55433654785156
2015-10-09,112.43287658691406
2015-10-12,112.59881591796875
2015-10-13,111.50553894042969
2015-10-14,110.67579650878906
2015-10-15,113.14546203613281
2015-10-16,114.28755950927734
2015-10-19,114.9610824584961
2015-10-20,114.05328369140625
2015-10-21,113.77995300292969
2015-10-22,112.65738677978516
2015-10-23,113.66281127929688
2015-10-26,113.32113647460938
2015-10-27,114.02398681640625
2015-10-28,116.03485870361328
2015-10-29,116.33747100830078
2015-10-30,116.37650299072266
2015-11-02,118.60212707519531
2015-11-03,119.00235748291016
2015-11-04,119.31473541259766
2015-11-05,119.66613006591797
2015-11-06,119.84184265136719
2015-11-09,119.26593017578125
2015-11-10,120.15420532226562
2015-11-11,119.19758605957031
2015-11-12,116.87434387207031
2015-11-13,116.79627227783203
2015-11-16,118.35810089111328
2015-11-17,118.4459228515625
2015-11-18,119.8711166381836
2015-11-19,118.52404022216797
2015-11-20,119.48065185546875
2015-11-23,119.68565368652344
2015-11-24,119.86136627197266
2015-11-25,120.1834945678711
2015-11-27,120.60324096679688
2015-11-30,119.66613006591797
2015-12-01,120.91559600830078
2015-12-02,120.2420654296875
2015-12-03,117.76264190673828
2015-12-04,120.22254180908203
2015-12-07,119.83208465576172
2015-12-08,119.77351379394531
2015-12-09,118.52404022216797
2015-12-10,119.24639129638672
2015-12-11,117.72361755371094
2015-12-14,118.05548858642578
2015-12-15,119.40258026123047
2015-12-16,121.20845794677734
2015-12-17,119.9882583618164
2015-12-18,117.81145477294922
2015-12-21,118.57283782958984
2015-12-22,119.939453125
2015-12-23,120.89608001708984
2015-12-24,121.18556213378906
2015-12-28,120.88031005859375
2015-12-29,122.38690185546875
2015-12-30,121.6680679321289
2015-12-31,120.60460662841797
2016-01-04,117.50284576416016
2016-01-05,118.04443359375
2016-01-06,117.71946716308594
2016-01-07,115.25775909423828
2016-01-08,113.87918853759766
2016-01-11,112.8945083618164
2016-01-12,115.02141571044922
2016-01-13,112.5990982055664
2016-01-14,114.30259704589844
2016-01-15,112.86497497558594
2016-01-19,112.87480926513672
2016-01-20,112.50061798095703
2016-01-21,112.32337188720703
2016-01-22,114.58818054199219
2016-01-25,114.20413208007812
2016-01-26,114.60786437988281
2016-01-27,114.19429016113281
2016-01-28,110.31462097167969
2016-01-29,113.23914337158203
2016-02-01,114.22381591796875
2016-02-02,113.18006896972656
2016-02-03,113.10126495361328
2016-02-04,113.37702178955078
2016-02-05,109.95028686523438
2016-02-08,107.28178405761719
2016-02-09,107.88243865966797
2016-02-10,109.19207763671875
2016-02-11,107.5870361328125
2016-02-12,108.74896240234375
2016-02-16,111.02360534667969
2016-02-17,112.5990982055664
2016-02-18,112.04769134521484
2016-02-19,112.49078369140625
2016-02-22,113.61331176757812
2016-02-23,112.8354263305664
2016-02-24,113.87918853759766
2016-02-25,115.5039291381836
2016-02-26,115.66146850585938
2016-02-29,114.49955749511719
2016-03-01,115.45469665527344
2016-03-02,116.12428283691406
2016-03-03,116.28185272216797
2016-03-04,116.82341003417969
2016-03-07,117.364990234375
2016-03-08,116.43938446044922
2016-03-09,116.48861694335938
2016-03-10,116.68556213378906
2016-03-11,118.9601821899414
2016-03-14,119.21620178222656
2016-03-15,117.837646484375
2016-03-16,117.57176208496094
2016-03-17,116.4000015258789
2016-03-18,118.1330337524414
2016-03-21,117.84748077392578
2016-03-22,118.51707458496094
2016-03-23,117.9417953491211
2016-03-24,117.43941497802734
2016-03-28,117.67582702636719
2016-03-29,120.10893249511719
2016-03-30,120.5029525756836
2016-03-31,120.65071868896484
2016-04-01,121.92144775390625
2016-04-04,123.6354751586914
2016-04-05,121.71458435058594
2016-04-06,124.41365814208984
2016-04-07,122.96562957763672
2016-04-08,122.86712646484375
2016-04-11,122.73905181884766
2016-04-12,123.87189483642578
2016-04-13,125.60560607910156
2016-04-14,125.59575653076172
2016-04-15,125.64500427246094
2016-04-18,126.54141998291016
2016-04-19,126.19666290283203
2016-04-20,127.26051330566406
2016-04-21,127.033935546875
2016-04-22,127.50674438476562
2016-04-25,127.5658950805664
2016-04-26,127.28022766113281
2016-04-27,128.62974548339844
2016-04-28,127.62499237060547
2016-04-29,126.63992309570312
2016-05-02,127.47722625732422
2016-05-03,126.36409759521484
2016-05-04,125.71395111083984
2016-05-05,126.60053253173828
2016-05-06,126.79751586914062
2016-05-09,127.61512756347656
2016-05-10,128.4425811767578
2016-05-11,128.00917053222656
2016-05-12,127.91063690185547
2016-05-13,127.23095703125
2016-05-16,129.0336151123047
2016-05-17,127.05365753173828
2016-05-18,127.20140838623047
2016-05-19,126.23603057861328
2016-05-20,127.26051330566406
2016-05-23,126.96499633789062
2016-05-24,128.7282257080078
2016-05-25,128.9646759033203
2016-05-26,128.7971954345703
2016-05-27,129.56556701660156
2016-05-31,129.17153930664062
2016-06-01,129.84136962890625
2016-06-02,131.2106170654297
2016-06-03,130.77716064453125
2016-06-06,131.17120361328125
2016-06-07,131.24017333984375
2016-06-08,132.62911987304688
2016-06-09,133.24969482421875
2016-06-10,131.95925903320312
2016-06-13,131.16134643554688
2016-06-14,130.83628845214844
2016-06-15,128.47213745117188
2016-06-16,129.9694366455078
2016-06-17,129.1616973876953
2016-06-20,130.72792053222656
2016-06-21,130.8206329345703
2016-06-22,131.2052459716797
2016-06-23,133.52285766601562
2016-06-24,129.15394592285156
2016-06-27,127.07307434082031
2016-06-28,129.0454559326172
2016-06-29,131.7674102783203
2016-06-30,133.68064880371094
2016-07-01,134.36114501953125
2016-07-05,133.9469451904297
2016-07-06,135.6234588623047
2016-07-07,136.19546508789062
2016-07-08,138.0199737548828
2016-07-11,138.10870361328125
2016-07-12,138.749755859375
2016-07-13,138.65110778808594
2016-07-14,139.13436889648438
2016-07-15,138.41444396972656
2016-07-18,138.2960968017578
2016-07-19,138.43417358398438
2016-07-20,140.05154418945312
2016-07-21,139.21328735351562
2016-07-22,138.749755859375
2016-07-25,138.2862548828125
2016-07-26,140.01210021972656
2016-07-27,139.6472625732422
2016-07-28,140.8405303955078
2016-07-29,141.91551208496094
2016-08-01,142.65513610839844
2016-08-02,142.0239715576172
2016-08-03,141.43226623535156
2016-08-04,142.00425720214844
2016-08-05,142.65513610839844
2016-08-08,142.24090576171875
2016-08-09,143.44407653808594
2016-08-10,142.84249877929688
2016-08-11,143.4145050048828
2016-08-12,142.91156005859375
2016-08-15,143.4046630859375
2016-08-16,142.23104858398438
2016-08-17,141.79713439941406
2016-08-18,142.0239715576172
2016-08-19,142.36915588378906
2016-08-22,142.4973907470703
2016-08-23,142.62554931640625
2016-08-24,140.5644073486328
2016-08-25,140.18960571289062
2016-08-26,141.31390380859375
2016-08-29,142.48751831054688
2016-08-30,142.0239715576172
2016-08-31,141.37307739257812
2016-09-01,141.46185302734375
2016-09-02,141.9549102783203
2016-09-06,142.3888702392578
2016-09-07,142.30996704101562
2016-09-08,142.20147705078125
2016-09-09,137.97064208984375
2016-09-12,139.89376831054688
2016-09-13,137.7635498046875
2016-09-14,138.18760681152344
2016-09-15,140.33755493164062
2016-09-16,140.74191284179688
2016-09-19,140.94903564453125
2016-09-20,141.1857147216797
2016-09-21,142.891845703125
2016-09-22,144.2330780029297
2016-09-23,143.55259704589844
2016-09-26,142.09637451171875
2016-09-27,143.69577026367188
2016-09-28,143.65625
2016-09-29,141.62252807617188
2016-09-30,143.53782653808594
2016-10-03,143.18235778808594
2016-10-04,142.28396606445312
2016-10-05,143.0836639404297
2016-10-06,143.22190856933594
2016-10-07,143.30084228515625
2016-10-10,144.56455993652344
2016-10-11,140.04290771484375
2016-10-12,140.07254028320312
2016-10-13,139.68746948242188
2016-10-14,139.27279663085938
2016-10-17,138.85816955566406
2016-10-18,140.44764709472656
2016-10-19,139.54925537109375
2016-10-20,140.46739196777344
2016-10-21,139.64796447753906
2016-10-24,140.20082092285156
2016-10-25,137.6734619140625
2016-10-26,133.96141052246094
2016-10-27,132.96420288085938
2016-10-28,133.7441864013672
2016-10-31,133.1616668701172
2016-11-01,131.59193420410156
2016-11-02,130.52572631835938
2016-11-03,131.0785675048828
2016-11-04,132.3520965576172
2016-11-07,135.0868377685547
2016-11-08,135.5607147216797
2016-11-09,134.02059936523438
2016-11-10,134.63270568847656
2016-11-11,133.201171875
2016-11-14,130.24929809570312
2016-11-15,132.9740753173828
2016-11-16,133.34930419921875
2016-11-17,134.74131774902344
2016-11-18,133.86264038085938
2016-11-21,134.22792053222656
2016-11-22,130.4862060546875
2016-11-23,132.02633666992188
2016-11-25,132.7371368408203
2016-11-28,131.30563354492188
2016-11-29,131.4734344482422
2016-11-30,129.8148956298828
2016-12-01,127.78108215332031
2016-12-02,128.74864196777344
2016-12-05,129.20278930664062
2016-12-06,130.03208923339844
2016-12-07,129.83457946777344
2016-12-08,130.94036865234375
2016-12-09,132.2928924560547
2016-12-12,132.82598876953125
2016-12-13,133.34930419921875
2016-12-14,132.36199951171875
2016-12-15,132.8556365966797
2016-12-16,132.25338745117188
2016-12-19,132.05592346191406
2016-12-20,131.64129638671875
2016-12-21,131.30967712402344
2016-12-22,131.5868682861328
2016-12-23,132.26007080078125
2016-12-27,132.5175323486328
2016-12-28,131.68585205078125
2016-12-29,131.98287963867188
2016-12-30,131.82447814941406
2017-01-03,132.27000427246094
2017-01-04,133.05209350585938
2017-01-05,133.1907196044922
2017-01-06,134.764892578125
2017-01-09,135.46783447265625
2017-01-10,137.87364196777344
2017-01-11,138.19044494628906
2017-01-12,137.79441833496094
2017-01-13,138.87359619140625
2017-01-17,138.6260528564453
2017-01-18,138.40826416015625
2017-01-19,137.70530700683594
2017-01-20,137.1806182861328
2017-01-23,136.82418823242188
2017-01-24,136.86380004882812
2017-01-25,138.2300567626953
2017-01-26,137.42813110351562
2017-01-27,139.13099670410156
2017-01-30,138.15084838867188
2017-01-31,140.75466918945312
2017-02-01,141.19027709960938
2017-02-02,141.4279022216797
2017-02-03,142.20013427734375
2017-02-06,141.7645263671875
2017-02-07,142.12095642089844
2017-02-08,141.7447052001953
2017-02-09,142.77438354492188
2017-02-10,143.0218505859375
2017-02-13,143.82379150390625
2017-02-14,144.32872009277344
2017-02-15,145.42771911621094
2017-02-16,145.4573974609375
2017-02-17,146.5167236328125
2017-02-21,147.46714782714844
2017-02-22,147.19985961914062
2017-02-23,147.84339904785156
2017-02-24,148.69482421875
2017-02-27,148.5364227294922
2017-02-28,147.9819793701172
2017-03-01,150.1601104736328
2017-03-02,149.8135986328125
2017-03-03,149.6947784423828
2017-03-06,148.41761779785156
2017-03-07,147.92259216308594
2017-03-08,148.40769958496094
2017-03-09,149.4571533203125
2017-03-10,150.00167846679688
2017-03-13,150.29869079589844
2017-03-14,149.24925231933594
2017-03-15,150.9224395751953
2017-03-16,149.21958923339844
2017-03-17,150.1403045654297
2017-03-20,149.57594299316406
2017-03-21,148.61563110351562
2017-03-22,149.179931640625
2017-03-23,148.98191833496094
2017-03-24,149.82022094726562
2017-03-27,150.01837158203125
2017-03-28,149.97874450683594
2017-03-29,150.14720153808594
2017-03-30,150.0877685546875
2017-03-31,150.0382080078125
2017-04-03,150.3156280517578
2017-04-04,149.21578979492188
2017-04-05,148.74017333984375
2017-04-06,148.9086151123047
2017-04-07,149.13650512695312
2017-04-10,148.9482421875
2017-04-11,149.05723571777344
2017-04-12,148.55189514160156
2017-04-13,147.9871063232422
2017-04-17,149.13650512695312
2017-04-18,148.72035217285156
2017-04-19,150.12738037109375
2017-04-20,151.06871032714844
2017-04-21,150.28594970703125
2017-04-24,152.396484375
2017-04-25,153.68463134765625
2017-04-26,155.66636657714844
2017-04-27,155.8447265625
2017-04-28,156.30052185058594
2017-05-01,156.9248046875
2017-05-02,157.3211669921875
2017-05-03,156.31045532226562
2017-05-04,156.38970947265625
2017-05-05,156.84552001953125
2017-05-08,155.8744659423828
2017-05-09,155.76544189453125
2017-05-10,155.9041748046875
2017-05-11,155.50782775878906
2017-05-12,155.4087371826172
2017-05-15,156.66714477539062
2017-05-16,156.2113494873047
2017-05-17,154.2692413330078
2017-05-18,154.49713134765625
2017-05-19,155.4979248046875
2017-05-22,156.84552001953125
2017-05-23,157.28150939941406
2017-05-24,157.80665588378906
2017-05-25,159.09481811523438
2017-05-26,159.12454223632812
2017-05-30,159.4316864013672
2017-05-31,159.33261108398438
2017-06-01,161.95843505859375
2017-06-02,162.8997344970703
2017-06-05,162.82049560546875
2017-06-06,162.31512451171875
2017-06-07,162.8997344970703
2017-06-08,162.9889678955078
2017-06-09,162.15658569335938
2017-06-12,161.33419799804688
2017-06-13,162.552978515625
2017-06-14,162.84030151367188
2017-06-15,162.75112915039062
2017-06-16,162.99884033203125
2017-06-19,165.32742309570312
2017-06-20,165.0301513671875
2017-06-21,165.43641662597656
2017-06-22,166.06065368652344
2017-06-23,166.26873779296875
2017-06-26,165.46612548828125
2017-06-27,164.58792114257812
2017-06-28,165.8368377685547
2017-06-29,164.56809997558594
2017-06-30,165.14297485351562
2017-07-03,164.4590606689453
2017-07-05,165.8170166015625
2017-07-06,163.3985137939453
2017-07-07,165.37098693847656
2017-07-10,164.49871826171875
2017-07-11,164.73660278320312
2017-07-12,166.2630615234375
2017-07-13,165.58901977539062
2017-07-14,167.54168701171875
2017-07-17,166.70909118652344
2017-07-18,166.46127319335938
2017-07-19,167.4623565673828
2017-07-20,167.97779846191406
2017-07-21,166.92713928222656
2017-07-24,167.73001098632812
2017-07-25,167.25424194335938
2017-07-26,165.8665771484375
2017-07-27,164.0823974609375
2017-07-28,164.00314331054688
2017-07-31,163.01194763183594
2017-08-01,162.56588745117188
2017-08-02,161.6341552734375
2017-08-03,161.723388671875
2017-08-04,161.822509765625
2017-08-07,162.5262451171875
2017-08-08,161.75308227539062
2017-08-09,161.38638305664062
2017-08-10,159.37423706054688
2017-08-11,160.56365966796875
2017-08-14,162.4271240234375
2017-08-15,162.5262451171875
2017-08-16,163.5471649169922
2017-08-17,161.89187622070312
2017-08-18,161.28726196289062
2017-08-21,161.9017791748047
2017-08-22,163.26963806152344
2017-08-23,161.11874389648438
2017-08-24,160.97996520996094
2017-08-25,160.8709259033203
2017-08-28,161.8423309326172
2017-08-29,161.66392517089844
2017-08-30,162.30819702148438
2017-08-31,164.48880004882812
2017-09-01,164.56809997558594
2017-09-05,164.60775756835938
2017-09-06,165.4899139404297
2017-09-07,166.1440887451172
2017-09-08,167.9381561279297
2017-09-11,168.96900939941406
2017-09-12,169.15736389160156
2017-09-13,168.0868377685547
2017-09-14,167.9877166748047
2017-09-15,167.51194763183594
2017-09-18,168.0868377685547
2017-09-19,166.36216735839844
2017-09-20,166.39187622070312
2017-09-21,164.9546661376953
2017-09-22,165.6980743408203
2017-09-25,164.86546325683594
2017-09-26,164.82577514648438
2017-09-27,165.19293212890625
2017-09-28,164.26014709472656
2017-09-29,165.74862670898438
2017-10-02,167.0386505126953
2017-10-03,166.5821990966797
2017-10-04,168.14013671875
2017-10-05,169.12257385253906
2017-10-06,169.45001220703125
2017-10-09,167.14781188964844
2017-10-10,167.13787841796875
2017-10-11,167.35618591308594
2017-10-12,168.06076049804688
2017-10-13,167.91192626953125
2017-10-16,167.30661010742188
2017-10-17,167.7134552001953
2017-10-18,168.9340362548828
2017-10-19,170.1248321533203
2017-10-20,171.47438049316406
2017-10-23,171.62322998046875
2017-10-24,170.96827697753906
2017-10-25,170.98812866210938
2017-10-26,171.2262725830078
2017-10-27,172.31785583496094
2017-10-30,170.4324493408203
2017-10-31,171.19651794433594
2017-11-01,170.37289428710938
2017-11-02,170.0255889892578
2017-11-03,171.99037170410156
2017-11-06,171.2560577392578
2017-11-07,171.3949737548828
2017-11-08,171.8613739013672
2017-11-09,173.08193969726562
2017-11-10,170.65072631835938
2017-11-13,171.85142517089844
2017-11-14,171.84152221679688
2017-11-15,170.9782257080078
2017-11-16,173.21095275878906
2017-11-17,172.99264526367188
2017-11-20,173.22085571289062
2017-11-21,175.69178771972656
2017-11-22,174.88800048828125
2017-11-24,175.76119995117188
2017-11-27,175.51312255859375
2017-11-28,176.1184844970703
2017-11-29,175.34445190429688
2017-11-30,176.35662841796875
2017-12-01,175.3047637939453
2017-12-04,171.1766815185547
2017-12-05,171.1568145751953
2017-12-06,171.48431396484375
2017-12-07,171.84152221679688
2017-12-08,172.8437957763672
2017-12-11,172.69493103027344
2017-12-12,173.01248168945312
2017-12-13,173.24070739746094
2017-12-14,171.53390502929688
2017-12-15,173.96510314941406
2017-12-18,174.49102783203125
2017-12-19,174.611328125
2017-12-20,174.19387817382812
2017-12-21,173.13046264648438
2017-12-22,173.0708465576172
2017-12-26,173.10064697265625
2017-12-27,173.51808166503906
2017-12-28,173.86590576171875
2017-12-29,172.4447021484375
2018-01-02,175.18775939941406
2018-01-03,177.0363311767578
2018-01-04,177.0363311767578
2018-01-05,179.0538787841797
2018-01-08,180.07754516601562
2018-01-09,181.76712036132812
2018-01-10,181.22047424316406
2018-01-11,182.1844940185547
2018-01-12,182.41310119628906
2018-01-16,181.83670043945312
2018-01-17,183.65545654296875
2018-01-18,184.03309631347656
2018-01-19,185.47421264648438
2018-01-22,186.1897735595703
2018-01-23,186.3786163330078
2018-01-24,188.21726989746094
2018-01-25,191.0994415283203
2018-01-26,192.49085998535156
2018-01-29,192.0137939453125
2018-01-30,189.93663024902344
2018-01-31,190.0459442138672
2018-02-01,189.76768493652344
2018-02-02,186.9451141357422
2018-02-05,179.77938842773438
2018-02-06,180.4253692626953
2018-02-07,178.8252716064453
2018-02-08,171.60984802246094
2018-02-09,174.3230743408203
2018-02-12,176.30087280273438
2018-02-13,175.98284912109375
2018-02-14,179.4414825439453
2018-02-15,182.24417114257812
2018-02-16,183.0591278076172
2018-02-20,181.74720764160156
2018-02-21,181.6577606201172
2018-02-22,181.23043823242188
2018-02-23,183.47654724121094
2018-02-26,185.80215454101562
2018-02-27,184.55984497070312
2018-02-28,182.59202575683594
2018-03-01,179.02406311035156
2018-03-02,180.7533416748047
2018-03-05,182.71128845214844
2018-03-06,184.5200958251953
2018-03-07,186.3289031982422
2018-03-08,187.4221649169922
2018-03-09,190.9404296875
2018-03-12,191.05967712402344
2018-03-13,190.40374755859375
2018-03-14,189.4198455810547
2018-03-15,189.2806854248047
2018-03-16,189.34031677246094
2018-03-19,186.84573364257812
2018-03-20,187.78990173339844
2018-03-21,187.1836395263672
2018-03-22,183.22666931152344
2018-03-23,179.9863739013672
2018-03-26,184.34986877441406
2018-03-27,181.99417114257812
2018-03-28,181.07974243164062
2018-03-29,183.89263916015625
2018-04-02,179.4993438720703
2018-04-03,181.7357635498047
2018-04-04,183.06764221191406
2018-04-05,184.5089111328125
2018-04-06,179.93667602539062
2018-04-09,181.6462860107422
2018-04-10,185.2245635986328
2018-04-11,183.60438537597656
2018-04-12,185.34381103515625
2018-04-13,185.0356903076172
2018-04-16,187.38143920898438
2018-04-17,189.5482940673828
2018-04-18,191.05909729003906
2018-04-19,190.05520629882812
2018-04-20,189.21034240722656
2018-04-23,189.25009155273438
2018-04-24,186.4669952392578
2018-04-25,186.86460876464844
2018-04-26,189.39920043945312
2018-04-27,189.64767456054688
2018-04-30,187.2323455810547
2018-05-01,189.22027587890625
2018-05-02,187.89830017089844
2018-05-03,188.31578063964844
2018-05-04,191.16844177246094
2018-05-07,192.57984924316406
2018-05-08,190.94973754882812
2018-05-09,192.35125732421875
2018-05-10,195.39276123046875
2018-05-11,195.89967346191406
2018-05-14,196.42648315429688
2018-05-15,193.69309997558594
2018-05-16,195.30331420898438
2018-05-17,195.24363708496094
2018-05-18,196.42648315429688
2018-05-21,197.6391143798828
2018-05-22,196.3370361328125
2018-05-23,197.68882751464844
2018-05-24,198.0069122314453
2018-05-25,197.18190002441406
2018-05-29,195.83009338378906
2018-05-30,198.1261444091797
2018-05-31,196.7445831298828
2018-06-01,199.3686065673828
2018-06-04,201.3267059326172
2018-06-05,201.7541046142578
2018-06-06,203.58299255371094
2018-06-07,201.6845703125
2018-06-08,203.44384765625
2018-06-11,204.1098175048828
2018-06-12,204.73599243164062
2018-06-13,204.02032470703125
2018-06-14,205.45162963867188
2018-06-15,205.08387756347656
2018-06-18,204.4875030517578
2018-06-19,203.28482055664062
2018-06-20,203.23512268066406
2018-06-21,202.13182067871094
2018-06-22,203.1953582763672
2018-06-25,199.85565185546875
2018-06-26,201.23904418945312
2018-06-27,197.9073944091797
2018-06-28,200.00582885742188
2018-06-29,199.54833984375
2018-07-02,200.16494750976562
2018-07-03,200.26438903808594
2018-07-05,201.70645141601562
2018-07-06,203.5562286376953
2018-07-09,204.89878845214844
2018-07-10,204.86898803710938
2018-07-11,203.48660278320312
2018-07-12,205.7938690185547
2018-07-13,205.4955291748047
2018-07-16,203.77500915527344
2018-07-17,206.42044067382812
2018-07-18,206.37066650390625
2018-07-19,207.26576232910156
2018-07-20,206.99722290039062
2018-07-23,208.15086364746094
2018-07-24,207.6635284423828
2018-07-25,210.66696166992188
2018-07-26,209.93101501464844
2018-07-27,206.46018981933594
2018-07-30,204.60044860839844
2018-07-31,207.1265106201172
2018-08-01,207.56410217285156
2018-08-02,209.22494506835938
2018-08-03,209.00613403320312
2018-08-06,209.40394592285156
2018-08-07,209.1155242919922
2018-08-08,208.93650817871094
2018-08-09,208.96633911132812
2018-08-10,207.77294921875
2018-08-13,206.6193084716797
2018-08-14,207.88233947753906
2018-08-15,206.97732543945312
2018-08-16,208.3895263671875
2018-08-17,208.97630310058594
2018-08-20,209.03598022460938
2018-08-21,210.4978790283203
2018-08-22,212.6261444091797
2018-08-23,212.73556518554688
2018-08-24,213.6604461669922
2018-08-27,215.092529296875
2018-08-28,215.49034118652344
2018-08-29,217.83737182617188
2018-08-30,218.04623413085938
2018-08-31,218.6429443359375
2018-09-04,218.0661163330078
2018-09-05,216.067138671875
2018-09-06,216.42518615722656
2018-09-07,216.17654418945312
2018-09-10,217.24069213867188
2018-09-11,218.20535278320312
2018-09-12,219.06063842773438
2018-09-13,221.7458038330078
2018-09-14,221.81541442871094
2018-09-17,218.20535278320312
2018-09-18,220.4131622314453
2018-09-19,219.66729736328125
2018-09-20,220.9999237060547
2018-09-21,221.18887329101562
2018-09-24,224.00335693359375
2018-09-25,225.56471252441406
2018-09-26,225.5498046875
2018-09-27,225.23141479492188
2018-09-28,226.33583068847656
2018-10-01,226.5746307373047
2018-10-02,224.13694763183594
2018-10-03,221.55001831054688
2018-10-04,218.0477294921875
2018-10-05,217.1124725341797
2018-10-08,213.96835327148438
2018-10-09,214.10763549804688
2018-10-10,207.78956604003906
2018-10-11,205.29222106933594
2018-10-12,209.87901306152344
2018-10-15,207.91893005371094
2018-10-16,214.9334716796875
2018-10-17,215.34141540527344
2018-10-18,211.152587890625
2018-10-19,206.9538116455078
2018-10-22,207.04336547851562
2018-10-23,205.53103637695312
2018-10-24,200.66558837890625
2018-10-25,203.44155883789062
2018-10-26,200.7451629638672
2018-10-29,200.0984344482422
2018-10-30,202.9341278076172
2018-10-31,204.19772338867188
2018-11-01,208.07814025878906
2018-11-02,207.66024780273438
2018-11-05,207.9487762451172
2018-11-06,209.69000244140625
2018-11-07,214.58523559570312
2018-11-08,216.16722106933594
2018-11-09,213.66986083984375
2018-11-12,206.6155242919922
2018-11-13,204.9837646484375
2018-11-14,203.85943603515625
2018-11-15,207.59060668945312
2018-11-16,210.28697204589844
2018-11-19,203.103271484375
2018-11-20,201.44166564941406
2018-11-21,202.69532775878906
2018-11-23,202.82467651367188
2018-11-26,205.2026824951172
2018-11-27,206.17774963378906
2018-11-28,212.5355987548828
2018-11-29,213.44100952148438
2018-11-30,215.48072814941406
2018-12-03,217.67958068847656
2018-12-04,210.28697204589844
2018-12-06,209.9685821533203
2018-12-07,203.81964111328125
2018-12-10,206.16778564453125
2018-12-11,207.16278076171875
2018-12-12,209.13279724121094
2018-12-13,208.00848388671875
2018-12-14,203.182861328125
2018-12-17,197.71559143066406
2018-12-18,198.20384216308594
2018-12-19,195.43386840820312
2018-12-20,190.83050537109375
2018-12-21,187.9807891845703
2018-12-24,182.998779296875
2018-12-26,192.37490844726562
2018-12-27,195.40396118164062
2018-12-28,196.13133239746094
2018-12-31,199.0906524658203
2019-01-02,193.7798309326172
2019-01-03,187.75160217285156
2019-01-04,194.62677001953125
2019-01-07,195.43386840820312
2019-01-08,197.885009765625
2019-01-09,202.08982849121094
2019-01-10,203.5246124267578
2019-01-11,202.5780487060547
2019-01-14,200.11692810058594
2019-01-15,204.91958618164062
2019-01-16,205.0790252685547
2019-01-17,207.6397705078125
2019-01-18,210.36990356445312
2019-01-22,209.1443328857422
2019-01-23,209.19415283203125
2019-01-24,210.47950744628906
2019-01-25,210.48947143554688
2019-01-28,207.28106689453125
2019-01-29,206.713134765625
2019-01-30,211.92430114746094
2019-01-31,214.6444549560547
2019-02-01,213.60821533203125
2019-02-04,214.0266876220703
2019-02-05,214.88360595703125
2019-02-06,215.5212860107422
2019-02-07,213.91709899902344
2019-02-08,215.1526336669922
2019-02-11,217.30484008789062
2019-02-12,220.55313110351562
2019-02-13,220.04495239257812
2019-02-14,219.59657287597656
2019-02-15,223.08395385742188
2019-02-19,222.45623779296875
2019-02-20,223.55227661132812
2019-02-21,222.67543029785156
2019-02-22,223.8412322998047
2019-02-25,225.24615478515625
2019-02-26,223.41278076171875
2019-02-27,224.6383514404297
2019-02-28,225.38565063476562
2019-03-01,229.48085021972656
2019-03-04,227.00979614257812
2019-03-05,226.54147338867188
2019-03-06,223.28323364257812
2019-03-07,222.02780151367188
2019-03-08,221.5295867919922
2019-03-11,224.53872680664062
2019-03-12,226.0731658935547
2019-03-13,227.72718811035156
2019-03-14,227.92648315429688
2019-03-15,229.81961059570312
2019-03-18,227.94639587402344
2019-03-19,229.99899291992188
2019-03-20,229.73992919921875
2019-03-21,232.6494140625
2019-03-22,226.8902130126953
2019-03-25,227.59765625
2019-03-26,228.92288208007812
2019-03-27,226.800537109375
2019-03-28,227.97630310058594
2019-03-29,230.6964569091797
2019-04-01,230.2680206298828
2019-04-02,230.09861755371094
2019-04-03,229.06236267089844
2019-04-04,228.36489868164062
2019-04-05,228.86309814453125
2019-04-08,228.82322692871094
2019-04-09,228.63392639160156
2019-04-10,229.36129760742188
2019-04-11,228.5442352294922
2019-04-12,227.757080078125
2019-04-15,226.78062438964844
2019-04-16,222.09751892089844
2019-04-17,212.89080810546875
2019-04-18,214.22598266601562
2019-04-22,214.31564331054688
2019-04-23,217.0856475830078
2019-04-24,217.8628387451172
2019-04-25,220.84205627441406
2019-04-26,222.59571838378906
2019-04-29,221.58937072753906
2019-04-30,223.98072814941406
2019-05-01,221.73883056640625
2019-05-02,223.87112426757812
2019-05-03,226.70091247558594
2019-05-06,227.53785705566406
2019-05-07,222.705322265625
2019-05-08,222.27688598632812
2019-05-09,222.24700927734375
2019-05-10,221.86837768554688
2019-05-13,217.2749481201172
2019-05-14,219.56668090820312
2019-05-15,220.25421142578125
2019-05-16,221.63919067382812
2019-05-17,219.27772521972656
2019-05-20,218.5404052734375
2019-05-21,219.5069122314453
2019-05-22,220.8819122314453
2019-05-23,220.14459228515625
2019-05-24,222.3466339111328
2019-05-28,219.4869842529297
2019-05-29,218.48060607910156
2019-05-30,221.05133056640625
2019-05-31,219.83570861816406
2019-06-03,219.41722106933594
2019-06-04,223.612060546875
2019-06-05,227.2688446044922
2019-06-06,228.75347900390625
2019-06-07,231.4636993408203
2019-06-10,233.7454376220703
2019-06-11,232.86862182617188
2019-06-12,233.89491271972656
2019-06-13,234.3731689453125
2019-06-14,233.3269500732422
2019-06-17,234.1279296875
2019-06-18,237.11041259765625
2019-06-19,239.64398193359375
2019-06-20,241.37960815429688
2019-06-21,240.8908233642578
2019-06-24,240.47189331054688
2019-06-25,239.3247833251953
2019-06-26,236.44207763671875
2019-06-27,238.22755432128906
2019-06-28,240.11280822753906
2019-07-01,241.98806762695312
2019-07-02,241.68881225585938
2019-07-03,243.4044647216797
2019-07-05,242.72618103027344
2019-07-08,241.5192413330078
2019-07-09,241.8085174560547
2019-07-10,242.71620178222656
2019-07-11,244.03286743164062
2019-07-12,240.91078186035156
2019-07-15,241.28981018066406
2019-07-16,239.5043487548828
2019-07-17,241.7586212158203
2019-07-18,245.25978088378906
2019-07-19,243.4044647216797
2019-07-22,244.4617919921875
2019-07-23,245.72860717773438
2019-07-24,248.20233154296875
2019-07-25,246.80587768554688
2019-07-26,247.34451293945312
2019-07-29,248.62127685546875
2019-07-30,249.18983459472656
2019-07-31,245.6986846923828
2019-08-01,244.63137817382812
2019-08-02,243.18502807617188
2019-08-05,236.0630340576172
2019-08-06,241.4494171142578
2019-08-07,240.70130920410156
2019-08-08,245.19993591308594
2019-08-09,245.17001342773438
2019-08-12,241.98806762695312
2019-08-13,246.0178680419922
2019-08-14,239.2250518798828
2019-08-15,240.83099365234375
2019-08-16,243.55409240722656
2019-08-19,246.02783203125
2019-08-20,245.40940856933594
2019-08-21,246.72608947753906
2019-08-22,246.41683959960938
2019-08-23,240.05296325683594
2019-08-26,242.39700317382812
2019-08-27,243.5441131591797
2019-08-28,245.5091552734375
2019-08-29,248.27215576171875
2019-08-30,248.63124084472656
2019-09-03,245.73858642578125
2019-09-04,246.21734619140625
2019-09-05,249.82823181152344
2019-09-06,251.08505249023438
2019-09-09,245.1001739501953
2019-09-10,243.93313598632812
2019-09-11,247.7933807373047
2019-09-12,250.00778198242188
2019-09-13,248.16241455078125
2019-09-16,247.0153350830078
2019-09-17,248.61129760742188
2019-09-18,249.4292449951172
2019-09-19,249.46914672851562
2019-09-20,250.27708435058594
2019-09-23,249.32949829101562
2019-09-24,247.421875
2019-09-25,246.92276000976562
2019-09-26,246.17408752441406
2019-09-27,243.51878356933594
2019-09-30,246.802978515625
2019-10-01,242.98971557617188
2019-10-02,237.72903442382812
2019-10-03,241.5123291015625
2019-10-04,245.4353790283203
2019-10-07,243.10951232910156
2019-10-08,235.16357421875
2019-10-09,238.6873321533203
2019-10-10,239.63565063476562
2019-10-11,241.2727508544922
2019-10-14,241.24281311035156
2019-10-15,243.89810180664062
2019-10-16,243.02964782714844
2019-10-17,244.4471435546875
2019-10-18,245.4054412841797
2019-10-21,244.2375030517578
2019-10-22,239.95510864257812
2019-10-23,242.96975708007812
2019-10-24,241.72195434570312
2019-10-25,242.5504913330078
2019-10-28,245.2257537841797
2019-10-29,247.3020782470703
2019-10-30,248.07070922851562
2019-10-31,248.66966247558594
2019-11-01,248.64968872070312
2019-11-04,247.6414794921875
2019-11-05,244.4471435546875
2019-11-06,245.87460327148438
2019-11-07,246.7830047607422
2019-11-08,247.2122344970703
2019-11-11,247.1324005126953
2019-11-12,249.25860595703125
2019-11-13,250.5662841796875
2019-11-14,250.93565368652344
2019-11-15,255.90684509277344
2019-11-18,252.8522491455078
2019-11-19,255.5774383544922
2019-11-20,255.2180633544922
2019-11-21,254.24978637695312
2019-11-22,254.17990112304688
2019-11-25,257.4341735839844
2019-11-26,258.2926330566406
2019-11-27,260.4488220214844
2019-11-29,259.4206237792969
2019-12-02,257.8433837890625
2019-12-03,257.39422607421875
2019-12-04,259.7300720214844
2019-12-05,259.47052001953125
2019-12-06,261.087646484375
2019-12-09,257.3442687988281
2019-12-10,257.39422607421875
2019-12-11,257.9432067871094
2019-12-12,259.60028076171875
2019-12-13,261.0078125
2019-12-16,262.8863830566406
2019-12-17,263.1163024902344
2019-12-18,262.13653564453125
2019-12-19,262.52642822265625
2019-12-20,263.9161071777344
2019-12-23,265.605712890625
2019-12-24,265.34576416015625
2019-12-26,264.33599853515625
2019-12-27,264.8958740234375
2019-12-30,263.3330078125
2019-12-31,264.2929382324219
2020-01-02,265.5928039550781
2020-01-03,263.6829833984375
2020-01-06,265.8927917480469
2020-01-07,265.35284423828125
2020-01-08,266.47271728515625
2020-01-09,268.83245849609375
2020-01-10,268.8224792480469
2020-01-13,268.7724609375
2020-01-14,269.2424011230469
2020-01-15,270.3323059082031
2020-01-16,272.64208984375
2020-01-17,273.4319763183594
2020-01-21,274.95184326171875
2020-01-22,277.11163330078125
2020-01-23,274.73187255859375
2020-01-24,272.5220642089844
2020-01-27,270.6123046875
2020-01-28,272.4920959472656
2020-01-29,272.4521179199219
2020-01-30,271.72216796875
2020-01-31,264.5729064941406
2020-02-03,266.69268798828125
2020-02-04,271.5321960449219
2020-02-05,273.4219970703125
2020-02-06,273.6319885253906
2020-02-07,269.46240234375
2020-02-10,271.2622375488281
2020-02-11,273.6719970703125
2020-02-12,271.9621276855469
2020-02-13,272.9520568847656
2020-02-14,276.2217102050781
2020-02-18,274.04193115234375
2020-02-19,275.8817443847656
2020-02-20,274.38189697265625
2020-02-21,272.46209716796875
2020-02-24,264.7728576660156
2020-02-25,256.2237548828125
2020-02-26,253.9340057373047
2020-02-27,246.384765625
2020-02-28,241.48526000976562
2020-03-02,251.19427490234375
2020-03-03,245.67483520507812
2020-03-04,256.64373779296875
2020-03-05,248.70452880859375
2020-03-06,246.2747802734375
2020-03-09,231.0763397216797
2020-03-10,241.13531494140625
2020-03-11,230.3664093017578
2020-03-12,214.78799438476562
2020-03-13,226.3168182373047
2020-03-16,202.3892822265625
2020-03-17,212.26824951171875
2020-03-18,207.45875549316406
2020-03-19,205.0590057373047
2020-03-20,196.47987365722656
2020-03-23,184.98104858398438
2020-03-24,204.99900817871094
2020-03-25,209.97999572753906
2020-03-26,223.2100067138672
2020-03-27,219.16000366210938
2020-03-30,227.27999877929688
2020-03-31,225.35000610351562
2020-04-01,213.02000427246094
2020-04-02,220.8699951171875
2020-04-03,219.1999969482422
2020-04-06,233.1199951171875
2020-04-07,230.9499969482422
2020-04-08,241.07000732421875
2020-04-09,245.85000610351562
