Date,IYT
2010-01-04,65.74433135986328
2010-01-05,66.3108901977539
2010-01-06,66.0718765258789
2010-01-07,65.85941314697266
2010-01-08,67.15180206298828
2010-01-11,67.73605346679688
2010-01-12,67.1783676147461
2010-01-13,67.2226333618164
2010-01-14,67.2757339477539
2010-01-15,66.45249938964844
2010-01-19,66.69149780273438
2010-01-20,66.10725402832031
2010-01-21,65.2220458984375
2010-01-22,63.8499755859375
2010-01-25,64.04473876953125
2010-01-26,63.9473762512207
2010-01-27,64.16864776611328
2010-01-28,62.79659652709961
2010-01-29,62.02643966674805
2010-02-01,63.06216049194336
2010-02-02,63.593265533447266
2010-02-03,62.87626266479492
2010-02-04,60.928802490234375
2010-02-05,61.0881233215332
2010-02-08,60.68095397949219
2010-02-09,61.743194580078125
2010-02-10,61.62811279296875
2010-02-11,62.67265319824219
2010-02-12,62.67265319824219
2010-02-16,63.8322868347168
2010-02-17,64.02705383300781
2010-02-18,64.02705383300781
2010-02-19,64.8060073852539
2010-02-22,65.38139343261719
2010-02-23,65.14237213134766
2010-02-24,65.46107482910156
2010-02-25,65.88597106933594
2010-02-26,66.39053344726562
2010-03-01,66.70921325683594
2010-03-02,66.39939880371094
2010-03-03,66.42594146728516
2010-03-04,66.67378234863281
2010-03-05,67.1872329711914
2010-03-08,67.53244018554688
2010-03-09,68.36456298828125
2010-03-10,68.78057098388672
2010-03-11,69.29399871826172
2010-03-12,69.32054901123047
2010-03-15,69.50648498535156
2010-03-16,70.10841369628906
2010-03-17,70.23231506347656
2010-03-18,70.91397094726562
2010-03-19,70.25003051757812
2010-03-22,70.30316162109375
2010-03-23,70.7192153930664
2010-03-24,69.92250061035156
2010-03-25,69.58767700195312
2010-03-26,69.65870666503906
2010-03-29,70.16495513916016
2010-03-30,70.38700103759766
2010-03-31,70.24488830566406
2010-04-01,70.3958969116211
2010-04-05,70.76004028320312
2010-04-06,70.99989318847656
2010-04-07,70.52912139892578
2010-04-08,71.390625
2010-04-09,72.1633529663086
2010-04-12,72.41203308105469
2010-04-13,72.66069793701172
2010-04-14,74.43704986572266
2010-04-15,75.69823455810547
2010-04-16,74.4903335571289
2010-04-19,73.91302490234375
2010-04-20,74.5525131225586
2010-04-21,74.76566314697266
2010-04-22,75.36963653564453
2010-04-23,76.02686309814453
2010-04-26,76.19562530517578
2010-04-27,74.43704986572266
2010-04-28,74.62354278564453
2010-04-29,76.23114776611328
2010-04-30,74.925537109375
2010-05-03,76.87950134277344
2010-05-04,74.09955596923828
2010-05-05,73.14920806884766
2010-05-06,70.71562194824219
2010-05-07,69.01924133300781
2010-05-10,72.71401977539062
2010-05-11,73.09591674804688
2010-05-12,74.65022277832031
2010-05-13,73.44230651855469
2010-05-14,72.17223358154297
2010-05-17,72.02123260498047
2010-05-18,71.02650451660156
2010-05-19,70.35149383544922
2010-05-20,67.011962890625
2010-05-21,68.06890106201172
2010-05-24,67.55377197265625
2010-05-25,67.60708618164062
2010-05-26,68.24652862548828
2010-05-27,70.44029235839844
2010-05-28,69.93406677246094
2010-06-01,68.25543975830078
2010-06-02,70.27154541015625
2010-06-03,70.49360656738281
2010-06-04,66.9942398071289
2010-06-07,65.05801391601562
2010-06-08,65.79520416259766
2010-06-09,65.9284439086914
2010-06-10,68.66397857666016
2010-06-11,69.50772857666016
2010-06-14,69.88078308105469
2010-06-15,71.93242645263672
2010-06-16,71.16863250732422
2010-06-17,71.26629638671875
2010-06-18,71.3995132446289
2010-06-21,71.30181884765625
2010-06-22,68.62845611572266
2010-06-23,68.66397857666016
2010-06-24,67.71961975097656
2010-06-25,68.22792053222656
2010-06-28,67.72853088378906
2010-06-29,64.99978637695312
2010-06-30,64.52715301513672
2010-07-01,64.7590103149414
2010-07-02,63.269775390625
2010-07-06,62.886329650878906
2010-07-07,65.26728057861328
2010-07-08,66.24823760986328
2010-07-09,67.02404022216797
2010-07-12,67.05970764160156
2010-07-13,68.37950897216797
2010-07-14,68.9413070678711
2010-07-15,68.45977020263672
2010-07-16,66.39091491699219
2010-07-19,66.52467346191406
2010-07-20,67.70175170898438
2010-07-21,66.68518829345703
2010-07-22,69.2088394165039
2010-07-23,70.27003479003906
2010-07-26,72.21403503417969
2010-07-27,71.20638275146484
2010-07-28,71.2509536743164
2010-07-29,71.12608337402344
2010-07-30,71.11719512939453
2010-08-02,72.54400634765625
2010-08-03,71.50955963134766
2010-08-04,72.6420669555664
2010-08-05,72.36564636230469
2010-08-06,71.8216552734375
2010-08-09,72.82044219970703
2010-08-10,71.71468353271484
2010-08-11,68.78077697753906
2010-08-12,68.37950897216797
2010-08-13,67.8712158203125
2010-08-16,67.79093933105469
2010-08-17,69.29801940917969
2010-08-18,69.65470886230469
2010-08-19,68.12982177734375
2010-08-20,67.92473602294922
2010-08-23,67.23806762695312
2010-08-24,65.86478424072266
2010-08-25,66.05204772949219
2010-08-26,66.17687225341797
2010-08-27,67.60369110107422
2010-08-30,66.50682830810547
2010-08-31,66.56031799316406
2010-09-01,69.13751220703125
2010-09-02,70.0381851196289
2010-09-03,70.82289123535156
2010-09-07,70.17194366455078
2010-09-08,71.05475616455078
2010-09-09,70.88533020019531
2010-09-10,71.0904541015625
2010-09-13,71.7592544555664
2010-09-14,71.8484115600586
2010-09-15,72.31212615966797
2010-09-16,71.51847076416016
2010-09-17,71.6344223022461
2010-09-20,72.2675552368164
2010-09-21,72.86502838134766
2010-09-22,72.24080657958984
2010-09-23,70.84342956542969
2010-09-24,72.85631561279297
2010-09-27,72.88314056396484
2010-09-28,73.12466430664062
2010-09-29,73.43778991699219
2010-09-30,73.04414367675781
2010-10-01,72.8741683959961
2010-10-04,71.98851776123047
2010-10-05,73.74191284179688
2010-10-06,74.04609680175781
2010-10-07,73.95665740966797
2010-10-08,74.71704864501953
2010-10-11,74.8780746459961
2010-10-12,74.56495666503906
2010-10-13,76.38994598388672
2010-10-14,75.95159912109375
2010-10-15,75.7547836303711
2010-10-18,76.02316284179688
2010-10-19,75.01226806640625
2010-10-20,76.65834045410156
2010-10-21,76.49732208251953
2010-10-22,76.78357696533203
2010-10-25,77.0967025756836
2010-10-26,77.1772232055664
2010-10-27,76.50623321533203
2010-10-28,76.43466186523438
2010-10-29,76.72989654541016
2010-11-01,76.73886108398438
2010-11-02,77.77657318115234
2010-11-03,78.5369873046875
2010-11-04,79.4942398071289
2010-11-05,79.54790496826172
2010-11-08,79.6015396118164
2010-11-09,78.21493530273438
2010-11-10,78.55488586425781
2010-11-11,78.60855865478516
2010-11-12,77.76764678955078
2010-11-15,77.97337341308594
2010-11-16,76.80147552490234
2010-11-17,77.0251235961914
2010-11-18,78.34911346435547
2010-11-19,78.8411636352539
2010-11-22,78.66223907470703
2010-11-23,77.35610961914062
2010-11-24,79.50315856933594
2010-11-26,79.02901458740234
2010-11-29,79.3153076171875
2010-11-30,78.5996322631836
2010-12-01,80.478271484375
2010-12-02,81.56072998046875
2010-12-03,82.09749603271484
2010-12-06,81.75753784179688
2010-12-07,81.99017333984375
2010-12-08,81.61441802978516
2010-12-09,82.31221771240234
2010-12-10,82.56270599365234
2010-12-13,81.90071105957031
2010-12-14,81.57861328125
2010-12-15,81.29235076904297
2010-12-16,82.36588287353516
2010-12-17,81.7665023803711
2010-12-20,81.61441802978516
2010-12-21,82.50006866455078
2010-12-22,82.56107330322266
2010-12-23,82.24713897705078
2010-12-27,82.50724029541016
2010-12-28,82.47136688232422
2010-12-29,82.67765808105469
2010-12-30,82.7225112915039
2010-12-31,82.80323791503906
2011-01-03,83.8167495727539
2011-01-04,83.19786071777344
2011-01-05,83.57460021972656
2011-01-06,83.24273681640625
2011-01-07,83.88849639892578
2011-01-10,84.29210662841797
2011-01-11,83.71807098388672
2011-01-12,84.39073944091797
2011-01-13,84.72262573242188
2011-01-14,84.58808135986328
2011-01-18,84.43561553955078
2011-01-19,82.910888671875
2011-01-20,82.20231628417969
2011-01-21,81.62828826904297
2011-01-24,82.22920227050781
2011-01-25,81.68209075927734
2011-01-26,82.6507568359375
2011-01-27,83.25167083740234
2011-01-28,80.9017562866211
2011-01-31,81.37713623046875
2011-02-01,83.00056457519531
2011-02-02,81.3322982788086
2011-02-03,81.72693634033203
2011-02-04,81.90632629394531
2011-02-07,82.157470703125
2011-02-08,82.32786560058594
2011-02-09,82.5341567993164
2011-02-10,83.80777740478516
2011-02-11,84.91995239257812
2011-02-14,84.53426361083984
2011-02-15,84.83024597167969
2011-02-16,85.73613739013672
2011-02-17,85.9872817993164
2011-02-18,85.92449951171875
2011-02-22,82.57003784179688
2011-02-23,80.88382720947266
2011-02-24,81.4488754272461
2011-02-25,82.24713897705078
2011-02-28,82.71353149414062
2011-03-01,80.45333099365234
2011-03-02,81.1439208984375
2011-03-03,83.15299987792969
2011-03-04,82.12158203125
2011-03-07,81.46681213378906
2011-03-08,83.76293182373047
2011-03-09,83.78982543945312
2011-03-10,82.65971374511719
2011-03-11,83.46696472167969
2011-03-14,82.02290344238281
2011-03-15,81.70899200439453
2011-03-16,80.45333099365234
2011-03-17,81.68209075927734
2011-03-18,82.2381820678711
2011-03-21,84.04098510742188
2011-03-22,82.88396453857422
2011-03-23,82.86602020263672
2011-03-24,84.01407623291016
2011-03-25,84.68946075439453
2011-03-28,85.03121185302734
2011-03-29,85.55278778076172
2011-03-30,85.75065612792969
2011-03-31,86.2363052368164
2011-04-01,87.38744354248047
2011-04-04,87.52233123779297
2011-04-05,87.00971221923828
2011-04-06,87.04568481445312
2011-04-07,86.55105590820312
2011-04-08,85.12113189697266
2011-04-11,84.9682846069336
2011-04-12,85.34599304199219
2011-04-13,85.17510223388672
2011-04-14,85.45387268066406
2011-04-15,85.99347686767578
2011-04-18,84.77938842773438
2011-04-19,85.26500701904297
2011-04-20,85.62476348876953
2011-04-21,86.06542205810547
2011-04-25,86.2902603149414
2011-04-26,87.88208770751953
2011-04-27,88.53856658935547
2011-04-28,89.50984191894531
2011-04-29,89.77064514160156
2011-05-02,89.59078979492188
2011-05-03,89.12313079833984
2011-05-04,87.81012725830078
2011-05-05,88.9612808227539
2011-05-06,89.25802612304688
2011-05-09,89.17709350585938
2011-05-10,90.24730682373047
2011-05-11,89.03321838378906
2011-05-12,89.04220581054688
2011-05-13,87.88208770751953
2011-05-16,87.61225891113281
2011-05-17,87.18057250976562
2011-05-18,88.55655670166016
2011-05-19,89.52784729003906
2011-05-20,88.94325256347656
2011-05-23,87.91806030273438
2011-05-24,87.28851318359375
2011-05-25,87.94502258300781
2011-05-26,88.2957534790039
2011-05-27,88.25077819824219
2011-05-31,89.20408630371094
2011-06-01,86.2363052368164
2011-06-02,86.65898132324219
2011-06-03,85.17510223388672
2011-06-06,84.09590911865234
2011-06-07,84.0869369506836
2011-06-08,83.10664367675781
2011-06-09,83.80813598632812
2011-06-10,82.70196533203125
2011-06-13,82.94477081298828
2011-06-14,84.4376449584961
2011-06-15,83.43939971923828
2011-06-16,83.430419921875
2011-06-17,84.34771728515625
2011-06-20,85.00422668457031
2011-06-21,86.64097595214844
2011-06-22,86.44314575195312
2011-06-23,86.56906127929688
2011-06-24,85.21162414550781
2011-06-27,85.93363952636719
2011-06-28,86.9896469116211
2011-06-29,87.39581298828125
2011-06-30,88.41571807861328
2011-07-01,90.4284439086914
2011-07-05,89.64319610595703
2011-07-06,90.63603210449219
2011-07-07,91.52056121826172
2011-07-08,90.5006332397461
2011-07-11,88.79478454589844
2011-07-12,87.83806610107422
2011-07-13,88.2442398071289
2011-07-14,87.1972427368164
2011-07-15,87.10699462890625
2011-07-18,86.11416625976562
2011-07-19,87.03478240966797
2011-07-20,86.88135528564453
2011-07-21,88.29838562011719
2011-07-22,88.2442398071289
2011-07-25,87.98246765136719
2011-07-26,86.81816864013672
2011-07-27,84.64297485351562
2011-07-28,84.3541488647461
2011-07-29,84.20975494384766
2011-08-01,83.36128997802734
2011-08-02,80.38284301757812
2011-08-03,80.73482513427734
2011-08-04,76.64622497558594
2011-08-05,76.294189453125
2011-08-08,71.05027770996094
2011-08-09,74.18219757080078
2011-08-10,71.18567657470703
2011-08-11,74.21830749511719
2011-08-12,75.18405151367188
2011-08-15,76.0595474243164
2011-08-16,74.6876220703125
2011-08-17,74.27245330810547
2011-08-18,70.0303726196289
2011-08-19,68.82994842529297
2011-08-22,68.7126235961914
2011-08-23,70.99612426757812
2011-08-24,72.07920837402344
2011-08-25,70.72533416748047
2011-08-26,72.53050994873047
2011-08-29,75.1388931274414
2011-08-30,76.16783142089844
2011-08-31,75.91510772705078
2011-09-01,74.81401062011719
2011-09-02,72.40412139892578
2011-09-06,71.37519836425781
2011-09-07,73.66770935058594
2011-09-08,72.86444854736328
2011-09-09,71.21275329589844
2011-09-12,71.0141830444336
2011-09-13,73.51428985595703
2011-09-14,74.94035339355469
2011-09-15,75.96026611328125
2011-09-16,76.0234375
2011-09-19,74.6876220703125
2011-09-20,73.72186279296875
2011-09-21,69.79570770263672
2011-09-22,67.68367004394531
2011-09-23,68.7927017211914
2011-09-26,70.38217163085938
2011-09-27,71.4993667602539
2011-09-28,69.43756866455078
2011-09-29,70.84538269042969
2011-09-30,68.33856964111328
2011-10-03,65.7590560913086
2011-10-04,68.68368530273438
2011-10-05,70.51841735839844
2011-10-06,71.96255493164062
2011-10-07,70.98163604736328
2011-10-10,73.65193176269531
2011-10-11,74.1878433227539
2011-10-12,75.1596908569336
2011-10-13,74.66014099121094
2011-10-14,76.31318664550781
2011-10-17,74.28776550292969
2011-10-18,76.46762084960938
2011-10-19,75.45941925048828
2011-10-20,76.64925384521484
2011-10-21,78.3114013671875
2011-10-24,79.63748931884766
2011-10-25,77.8844985961914
2011-10-26,78.23875427246094
2011-10-27,81.61752319335938
2011-10-28,81.3995361328125
2011-10-31,79.50123596191406
2011-11-01,77.46671295166016
2011-11-02,78.35681915283203
2011-11-03,79.99172973632812
2011-11-04,79.6102523803711
2011-11-07,79.64659118652344
2011-11-08,80.60026550292969
2011-11-09,77.47577667236328
2011-11-10,78.6474609375
2011-11-11,80.80007934570312
2011-11-14,80.36412811279297
2011-11-15,80.91816711425781
2011-11-16,79.14701843261719
2011-11-17,78.0479965209961
2011-11-18,78.40222930908203
2011-11-21,76.6311264038086
2011-11-22,75.76824188232422
2011-11-23,73.942626953125
2011-11-25,73.42487335205078
2011-11-28,76.15879821777344
2011-11-29,76.46762084960938
2011-11-30,80.2278823852539
2011-12-01,79.63748931884766
2011-12-02,80.30962371826172
2011-12-05,81.59027099609375
2011-12-06,80.90906524658203
2011-12-07,80.96353149414062
2011-12-08,78.98353576660156
2011-12-09,80.43672943115234
2011-12-12,79.7374038696289
2011-12-13,78.49307250976562
2011-12-14,77.43946838378906
2011-12-15,78.54759216308594
2011-12-16,79.80097961425781
2011-12-19,78.01168060302734
2011-12-20,80.61844635009766
2011-12-21,81.09981536865234
2011-12-22,81.72947692871094
2011-12-23,82.13041687011719
2011-12-27,82.17598724365234
2011-12-28,80.84558868408203
2011-12-29,81.88440704345703
2011-12-30,81.52899932861328
2012-01-03,82.32178497314453
2012-01-04,82.59516143798828
2012-01-05,82.3946762084961
2012-01-06,82.2944107055664
2012-01-09,82.83209228515625
2012-01-10,84.02580261230469
2012-01-11,84.38119506835938
2012-01-12,84.65457153320312
2012-01-13,84.05313873291016
2012-01-17,83.88912963867188
2012-01-18,84.7365493774414
2012-01-19,86.13078308105469
2012-01-20,85.72984313964844
2012-01-23,85.11021423339844
2012-01-24,84.63634490966797
2012-01-25,85.77538299560547
2012-01-26,86.194580078125
2012-01-27,86.91446685791016
2012-01-30,86.49527740478516
2012-01-31,86.42237854003906
2012-02-01,86.91446685791016
2012-02-02,86.34038543701172
2012-02-03,87.3154067993164
2012-02-06,86.7413330078125
2012-02-07,86.54084777832031
2012-02-08,86.16724395751953
2012-02-09,86.3950424194336
2012-02-10,85.438232421875
2012-02-13,86.62286376953125
2012-02-14,85.86653900146484
2012-02-15,84.18982696533203
2012-02-16,85.81184387207031
2012-02-17,85.2286605834961
2012-02-21,83.98023986816406
2012-02-22,83.33325958251953
2012-02-23,84.02580261230469
2012-02-24,83.5155029296875
2012-02-27,84.19896697998047
2012-02-28,84.07135009765625
2012-02-29,83.77066802978516
2012-03-01,84.89149475097656
2012-03-02,83.98023986816406
2012-03-05,83.39704895019531
2012-03-06,82.13953399658203
2012-03-07,82.6134033203125
2012-03-08,83.81620788574219
2012-03-09,84.02580261230469
2012-03-12,83.75244140625
2012-03-13,85.48380279541016
2012-03-14,84.30828857421875
2012-03-15,87.11493682861328
2012-03-16,87.02381896972656
2012-03-19,87.22428894042969
2012-03-20,86.01234436035156
2012-03-21,86.76866912841797
2012-03-22,84.88238525390625
2012-03-23,84.9188232421875
2012-03-26,86.08008575439453
2012-03-27,85.88837432861328
2012-03-28,85.63276672363281
2012-03-29,85.62360382080078
2012-03-30,85.5323257446289
2012-04-02,86.34484100341797
2012-04-03,86.08921813964844
2012-04-04,85.84273529052734
2012-04-05,85.9614028930664
2012-04-09,84.46418762207031
2012-04-10,82.79354095458984
2012-04-11,83.5421371459961
2012-04-12,85.41363525390625
2012-04-13,84.47333526611328
2012-04-16,85.13975524902344
2012-04-17,86.41789245605469
2012-04-18,86.26265716552734
2012-04-19,85.03934478759766
2012-04-20,85.23104858398438
2012-04-23,84.41856384277344
2012-04-24,85.29495239257812
2012-04-25,86.07095336914062
2012-04-26,85.17627716064453
2012-04-27,85.66923522949219
2012-04-30,85.08499145507812
2012-05-01,85.95228576660156
2012-05-02,86.81954956054688
2012-05-03,86.03445434570312
2012-05-04,85.05758666992188
2012-05-07,85.3862533569336
2012-05-08,85.26759338378906
2012-05-09,84.03512573242188
2012-05-10,83.7703628540039
2012-05-11,83.91642761230469
2012-05-14,83.27741241455078
2012-05-15,83.34129333496094
2012-05-16,83.25912475585938
2012-05-17,80.675537109375
2012-05-18,79.67131042480469
2012-05-21,81.78933715820312
2012-05-22,81.81670379638672
2012-05-23,82.7752914428711
2012-05-24,83.47823333740234
2012-05-25,83.10392761230469
2012-05-29,84.24508666992188
2012-05-30,82.4831314086914
2012-05-31,83.29561614990234
2012-06-01,80.64814758300781
2012-06-04,79.34268188476562
2012-06-05,79.82654571533203
2012-06-06,82.2183837890625
2012-06-07,82.06319427490234
2012-06-08,83.02176666259766
2012-06-11,81.80758666992188
2012-06-12,82.52877044677734
2012-06-13,82.19099426269531
2012-06-14,83.01264190673828
2012-06-15,83.47823333740234
2012-06-18,85.08499145507812
2012-06-19,86.12861633300781
2012-06-20,85.85372924804688
2012-06-21,84.14946746826172
2012-06-22,83.4806137084961
2012-06-25,81.88632202148438
2012-06-26,82.17037200927734
2012-06-27,82.61933898925781
2012-06-28,83.17823791503906
2012-06-29,85.51471710205078
2012-07-02,85.42310333251953
2012-07-03,85.96369934082031
2012-07-05,86.15608978271484
2012-07-06,85.38642883300781
2012-07-09,85.01994323730469
2012-07-10,83.89290618896484
2012-07-11,83.7280044555664
2012-07-12,83.33401489257812
2012-07-13,85.14822387695312
2012-07-16,84.54347229003906
2012-07-17,83.99371337890625
2012-07-18,84.38772583007812
2012-07-19,85.0016098022461
2012-07-20,83.08661651611328
2012-07-23,82.0420913696289
2012-07-24,81.15331268310547
2012-07-25,80.67686462402344
2012-07-26,81.84967041015625
2012-07-27,83.89290618896484
2012-07-30,83.63636016845703
2012-07-31,83.2607192993164
2012-08-01,81.55646514892578
2012-08-02,81.4373550415039
2012-08-03,83.23320007324219
2012-08-06,83.1599349975586
2012-08-07,83.2607192993164
2012-08-08,82.95833587646484
2012-08-09,82.61018371582031
2012-08-10,82.77509307861328
2012-08-13,82.85755920410156
2012-08-14,83.19658660888672
2012-08-15,84.14946746826172
2012-08-16,84.64425659179688
2012-08-17,85.0016098022461
2012-08-20,84.99243927001953
2012-08-21,85.07490539550781
2012-08-22,84.62592315673828
2012-08-23,83.69133758544922
2012-08-24,83.68219757080078
2012-08-27,82.85755920410156
2012-08-28,82.6651382446289
2012-08-29,82.51851654052734
2012-08-30,81.62977600097656
2012-08-31,81.84051513671875
2012-09-04,81.83133697509766
2012-09-05,80.9792251586914
2012-09-06,82.51851654052734
2012-09-07,83.12326049804688
2012-09-10,83.48976135253906
2012-09-11,84.08535766601562
2012-09-12,84.75422668457031
2012-09-13,85.1756591796875
2012-09-14,85.4413833618164
2012-09-17,84.12198638916016
2012-09-18,83.24238586425781
2012-09-19,83.59056091308594
2012-09-20,81.23577117919922
2012-09-21,80.33785247802734
2012-09-24,81.1349868774414
2012-09-25,80.35204315185547
2012-09-26,80.33366394042969
2012-09-27,80.7747573852539
2012-09-28,80.03042602539062
2012-10-01,80.00285339355469
2012-10-02,80.2234115600586
2012-10-03,81.1974868774414
2012-10-04,81.96937561035156
2012-10-05,82.4564437866211
2012-10-08,82.63098907470703
2012-10-09,81.68450164794922
2012-10-10,81.69369506835938
2012-10-11,81.601806640625
2012-10-12,82.25424194335938
2012-10-15,82.5850601196289
2012-10-16,83.40292358398438
2012-10-17,83.9358901977539
2012-10-18,84.0094223022461
2012-10-19,82.6953125
2012-10-22,82.35533905029297
2012-10-23,83.1088638305664
2012-10-24,81.45478057861328
2012-10-25,81.90505981445312
2012-10-26,82.08885192871094
2012-10-31,82.70452880859375
2012-11-01,83.96349334716797
2012-11-02,83.12724304199219
2012-11-05,83.29264068603516
2012-11-06,84.762939453125
2012-11-07,83.06290435791016
2012-11-08,82.49315643310547
2012-11-09,81.93263244628906
2012-11-12,82.5574951171875
2012-11-13,82.46560668945312
2012-11-14,80.2877197265625
2012-11-15,80.17743682861328
2012-11-16,79.76390075683594
2012-11-19,81.20664978027344
2012-11-20,81.28018951416016
2012-11-21,81.51908874511719
2012-11-23,82.3921127319336
2012-11-26,82.95265197753906
2012-11-27,82.89750671386719
2012-11-28,83.60508728027344
2012-11-29,84.08292388916016
2012-11-30,83.62348937988281
2012-12-03,82.7596435546875
2012-12-04,83.01698303222656
2012-12-05,83.7153549194336
2012-12-06,83.70616149902344
2012-12-07,83.95429229736328
2012-12-10,84.85484313964844
2012-12-11,85.00187683105469
2012-12-12,84.79053497314453
2012-12-13,85.16728973388672
2012-12-14,85.19485473632812
2012-12-17,85.81974792480469
2012-12-18,87.14300537109375
2012-12-19,87.4102783203125
2012-12-20,88.0185546875
2012-12-21,87.75127410888672
2012-12-24,87.29969024658203
2012-12-26,86.73749542236328
2012-12-27,86.35037994384766
2012-12-28,85.55774688720703
2012-12-31,86.95869445800781
2013-01-02,89.07848358154297
2013-01-03,89.73285675048828
2013-01-04,90.83885955810547
2013-01-07,90.51629638671875
2013-01-08,90.20291137695312
2013-01-09,91.09693908691406
2013-01-10,91.6130599975586
2013-01-11,91.59463500976562
2013-01-14,92.06464385986328
2013-01-15,92.70060729980469
2013-01-16,92.73748016357422
2013-01-17,93.30890655517578
2013-01-18,93.4471664428711
2013-01-22,94.47021484375
2013-01-23,94.4886474609375
2013-01-24,95.97250366210938
2013-01-25,96.20292663574219
2013-01-28,96.27665710449219
2013-01-29,96.15684509277344
2013-01-30,94.73748779296875
2013-01-31,94.97711181640625
2013-02-01,95.78819274902344
2013-02-04,95.12459564208984
2013-02-05,96.22136688232422
2013-02-06,96.13837432861328
2013-02-07,96.44256591796875
2013-02-08,96.88495635986328
2013-02-11,96.79277038574219
2013-02-12,96.80201721191406
2013-02-13,97.22596740722656
2013-02-14,97.45638275146484
2013-02-15,97.48405456542969
2013-02-19,98.69139862060547
2013-02-20,96.99554443359375
2013-02-21,96.30430603027344
2013-02-22,97.43795013427734
2013-02-25,95.29048156738281
2013-02-26,95.4748306274414
2013-02-27,98.28587341308594
2013-02-28,98.31351470947266
2013-03-01,98.1660385131836
2013-03-04,99.32737731933594
2013-03-05,100.82967376708984
2013-03-06,100.44257354736328
2013-03-07,99.98175048828125
2013-03-08,101.06929016113281
2013-03-11,101.18911743164062
2013-03-12,100.88494873046875
2013-03-13,102.43335723876953
2013-03-14,103.20755004882812
2013-03-15,103.09693908691406
2013-03-18,102.802001953125
2013-03-19,102.59001922607422
2013-03-20,102.29510498046875
2013-03-21,100.67300415039062
2013-03-22,101.75133514404297
2013-03-25,100.9365005493164
2013-03-26,101.71253204345703
2013-03-27,101.86034393310547
2013-03-28,102.82111358642578
2013-04-01,101.31526947021484
2013-04-02,99.90184783935547
2013-04-03,98.47915649414062
2013-04-04,98.71934509277344
2013-04-05,99.16278076171875
2013-04-08,100.08660888671875
2013-04-09,99.73556518554688
2013-04-10,101.50927734375
2013-04-11,101.222900390625
2013-04-12,101.0011978149414
2013-04-15,97.01950073242188
2013-04-16,99.30137634277344
2013-04-17,97.80477905273438
2013-04-18,97.73088073730469
2013-04-19,99.25518798828125
2013-04-22,99.37525177001953
2013-04-23,99.80023193359375
2013-04-24,100.41917419433594
2013-04-25,100.53004455566406
2013-04-26,100.54850769042969
2013-04-29,101.1397705078125
2013-04-30,101.64784240722656
2013-05-01,99.31985473632812
2013-05-02,100.37300109863281
2013-05-03,102.52548217773438
2013-05-06,103.92046356201172
2013-05-07,105.58332824707031
2013-05-08,105.88818359375
2013-05-09,104.7149429321289
2013-05-10,105.29695129394531
2013-05-13,104.76112365722656
2013-05-14,106.7011489868164
2013-05-15,107.49565124511719
2013-05-16,106.7288589477539
2013-05-17,108.01296997070312
2013-05-20,107.29240417480469
2013-05-21,107.35707092285156
2013-05-22,105.74961853027344
2013-05-23,105.87893676757812
2013-05-24,105.5094223022461
2013-05-28,105.5094223022461
2013-05-29,104.4562759399414
2013-05-30,104.77960968017578
2013-05-31,103.83731842041016
2013-06-03,103.78189086914062
2013-06-04,103.26454162597656
2013-06-05,101.37995910644531
2013-06-06,102.32225036621094
2013-06-07,104.85350799560547
2013-06-10,104.57633972167969
2013-06-11,103.44931030273438
2013-06-12,102.82111358642578
2013-06-13,104.78884887695312
2013-06-14,104.18836975097656
2013-06-17,103.92969512939453
2013-06-18,104.91815948486328
2013-06-19,103.63406372070312
2013-06-20,101.45384979248047
2013-06-21,100.8441390991211
2013-06-24,98.85791778564453
2013-06-25,100.69631958007812
2013-06-26,101.39476013183594
2013-06-27,102.30256652832031
2013-06-28,101.7930908203125
2013-07-01,103.05287170410156
2013-07-02,102.41368865966797
2013-07-03,102.06172180175781
2013-07-05,103.67351531982422
2013-07-08,103.74761962890625
2013-07-09,106.22088623046875
2013-07-10,105.38719940185547
2013-07-11,106.82300567626953
2013-07-12,106.3227767944336
2013-07-15,106.83226013183594
2013-07-16,106.02635955810547
2013-07-17,106.98047637939453
2013-07-18,108.79602813720703
2013-07-19,108.83309936523438
2013-07-22,108.74972534179688
2013-07-23,107.74002838134766
2013-07-24,106.49878692626953
2013-07-25,106.54509735107422
2013-07-26,107.18425750732422
2013-07-29,105.89668273925781
2013-07-30,106.183837890625
2013-07-31,106.94340515136719
2013-08-01,110.41709899902344
2013-08-02,110.17626953125
2013-08-05,109.3147964477539
2013-08-06,107.91605377197266
2013-08-07,107.10087585449219
2013-08-08,107.87898254394531
2013-08-09,107.22129821777344
2013-08-12,107.42507934570312
2013-08-13,106.70257568359375
2013-08-14,105.80403900146484
2013-08-15,104.8406753540039
2013-08-16,105.60026550292969
2013-08-19,104.66466522216797
2013-08-20,105.72993469238281
2013-08-21,105.09078979492188
2013-08-22,107.23980712890625
2013-08-23,107.2954330444336
2013-08-26,107.31392669677734
2013-08-27,104.38678741455078
2013-08-28,104.31266784667969
2013-08-29,104.61835479736328
2013-08-30,103.43267822265625
2013-09-03,103.83099365234375
2013-09-04,105.22045135498047
2013-09-05,105.73918914794922
2013-09-06,105.48908996582031
2013-09-09,107.14718627929688
2013-09-10,109.44447326660156
2013-09-11,109.39814758300781
2013-09-12,108.12910461425781
2013-09-13,108.29582977294922
2013-09-16,109.38886260986328
2013-09-17,109.5463638305664
2013-09-18,111.2044677734375
2013-09-19,111.51942443847656
2013-09-20,111.01919555664062
2013-09-23,110.35227966308594
2013-09-24,110.45720672607422
2013-09-25,109.7792739868164
2013-09-26,110.21574401855469
2013-09-27,109.47280883789062
2013-09-30,109.2406234741211
2013-10-01,110.74508666992188
2013-10-02,110.2621841430664
2013-10-03,109.15706634521484
2013-10-04,109.73283386230469
2013-10-07,108.54412078857422
2013-10-08,106.95606231689453
2013-10-09,107.29969787597656
2013-10-10,109.78858947753906
2013-10-11,110.37362670898438
2013-10-14,110.41075897216797
2013-10-15,110.24361419677734
2013-10-16,111.73878479003906
2013-10-17,111.952392578125
2013-10-18,113.2989730834961
2013-10-21,113.68901824951172
2013-10-22,114.64554595947266
2013-10-23,115.44422912597656
2013-10-24,116.6700668334961
2013-10-25,116.28931427001953
2013-10-28,116.82795715332031
2013-10-29,117.04154968261719
2013-10-30,116.33574676513672
2013-10-31,115.75067901611328
2013-11-01,116.93939971923828
2013-11-04,118.39741516113281
2013-11-05,117.70089721679688
2013-11-06,116.8836669921875
2013-11-07,114.9705581665039
2013-11-08,116.40074920654297
2013-11-11,116.96725463867188
2013-11-12,117.8402099609375
2013-11-13,118.4531478881836
2013-11-14,118.87104797363281
2013-11-15,119.69754791259766
2013-11-18,119.35396575927734
2013-11-19,118.27668762207031
2013-11-20,117.88665008544922
2013-11-21,119.14966583251953
2013-11-22,119.67899322509766
2013-11-25,119.99474334716797
2013-11-26,119.82759857177734
2013-11-27,120.67268371582031
2013-11-29,120.35694122314453
2013-12-02,120.54267883300781
2013-12-03,119.35396575927734
2013-12-04,118.82459259033203
2013-12-05,118.84318542480469
2013-12-06,119.58611297607422
2013-12-09,120.02262115478516
2013-12-10,119.21466064453125
2013-12-11,117.29228973388672
2013-12-12,117.47801971435547
2013-12-13,117.92379760742188
2013-12-16,118.84318542480469
2013-12-17,118.2209701538086
2013-12-18,119.59541320800781
2013-12-19,119.6418685913086
2013-12-20,120.85841369628906
2013-12-23,121.4122085571289
2013-12-24,121.84963989257812
2013-12-26,122.22191619873047
2013-12-27,122.01716613769531
2013-12-30,122.01716613769531
2013-12-31,122.7617416381836
2014-01-02,121.0678482055664
2014-01-03,121.84963989257812
2014-01-06,120.26740264892578
2014-01-07,121.07713317871094
2014-01-08,121.61697387695312
2014-01-09,122.95719146728516
2014-01-10,124.502197265625
2014-01-13,122.78034210205078
2014-01-14,124.41838836669922
2014-01-15,125.06060028076172
2014-01-16,124.18572998046875
2014-01-17,123.67382049560547
2014-01-21,124.37187957763672
2014-01-22,125.7958755493164
2014-01-23,126.14950561523438
2014-01-24,121.03059387207031
2014-01-27,119.88581848144531
2014-01-28,121.29119873046875
2014-01-29,119.634521484375
2014-01-30,121.70073699951172
2014-01-31,121.37496948242188
2014-02-03,117.48455810546875
2014-02-04,118.81549835205078
2014-02-05,117.9685287475586
2014-02-06,119.69039154052734
2014-02-07,120.58386993408203
2014-02-10,119.50423431396484
2014-02-11,120.95614624023438
2014-02-12,121.02127838134766
2014-02-13,121.45873260498047
2014-02-14,121.89616394042969
2014-02-18,120.61178588867188
2014-02-19,119.10401916503906
2014-02-20,120.93753051757812
2014-02-21,122.00787353515625
2014-02-24,122.54766082763672
2014-02-25,121.71002960205078
2014-02-26,121.51456451416016
2014-02-27,122.1939926147461
2014-02-28,122.6128158569336
2014-03-03,121.92411041259766
2014-03-04,124.63246154785156
2014-03-05,124.967529296875
2014-03-06,126.28913879394531
2014-03-07,126.89413452148438
2014-03-10,126.68009948730469
2014-03-11,126.28913879394531
2014-03-12,126.6242446899414
2014-03-13,125.00477600097656
2014-03-14,124.82793426513672
2014-03-17,125.93547821044922
2014-03-18,126.57769775390625
2014-03-19,125.96339416503906
2014-03-20,125.78658294677734
2014-03-21,125.36772155761719
2014-03-24,125.265380859375
2014-03-25,126.0044174194336
2014-03-26,124.00750732421875
2014-03-27,123.64352416992188
2014-03-28,124.28741455078125
2014-03-31,126.39636993408203
2014-04-01,127.52546691894531
2014-04-02,128.37466430664062
2014-04-03,128.12269592285156
2014-04-04,126.3683853149414
2014-04-07,124.6139907836914
2014-04-08,124.5766830444336
2014-04-09,126.59230041503906
2014-04-10,123.84883880615234
2014-04-11,122.75703430175781
2014-04-14,123.48491668701172
2014-04-15,124.6139907836914
2014-04-16,126.70430755615234
2014-04-17,127.39480590820312
2014-04-21,128.2440185546875
2014-04-22,129.07452392578125
2014-04-23,129.21450805664062
2014-04-24,128.6545867919922
2014-04-25,126.52698516845703
2014-04-28,126.52698516845703
2014-04-29,127.1055679321289
2014-04-30,128.0106964111328
2014-05-01,128.8785858154297
2014-05-02,128.43067932128906
2014-05-05,128.16001892089844
2014-05-06,127.78675842285156
2014-05-07,128.58926391601562
2014-05-08,128.6545867919922
2014-05-09,128.93450927734375
2014-05-12,131.34213256835938
2014-05-13,131.94863891601562
2014-05-14,130.8382110595703
2014-05-15,130.11029052734375
2014-05-16,131.15550231933594
2014-05-19,132.21926879882812
2014-05-20,130.95948791503906
2014-05-21,131.8087158203125
2014-05-22,132.4432373046875
2014-05-23,133.52569580078125
2014-05-27,134.07623291015625
2014-05-28,135.03738403320312
2014-05-29,135.63458251953125
2014-05-30,135.59735107421875
2014-06-02,136.35311889648438
2014-06-03,135.2146759033203
2014-06-04,135.2987060546875
2014-06-05,136.3438262939453
2014-06-06,137.57554626464844
2014-06-09,137.58493041992188
2014-06-10,137.3516387939453
2014-06-11,136.35311889648438
2014-06-12,133.6750030517578
2014-06-13,134.73878479003906
2014-06-16,134.49620056152344
2014-06-17,135.10272216796875
2014-06-18,137.1090087890625
2014-06-19,137.23033142089844
2014-06-20,137.4729461669922
2014-06-23,136.7823944091797
2014-06-24,135.49424743652344
2014-06-25,136.8403778076172
2014-06-26,136.6627960205078
2014-06-27,137.07406616210938
2014-06-30,137.42929077148438
2014-07-01,138.51370239257812
2014-07-02,138.00888061523438
2014-07-03,139.0091552734375
2014-07-07,137.5508575439453
2014-07-08,137.40127563476562
2014-07-09,138.12109375
2014-07-10,137.86868286132812
2014-07-11,138.28001403808594
2014-07-14,139.23355102539062
2014-07-15,139.73837280273438
2014-07-16,140.57032775878906
2014-07-17,138.4669647216797
2014-07-18,140.30859375
2014-07-21,139.8691864013672
2014-07-22,141.37432861328125
2014-07-23,141.73887634277344
2014-07-24,141.5331573486328
2014-07-25,140.94427490234375
2014-07-28,139.3644561767578
2014-07-29,137.5321502685547
2014-07-30,138.58851623535156
2014-07-31,136.3262481689453
2014-08-01,135.98965454101562
2014-08-04,136.44775390625
2014-08-05,134.8585205078125
2014-08-06,134.04522705078125
2014-08-07,133.77413940429688
2014-08-08,135.48489379882812
2014-08-11,136.55996704101562
2014-08-12,136.46644592285156
2014-08-13,137.41064453125
2014-08-14,138.5511474609375
2014-08-15,138.48565673828125
2014-08-18,140.8134307861328
2014-08-19,140.9816436767578
2014-08-20,141.72019958496094
2014-08-21,141.13124084472656
2014-08-22,141.2434539794922
2014-08-25,141.73887634277344
2014-08-26,141.18734741210938
2014-08-27,141.3275604248047
2014-08-28,140.90689086914062
2014-08-29,140.9722900390625
2014-09-02,142.81393432617188
2014-09-03,142.3838653564453
2014-09-04,143.40283203125
2014-09-05,144.22555541992188
2014-09-08,143.6927032470703
2014-09-09,142.8045654296875
2014-09-10,142.93544006347656
2014-09-11,143.5150909423828
2014-09-12,143.50567626953125
2014-09-15,143.00088500976562
2014-09-16,143.72076416015625
2014-09-17,144.9640655517578
2014-09-18,145.45016479492188
2014-09-19,144.7209930419922
2014-09-22,142.61761474609375
2014-09-23,141.35560607910156
2014-09-24,142.427001953125
2014-09-25,140.43218994140625
2014-09-26,142.04298400878906
2014-09-29,142.18350219726562
2014-09-30,141.32188415527344
2014-10-01,137.73501586914062
2014-10-02,138.84947204589844
2014-10-03,141.7901153564453
2014-10-06,140.13247680664062
2014-10-07,136.63922119140625
2014-10-08,137.75372314453125
2014-10-09,134.58827209472656
2014-10-10,131.95663452148438
2014-10-13,129.30625915527344
2014-10-14,132.86502075195312
2014-10-15,133.2115936279297
2014-10-16,134.64443969726562
2014-10-17,136.62051391601562
2014-10-20,137.9409942626953
2014-10-21,142.26776123046875
2014-10-22,139.58932495117188
2014-10-23,142.28648376464844
2014-10-24,143.70065307617188
2014-10-27,144.6840057373047
2014-10-28,146.92233276367188
2014-10-29,146.2573699951172
2014-10-30,144.69334411621094
2014-10-31,146.7537384033203
2014-11-03,147.0253143310547
2014-11-04,147.54039001464844
2014-11-05,148.2053680419922
2014-11-06,150.20018005371094
2014-11-07,150.14401245117188
2014-11-10,152.15748596191406
2014-11-11,151.98890686035156
2014-11-12,152.5508575439453
2014-11-13,152.36355590820312
2014-11-14,152.23239135742188
2014-11-17,151.4457550048828
2014-11-18,151.92337036132812
2014-11-19,151.41758728027344
2014-11-20,152.13873291015625
2014-11-21,152.831787109375
2014-11-24,154.04928588867188
2014-11-25,154.72357177734375
2014-11-26,154.6112060546875
2014-11-28,154.83596801757812
2014-12-01,150.60284423828125
2014-12-02,152.38229370117188
2014-12-03,153.64657592773438
2014-12-04,153.5248565673828
2014-12-05,154.12420654296875
2014-12-08,152.09193420410156
2014-12-09,151.04306030273438
2014-12-10,149.16062927246094
2014-12-11,150.4248809814453
2014-12-12,149.0107879638672
2014-12-15,149.085693359375
2014-12-16,147.1564483642578
2014-12-17,148.2802734375
2014-12-18,150.52792358398438
2014-12-19,151.2209930419922
2014-12-22,152.8130340576172
2014-12-23,153.96499633789062
2014-12-24,154.5061798095703
2014-12-26,154.8063507080078
2014-12-29,155.16282653808594
2014-12-30,154.85325622558594
2014-12-31,153.89649963378906
2015-01-02,153.202392578125
2015-01-05,149.15965270996094
2015-01-06,146.61770629882812
2015-01-07,147.70578002929688
2015-01-08,150.76361083984375
2015-01-09,149.08462524414062
2015-01-12,148.24041748046875
2015-01-13,147.54629516601562
2015-01-14,146.32693481445312
2015-01-15,145.79222106933594
2015-01-16,147.4618682861328
2015-01-20,148.9345245361328
2015-01-21,149.58172607421875
2015-01-22,153.868408203125
2015-01-23,151.19509887695312
2015-01-26,152.2456512451172
2015-01-27,150.31338500976562
2015-01-28,148.1935272216797
2015-01-29,149.1503143310547
2015-01-30,145.59530639648438
2015-02-02,147.70578002929688
2015-02-03,149.86317443847656
2015-02-04,149.6005401611328
2015-02-05,150.96060180664062
2015-02-06,150.39781188964844
2015-02-09,148.90640258789062
2015-02-10,150.1539764404297
2015-02-11,150.60418701171875
2015-02-12,151.7672882080078
2015-02-13,152.17062377929688
2015-02-17,152.3206787109375
2015-02-18,152.86476135253906
2015-02-19,152.9678955078125
2015-02-20,153.8402557373047
2015-02-23,154.04661560058594
2015-02-24,154.7032012939453
2015-02-25,153.99032592773438
2015-02-26,153.2305908203125
2015-02-27,152.217529296875
2015-03-02,153.44625854492188
2015-03-03,152.76156616210938
2015-03-04,152.19873046875
2015-03-05,151.8704376220703
2015-03-06,150.3040313720703
2015-03-09,150.64166259765625
2015-03-10,148.49368286132812
2015-03-11,150.210205078125
2015-03-12,151.92674255371094
2015-03-13,150.98876953125
2015-03-16,153.40879821777344
2015-03-17,153.30555725097656
2015-03-18,153.80271911621094
2015-03-19,153.85899353027344
2015-03-20,154.1591796875
2015-03-23,151.34519958496094
2015-03-24,150.2946319580078
2015-03-25,147.2635498046875
2015-03-26,146.36985778808594
2015-03-27,146.7555694580078
2015-03-30,148.12904357910156
2015-03-31,147.3388214111328
2015-04-01,146.22872924804688
2015-04-02,145.11865234375
2015-04-06,144.4601287841797
2015-04-07,145.0057830810547
2015-04-08,146.087646484375
2015-04-09,146.76498413085938
2015-04-10,147.7998046875
2015-04-13,146.67088317871094
2015-04-14,146.5203399658203
2015-04-15,146.56741333007812
2015-04-16,146.63323974609375
2015-04-17,145.6266632080078
2015-04-20,148.11959838867188
2015-04-21,148.42068481445312
2015-04-22,149.25791931152344
2015-04-23,149.96348571777344
2015-04-24,149.57778930664062
2015-04-27,148.27017211914062
2015-04-28,148.4394989013672
2015-04-29,146.63323974609375
2015-04-30,144.85525512695312
2015-05-01,147.24476623535156
2015-05-04,147.43289184570312
2015-05-05,144.98695373535156
2015-05-06,145.35386657714844
2015-05-07,146.96253967285156
2015-05-08,147.78094482421875
2015-05-11,147.58343505859375
2015-05-12,145.8900604248047
2015-05-13,144.32846069335938
2015-05-14,145.0904541015625
2015-05-15,146.42628479003906
2015-05-18,147.43289184570312
2015-05-19,146.3980712890625
2015-05-20,143.4912109375
2015-05-21,144.32846069335938
2015-05-22,143.18077087402344
2015-05-26,140.97946166992188
2015-05-27,142.68214416503906
2015-05-28,141.34629821777344
2015-05-29,140.30210876464844
2015-06-01,141.82606506347656
2015-06-02,141.9954071044922
2015-06-03,143.95216369628906
2015-06-04,142.6727752685547
2015-06-05,143.92391967773438
2015-06-08,140.8852996826172
2015-06-09,140.38677978515625
2015-06-10,141.4121551513672
2015-06-11,142.90794372558594
2015-06-12,142.31527709960938
2015-06-15,141.61907958984375
2015-06-16,141.17698669433594
2015-06-17,140.6407470703125
2015-06-18,142.7667694091797
2015-06-19,142.17417907714844
2015-06-22,143.32186889648438
2015-06-23,143.06785583496094
2015-06-24,140.4825897216797
2015-06-25,139.21823120117188
2015-06-26,139.30313110351562
2015-06-29,136.6140899658203
2015-06-30,136.79335021972656
2015-07-01,137.0481414794922
2015-07-02,137.2840118408203
2015-07-06,136.5102996826172
2015-07-07,138.2369384765625
2015-07-08,135.2648162841797
2015-07-09,135.9913787841797
2015-07-10,138.57667541503906
2015-07-13,140.0202178955078
2015-07-14,139.94479370117188
2015-07-15,138.9540557861328
2015-07-16,139.11444091796875
2015-07-17,140.08628845214844
2015-07-20,139.63336181640625
2015-07-21,140.72784423828125
2015-07-22,140.24667358398438
2015-07-23,137.3123321533203
2015-07-24,136.46310424804688
2015-07-27,136.2555389404297
2015-07-28,140.0013885498047
2015-07-29,142.37905883789062
2015-07-30,142.37905883789062
2015-07-31,142.03939819335938
2015-08-03,142.36021423339844
2015-08-04,142.6243896484375
2015-08-05,142.7942352294922
2015-08-06,141.7185821533203
2015-08-07,139.69000244140625
2015-08-10,141.77520751953125
2015-08-11,140.8883056640625
2015-08-12,140.19949340820312
2015-08-13,140.05799865722656
2015-08-14,141.02041625976562
2015-08-17,142.05828857421875
2015-08-18,141.6997528076172
2015-08-19,140.6995849609375
2015-08-20,137.23681640625
2015-08-21,133.53817749023438
2015-08-24,128.74501037597656
2015-08-25,126.56546783447266
2015-08-26,130.1603240966797
2015-08-27,133.47213745117188
2015-08-28,134.17031860351562
2015-08-31,133.15133666992188
2015-09-01,130.22637939453125
2015-09-02,133.38719177246094
2015-09-03,133.53817749023438
2015-09-04,132.17950439453125
2015-09-08,135.9064178466797
2015-09-09,134.9440460205078
2015-09-10,136.38763427734375
2015-09-11,136.77452087402344
2015-09-14,136.1234893798828
2015-09-15,138.68983459472656
2015-09-16,138.98239135742188
2015-09-17,139.6051025390625
2015-09-18,136.4819793701172
2015-09-21,137.54818725585938
2015-09-22,134.1798095703125
2015-09-23,133.54759216308594
2015-09-24,132.27383422851562
2015-09-25,133.3663787841797
2015-09-28,130.46240234375
2015-09-29,130.84075927734375
2015-09-30,132.3448028564453
2015-10-01,133.20558166503906
2015-10-02,133.8299102783203
2015-10-05,136.8757781982422
2015-10-06,135.46633911132812
2015-10-07,137.3582305908203
2015-10-08,139.25009155273438
2015-10-09,140.3378448486328
2015-10-12,140.47030639648438
2015-10-13,137.44332885742188
2015-10-14,137.5662841796875
2015-10-15,139.5243682861328
2015-10-16,137.40553283691406
2015-10-19,137.7838897705078
2015-10-20,138.64468383789062
2015-10-21,137.9730682373047
2015-10-22,140.044677734375
2015-10-23,141.08514404296875
2015-10-26,140.79196166992188
2015-10-27,137.06495666503906
2015-10-28,137.1501007080078
2015-10-29,138.30413818359375
2015-10-30,138.18118286132812
2015-11-02,140.2054443359375
2015-11-03,139.48654174804688
2015-11-04,138.70140075683594
2015-11-05,139.20278930664062
2015-11-06,140.25279235839844
2015-11-09,139.88385009765625
2015-11-10,139.91221618652344
2015-11-11,139.2784881591797
2015-11-12,137.254150390625
2015-11-13,136.41229248046875
2015-11-16,137.08387756347656
2015-11-17,137.1122589111328
2015-11-18,139.3635711669922
2015-11-19,140.81085205078125
2015-11-20,141.38784790039062
2015-11-23,140.0541229248047
2015-11-24,139.1365966796875
2015-11-25,139.1743621826172
2015-11-27,139.91221618652344
2015-11-30,138.00146484375
2015-12-01,139.65682983398438
2015-12-02,136.71498107910156
2015-12-03,134.3123321533203
2015-12-04,135.3528289794922
2015-12-07,134.1893768310547
2015-12-08,130.4340057373047
2015-12-09,129.81915283203125
2015-12-10,130.63272094726562
2015-12-11,128.10702514648438
2015-12-14,127.56784057617188
2015-12-15,128.57997131347656
2015-12-16,130.87857055664062
2015-12-17,128.3151092529297
2015-12-18,125.2030029296875
2015-12-21,126.1962661743164
2015-12-22,128.11648559570312
2015-12-23,129.5732421875
2015-12-24,129.76492309570312
2015-12-28,128.83485412597656
2015-12-29,129.7459716796875
2015-12-30,128.36032104492188
2015-12-31,127.86681365966797
2016-01-04,125.2379379272461
2016-01-05,125.38976287841797
2016-01-06,122.89374542236328
2016-01-07,119.10698699951172
2016-01-08,118.23387145996094
2016-01-11,117.79729461669922
2016-01-12,118.85075378417969
2016-01-13,114.51356506347656
2016-01-14,115.7852783203125
2016-01-15,113.88716125488281
2016-01-19,113.36517333984375
2016-01-20,112.85267639160156
2016-01-21,113.86817932128906
2016-01-22,115.32023620605469
2016-01-25,113.2038345336914
2016-01-26,115.89916229248047
2016-01-27,114.95958709716797
2016-01-28,114.02003479003906
2016-01-29,117.4651107788086
2016-02-01,118.53755950927734
2016-02-02,115.12095642089844
2016-02-03,116.3452377319336
2016-02-04,119.97065734863281
2016-02-05,118.20536804199219
2016-02-08,117.84473419189453
2016-02-09,119.03106689453125
2016-02-10,118.8697280883789
2016-02-11,117.1424560546875
2016-02-12,119.9421615600586
2016-02-16,122.75138854980469
2016-02-17,124.65898895263672
2016-02-18,124.06109619140625
2016-02-19,124.156005859375
2016-02-22,126.59505462646484
2016-02-23,125.05758666992188
2016-02-24,124.32682037353516
2016-02-25,125.74093627929688
2016-02-26,126.31035614013672
2016-02-29,125.24742889404297
2016-03-01,127.9427490234375
2016-03-02,128.2654266357422
2016-03-03,129.65106201171875
2016-03-04,130.52420043945312
2016-03-07,131.04617309570312
2016-03-08,127.54412078857422
2016-03-09,128.3318634033203
2016-03-10,128.25595092773438
2016-03-11,131.1125946044922
2016-03-14,131.17904663085938
2016-03-15,130.38182067871094
2016-03-16,131.76744079589844
2016-03-17,135.7534942626953
2016-03-18,137.6326446533203
2016-03-21,137.70855712890625
2016-03-22,136.68356323242188
2016-03-23,135.73126220703125
2016-03-24,135.1509552001953
2016-03-28,133.98074340820312
2016-03-29,135.54098510742188
2016-03-30,135.79788208007812
2016-03-31,135.48390197753906
2016-04-01,134.51351928710938
2016-04-04,133.26724243164062
2016-04-05,132.5061492919922
2016-04-06,132.1731719970703
2016-04-07,130.47021484375
2016-04-08,131.9067840576172
2016-04-11,131.28839111328125
2016-04-12,132.24928283691406
2016-04-13,135.7122344970703
2016-04-14,136.10231018066406
2016-04-15,135.98812866210938
2016-04-18,136.45425415039062
2016-04-19,138.17628479003906
2016-04-20,138.32846069335938
2016-04-21,136.59701538085938
2016-04-22,137.909912109375
2016-04-25,136.24497985839844
2016-04-26,137.76718139648438
2016-04-27,138.05259704589844
2016-04-28,135.88345336914062
2016-04-29,134.2090606689453
2016-05-02,135.20802307128906
2016-05-03,133.5145721435547
2016-05-04,132.34439086914062
2016-05-05,130.8317413330078
2016-05-06,131.95433044433594
2016-05-09,132.0019073486328
2016-05-10,133.723876953125
2016-05-11,131.49771118164062
2016-05-12,129.6615447998047
2016-05-13,128.0156707763672
2016-05-16,129.0907440185547
2016-05-17,129.85182189941406
2016-05-18,130.29898071289062
2016-05-19,129.43321228027344
2016-05-20,131.09812927246094
2016-05-23,130.58436584472656
2016-05-24,131.14569091796875
2016-05-25,132.22071838378906
2016-05-26,131.94482421875
2016-05-27,132.84861755371094
2016-05-31,133.11497497558594
2016-06-01,132.90570068359375
2016-06-02,132.70594787597656
2016-06-03,132.230224609375
2016-06-06,132.9818115234375
2016-06-07,134.4659423828125
2016-06-08,135.22705078125
2016-06-09,134.97018432617188
2016-06-10,132.8676300048828
2016-06-13,131.30740356445312
2016-06-14,129.37615966796875
2016-06-15,129.75668334960938
2016-06-16,129.2048797607422
2016-06-17,129.97549438476562
2016-06-20,131.4406280517578
2016-06-21,131.03485107421875
2016-06-22,130.19479370117188
2016-06-23,131.40719604492188
2016-06-24,125.22112274169922
2016-06-27,121.38339233398438
2016-06-28,124.04686737060547
2016-06-29,126.82489013671875
2016-06-30,128.05636596679688
2016-07-01,129.3260498046875
2016-07-05,127.59815979003906
2016-07-06,127.58859252929688
2016-07-07,128.1804962158203
2016-07-08,131.47402954101562
2016-07-11,132.07545471191406
2016-07-12,135.02532958984375
2016-07-13,135.903564453125
2016-07-14,137.39283752441406
2016-07-15,136.85821533203125
2016-07-18,136.67684936523438
2016-07-19,136.51458740234375
2016-07-20,136.4763946533203
2016-07-21,134.61477661132812
2016-07-22,136.43821716308594
2016-07-25,135.1685028076172
2016-07-26,136.629150390625
2016-07-27,134.74847412109375
2016-07-28,134.73892211914062
2016-07-29,134.38568115234375
2016-08-01,133.83201599121094
2016-08-02,131.03485107421875
2016-08-03,132.15179443359375
2016-08-04,132.36183166503906
2016-08-05,134.9489288330078
2016-08-08,134.9011993408203
2016-08-09,134.36659240722656
2016-08-10,133.82244873046875
2016-08-11,134.5670928955078
2016-08-12,133.9656524658203
2016-08-15,134.73892211914062
2016-08-16,134.75799560546875
2016-08-17,135.25439453125
2016-08-18,136.03721618652344
2016-08-19,136.07540893554688
2016-08-22,135.48353576660156
2016-08-23,135.96084594726562
2016-08-24,135.8176727294922
2016-08-25,134.95846557617188
2016-08-26,134.26158142089844
2016-08-29,134.95846557617188
2016-08-30,135.80812072753906
2016-08-31,135.2066650390625
2016-09-01,135.9799346923828
2016-09-02,136.51458740234375
2016-09-06,136.5909423828125
2016-09-07,138.4716033935547
2016-09-08,138.91070556640625
2016-09-09,134.48118591308594
2016-09-12,136.34275817871094
2016-09-13,133.67926025390625
2016-09-14,133.45010375976562
2016-09-15,134.1947784423828
2016-09-16,133.64108276367188
2016-09-19,134.09927368164062
2016-09-20,134.12791442871094
2016-09-21,136.50503540039062
2016-09-22,137.0587158203125
2016-09-23,136.64822387695312
2016-09-26,136.20314025878906
2016-09-27,137.31344604492188
2016-09-28,137.7154541015625
2016-09-29,137.37086486816406
2016-09-30,139.0171661376953
2016-10-03,139.37132263183594
2016-10-04,138.9693145751953
2016-10-05,139.9168701171875
2016-10-06,139.75416564941406
2016-10-07,138.53860473632812
2016-10-10,140.03176879882812
2016-10-11,139.0841827392578
2016-10-12,138.5673065185547
2016-10-13,138.6247100830078
2016-10-14,138.3184356689453
2016-10-17,137.83985900878906
2016-10-18,137.79202270507812
2016-10-19,138.78744506835938
2016-10-20,138.2227325439453
2016-10-21,138.0887451171875
2016-10-24,138.5768585205078
2016-10-25,137.926025390625
2016-10-26,137.01670837402344
2016-10-27,137.8876953125
2016-10-28,137.85899353027344
2016-10-31,138.64390563964844
2016-11-01,137.75372314453125
2016-11-02,138.18443298339844
2016-11-03,138.7778778076172
2016-11-04,139.1416015625
2016-11-07,143.48707580566406
2016-11-08,143.3243408203125
2016-11-09,144.6165313720703
2016-11-10,147.3922882080078
2016-11-11,147.74642944335938
2016-11-14,151.0198974609375
2016-11-15,151.96751403808594
2016-11-16,150.70401000976562
2016-11-17,151.50804138183594
2016-11-18,152.7140350341797
2016-11-21,153.34579467773438
2016-11-22,153.4893798828125
2016-11-23,155.20265197753906
2016-11-25,155.77691650390625
2016-11-28,154.6475372314453
2016-11-29,154.24554443359375
2016-11-30,154.96336364746094
2016-12-01,155.8247833251953
2016-12-02,156.0162353515625
2016-12-05,156.47564697265625
2016-12-06,157.6817169189453
2016-12-07,161.60597229003906
2016-12-08,162.52488708496094
2016-12-09,162.32388305664062
2016-12-12,160.68714904785156
2016-12-13,161.10830688476562
2016-12-14,158.8876953125
2016-12-15,159.7587127685547
2016-12-16,158.3420867919922
2016-12-19,159.13656616210938
2016-12-20,160.70626831054688
2016-12-21,159.24058532714844
2016-12-22,158.11830139160156
2016-12-23,158.50198364257812
2016-12-27,158.67465209960938
2016-12-28,156.90008544921875
2016-12-29,156.7849884033203
2016-12-30,156.19984436035156
2017-01-03,155.8065643310547
2017-01-04,157.2454071044922
2017-01-05,156.3149871826172
2017-01-06,157.0823211669922
2017-01-09,155.79696655273438
2017-01-10,156.8905029296875
2017-01-11,158.66506958007812
2017-01-12,157.87847900390625
2017-01-13,158.8185272216797
2017-01-17,157.10154724121094
2017-01-18,157.71542358398438
2017-01-19,158.29095458984375
2017-01-20,159.4132537841797
2017-01-23,157.89768981933594
2017-01-24,160.40126037597656
2017-01-25,162.74176025390625
2017-01-26,163.57626342773438
2017-01-27,163.1062469482422
2017-01-30,160.9288330078125
2017-01-31,158.6554718017578
2017-02-01,158.29095458984375
2017-02-02,157.1686553955078
2017-02-03,159.55714416503906
2017-02-06,159.45159912109375
2017-02-07,159.15426635742188
2017-02-08,159.66262817382812
2017-02-09,161.3125
2017-02-10,162.33889770507812
2017-02-13,163.6913604736328
2017-02-14,163.14463806152344
2017-02-15,165.13980102539062
2017-02-16,163.85447692871094
2017-02-17,164.19020080566406
2017-02-21,164.8040771484375
2017-02-22,163.34608459472656
2017-02-23,161.42762756347656
2017-02-24,162.96237182617188
2017-02-27,163.90240478515625
2017-02-28,162.91444396972656
2017-03-01,165.9359893798828
2017-03-02,163.326904296875
2017-03-03,164.20938110351562
2017-03-06,162.96237182617188
2017-03-07,161.09193420410156
2017-03-08,160.382080078125
2017-03-09,159.35572814941406
2017-03-10,160.7753448486328
2017-03-13,160.09429931640625
2017-03-14,157.8401336669922
2017-03-15,159.7298126220703
2017-03-16,159.01040649414062
2017-03-17,158.29095458984375
2017-03-20,157.53318786621094
2017-03-21,154.52122497558594
2017-03-22,155.5092010498047
2017-03-23,154.64590454101562
2017-03-24,154.59591674804688
2017-03-27,154.61512756347656
2017-03-28,157.4716033935547
2017-03-29,157.05804443359375
2017-03-30,158.3563995361328
2017-03-31,157.72169494628906
2017-04-03,157.2023162841797
2017-04-04,157.39466857910156
2017-04-05,157.260009765625
2017-04-06,158.01019287109375
2017-04-07,157.54856872558594
2017-04-10,158.77000427246094
2017-04-11,158.12564086914062
2017-04-12,155.2787628173828
2017-04-13,153.55718994140625
2017-04-17,155.5384521484375
2017-04-18,154.5478057861328
2017-04-19,155.3268585205078
2017-04-20,157.9525146484375
2017-04-21,158.12564086914062
2017-04-24,160.67434692382812
2017-04-25,160.20306396484375
2017-04-26,158.92388916015625
2017-04-27,159.25088500976562
2017-04-28,157.6062469482422
2017-05-01,157.1445770263672
2017-05-02,158.51995849609375
2017-05-03,158.26986694335938
2017-05-04,158.45262145996094
2017-05-05,159.28936767578125
2017-05-08,157.53895568847656
2017-05-09,158.22178649902344
2017-05-10,157.2023162841797
2017-05-11,156.721435546875
2017-05-12,156.09629821777344
2017-05-15,157.18307495117188
2017-05-16,157.06768798828125
2017-05-17,152.2299346923828
2017-05-18,152.86471557617188
2017-05-19,153.98037719726562
2017-05-22,155.5192108154297
2017-05-23,156.3848114013672
2017-05-24,156.59640502929688
2017-05-25,159.01046752929688
2017-05-26,159.31820678710938
2017-05-30,159.04893493652344
2017-05-31,159.11624145507812
2017-06-01,161.13597106933594
2017-06-02,162.01119995117188
2017-06-05,161.7034454345703
2017-06-06,161.0494384765625
2017-06-07,162.07852172851562
2017-06-08,162.01119995117188
2017-06-09,161.9342498779297
2017-06-12,163.04031372070312
2017-06-13,164.2040252685547
2017-06-14,162.9344940185547
2017-06-15,163.28073120117188
2017-06-16,163.3096160888672
2017-06-19,164.40603637695312
2017-06-20,161.57838439941406
2017-06-21,161.3668212890625
2017-06-22,161.87655639648438
2017-06-23,163.1557159423828
2017-06-26,163.98284912109375
2017-06-27,162.99302673339844
2017-06-28,165.3180389404297
2017-06-29,164.65237426757812
2017-06-30,166.00302124023438
2017-07-03,167.41152954101562
2017-07-05,167.51763916015625
2017-07-06,166.30210876464844
2017-07-07,168.4148712158203
2017-07-10,168.0193328857422
2017-07-11,166.70724487304688
2017-07-12,168.70428466796875
2017-07-13,168.46311950683594
2017-07-14,169.21560668945312
2017-07-17,168.4148712158203
2017-07-18,167.2861328125
2017-07-19,166.34066772460938
2017-07-20,164.71990966796875
2017-07-21,164.49798583984375
2017-07-24,163.70693969726562
2017-07-25,164.78741455078125
2017-07-26,164.66200256347656
2017-07-27,159.57781982421875
2017-07-28,160.18563842773438
2017-07-31,159.413818359375
2017-08-01,158.8253631591797
2017-08-02,159.26910400390625
2017-08-03,159.91546630859375
2017-08-04,161.1407012939453
2017-08-07,161.44943237304688
2017-08-08,160.33998107910156
2017-08-09,160.33998107910156
2017-08-10,158.79640197753906
2017-08-11,159.56817626953125
2017-08-14,162.39486694335938
2017-08-15,162.8579559326172
2017-08-16,163.07984924316406
2017-08-17,159.19192504882812
2017-08-18,158.0052947998047
2017-08-21,158.63238525390625
2017-08-22,159.99264526367188
2017-08-23,157.87025451660156
2017-08-24,156.8668975830078
2017-08-25,158.66134643554688
2017-08-28,159.2208709716797
2017-08-29,160.66799926757812
2017-08-30,161.87393188476562
2017-08-31,162.08615112304688
2017-09-01,162.69395446777344
2017-09-05,161.11175537109375
2017-09-06,161.90286254882812
2017-09-07,162.68434143066406
2017-09-08,163.34031677246094
2017-09-11,165.0575408935547
2017-09-12,166.06089782714844
2017-09-13,165.91615295410156
2017-09-14,165.37591552734375
2017-09-15,162.07652282714844
2017-09-18,165.66534423828125
2017-09-19,165.5592498779297
2017-09-20,168.0096435546875
2017-09-21,168.3666229248047
2017-09-22,168.91651916503906
2017-09-25,169.10948181152344
2017-09-26,170.29318237304688
2017-09-27,171.2119140625
2017-09-28,171.9952392578125
2017-09-29,172.54647827148438
2017-10-02,172.29501342773438
2017-10-03,173.4942626953125
2017-10-04,172.64320373535156
2017-10-05,172.29501342773438
2017-10-06,171.91787719726562
2017-10-09,171.59873962402344
2017-10-10,172.81724548339844
2017-10-11,173.52325439453125
2017-10-12,174.68374633789062
2017-10-13,172.87527465820312
2017-10-16,171.5310516357422
2017-10-17,170.89279174804688
2017-10-18,172.23699951171875
2017-10-19,172.01458740234375
2017-10-20,173.56192016601562
2017-10-23,172.92364501953125
2017-10-24,173.16539001464844
2017-10-25,170.5252685546875
2017-10-26,172.13064575195312
2017-10-27,172.86561584472656
2017-10-30,170.59295654296875
2017-10-31,169.83868408203125
2017-11-01,170.3028564453125
2017-11-02,170.22547912597656
2017-11-03,169.8870391845703
2017-11-06,169.45181274414062
2017-11-07,168.28164672851562
2017-11-08,167.62403869628906
2017-11-09,165.67054748535156
2017-11-10,165.48678588867188
2017-11-13,165.80592346191406
2017-11-14,165.3417205810547
2017-11-15,164.45201110839844
2017-11-16,167.20819091796875
2017-11-17,165.39974975585938
2017-11-20,166.01869201660156
2017-11-21,167.701416015625
2017-11-22,167.81747436523438
2017-11-24,167.701416015625
2017-11-27,167.1598663330078
2017-11-28,170.0320587158203
2017-11-29,175.82485961914062
2017-11-30,179.35472106933594
2017-12-01,177.87509155273438
2017-12-04,181.095458984375
2017-12-05,178.5714111328125
2017-12-06,178.5617218017578
2017-12-07,180.97943115234375
2017-12-08,181.6370391845703
2017-12-11,181.18251037597656
2017-12-12,181.1631622314453
2017-12-13,181.68539428710938
2017-12-14,180.399169921875
2017-12-15,181.53065490722656
2017-12-18,183.87100219726562
2017-12-19,184.0900115966797
2017-12-20,185.82470703125
2017-12-21,185.8925323486328
2017-12-22,186.65811157226562
2017-12-26,186.56117248535156
2017-12-27,186.98760986328125
2017-12-28,186.41586303710938
2017-12-29,185.70838928222656
2018-01-02,189.0324249267578
2018-01-03,189.23593139648438
2018-01-04,189.8948974609375
2018-01-05,190.80584716796875
2018-01-08,192.3467559814453
2018-01-09,192.71498107910156
2018-01-10,192.8991241455078
2018-01-11,197.4732666015625
2018-01-12,198.98507690429688
2018-01-16,196.25218200683594
2018-01-17,196.87242126464844
2018-01-18,196.9887237548828
2018-01-19,197.70582580566406
2018-01-22,198.59739685058594
2018-01-23,198.26791381835938
2018-01-24,195.40907287597656
2018-01-25,192.32736206054688
2018-01-26,194.30430603027344
2018-01-29,194.0717315673828
2018-01-30,191.44546508789062
2018-01-31,191.5520782470703
2018-02-01,190.47637939453125
2018-02-02,186.38681030273438
2018-02-05,180.77569580078125
2018-02-06,183.75083923339844
2018-02-07,184.26443481445312
2018-02-08,177.26756286621094
2018-02-09,176.9865264892578
2018-02-12,179.8065643310547
2018-02-13,181.15362548828125
2018-02-14,182.8204803466797
2018-02-15,184.1675567626953
2018-02-16,183.48916625976562
2018-02-20,180.64971923828125
2018-02-21,181.25054931640625
2018-02-22,182.3940887451172
2018-02-23,185.0688018798828
2018-02-26,188.39279174804688
2018-02-27,184.15786743164062
2018-02-28,181.5606689453125
2018-03-01,180.91134643554688
2018-03-02,180.95013427734375
2018-03-05,181.27963256835938
2018-03-06,182.76234436035156
2018-03-07,182.16151428222656
2018-03-08,183.15968322753906
2018-03-09,188.03424072265625
2018-03-12,187.5496826171875
2018-03-13,188.3637237548828
2018-03-14,185.14633178710938
2018-03-15,185.6114959716797
2018-03-16,187.2589569091797
2018-03-19,186.551513671875
2018-03-20,187.30740356445312
2018-03-21,186.52243041992188
2018-03-22,181.20230102539062
2018-03-23,177.730712890625
2018-03-26,181.52317810058594
2018-03-27,178.09051513671875
2018-03-28,178.25584411621094
2018-03-29,181.873291015625
2018-04-02,178.25584411621094
2018-04-03,181.77603149414062
2018-04-04,181.59129333496094
2018-04-05,182.79708862304688
2018-04-06,177.41954040527344
2018-04-09,176.92361450195312
2018-04-10,178.74203491210938
2018-04-11,178.20721435546875
2018-04-12,181.1050567626953
2018-04-13,181.30926513671875
2018-04-16,185.55877685546875
2018-04-17,185.1697998046875
2018-04-18,188.4468994140625
2018-04-19,186.7743377685547
2018-04-20,184.94613647460938
2018-04-23,185.74351501464844
2018-04-24,181.97052001953125
2018-04-25,183.8667449951172
2018-04-26,182.44699096679688
2018-04-27,184.77110290527344
2018-04-30,182.52479553222656
2018-05-01,181.9024658203125
2018-05-02,180.083984375
2018-05-03,179.6755828857422
2018-05-04,181.77603149414062
2018-05-07,181.51345825195312
2018-05-08,182.88461303710938
2018-05-09,184.04176330566406
2018-05-10,185.88941955566406
2018-05-11,187.84396362304688
2018-05-14,186.83267211914062
2018-05-15,186.0547332763672
2018-05-16,187.65921020507812
2018-05-17,188.38853454589844
2018-05-18,188.26214599609375
2018-05-21,190.6446075439453
2018-05-22,188.3496551513672
2018-05-23,188.21351623535156
2018-05-24,190.3820037841797
2018-05-25,191.1988525390625
2018-05-29,188.52467346191406
2018-05-30,191.49058532714844
2018-05-31,188.7483367919922
2018-06-01,191.2474822998047
2018-06-04,189.8666534423828
2018-06-05,189.1761932373047
2018-06-06,190.30421447753906
2018-06-07,190.4111785888672
2018-06-08,192.08377075195312
2018-06-11,194.23284912109375
2018-06-12,194.787109375
2018-06-13,193.2895965576172
2018-06-14,193.4354248046875
2018-06-15,194.48565673828125
2018-06-18,194.10641479492188
2018-06-19,190.8390655517578
2018-06-20,190.93630981445312
2018-06-21,190.14862060546875
2018-06-22,189.1664581298828
2018-06-25,184.8197021484375
2018-06-26,183.94400024414062
2018-06-27,181.39869689941406
2018-06-28,180.9208526611328
2018-06-29,181.61322021484375
2018-07-02,183.38812255859375
2018-07-03,182.03257751464844
2018-07-05,183.0760498046875
2018-07-06,183.8074493408203
2018-07-09,187.64002990722656
2018-07-10,187.08416748046875
2018-07-11,183.1930694580078
2018-07-12,184.10977172851562
2018-07-13,185.10447692871094
2018-07-16,183.23207092285156
2018-07-17,183.7294158935547
2018-07-18,187.9130859375
2018-07-19,188.7030029296875
2018-07-20,188.51771545410156
2018-07-23,189.78550720214844
2018-07-24,186.87937927246094
2018-07-25,191.24830627441406
2018-07-26,192.85739135742188
2018-07-27,192.26251220703125
2018-07-30,191.8919677734375
2018-07-31,194.34945678710938
2018-08-01,192.662353515625
2018-08-02,193.95936584472656
2018-08-03,194.84683227539062
2018-08-06,196.01707458496094
2018-08-07,196.95327758789062
2018-08-08,196.14385986328125
2018-08-09,195.5197296142578
2018-08-10,194.61277770996094
2018-08-13,193.41326904296875
2018-08-14,195.23690795898438
2018-08-15,195.1881561279297
2018-08-16,196.52420043945312
2018-08-17,197.25558471679688
2018-08-20,199.7423858642578
2018-08-21,201.05889892578125
2018-08-22,198.9427032470703
2018-08-23,197.93826293945312
2018-08-24,198.3770751953125
2018-08-27,200.57130432128906
2018-08-28,200.22023010253906
2018-08-29,200.24948120117188
2018-08-30,198.85494995117188
2018-08-31,198.71841430664062
2018-09-04,198.97195434570312
2018-09-05,200.06419372558594
2018-09-06,199.68385314941406
2018-09-07,199.46932983398438
2018-09-10,202.98007202148438
2018-09-11,202.61924743652344
2018-09-12,202.3267059326172
2018-09-13,201.3807373046875
2018-09-14,203.31163024902344
2018-09-17,201.5270233154297
2018-09-18,202.34619140625
2018-09-19,202.31695556640625
2018-09-20,202.40472412109375
2018-09-21,202.67774963378906
2018-09-24,199.7423858642578
2018-09-25,198.73793029785156
2018-09-26,199.98342895507812
2018-09-27,200.0811767578125
2018-09-28,199.97364807128906
2018-10-01,200.5406494140625
2018-10-02,198.32144165039062
2018-10-03,199.40660095214844
2018-10-04,198.61471557617188
2018-10-05,197.06033325195312
2018-10-08,196.96253967285156
2018-10-09,193.2866668701172
2018-10-10,185.53407287597656
2018-10-11,182.8260498046875
2018-10-12,184.4586639404297
2018-10-15,185.5145263671875
2018-10-16,188.98509216308594
2018-10-17,187.89016723632812
2018-10-18,182.9824676513672
2018-10-19,183.52015686035156
2018-10-22,183.47128295898438
2018-10-23,180.059326171875
2018-10-24,174.1251678466797
2018-10-25,177.35133361816406
2018-10-26,175.1321258544922
2018-10-29,174.0078582763672
2018-10-30,178.92530822753906
2018-10-31,179.11106872558594
2018-11-01,182.3959197998047
2018-11-02,182.31768798828125
2018-11-05,182.3372344970703
2018-11-06,184.41957092285156
2018-11-07,188.56471252441406
2018-11-08,187.63597106933594
2018-11-09,185.12347412109375
2018-11-12,182.60121154785156
2018-11-13,183.7743377685547
2018-11-14,184.2436065673828
2018-11-15,187.0396270751953
2018-11-16,186.61924743652344
2018-11-19,185.7002716064453
2018-11-20,180.00070190429688
2018-11-21,182.62075805664062
2018-11-23,182.8065185546875
2018-11-26,184.72265625
2018-11-27,185.20169067382812
2018-11-28,189.85519409179688
2018-11-29,188.41807556152344
2018-11-30,190.9110107421875
2018-12-03,191.3509521484375
2018-12-04,182.97268676757812
2018-12-06,182.76739501953125
2018-12-07,175.43521118164062
2018-12-10,174.17405700683594
2018-12-11,173.50927734375
2018-12-12,173.54837036132812
2018-12-13,170.72303771972656
2018-12-14,167.98568725585938
2018-12-17,165.9539337158203
2018-12-18,166.65992736816406
2018-12-19,161.4432373046875
2018-12-20,159.27610778808594
2018-12-21,156.530517578125
2018-12-24,152.37283325195312
2018-12-26,160.52146911621094
2018-12-27,161.5216827392578
2018-12-28,160.61952209472656
2018-12-31,161.8060302734375
2019-01-02,162.247314453125
2019-01-03,156.62855529785156
2019-01-04,162.68856811523438
2019-01-07,163.97312927246094
2019-01-08,166.59127807617188
2019-01-09,169.06236267089844
2019-01-10,169.78797912597656
2019-01-11,169.68011474609375
2019-01-14,169.82720947265625
2019-01-15,168.56224060058594
2019-01-16,169.38592529296875
2019-01-17,172.00411987304688
2019-01-18,176.4853515625
2019-01-22,173.1317596435547
2019-01-23,171.55303955078125
2019-01-24,173.49459838867188
2019-01-25,174.9066162109375
2019-01-28,174.77915954589844
2019-01-29,175.69110107421875
2019-01-30,177.7503204345703
2019-01-31,177.3286590576172
2019-02-01,178.53480529785156
2019-02-04,180.05467224121094
2019-02-05,180.79995727539062
2019-02-06,180.47633361816406
2019-02-07,179.90762329101562
2019-02-08,179.65264892578125
2019-02-11,181.80014038085938
2019-02-12,184.34963989257812
2019-02-13,185.2615966796875
2019-02-14,186.01663208007812
2019-02-15,186.63441467285156
2019-02-19,187.5169219970703
2019-02-20,187.6345977783203
2019-02-21,187.6934356689453
2019-02-22,187.02664184570312
2019-02-25,186.99722290039062
2019-02-26,186.33042907714844
2019-02-27,185.41848754882812
2019-02-28,185.12429809570312
2019-03-01,185.1341094970703
2019-03-04,183.95742797851562
2019-03-05,182.4669189453125
2019-03-06,181.4961395263672
2019-03-07,179.7703399658203
2019-03-08,179.103515625
2019-03-11,182.51596069335938
2019-03-12,181.6334228515625
2019-03-13,183.49655151367188
2019-03-14,183.02586364746094
2019-03-15,182.69247436523438
2019-03-18,184.28099060058594
2019-03-19,181.9178009033203
2019-03-20,179.53623962402344
2019-03-21,182.0643768310547
2019-03-22,177.85409545898438
2019-03-25,176.9589385986328
2019-03-26,178.81813049316406
2019-03-27,180.4609375
2019-03-28,182.5857391357422
2019-03-29,184.20884704589844
2019-04-01,188.3109130859375
2019-04-02,188.094482421875
2019-04-03,188.28138732910156
2019-04-04,189.0585174560547
2019-04-05,189.85531616210938
2019-04-08,190.11109924316406
2019-04-09,188.3010711669922
2019-04-10,189.2749481201172
2019-04-11,190.81935119628906
2019-04-12,193.16058349609375
2019-04-15,191.4292449951172
2019-04-16,191.5374755859375
2019-04-17,193.38682556152344
2019-04-18,194.35089111328125
2019-04-22,194.19346618652344
2019-04-23,194.6262969970703
2019-04-24,196.2789306640625
2019-04-25,191.74403381347656
2019-04-26,192.4228057861328
2019-04-29,191.1439971923828
2019-04-30,191.8522491455078
2019-05-01,188.59617614746094
2019-05-02,190.93740844726562
2019-05-03,194.03607177734375
2019-05-06,193.01303100585938
2019-05-07,188.89129638671875
2019-05-08,188.36009216308594
2019-05-09,188.2125244140625
2019-05-10,187.69117736816406
2019-05-13,182.49720764160156
2019-05-14,185.15321350097656
2019-05-15,185.51719665527344
2019-05-16,187.80921936035156
2019-05-17,185.9598388671875
2019-05-20,185.4483184814453
2019-05-21,186.25494384765625
2019-05-22,183.1956329345703
2019-05-23,180.21499633789062
2019-05-24,179.66412353515625
2019-05-28,177.2835693359375
2019-05-29,175.96539306640625
2019-05-30,176.05392456054688
2019-05-31,172.72900390625
2019-06-03,173.1126251220703
2019-06-04,178.9755401611328
2019-06-05,180.5101318359375
2019-06-06,178.93617248535156
2019-06-07,180.0182647705078
2019-06-10,181.68072509765625
2019-06-11,181.02163696289062
2019-06-12,181.83811950683594
2019-06-13,183.66783142089844
2019-06-14,182.9103546142578
2019-06-17,181.0237579345703
2019-06-18,183.1748046875
2019-06-19,183.54974365234375
2019-06-20,184.83248901367188
2019-06-21,183.83590698242188
2019-06-24,181.01388549804688
2019-06-25,179.4943389892578
2019-06-26,180.69813537597656
2019-06-27,183.00704956054688
2019-06-28,185.69093322753906
2019-07-01,186.54937744140625
2019-07-02,184.95089721679688
2019-07-03,186.875
2019-07-05,186.17442321777344
2019-07-08,184.9114227294922
2019-07-09,183.53001403808594
2019-07-10,182.6814422607422
2019-07-11,184.4377899169922
2019-07-12,188.8484344482422
2019-07-15,188.11825561523438
2019-07-16,191.5816650390625
2019-07-17,184.7042236328125
2019-07-18,187.04273986816406
2019-07-19,188.23667907714844
2019-07-22,188.58201599121094
2019-07-23,190.11143493652344
2019-07-24,191.25604248046875
2019-07-25,189.7858123779297
2019-07-26,191.25604248046875
2019-07-29,191.2264404296875
2019-07-30,191.4237823486328
2019-07-31,190.06210327148438
2019-08-01,185.2074432373047
2019-08-02,184.2602081298828
2019-08-05,178.2115936279297
2019-08-06,180.6586456298828
2019-08-07,180.21463012695312
2019-08-08,183.3524169921875
2019-08-09,181.21121215820312
2019-08-12,178.2017364501953
2019-08-13,180.28370666503906
2019-08-14,174.78765869140625
2019-08-15,173.40628051757812
2019-08-16,177.20513916015625
2019-08-19,179.2081756591797
2019-08-20,177.8465118408203
2019-08-21,179.7212677001953
2019-08-22,179.12924194335938
2019-08-23,173.22865295410156
2019-08-26,174.80740356445312
2019-08-27,173.02145385742188
2019-08-28,176.1986846923828
2019-08-29,179.69166564941406
2019-08-30,180.06663513183594
2019-09-03,177.7478485107422
2019-09-04,179.89889526367188
2019-09-05,184.5561981201172
2019-09-06,183.39187622070312
2019-09-09,187.1611328125
2019-09-10,189.9634246826172
2019-09-11,191.45338439941406
2019-09-12,190.6640167236328
2019-09-13,192.49929809570312
2019-09-16,190.96987915039062
2019-09-17,190.5554656982422
2019-09-18,188.27613830566406
2019-09-19,186.90460205078125
2019-09-20,186.0757598876953
2019-09-23,184.8719482421875
2019-09-24,183.9545135498047
2019-09-25,185.7775115966797
2019-09-26,185.272216796875
2019-09-27,184.0833282470703
2019-09-30,184.420166015625
2019-10-01,180.17971801757812
2019-10-02,176.00860595703125
2019-10-03,176.6625213623047
2019-10-04,178.5647735595703
2019-10-07,178.22792053222656
2019-10-08,174.90887451171875
2019-10-09,177.01919555664062
2019-10-10,179.18894958496094
2019-10-11,183.0826416015625
2019-10-14,182.48818969726562
2019-10-15,184.85610961914062
2019-10-16,185.6487274169922
2019-10-17,186.7583770751953
2019-10-18,186.8673553466797
2019-10-21,189.49285888671875
2019-10-22,191.216796875
2019-10-23,190.87002563476562
2019-10-24,189.93870544433594
2019-10-25,193.2082061767578
2019-10-28,193.1289520263672
2019-10-29,192.66329956054688
2019-10-30,189.3145294189453
2019-10-31,186.97633361816406
2019-11-01,190.97900390625
2019-11-04,195.2293701171875
2019-11-05,196.53717041015625
2019-11-06,196.10122680664062
2019-11-07,197.26043701171875
2019-11-08,196.84429931640625
2019-11-11,196.19041442871094
2019-11-12,194.9222412109375
2019-11-13,192.9010772705078
2019-11-14,193.33702087402344
2019-11-15,193.6045379638672
2019-11-18,193.7630615234375
2019-11-19,193.22802734375
2019-11-20,190.43409729003906
2019-11-21,190.245849609375
2019-11-22,192.0787353515625
2019-11-25,194.94203186035156
2019-11-26,195.43743896484375
2019-11-27,195.02130126953125
2019-11-29,193.5648956298828
2019-12-02,191.32577514648438
2019-12-03,187.1744842529297
2019-12-04,188.4030303955078
2019-12-05,188.47238159179688
2019-12-06,190.87994384765625
2019-12-09,190.2854766845703
2019-12-10,189.47305297851562
2019-12-11,190.38455200195312
2019-12-12,192.38587951660156
2019-12-13,192.13818359375
2019-12-16,193.80482482910156
2019-12-17,193.94395446777344
2019-12-18,192.26441955566406
2019-12-19,192.68182373046875
2019-12-20,194.30172729492188
2019-12-23,194.62969970703125
2019-12-24,194.6396484375
2019-12-26,195.1862335205078
2019-12-27,194.93777465820312
2019-12-30,193.89427185058594
2019-12-31,194.35142517089844
2020-01-02,195.92166137695312
2020-01-03,194.570068359375
2020-01-06,193.4073028564453
2020-01-07,194.08309936523438
2020-01-08,195.68313598632812
2020-01-09,196.56764221191406
2020-01-10,195.58377075195312
2020-01-13,197.22357177734375
2020-01-14,199.03233337402344
2020-01-15,199.53916931152344
2020-01-16,201.57650756835938
2020-01-17,201.02989196777344
2020-01-21,197.37265014648438
2020-01-22,196.21981811523438
2020-01-23,198.61492919921875
2020-01-24,197.22357177734375
2020-01-27,192.44329833984375
2020-01-28,193.5364990234375
2020-01-29,194.33154296875
2020-01-30,193.17872619628906
2020-01-31,188.36862182617188
2020-02-03,188.67672729492188
2020-02-04,192.1352081298828
2020-02-05,194.7290802001953
2020-02-06,193.9539031982422
2020-02-07,193.82470703125
2020-02-10,193.93402099609375
2020-02-11,194.46075439453125
2020-02-12,196.28936767578125
2020-02-13,196.09060668945312
2020-02-14,193.79489135742188
2020-02-18,193.90420532226562
2020-02-19,195.37506103515625
2020-02-20,196.93536376953125
2020-02-21,194.6992645263672
2020-02-24,187.8120880126953
2020-02-25,179.7720947265625
2020-02-26,175.78688049316406
2020-02-27,169.66494750976562
2020-02-28,167.68724060058594
2020-03-02,169.32704162597656
2020-03-03,164.47720336914062
2020-03-04,170.34072875976562
2020-03-05,161.277099609375
2020-03-06,160.13421630859375
2020-03-09,144.6206817626953
2020-03-10,152.28302001953125
2020-03-11,145.50518798828125
2020-03-12,130.0711669921875
2020-03-13,141.6988525390625
2020-03-16,126.01637268066406
2020-03-17,134.44395446777344
2020-03-18,124.0883560180664
2020-03-19,126.40396118164062
2020-03-20,122.28955078125
2020-03-23,119.38758850097656
2020-03-24,134.92098999023438
2020-03-25,138.5399932861328
2020-03-26,144.02999877929688
2020-03-27,137.7100067138672
2020-03-30,139.25
2020-03-31,138.22999572753906
2020-04-01,131.5800018310547
2020-04-02,133.25
2020-04-03,130.67999267578125
2020-04-06,140.24000549316406
2020-04-07,140.83999633789062
2020-04-08,145.66000366210938
2020-04-09,147.42999267578125
2020-04-13,144.00999450683594
2020-04-14,146.27000427246094
2020-04-15,143.17999267578125
2020-04-16,142.80999755859375
