Date,KBWB
2011-11-01,16.899242401123047
2011-11-02,17.0262393951416
2011-11-03,16.983909606933594
2011-11-04,17.170166015625
2011-11-07,17.297168731689453
2011-11-08,17.534231185913086
2011-11-09,16.797636032104492
2011-11-10,17.03470230102539
2011-11-11,17.305635452270508
2011-11-14,16.890775680541992
2011-11-15,17.017772674560547
2011-11-16,16.61138343811035
2011-11-17,16.25578498840332
2011-11-18,16.39971351623535
2011-11-21,15.950986862182617
2011-11-22,15.705459594726562
2011-11-23,15.30753231048584
2011-11-25,15.30753231048584
2011-11-28,15.519196510314941
2011-11-29,15.722390174865723
2011-11-30,16.289648056030273
2011-12-01,16.518247604370117
2011-12-02,17.08551025390625
2011-12-05,17.5003662109375
2011-12-06,17.153242111206055
2011-12-07,17.017772674560547
2011-12-08,16.670642852783203
2011-12-09,17.12784194946289
2011-12-12,16.70450782775879
2011-12-13,16.442047119140625
2011-12-14,16.357383728027344
2011-12-15,16.41664695739746
2011-12-16,16.47416877746582
2011-12-19,16.053512573242188
2011-12-20,16.76604461669922
2011-12-21,16.83472442626953
2011-12-22,17.39273452758789
2011-12-23,17.487171173095703
2011-12-27,17.3583984375
2011-12-28,17.023588180541992
2011-12-29,17.375564575195312
2011-12-30,17.255380630493164
2012-01-03,17.796220779418945
2012-01-04,17.91640853881836
2012-01-05,18.311304092407227
2012-01-06,18.259798049926758
2012-01-09,18.448657989501953
2012-01-10,18.774885177612305
2012-01-11,19.015254974365234
2012-01-12,19.13545036315918
2012-01-13,19.109689712524414
2012-01-17,18.817808151245117
2012-01-18,18.972333908081055
2012-01-19,19.015254974365234
2012-01-20,19.04960060119629
2012-01-23,19.092514038085938
2012-01-24,19.075353622436523
2012-01-25,19.092514038085938
2012-01-26,18.628950119018555
2012-01-27,18.817808151245117
2012-01-30,18.63753318786621
2012-01-31,18.706201553344727
2012-02-01,19.02383804321289
2012-02-02,19.152612686157227
2012-02-03,19.77071189880371
2012-02-06,19.710628509521484
2012-02-07,19.719207763671875
2012-02-08,19.839387893676758
2012-02-09,19.839387893676758
2012-02-10,19.573266983032227
2012-02-13,19.736379623413086
2012-02-14,19.453081130981445
2012-02-15,19.42732810974121
2012-02-16,19.830812454223633
2012-02-17,20.02825927734375
2012-02-21,19.976757049560547
2012-02-22,19.599023818969727
2012-02-23,19.74496078491211
2012-02-24,19.659116744995117
2012-02-27,19.916658401489258
2012-02-28,19.993925094604492
2012-02-29,19.942411422729492
2012-03-01,20.139862060546875
2012-03-02,20.07976531982422
2012-03-05,19.79646873474121
2012-03-06,19.21270751953125
2012-03-07,19.616195678710938
2012-03-08,19.916658401489258
2012-03-09,20.12269401550293
2012-03-12,19.950998306274414
2012-03-13,20.878150939941406
2012-03-14,21.15286636352539
2012-03-15,21.73662567138672
2012-03-16,21.855886459350586
2012-03-19,21.968238830566406
2012-03-20,22.071941375732422
2012-03-21,21.95095443725586
2012-03-22,21.605270385742188
2012-03-23,21.78675079345703
2012-03-26,22.106504440307617
2012-03-27,21.821317672729492
2012-03-28,22.04601287841797
2012-03-29,21.734899520874023
2012-03-30,21.890459060668945
2012-04-02,22.028728485107422
2012-04-03,21.95095443725586
2012-04-04,21.596622467041016
2012-04-05,21.527490615844727
2012-04-09,21.112668991088867
2012-04-10,20.637353897094727
2012-04-11,21.034883499145508
2012-04-12,21.397857666015625
2012-04-13,20.77562713623047
2012-04-16,20.991682052612305
2012-04-17,21.42378807067871
2012-04-18,21.250946044921875
2012-04-19,21.086746215820312
2012-04-20,20.965749740600586
2012-04-23,20.836122512817383
2012-04-24,21.034883499145508
2012-04-25,21.276866912841797
2012-04-26,21.484277725219727
2012-04-27,21.553417205810547
2012-04-30,21.26822853088379
2012-05-01,21.56205940246582
2012-05-02,21.3632869720459
2012-05-03,21.259580612182617
2012-05-04,20.836122512817383
2012-05-07,21.026247024536133
2012-05-08,20.836122512817383
2012-05-09,20.602781295776367
2012-05-10,20.654634475708008
2012-05-11,20.464513778686523
2012-05-14,19.95462989807129
2012-05-15,19.73857307434082
2012-05-16,19.522523880004883
2012-05-17,19.2027645111084
2012-05-18,18.986713409423828
2012-05-21,19.081769943237305
2012-05-22,19.332395553588867
2012-05-23,19.401535034179688
2012-05-24,19.47930908203125
2012-05-25,19.46202850341797
2012-05-29,19.73857307434082
2012-05-30,19.271900177001953
2012-05-31,19.470664978027344
2012-06-01,18.528675079345703
2012-06-04,18.122501373291016
2012-06-05,18.36448097229004
2012-06-06,18.874357223510742
2012-06-07,18.960786819458008
2012-06-08,19.23733139038086
2012-06-11,18.831148147583008
2012-06-12,19.2027645111084
2012-06-13,19.185482025146484
2012-06-14,19.436107635498047
2012-06-15,19.78416633605957
2012-06-18,19.688922882080078
2012-06-19,20.087203979492188
2012-06-20,20.104515075683594
2012-06-21,19.636974334716797
2012-06-22,19.957326889038086
2012-06-25,19.420515060424805
2012-06-26,19.50709342956543
2012-06-27,19.77550506591797
2012-06-28,19.71489715576172
2012-06-29,20.251708984375
2012-07-02,20.364269256591797
2012-07-03,20.45950698852539
2012-07-05,20.14781379699707
2012-07-06,20.026594161987305
2012-07-09,19.8967227935791
2012-07-10,19.73221778869629
2012-07-11,19.965986251831055
2012-07-12,19.688922882080078
2012-07-13,20.32097625732422
2012-07-16,20.31231689453125
2012-07-17,20.494140625
2012-07-18,20.372926712036133
2012-07-19,20.26902961730957
2012-07-20,19.862085342407227
2012-07-23,19.671607971191406
2012-07-24,19.68026351928711
2012-07-25,19.78416633605957
2012-07-26,20.121835708618164
2012-07-27,20.40755271911621
2012-07-30,20.225736618041992
2012-07-31,20.165130615234375
2012-08-01,20.087203979492188
2012-08-02,19.77550506591797
2012-08-03,20.416217803955078
2012-08-06,20.42487144470215
2012-08-07,20.779865264892578
2012-08-08,20.6153564453125
2012-08-09,20.624013900756836
2012-08-10,20.520116806030273
2012-08-13,20.667306900024414
2012-08-14,20.72791290283203
2012-08-15,20.72791290283203
2012-08-16,20.814496994018555
2012-08-17,20.94437599182129
2012-08-20,20.987655639648438
2012-08-21,21.039609909057617
2012-08-22,21.022296905517578
2012-08-23,20.762542724609375
2012-08-24,20.927053451538086
2012-08-27,20.927053451538086
2012-08-28,20.901079177856445
2012-08-29,21.022296905517578
2012-08-30,20.901079177856445
2012-08-31,20.961688995361328
2012-09-04,20.9789981842041
2012-09-05,20.927053451538086
2012-09-06,21.50715446472168
2012-09-07,21.844833374023438
2012-09-10,21.68898582458496
2012-09-11,21.888124465942383
2012-09-12,22.026657104492188
2012-09-13,22.632728576660156
2012-09-14,22.883825302124023
2012-09-17,22.546152114868164
2012-09-18,22.424938201904297
2012-09-19,22.563467025756836
2012-09-20,22.38164520263672
2012-09-21,22.309680938720703
2012-09-24,22.379045486450195
2012-09-25,22.01487159729004
2012-09-26,21.841459274291992
2012-09-27,22.101579666137695
2012-09-28,22.00619888305664
2012-10-01,22.07556915283203
2012-10-02,22.13626480102539
2012-10-03,22.413726806640625
2012-10-04,22.864601135253906
2012-10-05,22.82991600036621
2012-10-08,22.734548568725586
2012-10-09,22.604480743408203
2012-10-10,22.6304988861084
2012-10-11,22.795238494873047
2012-10-12,22.196964263916016
2012-10-15,22.439741134643555
2012-10-16,22.370372772216797
2012-10-17,22.673845291137695
2012-10-18,22.57847023010254
2012-10-19,22.457082748413086
2012-10-22,22.387710571289062
2012-10-23,22.058229446411133
2012-10-24,21.945510864257812
2012-10-25,22.07556915283203
2012-10-26,21.884811401367188
2012-10-31,22.11025047302246
2012-11-01,22.405054092407227
2012-11-02,22.283668518066406
2012-11-05,22.21430206298828
2012-11-06,22.526443481445312
2012-11-07,21.537982940673828
2012-11-08,21.39925765991211
2012-11-09,21.416597366333008
2012-11-12,21.511974334716797
2012-11-13,21.23451042175293
2012-11-14,20.77496337890625
2012-11-15,20.87034797668457
2012-11-16,21.009069442749023
2012-11-19,21.42526626586914
2012-11-20,21.572668075561523
2012-11-21,21.546655654907227
2012-11-23,21.87614631652832
2012-11-26,21.780771255493164
2012-11-27,21.520641326904297
2012-11-28,21.572668075561523
2012-11-29,21.65937614440918
2012-11-30,21.650712966918945
2012-12-03,21.477293014526367
2012-12-04,21.312543869018555
2012-12-05,21.66804313659668
2012-12-06,21.728742599487305
2012-12-07,21.945510864257812
2012-12-10,21.988859176635742
2012-12-11,22.08423614501953
2012-12-12,22.144935607910156
2012-12-13,22.032217025756836
2012-12-14,21.988859176635742
2012-12-17,22.587142944335938
2012-12-18,23.038021087646484
2012-12-19,22.873273849487305
2012-12-20,23.142070770263672
2012-12-21,22.852386474609375
2012-12-24,22.73059844970703
2012-12-26,22.817584991455078
2012-12-27,22.713197708129883
2012-12-28,22.60011100769043
2012-12-31,22.852386474609375
2013-01-02,23.574403762817383
2013-01-03,23.557010650634766
2013-01-04,23.948469161987305
2013-01-07,23.904972076416016
2013-01-08,23.748388290405273
2013-01-09,23.60050392150879
2013-01-10,23.922367095947266
2013-01-11,23.71359634399414
2013-01-14,23.65269660949707
2013-01-15,23.826679229736328
2013-01-16,23.913671493530273
2013-01-17,23.948469161987305
2013-01-18,23.904972076416016
2013-01-22,24.044153213500977
2013-01-23,24.00935935974121
2013-01-24,24.096349716186523
2013-01-25,24.183340072631836
2013-01-28,24.0876522064209
2013-01-29,24.070247650146484
2013-01-30,24.105051040649414
2013-01-31,24.044153213500977
2013-02-01,24.426910400390625
2013-02-04,24.165945053100586
2013-02-05,24.540000915527344
2013-02-06,24.583494186401367
2013-02-07,24.51390266418457
2013-02-08,24.583494186401367
2013-02-11,24.644386291503906
2013-02-12,24.90535545349121
2013-02-13,24.774871826171875
2013-02-14,24.809675216674805
2013-02-15,24.60959815979004
2013-02-19,24.809675216674805
2013-02-20,24.392118453979492
2013-02-21,24.096349716186523
2013-02-22,24.34862518310547
2013-02-25,23.70489501953125
2013-02-26,23.80928611755371
2013-02-27,24.157241821289062
2013-02-28,24.148542404174805
2013-03-01,24.235530853271484
2013-03-04,24.47911262512207
2013-03-05,24.592199325561523
2013-03-06,24.861860275268555
2013-03-07,25.16633415222168
2013-03-08,25.31422233581543
2013-03-11,25.57518768310547
2013-03-12,25.401201248168945
2013-03-13,25.522994995117188
2013-03-14,25.670875549316406
2013-03-15,25.778099060058594
2013-03-18,25.516576766967773
2013-03-19,25.472984313964844
2013-03-20,25.603748321533203
2013-03-21,25.2899112701416
2013-03-22,25.35965347290039
2013-03-25,25.2899112701416
2013-03-26,25.36838150024414
2013-03-27,25.211454391479492
2013-03-28,25.185302734375
2013-04-01,24.976083755493164
2013-04-02,24.967363357543945
2013-04-03,24.52276039123535
2013-04-04,24.749420166015625
2013-04-05,24.723268508911133
2013-04-08,24.984792709350586
2013-04-09,25.15043830871582
2013-04-10,25.49042320251465
2013-04-11,25.438114166259766
2013-04-12,25.15915298461914
2013-04-15,24.601221084594727
2013-04-16,24.932493209838867
2013-04-17,24.470455169677734
2013-04-18,24.20020866394043
2013-04-19,24.557634353637695
2013-04-22,24.54019546508789
2013-04-23,24.99351692199707
2013-04-24,25.316068649291992
2013-04-25,25.37708854675293
2013-04-26,25.24633026123047
2013-04-29,25.411964416503906
2013-04-30,25.481698989868164
2013-05-01,25.15043830871582
2013-05-02,25.298633575439453
2013-05-03,25.52528953552246
2013-05-06,25.87399673461914
2013-05-07,26.135526657104492
2013-05-08,26.379623413085938
2013-05-09,26.152965545654297
2013-05-10,26.24885368347168
2013-05-13,26.388341903686523
2013-05-14,26.86781120300293
2013-05-15,27.04216194152832
2013-05-16,26.998577117919922
2013-05-17,27.43445587158203
2013-05-20,27.565227508544922
2013-05-21,27.62624740600586
2013-05-22,27.33856201171875
2013-05-23,27.199079513549805
2013-05-24,27.31241226196289
2013-05-28,27.68726921081543
2013-05-29,27.765735626220703
2013-05-30,28.166736602783203
2013-05-31,27.138059616088867
2013-06-03,27.652393341064453
2013-06-04,27.38214874267578
2013-06-05,26.92011260986328
2013-06-06,27.251384735107422
2013-06-07,27.669837951660156
2013-06-10,27.826753616333008
2013-06-11,27.373430252075195
2013-06-12,27.0770320892334
2013-06-13,27.48676300048828
2013-06-14,27.050878524780273
2013-06-17,27.12061882019043
2013-06-18,27.451894760131836
2013-06-19,27.242671966552734
2013-06-20,26.876527786254883
2013-06-21,27.026384353637695
2013-06-24,26.56191635131836
2013-06-25,27.21041488647461
2013-06-26,27.447023391723633
2013-06-27,27.92901611328125
2013-06-28,27.639820098876953
2013-07-01,27.858911514282227
2013-07-02,28.042938232421875
2013-07-03,28.016651153564453
2013-07-05,28.70018768310547
2013-07-08,28.92804527282715
2013-07-09,29.068260192871094
2013-07-10,28.76154327392578
2013-07-11,28.67390251159668
2013-07-12,29.024442672729492
2013-07-15,29.18218231201172
2013-07-16,28.945568084716797
2013-07-17,29.173433303833008
2013-07-18,29.637882232666016
2013-07-19,29.725515365600586
2013-07-22,30.04100227355957
2013-07-23,30.058521270751953
2013-07-24,29.865726470947266
2013-07-25,29.769336700439453
2013-07-26,29.681705474853516
2013-07-29,29.418798446655273
2013-07-30,29.453853607177734
2013-07-31,29.61158561706543
2013-08-01,30.18121910095215
2013-08-02,30.11110496520996
2013-08-05,30.023468017578125
2013-08-06,29.716753005981445
2013-08-07,29.480138778686523
2013-08-08,29.5765380859375
2013-08-09,29.42755699157715
2013-08-12,29.366214752197266
2013-08-13,29.471384048461914
2013-08-14,29.471384048461914
2013-08-15,29.103315353393555
2013-08-16,29.173433303833008
2013-08-19,28.770307540893555
2013-08-20,29.08578872680664
2013-08-21,28.86669921875
2013-08-22,29.296104431152344
2013-08-23,29.234766006469727
2013-08-26,29.006916046142578
2013-08-27,28.104286193847656
2013-08-28,28.174392700195312
2013-08-29,28.23573875427246
2013-08-30,28.042938232421875
2013-09-03,28.1568660736084
2013-09-04,28.358423233032227
2013-09-05,28.603797912597656
2013-09-06,28.481111526489258
2013-09-09,28.630084991455078
2013-09-10,28.945568084716797
2013-09-11,28.840412139892578
2013-09-12,28.682662963867188
2013-09-13,28.71772575378418
2013-09-16,28.963098526000977
2013-09-17,29.129606246948242
2013-09-18,29.199710845947266
2013-09-19,28.76154327392578
2013-09-20,28.672760009765625
2013-09-23,28.215682983398438
2013-09-24,28.10141944885254
2013-09-25,28.30358123779297
2013-09-26,28.206897735595703
2013-09-27,28.180524826049805
2013-09-30,28.075042724609375
2013-10-01,28.28600311279297
2013-10-02,28.180524826049805
2013-10-03,28.083837509155273
2013-10-04,28.453014373779297
2013-10-07,27.96957015991211
2013-10-08,27.68828773498535
2013-10-09,27.758609771728516
2013-10-10,28.558496475219727
2013-10-11,28.707921981811523
2013-10-14,28.88372039794922
2013-10-15,28.63759994506836
2013-10-16,29.24411392211914
2013-10-17,29.481433868408203
2013-10-18,29.586912155151367
2013-10-21,29.569332122802734
2013-10-22,29.419906616210938
2013-10-23,29.20016098022461
2013-10-24,29.208946228027344
2013-10-25,29.288057327270508
2013-10-28,29.340795516967773
2013-10-29,29.367168426513672
2013-10-30,29.314422607421875
2013-10-31,29.006776809692383
2013-11-01,29.07710075378418
2013-11-04,29.041942596435547
2013-11-05,29.024356842041016
2013-11-06,29.12983512878418
2013-11-07,28.874921798706055
2013-11-08,29.824243545532227
2013-11-11,29.789077758789062
2013-11-12,29.463857650756836
2013-11-13,29.70117950439453
2013-11-14,29.92093849182129
2013-11-15,30.00003433227539
2013-11-18,29.964879989624023
2013-11-19,30.017620086669922
2013-11-20,29.982460021972656
2013-11-21,30.44832420349121
2013-11-22,30.66808319091797
2013-11-25,30.782346725463867
2013-11-26,30.7383975982666
2013-11-27,30.817506790161133
2013-11-29,30.685657501220703
2013-12-02,30.641704559326172
2013-12-03,30.26374053955078
2013-12-04,30.457115173339844
2013-12-05,30.07915496826172
2013-12-06,30.509859085083008
2013-12-09,30.606548309326172
2013-12-10,30.509859085083008
2013-12-11,30.07915496826172
2013-12-12,30.24616050720215
2013-12-13,30.167043685913086
2013-12-16,30.430740356445312
2013-12-17,30.149465560913086
2013-12-18,30.817506790161133
2013-12-19,30.835094451904297
2013-12-20,30.964109420776367
2013-12-23,31.229202270507812
2013-12-24,31.291067123413086
2013-12-26,31.3264217376709
2013-12-27,31.308738708496094
2013-12-30,31.2380428314209
2013-12-31,31.388259887695312
2014-01-02,31.28223991394043
2014-01-03,31.494306564331055
2014-01-06,31.618032455444336
2014-01-07,31.72406578063965
2014-01-08,31.980342864990234
2014-01-09,32.21009826660156
2014-01-10,32.095211029052734
2014-01-13,31.662221908569336
2014-01-14,31.821277618408203
2014-01-15,32.26311492919922
2014-01-16,31.998014450073242
2014-01-17,31.883132934570312
2014-01-21,32.22776794433594
2014-01-22,32.38683319091797
2014-01-23,31.821277618408203
2014-01-24,31.070146560668945
2014-01-27,30.77853775024414
2014-01-28,31.061307907104492
2014-01-29,30.663660049438477
2014-01-30,30.990619659423828
2014-01-31,30.50459861755371
2014-02-03,29.68276596069336
2014-02-04,30.018571853637695
2014-02-05,30.009727478027344
2014-02-06,30.548768997192383
2014-02-07,30.769697189331055
2014-02-10,30.805038452148438
2014-02-11,31.08782196044922
2014-02-12,31.025964736938477
2014-02-13,31.114337921142578
2014-02-14,31.24688720703125
2014-02-18,31.20269775390625
2014-02-19,30.575288772583008
2014-02-20,30.707839965820312
2014-02-21,30.805038452148438
2014-02-24,31.22036361694336
2014-02-25,30.98177719116211
2014-02-26,31.105497360229492
2014-02-27,31.22036361694336
2014-02-28,31.344083786010742
2014-03-03,31.008285522460938
2014-03-04,31.618032455444336
2014-03-05,31.86546516418457
2014-03-06,32.11288833618164
2014-03-07,32.4133415222168
2014-03-10,32.4133415222168
2014-03-11,32.095211029052734
2014-03-12,32.05985641479492
2014-03-13,31.77707862854004
2014-03-14,31.626861572265625
2014-03-17,31.998014450073242
2014-03-18,32.157081604003906
2014-03-19,32.42216873168945
2014-03-20,33.164459228515625
2014-03-21,33.07143783569336
2014-03-24,33.05372619628906
2014-03-25,33.06258010864258
2014-03-26,32.75250244140625
2014-03-27,32.31841278076172
2014-03-28,32.49558639526367
2014-03-31,32.894256591796875
2014-04-01,33.05372619628906
2014-04-02,33.07143783569336
2014-04-03,33.089168548583984
2014-04-04,32.61962127685547
2014-04-07,32.123512268066406
2014-04-08,32.123512268066406
2014-04-09,32.30068588256836
2014-04-10,31.343896865844727
2014-04-11,31.00724220275879
2014-04-14,31.219863891601562
2014-04-15,31.450206756591797
2014-04-16,31.53878402709961
2014-04-17,31.43248176574707
2014-04-21,31.397043228149414
2014-04-22,31.653968811035156
2014-04-23,31.813425064086914
2014-04-24,31.574234008789062
2014-04-25,31.211009979248047
2014-04-28,30.821199417114258
2014-04-29,31.06039047241211
2014-04-30,31.122411727905273
2014-05-01,31.042686462402344
2014-05-02,31.19328498840332
2014-05-05,31.00724220275879
2014-05-06,30.564285278320312
2014-05-07,30.962953567504883
2014-05-08,31.00724220275879
2014-05-09,30.989524841308594
2014-05-12,31.450206756591797
2014-05-13,31.33503532409668
2014-05-14,30.847780227661133
2014-05-15,30.528841018676758
2014-05-16,30.466825485229492
2014-05-19,30.785762786865234
2014-05-20,30.564285278320312
2014-05-21,30.847780227661133
2014-05-22,30.980667114257812
2014-05-23,31.06926155090332
2014-05-27,31.317312240600586
2014-05-28,31.299596786499023
2014-05-29,31.30845832824707
2014-05-30,31.43248176574707
2014-06-02,31.600807189941406
2014-06-03,31.715984344482422
2014-06-04,31.75142478942871
2014-06-05,32.061492919921875
2014-06-06,32.30954360961914
2014-06-09,32.77907943725586
2014-06-10,32.75250244140625
2014-06-11,32.46901321411133
2014-06-12,32.26523971557617
2014-06-13,32.28297424316406
2014-06-16,32.05263137817383
2014-06-17,32.46901321411133
2014-06-18,32.61076354980469
2014-06-19,32.46015167236328
2014-06-20,32.666378021240234
2014-06-23,32.75526428222656
2014-06-24,32.48860168457031
2014-06-25,32.58637619018555
2014-06-26,32.47081756591797
2014-06-27,32.55971145629883
2014-06-30,32.53304672241211
2014-07-01,32.773040771484375
2014-07-02,32.72859191894531
2014-07-03,33.02193069458008
2014-07-07,32.844154357910156
2014-07-08,32.48860168457031
2014-07-09,32.613040924072266
2014-07-10,32.35527038574219
2014-07-11,32.41748809814453
2014-07-14,32.53304672241211
2014-07-15,33.013038635253906
2014-07-16,32.65748596191406
2014-07-17,31.981931686401367
2014-07-18,32.31970977783203
2014-07-21,32.213050842285156
2014-07-22,32.27527618408203
2014-07-23,32.4263801574707
2014-07-24,32.67525863647461
2014-07-25,32.7108154296875
2014-07-28,32.479713439941406
2014-07-29,32.364158630371094
2014-07-30,32.64859390258789
2014-07-31,32.079715728759766
2014-08-01,31.617488861083984
2014-08-04,31.706378936767578
2014-08-05,31.439722061157227
2014-08-06,31.51972198486328
2014-08-07,31.25305938720703
2014-08-08,31.49304962158203
2014-08-11,31.439722061157227
2014-08-12,31.457504272460938
2014-08-13,31.64415168762207
2014-08-14,31.733057022094727
2014-08-15,31.573043823242188
2014-08-18,31.946382522583008
2014-08-19,31.973052978515625
2014-08-20,32.079715728759766
2014-08-21,32.604148864746094
2014-08-22,32.53304672241211
2014-08-25,32.835262298583984
2014-08-26,32.92415237426758
2014-08-27,32.737491607666016
2014-08-28,32.63082504272461
2014-08-29,32.693050384521484
2014-09-02,32.82638168334961
2014-09-03,32.82638168334961
2014-09-04,32.87969970703125
2014-09-05,32.90637969970703
2014-09-08,32.94193649291992
2014-09-09,32.55971145629883
2014-09-10,32.90637969970703
2014-09-11,33.05747604370117
2014-09-12,33.27968978881836
2014-09-15,33.27081298828125
2014-09-16,33.26192855834961
2014-09-17,33.48413848876953
2014-09-18,33.92858123779297
2014-09-19,33.83848190307617
2014-09-22,33.53514862060547
2014-09-23,33.28536605834961
2014-09-24,33.33888244628906
2014-09-25,32.946346282958984
2014-09-26,33.05340576171875
2014-09-29,32.90175247192383
2014-09-30,32.812530517578125
2014-10-01,32.48243713378906
2014-10-02,32.464599609375
2014-10-03,32.946346282958984
2014-10-06,32.84822463989258
2014-10-07,32.24156951904297
2014-10-08,32.61626434326172
2014-10-09,32.179115295410156
2014-10-10,31.67060661315918
2014-10-13,31.44757843017578
2014-10-14,31.599233627319336
2014-10-15,30.466228485107422
2014-10-16,30.573291778564453
2014-10-17,30.66249656677246
2014-10-20,30.8587703704834
2014-10-21,31.483257293701172
2014-10-22,31.295907974243164
2014-10-23,31.563554763793945
2014-10-24,31.795503616333008
2014-10-27,31.840112686157227
2014-10-28,32.38430404663086
2014-10-29,32.58058166503906
2014-10-30,32.68762969970703
2014-10-31,33.1158561706543
2014-11-03,33.12477111816406
2014-11-04,33.106937408447266
2014-11-05,33.41025924682617
2014-11-06,33.660057067871094
2014-11-07,33.57084655761719
2014-11-10,33.722503662109375
2014-11-11,33.660057067871094
2014-11-12,33.6422119140625
2014-11-13,33.47270202636719
2014-11-14,33.41025924682617
2014-11-17,33.32996368408203
2014-11-18,33.39241027832031
2014-11-19,33.34782028198242
2014-11-20,33.356727600097656
2014-11-21,33.38349533081055
2014-11-24,33.722503662109375
2014-11-25,33.606529235839844
2014-11-26,33.67789840698242
2014-11-28,33.47270202636719
2014-12-01,32.99095916748047
2014-12-02,33.3210334777832
2014-12-03,33.57084655761719
2014-12-04,33.67789840698242
2014-12-05,34.320228576660156
2014-12-08,34.302391052246094
2014-12-09,34.23994827270508
2014-12-10,33.59759521484375
2014-12-11,33.668975830078125
2014-12-12,33.03557205200195
2014-12-15,32.705474853515625
2014-12-16,32.4467658996582
2014-12-17,33.15153503417969
2014-12-18,33.99906539916992
2014-12-19,34.04930877685547
2014-12-22,34.121063232421875
2014-12-23,34.506752014160156
2014-12-24,34.45201110839844
2014-12-26,34.460994720458984
2014-12-29,34.65842056274414
2014-12-30,34.59560775756836
2014-12-31,34.29048538208008
2015-01-02,34.13792037963867
2015-01-05,33.123817443847656
2015-01-06,32.235382080078125
2015-01-07,32.51358413696289
2015-01-08,33.06998062133789
2015-01-09,32.3340950012207
2015-01-12,32.02000045776367
2015-01-13,31.78666877746582
2015-01-14,31.14949607849121
2015-01-15,30.61104393005371
2015-01-16,31.032838821411133
2015-01-20,30.790536880493164
2015-01-21,30.978986740112305
2015-01-22,32.064884185791016
2015-01-23,31.625133514404297
2015-01-26,31.91231346130371
2015-01-27,31.499488830566406
2015-01-28,30.745656967163086
2015-01-29,31.19437026977539
2015-01-30,30.754638671875
2015-02-02,31.41872787475586
2015-02-03,32.028968811035156
2015-02-04,31.849496841430664
2015-02-05,32.31615447998047
2015-02-06,32.89947509765625
2015-02-09,32.684085845947266
2015-02-10,32.89947509765625
2015-02-11,32.79178237915039
2015-02-12,33.437923431396484
2015-02-13,33.48280334472656
2015-02-17,33.599456787109375
2015-02-18,33.159725189208984
2015-02-19,33.1148567199707
2015-02-20,33.437923431396484
2015-02-23,33.21356201171875
2015-02-24,33.59048080444336
2015-02-25,33.62639236450195
2015-02-26,33.536643981933594
2015-02-27,33.38408279418945
2015-03-02,33.71611785888672
2015-03-03,33.67124938964844
2015-03-04,33.464847564697266
2015-03-05,33.6533088684082
2015-03-06,33.725101470947266
2015-03-09,33.877655029296875
2015-03-10,33.061004638671875
2015-03-11,33.37510299682617
2015-03-12,34.20073699951172
2015-03-13,33.92253875732422
2015-03-16,34.155860900878906
2015-03-17,34.23664474487305
2015-03-18,34.155860900878906
2015-03-19,33.752017974853516
2015-03-20,34.184844970703125
2015-03-23,33.950889587402344
2015-03-24,33.63595199584961
2015-03-25,33.0600471496582
2015-03-26,33.14103317260742
2015-03-27,33.00605773925781
2015-03-30,33.491966247558594
2015-03-31,33.365989685058594
2015-04-01,33.29400634765625
2015-04-02,33.554962158203125
2015-04-06,33.419979095458984
2015-04-07,33.518959045410156
2015-04-08,33.56395721435547
2015-04-09,33.70793533325195
2015-04-10,33.67193603515625
2015-04-13,33.932891845703125
2015-04-14,33.797916412353516
2015-04-15,34.05886459350586
2015-04-16,34.11285400390625
2015-04-17,33.617950439453125
2015-04-20,33.77090835571289
2015-04-21,33.65394592285156
2015-04-22,33.98688507080078
2015-04-23,33.914894104003906
2015-04-24,33.662933349609375
2015-04-27,33.59994888305664
2015-04-28,33.88790512084961
2015-04-29,34.220829010009766
2015-04-30,34.11285400390625
2015-05-01,34.22984313964844
2015-05-04,34.688758850097656
2015-05-05,34.52678680419922
2015-05-06,34.391807556152344
2015-05-07,34.37380599975586
2015-05-08,34.778743743896484
2015-05-11,34.832733154296875
2015-05-12,34.841732025146484
2015-05-13,35.06668472290039
2015-05-14,35.183658599853516
2015-05-15,34.81473159790039
2015-05-18,35.192665100097656
2015-05-19,35.65157699584961
2015-05-20,35.37263870239258
2015-05-21,35.336639404296875
2015-05-22,35.29164505004883
2015-05-26,35.03069305419922
2015-05-27,35.40861511230469
2015-05-28,35.336639404296875
2015-05-29,35.03069305419922
2015-06-01,34.895713806152344
2015-06-02,35.210655212402344
2015-06-03,35.68757629394531
2015-06-04,35.37263870239258
2015-06-05,36.011512756347656
2015-06-08,35.88554000854492
2015-06-09,36.18247985839844
2015-06-10,36.67740249633789
2015-06-11,36.63240051269531
2015-06-12,36.605411529541016
2015-06-15,36.47043228149414
2015-06-16,36.69539260864258
2015-06-17,36.39844512939453
2015-06-18,36.596412658691406
2015-06-19,36.31753158569336
2015-06-22,36.72367477416992
2015-06-23,36.98539733886719
2015-06-24,36.70561981201172
2015-06-25,36.46194076538086
2015-06-26,36.6063346862793
2015-06-29,35.70381164550781
2015-06-30,35.87528991699219
2015-07-01,36.290443420410156
2015-07-02,35.95652770996094
2015-07-06,35.79407501220703
2015-07-07,35.514286041259766
2015-07-08,34.828372955322266
2015-07-09,35.2615852355957
2015-07-10,35.68577194213867
2015-07-13,36.10995101928711
2015-07-14,36.263370513916016
2015-07-15,36.714637756347656
2015-07-16,37.066627502441406
2015-07-17,36.85001754760742
2015-07-20,36.95832061767578
2015-07-21,36.96733856201172
2015-07-22,37.382503509521484
2015-07-23,37.01246643066406
2015-07-24,36.452903747558594
2015-07-27,36.02872085571289
2015-07-28,36.2182502746582
2015-07-29,36.516090393066406
2015-07-30,36.67853546142578
2015-07-31,36.40778350830078
2015-08-03,36.34461212158203
2015-08-04,36.46194076538086
2015-08-05,36.66950988769531
2015-08-06,36.516090393066406
2015-08-07,36.40778350830078
2015-08-10,37.01246643066406
2015-08-11,36.46194076538086
2015-08-12,35.87528991699219
2015-08-13,36.04677200317383
2015-08-14,36.42584228515625
2015-08-17,36.44388198852539
2015-08-18,36.489017486572266
2015-08-19,36.100921630859375
2015-08-20,35.05400085449219
2015-08-21,34.01609420776367
2015-08-24,32.11177444458008
2015-08-25,31.570261001586914
2015-08-26,32.96015167236328
2015-08-27,33.934871673583984
2015-08-28,33.88071823120117
2015-08-31,33.790462493896484
2015-09-01,32.37350845336914
2015-09-02,32.896976470947266
2015-09-03,33.221885681152344
2015-09-04,32.6262092590332
2015-09-08,33.49263381958008
2015-09-09,33.12260055541992
2015-09-10,33.34822463989258
2015-09-11,33.29407501220703
2015-09-14,33.32115173339844
2015-09-15,33.8716926574707
2015-09-16,33.97999572753906
2015-09-17,33.203826904296875
2015-09-18,32.3436164855957
2015-09-21,32.75107955932617
2015-09-22,32.37078094482422
2015-09-23,32.38890075683594
2015-09-24,32.21685791015625
2015-09-25,32.841636657714844
2015-09-28,32.00859451293945
2015-09-29,32.1353645324707
2015-09-30,32.56093978881836
2015-10-01,32.588104248046875
2015-10-02,32.37078094482422
2015-10-05,33.08612060546875
2015-10-06,32.99557113647461
2015-10-07,33.22193145751953
2015-10-08,33.36680221557617
2015-10-09,33.05894470214844
2015-10-12,33.08612060546875
2015-10-13,32.86880111694336
2015-10-14,32.3436164855957
2015-10-15,33.16761779785156
2015-10-16,33.19477844238281
2015-10-19,33.02273178100586
2015-10-20,33.36680221557617
2015-10-21,32.94123458862305
2015-10-22,33.44830322265625
2015-10-23,34.199851989746094
2015-10-26,33.96442413330078
2015-10-27,33.747108459472656
2015-10-28,34.933284759521484
2015-10-29,34.51676559448242
2015-10-30,33.91009521484375
2015-11-02,34.43526840209961
2015-11-03,34.51676559448242
2015-11-04,34.480552673339844
2015-11-05,34.85179138183594
2015-11-06,35.80253601074219
2015-11-09,35.449405670166016
2015-11-10,35.53995132446289
2015-11-11,35.4131965637207
2015-11-12,34.79746627807617
2015-11-13,34.471492767333984
2015-11-16,34.86084747314453
2015-11-17,34.815582275390625
2015-11-18,35.53089904785156
2015-11-19,35.549007415771484
2015-11-20,35.49468231201172
2015-11-23,35.35886001586914
2015-11-24,35.37696838378906
2015-11-25,35.36791229248047
2015-11-27,35.53089904785156
2015-11-30,35.476566314697266
2015-12-01,35.79349136352539
2015-12-02,35.431297302246094
2015-12-03,34.906124114990234
2015-12-04,35.9293098449707
2015-12-07,35.46752166748047
2015-12-08,34.815582275390625
2015-12-09,34.362831115722656
2015-12-10,34.562042236328125
2015-12-11,33.7289924621582
2015-12-14,33.701839447021484
2015-12-15,34.78840637207031
2015-12-16,35.35886001586914
2015-12-17,34.67975616455078
2015-12-18,33.663909912109375
2015-12-21,33.96456527709961
2015-12-22,34.192325592041016
2015-12-23,34.69342041015625
2015-12-24,34.70252990722656
2015-12-28,34.53853225708008
2015-12-29,34.9302978515625
2015-12-30,34.52942657470703
2015-12-31,34.24699401855469
2016-01-04,33.4361457824707
2016-01-05,33.408809661865234
2016-01-06,32.81662368774414
2016-01-07,31.768890380859375
2016-01-08,31.07648277282715
2016-01-11,31.15848159790039
2016-01-12,31.440919876098633
2016-01-13,30.374963760375977
2016-01-14,30.675613403320312
2016-01-15,29.79187774658203
2016-01-19,29.627893447875977
2016-01-20,29.09946632385254
2016-01-21,28.689489364624023
2016-01-22,29.16324234008789
2016-01-25,28.16106605529785
2016-01-26,28.771486282348633
2016-01-27,28.95370101928711
2016-01-28,29.16324234008789
2016-01-29,29.892091751098633
2016-02-01,29.65522003173828
2016-02-02,28.680381774902344
2016-02-03,28.780595779418945
2016-02-04,29.190580368041992
2016-02-05,28.789703369140625
2016-02-08,27.91507911682129
2016-02-09,27.951522827148438
2016-02-10,27.669095993041992
2016-02-11,26.5029296875
2016-02-12,27.969743728637695
2016-02-16,28.762374877929688
2016-02-17,28.944589614868164
2016-02-18,28.45261573791504
2016-02-19,28.55282974243164
2016-02-22,29.16324234008789
2016-02-23,28.325061798095703
2016-02-24,28.1246280670166
2016-02-25,28.489055633544922
2016-02-26,28.99013900756836
2016-02-29,28.306838989257812
2016-03-01,29.6187801361084
2016-03-02,30.165414810180664
2016-03-03,30.529844284057617
2016-03-04,30.794050216674805
2016-03-07,30.657392501831055
2016-03-08,29.91942596435547
2016-03-09,29.77366065979004
2016-03-10,29.892091751098633
2016-03-11,30.730270385742188
2016-03-14,30.63005828857422
2016-03-15,30.5662841796875
2016-03-16,30.283859252929688
2016-03-17,30.42962646484375
2016-03-18,30.9927978515625
2016-03-21,31.06593894958496
2016-03-22,30.956226348876953
2016-03-23,30.672807693481445
2016-03-24,30.480819702148438
2016-03-28,30.398542404174805
2016-03-29,30.17912483215332
2016-03-30,30.425966262817383
2016-03-31,30.224834442138672
2016-04-01,30.453401565551758
2016-04-04,30.398542404174805
2016-04-05,29.795143127441406
2016-04-06,30.078556060791016
2016-04-07,29.228315353393555
2016-04-08,29.34716033935547
2016-04-11,29.575727462768555
2016-04-12,30.09684181213379
2016-04-13,31.285362243652344
2016-04-14,31.6053466796875
2016-04-15,31.440776824951172
2016-04-18,31.65105438232422
2016-04-19,32.208736419677734
2016-04-20,32.77556610107422
2016-04-21,32.67500686645508
2016-04-22,33.05898666381836
2016-04-25,32.857852935791016
2016-04-26,33.17783737182617
2016-04-27,33.2601203918457
2016-04-28,32.839561462402344
2016-04-29,32.54701232910156
2016-05-02,32.857852935791016
2016-05-03,32.1995964050293
2016-05-04,31.559627532958984
2016-05-05,31.449922561645508
2016-05-06,31.54134750366211
2016-05-09,31.367639541625977
2016-05-10,31.980182647705078
2016-05-11,31.806482315063477
2016-05-12,31.641910552978516
2016-05-13,31.15736961364746
2016-05-16,31.404205322265625
2016-05-17,31.376771926879883
2016-05-18,32.55615997314453
2016-05-19,32.32759475708008
2016-05-20,32.47386932373047
2016-05-23,32.3824462890625
2016-05-24,32.89441680908203
2016-05-25,33.50696563720703
2016-05-26,33.23268508911133
2016-05-27,33.55267333984375
2016-05-31,33.46124267578125
2016-06-01,33.58009719848633
2016-06-02,33.68980407714844
2016-06-03,32.95841598510742
2016-06-06,33.38811492919922
2016-06-07,33.122982025146484
2016-06-08,33.15040969848633
2016-06-09,32.729854583740234
2016-06-10,32.208736419677734
2016-06-13,31.89789581298828
2016-06-14,31.12993049621582
2016-06-15,31.212217330932617
2016-06-16,31.047651290893555
2016-06-17,31.186439514160156
2016-06-20,31.388660430908203
2016-06-21,31.517333984375
2016-06-22,31.4530029296875
2016-06-23,32.37213134765625
2016-06-24,30.028324127197266
2016-06-27,28.474977493286133
2016-06-28,29.366548538208008
2016-06-29,30.129436492919922
2016-06-30,30.68091583251953
2016-07-01,30.405176162719727
2016-07-05,29.50441551208496
2016-07-06,29.715818405151367
2016-07-07,29.936410903930664
2016-07-08,30.487895965576172
2016-07-11,30.736064910888672
2016-07-12,31.333507537841797
2016-07-13,31.27836036682129
2016-07-14,31.82984733581543
2016-07-15,31.811460494995117
2016-07-18,31.930940628051758
2016-07-19,31.89418601989746
2016-07-20,31.940141677856445
2016-07-21,31.756309509277344
2016-07-22,31.940141677856445
2016-07-25,31.866607666015625
2016-07-26,32.07801055908203
2016-07-27,32.24345016479492
2016-07-28,32.31698989868164
2016-07-29,32.22507095336914
2016-08-01,31.958524703979492
2016-08-02,31.7011661529541
2016-08-03,32.179107666015625
2016-08-04,32.20669937133789
2016-08-05,33.180973052978516
2016-08-08,33.208553314208984
2016-08-09,33.16259765625
2016-08-10,32.758174896240234
2016-08-11,32.905235290527344
2016-08-12,32.74898147583008
2016-08-15,33.17178726196289
2016-08-16,33.16259765625
2016-08-17,33.22693634033203
2016-08-18,33.2545051574707
2016-08-19,33.30965805053711
2016-08-22,33.328041076660156
2016-08-23,33.35561752319336
2016-08-24,33.30965805053711
2016-08-25,33.43833923339844
2016-08-26,33.677310943603516
2016-08-29,33.96224594116211
2016-08-30,34.412620544433594
2016-08-31,34.49534606933594
2016-09-01,34.27476119995117
2016-09-02,34.45858383178711
2016-09-06,34.10011672973633
2016-09-07,34.17365264892578
2016-09-08,34.32071304321289
2016-09-09,33.96224594116211
2016-09-12,34.33909606933594
2016-09-13,33.79679489135742
2016-09-14,33.557823181152344
2016-09-15,33.7876091003418
2016-09-16,33.39988327026367
2016-09-19,33.556819915771484
2016-09-20,33.65837097167969
2016-09-21,33.77837371826172
2016-09-22,33.87069320678711
2016-09-23,33.83377456665039
2016-09-26,33.132171630859375
2016-09-27,33.45527648925781
2016-09-28,33.64913558959961
2016-09-29,33.15986251831055
2016-09-30,33.67683410644531
2016-10-03,33.58451843261719
2016-10-04,33.953773498535156
2016-10-05,34.61845397949219
2016-10-06,34.683074951171875
2016-10-07,34.66461181640625
2016-10-10,34.82154846191406
2016-10-11,34.38766098022461
2016-10-12,34.37843704223633
2016-10-13,33.73221969604492
2016-10-14,33.87992858886719
2016-10-17,33.72298812866211
2016-10-18,34.147640228271484
2016-10-19,34.7292366027832
2016-10-20,34.96925735473633
2016-10-21,35.06157302856445
2016-10-24,35.218502044677734
2016-10-25,35.24620819091797
2016-10-26,35.56007766723633
2016-10-27,35.726253509521484
2016-10-28,35.47698974609375
2016-10-31,35.458526611328125
2016-11-01,35.449302673339844
2016-11-02,35.04310607910156
2016-11-03,34.99695587158203
2016-11-04,34.960025787353516
2016-11-07,35.9293327331543
2016-11-08,35.78163528442383
2016-11-09,37.581787109375
2016-11-10,39.003456115722656
2016-11-11,39.37272262573242
2016-11-14,40.67436981201172
2016-11-15,40.785152435302734
2016-11-16,39.9727783203125
2016-11-17,40.6651496887207
2016-11-18,40.877471923828125
2016-11-21,40.94208908081055
2016-11-22,41.006710052490234
2016-11-23,41.31135177612305
2016-11-25,41.42213821411133
2016-11-28,40.6651496887207
2016-11-29,40.785152435302734
2016-11-30,41.6436882019043
2016-12-01,42.520694732666016
2016-12-02,42.07757568359375
2016-12-05,42.576087951660156
2016-12-06,43.13920974731445
2016-12-07,43.794654846191406
2016-12-08,44.385475158691406
2016-12-09,44.6993408203125
2016-12-12,43.7669563293457
2016-12-13,43.794654846191406
2016-12-14,43.730037689208984
2016-12-15,44.256229400634766
2016-12-16,43.768882751464844
2016-12-19,43.89883804321289
2016-12-20,44.53936004638672
2016-12-21,44.34442901611328
2016-12-22,44.279441833496094
2016-12-23,44.46510314941406
2016-12-27,44.54864501953125
2016-12-28,44.06592559814453
2016-12-29,43.62035369873047
2016-12-30,43.88027572631836
2017-01-03,44.22373962402344
2017-01-04,44.78071594238281
2017-01-05,44.10306167602539
2017-01-06,44.29800796508789
2017-01-09,44.01023483276367
2017-01-10,44.28871536254883
2017-01-11,44.511512756347656
2017-01-12,44.14019775390625
2017-01-13,44.46510314941406
2017-01-17,42.951988220214844
2017-01-18,43.25831604003906
2017-01-19,42.97983169555664
2017-01-20,43.20262145996094
2017-01-23,43.06337356567383
2017-01-24,43.69461441040039
2017-01-25,44.390830993652344
2017-01-26,44.57648849487305
2017-01-27,44.372276306152344
2017-01-30,43.96382141113281
2017-01-31,43.69461441040039
2017-02-01,43.78744125366211
2017-02-02,43.54608917236328
2017-02-03,44.53008270263672
2017-02-06,44.34442901611328
2017-02-07,44.15876007080078
2017-02-08,43.768882751464844
2017-02-09,44.455814361572266
2017-02-10,44.557926177978516
2017-02-13,45.059200286865234
2017-02-14,45.89466094970703
2017-02-15,46.377376556396484
2017-02-16,46.15458297729492
2017-02-17,46.043190002441406
2017-02-21,46.2567024230957
2017-02-22,46.275264739990234
2017-02-23,46.275264739990234
2017-02-24,45.829681396484375
2017-02-27,46.14529800415039
2017-02-28,46.06174850463867
2017-03-01,47.52846145629883
2017-03-02,46.581600189208984
2017-03-03,46.76726150512695
2017-03-06,46.5073356628418
2017-03-07,46.29383087158203
2017-03-08,46.377376556396484
2017-03-09,46.433067321777344
2017-03-10,46.330963134765625
2017-03-13,46.275264739990234
2017-03-14,46.228851318359375
2017-03-15,45.92251205444336
2017-03-16,46.16387176513672
2017-03-17,45.65453338623047
2017-03-20,45.11545181274414
2017-03-21,43.358795166015625
2017-03-22,43.31231689453125
2017-03-23,43.4796142578125
2017-03-24,43.488914489746094
2017-03-27,43.33090591430664
2017-03-28,44.009403228759766
2017-03-29,43.8142204284668
2017-03-30,44.613548278808594
2017-03-31,44.15811538696289
2017-04-03,44.02799606323242
2017-04-04,43.91645812988281
2017-04-05,43.488914489746094
2017-04-06,43.804935455322266
2017-04-07,43.609737396240234
2017-04-10,43.31231689453125
2017-04-11,43.28443908691406
2017-04-12,42.810420989990234
2017-04-13,42.215572357177734
2017-04-17,42.99630355834961
2017-04-18,42.550174713134766
2017-04-19,42.540870666503906
2017-04-20,43.33090591430664
2017-04-21,42.97771453857422
2017-04-24,44.055885314941406
2017-04-25,44.39047622680664
2017-04-26,44.5391960144043
2017-04-27,44.23247528076172
2017-04-28,43.75845718383789
2017-05-01,44.20458984375
2017-05-02,44.00010681152344
2017-05-03,44.42766189575195
2017-05-04,44.585670471191406
2017-05-05,44.47412872314453
2017-05-08,44.57637405395508
2017-05-09,44.381187438964844
2017-05-10,44.43695831298828
2017-05-11,44.13022994995117
2017-05-12,43.91645812988281
2017-05-15,44.28824234008789
2017-05-16,44.50201416015625
2017-05-17,42.6802978515625
2017-05-18,42.84759521484375
2017-05-19,43.24725341796875
2017-05-22,43.34020233154297
2017-05-23,43.89787292480469
2017-05-24,43.7491569519043
2017-05-25,43.70269012451172
2017-05-26,43.609737396240234
2017-05-30,43.19149398803711
2017-05-31,42.70818328857422
2017-06-01,43.275146484375
2017-06-02,42.903358459472656
2017-06-05,43.014896392822266
2017-06-06,42.810420989990234
2017-06-07,43.3494987487793
2017-06-08,44.08375930786133
2017-06-09,45.08757019042969
2017-06-12,45.13404083251953
2017-06-13,45.366397857666016
2017-06-14,45.394283294677734
2017-06-15,45.17121505737305
2017-06-16,45.078861236572266
2017-06-19,45.46135711669922
2017-06-20,45.05086898803711
2017-06-21,44.69636154174805
2017-06-22,44.369834899902344
2017-06-23,44.01532745361328
2017-06-26,44.295196533203125
2017-06-27,44.65904235839844
2017-06-28,45.414710998535156
2017-06-29,46.0024528503418
2017-06-30,46.03043746948242
2017-07-03,46.73013687133789
2017-07-05,46.89806365966797
2017-07-06,46.49690246582031
2017-07-07,46.80476379394531
2017-07-10,46.7021484375
2017-07-11,46.42226791381836
2017-07-12,46.394283294677734
2017-07-13,46.73013687133789
2017-07-14,46.36629104614258
2017-07-17,46.263671875
2017-07-18,46.02111053466797
2017-07-19,45.80653762817383
2017-07-20,45.731903076171875
2017-07-21,45.61062240600586
2017-07-24,45.96513748168945
2017-07-25,46.56221008300781
2017-07-26,46.11440658569336
2017-07-27,45.97446823120117
2017-07-28,45.84385681152344
2017-07-31,46.235687255859375
2017-08-01,46.608856201171875
2017-08-02,46.68347930908203
2017-08-03,46.478240966796875
2017-08-04,46.87940216064453
2017-08-07,46.76744842529297
2017-08-08,46.81409454345703
2017-08-09,46.552879333496094
2017-08-10,45.545318603515625
2017-08-11,45.209468841552734
2017-08-14,46.011783599853516
2017-08-15,46.12372589111328
2017-08-16,45.955806732177734
2017-08-17,44.93892288208008
2017-08-18,44.957576751708984
2017-08-21,44.77099609375
2017-08-22,45.28410339355469
2017-08-23,45.28410339355469
2017-08-24,45.40537643432617
2017-08-25,45.452030181884766
2017-08-28,45.181480407714844
2017-08-29,44.85495376586914
2017-08-30,45.08818817138672
2017-08-31,44.88294219970703
2017-09-01,45.22812271118164
2017-09-05,44.173919677734375
2017-09-06,44.229896545410156
2017-09-07,43.28764724731445
2017-09-08,43.53953170776367
2017-09-11,44.416481018066406
2017-09-12,45.16282272338867
2017-09-13,45.31209182739258
2017-09-14,45.08818817138672
2017-09-15,45.28410339355469
2017-09-18,45.882938385009766
2017-09-19,46.31402587890625
2017-09-20,46.67014694213867
2017-09-21,46.923179626464844
2017-09-22,46.81072235107422
2017-09-25,46.69826126098633
2017-09-26,46.84820556640625
2017-09-27,47.6072998046875
2017-09-28,47.68227005004883
2017-09-29,47.98215866088867
2017-10-02,48.253936767578125
2017-10-03,48.21644592285156
2017-10-04,47.95404052734375
2017-10-05,48.61004638671875
2017-10-06,48.703765869140625
2017-10-09,48.41324996948242
2017-10-10,48.713138580322266
2017-10-11,48.55382537841797
2017-10-12,48.02901840209961
2017-10-13,47.813472747802734
2017-10-16,48.12273025512695
2017-10-17,47.75724411010742
2017-10-18,48.04775619506836
2017-10-19,48.169586181640625
2017-10-20,48.90056228637695
2017-10-23,48.72251510620117
2017-10-24,49.13485336303711
2017-10-25,48.891197204589844
2017-10-26,49.275428771972656
2017-10-27,49.40663146972656
2017-10-30,49.219200134277344
2017-10-31,49.07863235473633
2017-11-01,49.22856903076172
2017-11-02,49.500343322753906
2017-11-03,49.43474197387695
2017-11-06,49.40663146972656
2017-11-07,48.2633056640625
2017-11-08,47.813472747802734
2017-11-09,47.46672058105469
2017-11-10,47.288665771484375
2017-11-13,47.58855438232422
2017-11-14,47.83221435546875
2017-11-15,48.02901840209961
2017-11-16,48.00090026855469
2017-11-17,48.038387298583984
2017-11-20,48.28205108642578
2017-11-21,48.19770050048828
2017-11-22,48.04775619506836
2017-11-24,47.916561126708984
2017-11-27,47.83221435546875
2017-11-28,49.25668716430664
2017-11-29,50.58743667602539
2017-11-30,50.70927047729492
2017-12-01,50.756126403808594
2017-12-04,51.80573272705078
2017-12-05,51.34653091430664
2017-12-06,51.07476043701172
2017-12-07,51.36528015136719
2017-12-08,51.7120246887207
2017-12-11,51.46836471557617
2017-12-12,52.077510833740234
2017-12-13,51.355899810791016
2017-12-14,50.91545104980469
2017-12-15,51.54332733154297
2017-12-18,52.146175384521484
2017-12-19,51.929534912109375
2017-12-20,51.7693977355957
2017-12-21,52.457027435302734
2017-12-22,52.37224578857422
2017-12-26,52.014305114746094
2017-12-27,51.9483757019043
2017-12-28,52.249786376953125
2017-12-29,51.82592010498047
2018-01-02,51.97663116455078
2018-01-03,52.230953216552734
2018-01-04,52.76786422729492
2018-01-05,52.862056732177734
2018-01-08,52.786705017089844
2018-01-09,53.398963928222656
2018-01-10,54.05833053588867
2018-01-11,54.45395278930664
2018-01-12,54.87782287597656
2018-01-16,54.67060089111328
2018-01-17,54.9343376159668
2018-01-18,54.736534118652344
2018-01-19,55.4429931640625
2018-01-22,55.96106719970703
2018-01-23,56.10235595703125
2018-01-24,56.40378189086914
2018-01-25,56.11178207397461
2018-01-26,56.507389068603516
2018-01-29,56.45087432861328
2018-01-30,55.8951301574707
2018-01-31,56.0175895690918
2018-02-01,56.62043380737305
2018-02-02,55.574867248535156
2018-02-05,52.862056732177734
2018-02-06,53.75690841674805
2018-02-07,53.95471954345703
2018-02-08,51.59042739868164
2018-02-09,52.617156982421875
2018-02-12,53.295352935791016
2018-02-13,53.625038146972656
2018-02-14,55.04738235473633
2018-02-15,55.254600524902344
2018-02-16,55.30169677734375
2018-02-20,55.16982650756836
2018-02-21,55.42416000366211
2018-02-22,54.66116714477539
2018-02-23,55.53718948364258
2018-02-26,56.09293746948242
2018-02-27,55.48067855834961
2018-02-28,54.83073043823242
2018-03-01,54.077171325683594
2018-03-02,54.47278594970703
2018-03-05,55.09447479248047
2018-03-06,55.39590072631836
2018-03-07,55.34880065917969
2018-03-08,55.29228591918945
2018-03-09,56.507389068603516
2018-03-12,56.23422622680664
2018-03-13,55.60312271118164
2018-03-14,54.77421569824219
2018-03-15,54.81189727783203
2018-03-16,54.9814338684082
2018-03-19,54.64593505859375
2018-03-20,54.52306365966797
2018-03-21,54.636478424072266
2018-03-22,52.34932327270508
2018-03-23,50.61033630371094
2018-03-26,52.44384002685547
2018-03-27,51.13959503173828
2018-03-28,51.205753326416016
2018-03-29,51.96183395385742
2018-04-02,50.80880355834961
2018-04-03,51.5743408203125
2018-04-04,52.254817962646484
2018-04-05,52.64230728149414
2018-04-06,51.23410415649414
2018-04-09,51.56488800048828
2018-04-10,52.406028747558594
2018-04-11,51.829524993896484
2018-04-12,52.95418930053711
2018-04-13,51.85787582397461
2018-04-16,51.90512466430664
2018-04-17,51.394771575927734
2018-04-18,51.1301383972168
2018-04-19,52.245365142822266
2018-04-20,52.3776741027832
2018-04-23,52.585601806640625
2018-04-24,52.623409271240234
2018-04-25,52.59505081176758
2018-04-26,52.4249382019043
2018-04-27,52.82188034057617
2018-04-30,52.1981086730957
2018-05-01,52.21700668334961
2018-05-02,51.81061553955078
2018-05-03,51.47037887573242
2018-05-04,51.971282958984375
2018-05-07,52.245365142822266
2018-05-08,52.81242752075195
2018-05-09,53.63466262817383
2018-05-10,54.05996322631836
2018-05-11,54.116668701171875
2018-05-14,54.05051803588867
2018-05-15,54.201725006103516
2018-05-16,54.18282699584961
2018-05-17,54.19227981567383
2018-05-18,53.46455383300781
2018-05-21,53.63466262817383
2018-05-22,54.15446853637695
2018-05-23,53.776432037353516
2018-05-24,53.502349853515625
2018-05-25,53.21882247924805
2018-05-29,51.111236572265625
2018-05-30,52.08469772338867
2018-05-31,51.78226089477539
2018-06-01,52.53834533691406
2018-06-04,52.75572204589844
2018-06-05,52.49109649658203
2018-06-06,53.57795333862305
2018-06-07,53.64411163330078
2018-06-08,53.757537841796875
2018-06-11,53.42674255371094
2018-06-12,53.30388641357422
2018-06-13,53.10540771484375
2018-06-14,52.623409271240234
2018-06-15,52.651756286621094
2018-06-18,52.71818161010742
2018-06-19,52.746646881103516
2018-06-20,52.69920349121094
2018-06-21,52.71818161010742
2018-06-22,52.186824798583984
2018-06-25,51.57956314086914
2018-06-26,51.27592468261719
2018-06-27,50.59275436401367
2018-06-28,50.91536331176758
2018-06-29,50.867923736572266
2018-07-02,51.29490661621094
2018-07-03,50.716102600097656
2018-07-05,50.8015022277832
2018-07-06,51.095645904541016
2018-07-09,52.43352127075195
2018-07-10,52.053985595703125
2018-07-11,51.731380462646484
2018-07-12,51.68393325805664
2018-07-13,51.143089294433594
2018-07-16,52.22477340698242
2018-07-17,52.38608169555664
2018-07-18,53.03130340576172
2018-07-19,52.272216796875
2018-07-20,52.33864212036133
2018-07-23,53.33493423461914
2018-07-24,53.33493423461914
2018-07-25,53.30647277832031
2018-07-26,53.38237762451172
2018-07-27,53.65754318237305
2018-07-30,53.695499420166016
2018-07-31,53.344425201416016
2018-08-01,53.60061264038086
2018-08-02,53.82833480834961
2018-08-03,54.037078857421875
2018-08-06,54.08452606201172
2018-08-07,54.24583053588867
2018-08-08,54.54946517944336
2018-08-09,54.16043472290039
2018-08-10,53.53419494628906
2018-08-13,52.945899963378906
2018-08-14,53.64805603027344
2018-08-15,53.10721206665039
2018-08-16,53.87577819824219
2018-08-17,53.98964309692383
2018-08-20,54.19839096069336
2018-08-21,54.55895233154297
2018-08-22,54.42611312866211
2018-08-23,54.075042724609375
2018-08-24,54.08452606201172
2018-08-27,54.70127868652344
2018-08-28,54.5874137878418
2018-08-29,54.492530822753906
2018-08-30,54.046573638916016
2018-08-31,54.10350036621094
2018-09-04,54.407142639160156
2018-09-05,54.4545783996582
2018-09-06,54.05605697631836
2018-09-07,53.961177825927734
2018-09-10,53.866294860839844
2018-09-11,54.00861358642578
2018-09-12,53.17362976074219
2018-09-13,52.61380386352539
2018-09-14,52.851016998291016
2018-09-17,52.623294830322266
2018-09-18,52.670738220214844
2018-09-19,53.68600845336914
2018-09-20,54.34071350097656
2018-09-21,54.02759552001953
2018-09-24,53.44646453857422
2018-09-25,53.2556266784668
2018-09-26,52.43498611450195
2018-09-27,52.0723762512207
2018-09-28,51.58572006225586
2018-10-01,51.642974853515625
2018-10-02,51.56663513183594
2018-10-03,52.339561462402344
2018-10-04,52.7498779296875
2018-10-05,52.44453048706055
2018-10-08,52.82621765136719
2018-10-09,52.47315979003906
2018-10-10,51.28990936279297
2018-10-11,49.85856246948242
2018-10-12,49.419620513916016
2018-10-15,49.21923065185547
2018-10-16,49.6677131652832
2018-10-17,50.116207122802734
2018-10-18,49.18105697631836
2018-10-19,49.095176696777344
2018-10-22,47.77833938598633
2018-10-23,47.62565994262695
2018-10-24,46.22294235229492
2018-10-25,47.310768127441406
2018-10-26,46.680973052978516
2018-10-29,47.310768127441406
2018-10-30,47.99781799316406
2018-10-31,48.71348190307617
2018-11-01,48.97112274169922
2018-11-02,48.961585998535156
2018-11-05,49.40052795410156
2018-11-06,49.58183670043945
2018-11-07,50.03031921386719
2018-11-08,50.22117233276367
2018-11-09,49.96352767944336
2018-11-12,49.20014572143555
2018-11-13,49.534122467041016
2018-11-14,48.80891036987305
2018-11-15,49.62954330444336
2018-11-16,49.54366683959961
2018-11-19,49.60092544555664
2018-11-20,48.68486022949219
2018-11-21,48.68486022949219
2018-11-23,48.42721176147461
2018-11-26,49.486412048339844
2018-11-27,49.333736419677734
2018-11-28,50.0589485168457
2018-11-29,49.64863204956055
2018-11-30,50.16391372680664
2018-12-03,50.19253921508789
2018-12-04,47.78788375854492
2018-12-06,47.07220458984375
2018-12-07,46.108436584472656
2018-12-10,45.116031646728516
2018-12-11,44.553035736083984
2018-12-12,44.724796295166016
2018-12-13,43.99958419799805
2018-12-14,43.560638427734375
2018-12-17,43.2457389831543
2018-12-18,42.67320251464844
2018-12-19,41.795310974121094
2018-12-20,41.5662956237793
2018-12-21,40.8410758972168
2018-12-24,39.956268310546875
2018-12-26,41.814476013183594
2018-12-27,42.07442855834961
2018-12-28,42.112945556640625
2018-12-31,42.344017028808594
2019-01-02,43.2586784362793
2019-01-03,42.72913360595703
2019-01-04,44.15407943725586
2019-01-07,44.385154724121094
2019-01-08,44.39478302001953
2019-01-09,44.799156188964844
2019-01-10,44.664363861083984
2019-01-11,44.8473014831543
2019-01-14,45.396095275878906
2019-01-15,45.81010437011719
2019-01-16,47.023231506347656
2019-01-17,47.485374450683594
2019-01-18,48.3230094909668
2019-01-22,47.99565505981445
2019-01-23,47.957149505615234
2019-01-24,48.178592681884766
2019-01-25,48.621482849121094
2019-01-28,48.60222625732422
2019-01-29,48.3230094909668
2019-01-30,48.274871826171875
2019-01-31,47.85123825073242
2019-02-01,47.99565505981445
2019-02-04,48.274871826171875
2019-02-05,48.10157012939453
2019-02-06,48.06305694580078
2019-02-07,48.28450393676758
2019-02-08,47.88975524902344
2019-02-11,48.053428649902344
2019-02-12,48.746646881103516
2019-02-13,48.69850540161133
2019-02-14,48.20747756958008
2019-02-15,49.37246322631836
2019-02-19,49.603538513183594
2019-02-20,50.05605697631836
2019-02-21,49.747955322265625
2019-02-22,49.632423400878906
2019-02-25,49.77684783935547
2019-02-26,49.49763107299805
2019-02-27,49.89237976074219
2019-02-28,49.728702545166016
2019-03-01,49.97903060913086
2019-03-04,49.71907043457031
2019-03-05,49.61316680908203
2019-03-06,49.035484313964844
2019-03-07,48.371150970458984
2019-03-08,48.47705841064453
2019-03-11,48.804412841796875
2019-03-12,48.85255432128906
2019-03-13,49.314701080322266
2019-03-14,49.62279510498047
2019-03-15,49.757591247558594
2019-03-18,50.441688537597656
2019-03-19,49.75468444824219
2019-03-20,48.245208740234375
2019-03-21,47.50981903076172
2019-03-22,45.642330169677734
2019-03-25,45.43912887573242
2019-03-26,46.222896575927734
2019-03-27,46.000343322753906
2019-03-28,46.57123947143555
2019-03-29,46.63896942138672
2019-04-01,48.012977600097656
2019-04-02,48.11941909790039
2019-04-03,48.32261657714844
2019-04-04,48.72901153564453
2019-04-05,48.690311431884766
2019-04-08,48.79674530029297
2019-04-09,48.17747497558594
2019-04-10,48.400028228759766
2019-04-11,48.680633544921875
2019-04-12,49.59019470214844
2019-04-15,49.106388092041016
2019-04-16,49.8901481628418
2019-04-17,49.88047409057617
2019-04-18,49.6676025390625
2019-04-22,49.58051681518555
2019-04-23,49.97723388671875
2019-04-24,49.87079620361328
2019-04-25,49.957881927490234
2019-04-26,50.49007034301758
2019-04-29,51.03193664550781
2019-04-30,50.964202880859375
2019-05-01,50.49007034301758
2019-05-02,50.819061279296875
2019-05-03,51.215782165527344
2019-05-06,50.93517303466797
2019-05-07,49.86111831665039
2019-05-08,49.5998649597168
2019-05-09,49.58051681518555
2019-05-10,49.75468444824219
2019-05-13,47.954925537109375
2019-05-14,48.390350341796875
2019-05-15,47.91621398925781
2019-05-16,48.419376373291016
2019-05-17,48.090389251708984
2019-05-20,48.2548828125
2019-05-21,48.719337463378906
2019-05-22,48.33229446411133
2019-05-23,47.422733306884766
2019-05-24,47.89686584472656
2019-05-28,47.2388916015625
2019-05-29,47.29694366455078
2019-05-30,46.72605514526367
2019-05-31,45.90358352661133
2019-06-03,46.3003044128418
2019-06-04,47.91621398925781
2019-06-05,47.8581657409668
2019-06-06,47.97427749633789
2019-06-07,47.63561248779297
2019-06-10,48.15812301635742
2019-06-11,48.44841003417969
2019-06-12,47.87751770019531
2019-06-13,48.02265548706055
2019-06-14,48.19683074951172
2019-06-17,47.548526763916016
2019-06-18,48.32261657714844
2019-06-19,47.87751770019531
2019-06-20,47.993629455566406
2019-06-21,48.04200744628906
2019-06-24,47.761573791503906
2019-06-25,47.6739387512207
2019-06-26,47.75183868408203
2019-06-27,48.19001770019531
2019-06-28,49.13453674316406
2019-07-01,49.64087677001953
2019-07-02,49.154014587402344
2019-07-03,49.6019287109375
2019-07-05,49.96221160888672
2019-07-08,49.45587158203125
2019-07-09,49.80641555786133
2019-07-10,49.21243667602539
2019-07-11,49.70903778076172
2019-07-12,49.89405059814453
2019-07-15,49.329288482666016
2019-07-16,48.97874069213867
2019-07-17,48.92031478881836
2019-07-18,49.45587158203125
2019-07-19,49.777198791503906
2019-07-22,49.79667663574219
2019-07-23,50.6146125793457
2019-07-24,51.38385772705078
2019-07-25,51.00410461425781
2019-07-26,51.763614654541016
2019-07-29,51.228065490722656
2019-07-30,51.374122619628906
2019-07-31,51.21832275390625
2019-08-01,49.36823272705078
2019-08-02,49.19295883178711
2019-08-05,47.411033630371094
2019-08-06,47.97579574584961
2019-08-07,46.933902740478516
2019-08-08,47.70315170288086
2019-08-09,47.52788162231445
2019-08-12,46.54440689086914
2019-08-13,47.0020637512207
2019-08-14,45.142234802246094
2019-08-15,44.96696472167969
2019-08-16,46.08675765991211
2019-08-19,46.58335876464844
2019-08-20,45.83358383178711
2019-08-21,46.0283317565918
2019-08-22,46.42755889892578
2019-08-23,45.074073791503906
2019-08-26,45.55120086669922
2019-08-27,45.09354782104492
2019-08-28,45.726470947265625
2019-08-29,46.622310638427734
2019-08-30,46.88521957397461
2019-09-03,46.0283317565918
2019-09-04,46.57362365722656
2019-09-05,47.85894775390625
2019-09-06,47.69340896606445
2019-09-09,49.40718460083008
2019-09-10,50.20564270019531
2019-09-11,50.575660705566406
2019-09-12,50.809356689453125
2019-09-13,51.393592834472656
2019-09-16,51.36438751220703
2019-09-17,50.97488784790039
2019-09-18,51.27675247192383
2019-09-19,50.9846305847168
2019-09-20,50.6146125793457
2019-09-23,50.740142822265625
2019-09-24,50.034053802490234
2019-09-25,50.70091247558594
2019-09-26,50.33806228637695
2019-09-27,50.58323287963867
2019-09-30,50.524391174316406
2019-10-01,49.22990036010742
2019-10-02,48.20999526977539
2019-10-03,48.35709762573242
2019-10-04,49.131832122802734
2019-10-07,49.023956298828125
2019-10-08,47.817726135253906
2019-10-09,48.21979904174805
2019-10-10,48.89646911621094
2019-10-11,49.779075622558594
2019-10-14,49.83791732788086
2019-10-15,50.80878829956055
2019-10-16,50.651878356933594
2019-10-17,50.59303665161133
2019-10-18,51.01472473144531
2019-10-21,52.00520706176758
2019-10-22,52.348445892333984
2019-10-23,52.583805084228516
2019-10-24,52.348445892333984
2019-10-25,52.92704391479492
2019-10-28,53.40757369995117
2019-10-29,53.486026763916016
2019-10-30,52.976078033447266
2019-10-31,52.46612548828125
2019-11-01,53.5252571105957
2019-11-04,54.5451545715332
2019-11-05,55.00607681274414
2019-11-06,55.0158805847168
2019-11-07,55.55525588989258
2019-11-08,55.565059661865234
2019-11-11,55.32969665527344
2019-11-12,55.28066635131836
2019-11-13,54.6922607421875
2019-11-14,54.61380386352539
2019-11-15,54.91781234741211
2019-11-18,54.99626922607422
2019-11-19,55.084529876708984
2019-11-20,54.76090621948242
2019-11-21,54.81974792480469
2019-11-22,55.3591194152832
2019-11-25,55.741580963134766
2019-11-26,55.44738006591797
2019-11-27,55.81023025512695
2019-11-29,55.653324127197266
2019-12-02,55.3591194152832
2019-12-03,54.51573944091797
2019-12-04,55.10414123535156
2019-12-05,55.43757247924805
2019-12-06,56.24172592163086
2019-12-09,56.2613410949707
2019-12-10,56.33979415893555
2019-12-11,56.09462356567383
2019-12-12,57.712738037109375
2019-12-13,57.18317794799805
2019-12-16,57.379310607910156
2019-12-17,57.84022521972656
2019-12-18,57.61467361450195
2019-12-19,57.41853713989258
2019-12-20,57.38911819458008
2019-12-23,57.379234313964844
2019-12-24,57.478057861328125
2019-12-26,57.80419158935547
2019-12-27,57.586769104003906
2019-12-30,57.497825622558594
2019-12-31,57.547237396240234
2020-01-02,57.952430725097656
2020-01-03,57.21122360229492
2020-01-06,56.83567810058594
2020-01-07,56.489784240722656
2020-01-08,56.81591796875
2020-01-09,57.08274841308594
2020-01-10,56.509552001953125
2020-01-13,56.83567810058594
2020-01-14,56.924625396728516
2020-01-15,55.92646789550781
2020-01-16,56.16365432739258
2020-01-17,56.371192932128906
2020-01-21,55.82764434814453
2020-01-22,55.896820068359375
2020-01-23,55.80787658691406
2020-01-24,54.730655670166016
2020-01-27,53.73249816894531
2020-01-28,54.33534622192383
2020-01-29,53.890621185302734
2020-01-30,54.47370147705078
2020-01-31,53.29765701293945
2020-02-03,53.811561584472656
2020-02-04,54.63182830810547
2020-02-05,55.97587966918945
2020-02-06,55.669517517089844
2020-02-07,55.40268325805664
2020-02-10,55.33350372314453
2020-02-11,55.73869705200195
2020-02-12,55.82764434814453
2020-02-13,55.84740447998047
2020-02-14,55.67940139770508
2020-02-18,54.95795822143555
2020-02-19,55.48174285888672
2020-02-20,55.70904541015625
2020-02-21,55.037017822265625
2020-02-24,53.10000228881836
2020-02-25,50.708377838134766
2020-02-26,50.0067024230957
2020-02-27,47.96097183227539
2020-02-28,46.46867752075195
2020-03-02,48.771358489990234
2020-03-03,46.42914581298828
2020-03-04,47.51625061035156
2020-03-05,44.84790802001953
2020-03-06,42.82194519042969
2020-03-09,36.85276794433594
2020-03-10,39.60017013549805
2020-03-11,37.01089096069336
2020-03-12,33.10720443725586
2020-03-13,38.0189323425293
2020-03-16,31.970685958862305
2020-03-17,34.02629852294922
2020-03-18,31.17018699645996
2020-03-19,32.316585540771484
2020-03-20,30.932998657226562
2020-03-23,28.81999969482422
2020-03-24,32.400001525878906
2020-03-25,33.15999984741211
2020-03-26,35.77000045776367
2020-03-27,34.560001373291016
2020-03-30,34.790000915527344
2020-03-31,33.52000045776367
2020-04-01,31.229999542236328
2020-04-02,31.989999771118164
2020-04-03,30.850000381469727
2020-04-06,33.59000015258789
2020-04-07,34.41999816894531
2020-04-08,36.18000030517578
2020-04-09,38.650001525878906
