Date,KBWR
2011-11-01,18.983272552490234
2011-11-02,19.367273330688477
2011-11-03,19.367273330688477
2011-11-04,19.868160247802734
2011-11-07,20.202075958251953
2011-11-08,20.12693977355957
2011-11-09,19.9349422454834
2011-11-10,19.9349422454834
2011-11-11,20.035112380981445
2011-11-14,19.609371185302734
2011-11-15,19.968338012695312
2011-11-16,19.742935180664062
2011-11-17,19.70119857788086
2011-11-18,19.69285011291504
2011-11-21,19.200321197509766
2011-11-22,19.200321197509766
2011-11-23,19.200321197509766
2011-11-25,18.28204917907715
2011-11-28,18.84970474243164
2011-11-29,18.84970474243164
2011-11-30,20.160335540771484
2011-12-01,19.82642364501953
2011-12-02,20.48590660095215
2011-12-05,20.460865020751953
2011-12-06,20.41077995300293
2011-12-07,20.41077995300293
2011-12-08,19.843114852905273
2011-12-09,20.519302368164062
2011-12-12,20.24381446838379
2011-12-13,19.87650489807129
2011-12-14,19.734588623046875
2011-12-15,20.05181312561035
2011-12-16,20.20204734802246
2011-12-19,19.824357986450195
2011-12-20,20.646879196166992
2011-12-21,20.91545295715332
2011-12-22,21.30992889404297
2011-12-23,21.200817108154297
2011-12-27,21.38546371459961
2011-12-28,20.932241439819336
2011-12-29,21.32671356201172
2011-12-30,21.058135986328125
2012-01-03,21.586898803710938
2012-01-04,21.66244125366211
2012-01-05,22.098876953125
2012-01-06,22.04012107849121
2012-01-09,22.325485229492188
2012-01-10,22.493345260620117
2012-01-11,22.350669860839844
2012-01-12,22.59406089782715
2012-01-13,22.468168258666992
2012-01-17,22.41780662536621
2012-01-18,22.41780662536621
2012-01-19,22.367448806762695
2012-01-20,22.719955444335938
2012-01-23,22.636028289794922
2012-01-24,22.568889617919922
2012-01-25,22.68638801574707
2012-01-26,22.14923667907715
2012-01-27,22.21637725830078
2012-01-30,22.140838623046875
2012-01-31,22.199594497680664
2012-02-01,22.610851287841797
2012-02-02,22.803890228271484
2012-02-03,23.399795532226562
2012-02-06,23.04728889465332
2012-02-07,23.14800453186035
2012-02-08,23.131214141845703
2012-02-09,23.04728889465332
2012-02-10,22.677997589111328
2012-02-13,23.03050422668457
2012-02-14,22.677997589111328
2012-02-15,22.761926651000977
2012-02-16,23.391403198242188
2012-02-17,23.450151443481445
2012-02-21,23.223543167114258
2012-02-22,22.745140075683594
2012-02-23,23.06407356262207
2012-02-24,23.06407356262207
2012-02-27,23.08925437927246
2012-02-28,23.005327224731445
2012-02-29,22.98853874206543
2012-03-01,23.022113800048828
2012-03-02,22.669605255126953
2012-03-05,22.677997589111328
2012-03-06,22.140838623046875
2012-03-07,22.41780662536621
2012-03-08,22.644420623779297
2012-03-09,23.11443519592285
2012-03-12,23.038894653320312
2012-03-13,23.76069450378418
2012-03-14,23.962133407592773
2012-03-15,24.415359497070312
2012-03-16,24.514741897583008
2012-03-19,24.964933395385742
2012-03-20,24.548715591430664
2012-03-21,24.50624656677246
2012-03-22,24.090017318725586
2012-03-23,24.242919921875
2012-03-26,24.56570053100586
2012-03-27,24.523237228393555
2012-03-28,24.42979621887207
2012-03-29,24.45528221130371
2012-03-30,24.225933074951172
2012-04-02,24.42979621887207
2012-04-03,24.42979621887207
2012-04-04,23.928625106811523
2012-04-05,23.75874137878418
2012-04-09,23.32552719116211
2012-04-10,22.926292419433594
2012-04-11,23.29155158996582
2012-04-12,23.665302276611328
2012-04-13,22.94328498840332
2012-04-16,23.036718368530273
2012-04-17,23.74175453186035
2012-04-18,23.35950469970703
2012-04-19,23.317033767700195
2012-04-20,23.55487632751465
2012-04-23,23.206605911254883
2012-04-24,23.63132667541504
2012-04-25,23.63132667541504
2012-04-26,23.92013168334961
2012-04-27,23.92013168334961
2012-04-30,23.886157989501953
2012-05-01,23.818201065063477
2012-05-02,23.571870803833008
2012-05-03,23.65680694580078
2012-05-04,23.35950469970703
2012-05-07,23.571870803833008
2012-05-08,23.537887573242188
2012-05-09,23.537887573242188
2012-05-10,23.529388427734375
2012-05-11,23.503908157348633
2012-05-14,23.274564743041992
2012-05-15,23.206605911254883
2012-05-16,22.93478775024414
2012-05-17,22.628990173339844
2012-05-18,22.33168601989746
2012-05-21,22.67995262145996
2012-05-22,22.561038970947266
2012-05-23,22.722423553466797
2012-05-24,22.628990173339844
2012-05-25,22.9517765045166
2012-05-29,22.99424171447754
2012-05-30,22.552536010742188
2012-05-31,22.66297149658203
2012-06-01,21.694608688354492
2012-06-04,21.3293514251709
2012-06-05,21.337852478027344
2012-06-06,21.711597442626953
2012-06-07,22.085350036621094
2012-06-08,22.238248825073242
2012-06-11,21.864490509033203
2012-06-12,22.034378051757812
2012-06-13,22.25523567199707
2012-06-14,22.178791046142578
2012-06-15,22.490324020385742
2012-06-18,22.601285934448242
2012-06-19,22.908550262451172
2012-06-20,22.976825714111328
2012-06-21,22.473255157470703
2012-06-22,22.61835479736328
2012-06-25,22.328155517578125
2012-06-26,22.37936782836914
2012-06-27,22.857341766357422
2012-06-28,22.712238311767578
2012-06-29,23.57430076599121
2012-07-02,23.753538131713867
2012-07-03,23.958385467529297
2012-07-05,23.958385467529297
2012-07-06,23.685258865356445
2012-07-09,23.437732696533203
2012-07-10,23.437732696533203
2012-07-11,23.548690795898438
2012-07-12,23.377992630004883
2012-07-13,23.898630142211914
2012-07-16,23.92424201965332
2012-07-17,24.094945907592773
2012-07-18,23.975452423095703
2012-07-19,23.76207160949707
2012-07-20,23.33531379699707
2012-07-23,22.985366821289062
2012-07-24,22.823198318481445
2012-07-25,22.917081832885742
2012-07-26,22.976825714111328
2012-07-27,23.369449615478516
2012-07-30,23.190214157104492
2012-07-31,23.173139572143555
2012-08-01,23.13900375366211
2012-08-02,22.626890182495117
2012-08-03,23.34384536743164
2012-08-06,23.403589248657227
2012-08-07,23.506017684936523
2012-08-08,23.48894691467285
2012-08-09,23.369449615478516
2012-08-10,23.241422653198242
2012-08-13,23.062183380126953
2012-08-14,23.267030715942383
2012-08-15,23.48894691467285
2012-08-16,23.591371536254883
2012-08-17,23.651113510131836
2012-08-20,23.898630142211914
2012-08-21,23.898630142211914
2012-08-22,23.651113510131836
2012-08-23,23.352380752563477
2012-08-24,23.506017684936523
2012-08-27,23.497482299804688
2012-08-28,23.565763473510742
2012-08-29,23.753538131713867
2012-08-30,23.753538131713867
2012-08-31,23.753538131713867
2012-09-04,24.069345474243164
2012-09-05,24.001056671142578
2012-09-06,24.46196174621582
2012-09-07,24.66680908203125
2012-09-10,24.51317024230957
2012-09-11,24.52170753479004
2012-09-12,24.65827178955078
2012-09-13,24.957006454467773
2012-09-14,25.33255386352539
2012-09-17,24.991147994995117
2012-09-18,25.008214950561523
2012-09-19,25.025285720825195
2012-09-20,24.80337142944336
2012-09-21,24.878868103027344
2012-09-24,24.913179397583008
2012-09-25,24.621498107910156
2012-09-26,24.449922561645508
2012-09-27,24.49281120300293
2012-09-28,24.407024383544922
2012-10-01,24.46708106994629
2012-10-02,24.321237564086914
2012-10-03,24.389862060546875
2012-10-04,24.621498107910156
2012-10-05,24.758764266967773
2012-10-08,24.758764266967773
2012-10-09,24.407024383544922
2012-10-10,24.407024383544922
2012-10-11,24.570024490356445
2012-10-12,24.02955436706543
2012-10-15,23.7464542388916
2012-10-16,23.429031372070312
2012-10-17,23.840822219848633
2012-10-18,23.909446716308594
2012-10-19,23.626346588134766
2012-10-22,23.7464542388916
2012-10-23,23.694976806640625
2012-10-24,23.84939956665039
2012-10-25,23.909446716308594
2012-10-26,23.806503295898438
2012-10-31,23.806503295898438
2012-11-01,23.92660140991211
2012-11-02,23.60918617248535
2012-11-05,23.6863956451416
2012-11-06,23.9351863861084
2012-11-07,23.05156135559082
2012-11-08,22.742717742919922
2012-11-09,22.83708381652832
2012-11-12,22.86281967163086
2012-11-13,22.545398712158203
2012-11-14,22.210819244384766
2012-11-15,22.1765079498291
2012-11-16,22.25371551513672
2012-11-19,22.742717742919922
2012-11-20,22.948610305786133
2012-11-21,22.948610305786133
2012-11-23,23.060131072998047
2012-11-26,23.43760871887207
2012-11-27,23.343233108520508
2012-11-28,23.2574520111084
2012-11-29,23.471921920776367
2012-11-30,23.39470863342285
2012-12-03,23.429031372070312
2012-12-04,23.360397338867188
2012-12-05,23.420448303222656
2012-12-06,23.35181999206543
2012-12-07,23.2574520111084
2012-12-10,23.30034065246582
2012-12-11,23.497665405273438
2012-12-12,23.557710647583008
2012-12-13,23.283187866210938
2012-12-14,23.137344360351562
2012-12-17,23.60918617248535
2012-12-18,23.909446716308594
2012-12-19,24.06386375427246
2012-12-20,24.149656295776367
2012-12-21,24.000192642211914
2012-12-24,23.861967086791992
2012-12-26,23.810129165649414
2012-12-27,23.801494598388672
2012-12-28,23.732378005981445
2012-12-31,23.62870216369629
2013-01-02,24.57904052734375
2013-01-03,24.855501174926758
2013-01-04,25.1319580078125
2013-01-07,24.94188690185547
2013-01-08,24.786380767822266
2013-01-09,24.7086238861084
2013-01-10,24.855501174926758
2013-01-11,24.56175422668457
2013-01-14,24.6740665435791
2013-01-15,24.812297821044922
2013-01-16,24.93325424194336
2013-01-17,25.18379020690918
2013-01-18,25.080120086669922
2013-01-22,25.322017669677734
2013-01-23,25.19243049621582
2013-01-24,25.088762283325195
2013-01-25,25.03692054748535
2013-01-28,25.19243049621582
2013-01-29,25.166513442993164
2013-01-30,25.088762283325195
2013-01-31,25.166513442993164
2013-02-01,25.503446578979492
2013-02-04,25.270185470581055
2013-02-05,25.38249969482422
2013-02-06,25.512088775634766
2013-02-07,25.563922882080078
2013-02-08,25.658960342407227
2013-02-11,25.693517684936523
2013-02-12,25.900856018066406
2013-02-13,25.90949821472168
2013-02-14,25.926782608032227
2013-02-15,25.969974517822266
2013-02-19,26.09092903137207
2013-02-20,26.021812438964844
2013-02-21,25.520729064941406
2013-02-22,25.788551330566406
2013-02-25,25.270185470581055
2013-02-26,25.313385009765625
2013-02-27,25.633039474487305
2013-02-28,25.64167594909668
2013-03-01,25.59848403930664
2013-03-04,25.736713409423828
2013-03-05,26.021812438964844
2013-03-06,25.87494468688965
2013-03-07,26.306907653808594
2013-03-08,26.376028060913086
2013-03-11,26.376028060913086
2013-03-12,26.29827308654785
2013-03-13,26.453781127929688
2013-03-14,26.782072067260742
2013-03-15,26.9476261138916
2013-03-18,26.713600158691406
2013-03-19,26.704940795898438
2013-03-20,26.964963912963867
2013-03-21,26.808948516845703
2013-03-22,26.878286361694336
2013-03-25,26.834945678710938
2013-03-26,26.9042911529541
2013-03-27,26.956295013427734
2013-03-28,26.921628952026367
2013-04-01,26.48824119567871
2013-04-02,26.30622100830078
2013-04-03,25.881511688232422
2013-04-04,26.12420654296875
2013-04-05,26.07219696044922
2013-04-08,26.25421714782715
2013-04-09,26.228221893310547
2013-04-10,26.462244033813477
2013-04-11,26.375564575195312
2013-04-12,26.150211334228516
2013-04-15,25.13609504699707
2013-04-16,25.647485733032227
2013-04-17,25.2314395904541
2013-04-18,25.092756271362305
2013-04-19,25.18810272216797
2013-04-22,25.430795669555664
2013-04-23,25.777502059936523
2013-04-24,26.01152992248535
2013-04-25,25.968183517456055
2013-04-26,25.968183517456055
2013-04-29,25.90751075744629
2013-04-30,25.98552131652832
2013-05-01,25.430795669555664
2013-05-02,25.65614891052246
2013-05-03,26.08953285217285
2013-05-06,26.30622100830078
2013-05-07,26.66159439086914
2013-05-08,26.817615509033203
2013-05-09,26.652929306030273
2013-05-10,26.618257522583008
2013-05-13,26.704940795898438
2013-05-14,27.016965866088867
2013-05-15,27.198986053466797
2013-05-16,27.38100814819336
2013-05-17,27.537023544311523
2013-05-20,27.710378646850586
2013-05-21,27.66704559326172
2013-05-22,27.233661651611328
2013-05-23,27.172988891601562
2013-05-24,27.276996612548828
2013-05-28,27.68437957763672
2013-05-29,27.476350784301758
2013-05-30,27.632366180419922
2013-05-31,27.285663604736328
2013-06-03,27.34633445739746
2013-06-04,27.33767318725586
2013-06-05,26.800277709960938
2013-06-06,26.878286361694336
2013-06-07,27.181652069091797
2013-06-10,27.528356552124023
2013-06-11,27.268327713012695
2013-06-12,26.999637603759766
2013-06-13,27.33767318725586
2013-06-14,26.990964889526367
2013-06-17,27.034303665161133
2013-06-18,27.389677047729492
2013-06-19,27.32900619506836
2013-06-20,27.164318084716797
2013-06-21,27.504087448120117
2013-06-24,27.390836715698242
2013-06-25,27.77416229248047
2013-06-26,27.930984497070312
2013-06-27,28.453706741333008
2013-06-28,28.462421417236328
2013-07-01,29.020000457763672
2013-07-02,29.298782348632812
2013-07-03,29.464319229125977
2013-07-05,30.109010696411133
2013-07-08,30.23097801208496
2013-07-09,30.396503448486328
2013-07-10,30.109010696411133
2013-07-11,29.647266387939453
2013-07-12,30.030603408813477
2013-07-15,30.23969078063965
2013-07-16,30.02188491821289
2013-07-17,30.23969078063965
2013-07-18,30.80598258972168
2013-07-19,30.99764633178711
2013-07-22,31.215450286865234
2013-07-23,31.468095779418945
2013-07-24,31.616199493408203
2013-07-25,31.441957473754883
2013-07-26,31.276437759399414
2013-07-29,30.95408058166504
2013-07-30,31.015071868896484
2013-07-31,31.093477249145508
2013-08-01,31.738170623779297
2013-08-02,31.67718505859375
2013-08-05,31.746885299682617
2013-08-06,31.407115936279297
2013-08-07,31.1457462310791
2013-08-08,31.224159240722656
2013-08-09,31.076045989990234
2013-08-12,31.049903869628906
2013-08-13,31.206727981567383
2013-08-14,31.198022842407227
2013-08-15,30.85824966430664
2013-08-16,30.980215072631836
2013-08-19,30.727569580078125
2013-08-20,31.163177490234375
2013-08-21,31.03249740600586
2013-08-22,31.459381103515625
2013-08-23,31.276437759399414
2013-08-26,30.99764633178711
2013-08-27,29.93476676940918
2013-08-28,30.07416343688965
2013-08-29,30.23097801208496
2013-08-30,29.716957092285156
2013-09-03,29.516584396362305
2013-09-04,29.65597915649414
2013-09-05,29.91734504699707
2013-09-06,29.82151222229004
2013-09-09,30.091590881347656
2013-09-10,30.291963577270508
2013-09-11,30.187416076660156
2013-09-12,30.030603408813477
2013-09-13,30.065446853637695
2013-09-16,30.16998863220215
2013-09-17,30.38779067993164
2013-09-18,30.544618606567383
2013-09-19,29.882492065429688
2013-09-20,30.28242301940918
2013-09-23,30.07285499572754
2013-09-24,30.395936965942383
2013-09-25,30.43959617614746
2013-09-26,30.23875617980957
2013-09-27,30.33481216430664
2013-09-30,30.47452163696289
2013-10-01,30.937313079833984
2013-10-02,30.614229202270508
2013-10-03,30.47452163696289
2013-10-04,30.692813873291016
2013-10-07,30.212566375732422
2013-10-08,30.055377960205078
2013-10-09,30.273681640625
2013-10-10,30.788883209228516
2013-10-11,31.435028076171875
2013-10-14,31.635866165161133
2013-10-15,31.435028076171875
2013-10-16,31.827974319458008
2013-10-17,31.827974319458008
2013-10-18,32.159786224365234
2013-10-21,32.290771484375
2013-10-22,32.4217414855957
2013-10-23,32.4566764831543
2013-10-24,32.56145477294922
2013-10-25,32.56145477294922
2013-10-28,32.78849411010742
2013-10-29,32.82341003417969
2013-10-30,32.67496871948242
2013-10-31,32.39554977416992
2013-11-01,32.06373596191406
2013-11-04,32.17724609375
2013-11-05,32.29948806762695
2013-11-06,32.4566764831543
2013-11-07,32.430484771728516
2013-11-08,33.21636199951172
2013-11-11,32.93693923950195
2013-11-12,32.57018280029297
2013-11-13,32.8146858215332
2013-11-14,33.02425765991211
2013-11-15,32.84961700439453
2013-11-18,32.88452911376953
2013-11-19,32.72736358642578
2013-11-20,32.8146858215332
2013-11-21,33.5045166015625
2013-11-22,33.83631896972656
2013-11-25,34.00222396850586
2013-11-26,34.25545883178711
2013-11-27,34.421363830566406
2013-11-29,34.421363830566406
2013-12-02,34.03715896606445
2013-12-03,33.521968841552734
2013-12-04,33.670413970947266
2013-12-05,33.63548278808594
2013-12-06,34.28165817260742
2013-12-09,34.05461502075195
2013-12-10,33.731544494628906
2013-12-11,33.23381805419922
2013-12-12,33.49577331542969
2013-12-13,33.469581604003906
2013-12-16,33.96730041503906
2013-12-17,33.705345153808594
2013-12-18,34.22053146362305
2013-12-19,33.94983673095703
2013-12-20,34.50708770751953
2013-12-23,35.025657653808594
2013-12-24,35.03445816040039
2013-12-26,35.08717346191406
2013-12-27,35.025657653808594
2013-12-30,34.7795524597168
2013-12-31,34.8498649597168
2014-01-02,34.375247955322266
2014-01-03,34.410404205322266
2014-01-06,34.11156463623047
2014-01-07,34.31371307373047
2014-01-08,34.384029388427734
2014-01-09,34.603755950927734
2014-01-10,34.533447265625
2014-01-13,34.10276412963867
2014-01-14,34.304927825927734
2014-01-15,34.48072052001953
2014-01-16,34.13792419433594
2014-01-17,34.384029388427734
2014-01-21,35.06080627441406
2014-01-22,35.43875503540039
2014-01-23,34.823509216308594
2014-01-24,34.331298828125
2014-01-27,33.97092056274414
2014-01-28,33.75999069213867
2014-01-29,33.08320999145508
2014-01-30,33.496307373046875
2014-01-31,32.89862823486328
2014-02-03,31.624170303344727
2014-02-04,32.142738342285156
2014-02-05,32.037269592285156
2014-02-06,32.23064041137695
2014-02-07,32.23942565917969
2014-02-10,32.34489059448242
2014-02-11,32.45915985107422
2014-02-12,32.80195617675781
2014-02-13,32.881046295166016
2014-02-14,33.06563186645508
2014-02-18,33.19746017456055
2014-02-19,32.757991790771484
2014-02-20,32.33610916137695
2014-02-21,32.56462860107422
2014-02-24,33.24142074584961
2014-02-25,32.99530792236328
2014-02-26,33.496307373046875
2014-02-27,33.59299087524414
2014-02-28,34.13792419433594
2014-03-03,33.84788513183594
2014-03-04,34.86744689941406
2014-03-05,34.58618927001953
2014-03-06,34.85866165161133
2014-03-07,35.13113021850586
2014-03-10,35.21023941040039
2014-03-11,35.06961441040039
2014-03-12,34.97291946411133
2014-03-13,34.90260696411133
2014-03-14,35.043235778808594
2014-03-17,35.25417709350586
2014-03-18,35.33329391479492
2014-03-19,35.544219970703125
2014-03-20,36.221012115478516
2014-03-21,36.10041046142578
2014-03-24,35.88033676147461
2014-03-25,35.82752990722656
2014-03-26,35.2817497253418
2014-03-27,34.55110549926758
2014-03-28,34.630340576171875
2014-03-31,35.316959381103516
2014-04-01,35.81870651245117
2014-04-02,35.95075988769531
2014-04-03,35.88913345336914
2014-04-04,35.1937141418457
2014-04-07,34.753578186035156
2014-04-08,34.683162689208984
2014-04-09,34.366249084472656
2014-04-10,33.52998352050781
2014-04-11,33.30111312866211
2014-04-14,33.29230880737305
2014-04-15,33.3979377746582
2014-04-16,33.59160232543945
2014-04-17,33.961326599121094
2014-04-21,33.68843460083008
2014-04-22,33.873294830322266
2014-04-23,33.89970397949219
2014-04-24,33.45956039428711
2014-04-25,32.71132278442383
2014-04-28,32.262386322021484
2014-04-29,32.438446044921875
2014-04-30,32.50885772705078
2014-05-01,32.482452392578125
2014-05-02,32.50885772705078
2014-05-05,32.20075607299805
2014-05-06,31.804630279541016
2014-05-07,32.05990982055664
2014-05-08,31.936668395996094
2014-05-09,32.20075607299805
2014-05-12,32.913787841796875
2014-05-13,32.438446044921875
2014-05-14,31.646181106567383
2014-05-15,31.54935073852539
2014-05-16,31.33808708190918
2014-05-19,31.79582977294922
2014-05-20,31.6813907623291
2014-05-21,31.901456832885742
2014-05-22,32.130332946777344
2014-05-23,32.2183723449707
2014-05-27,32.60569381713867
2014-05-28,32.42082977294922
2014-05-29,32.288787841796875
2014-05-30,32.23596954345703
2014-06-02,32.71132278442383
2014-06-03,32.87858200073242
2014-06-04,32.84336471557617
2014-06-05,33.70604705810547
2014-06-06,34.022945404052734
2014-06-09,34.54231262207031
2014-06-10,34.383853912353516
2014-06-11,34.066951751708984
2014-06-12,34.066951751708984
2014-06-13,34.17258834838867
2014-06-16,33.57400131225586
2014-06-17,34.31344223022461
2014-06-18,34.50709915161133
2014-06-19,34.260616302490234
2014-06-20,34.250892639160156
2014-06-23,34.26857376098633
2014-06-24,34.2420539855957
2014-06-25,34.10939025878906
2014-06-26,34.23320770263672
2014-06-27,34.33932113647461
2014-06-30,34.392391204833984
2014-07-01,34.923004150390625
2014-07-02,34.560420989990234
2014-07-03,34.97605895996094
2014-07-07,34.72843551635742
2014-07-08,34.4631462097168
2014-07-09,34.250892639160156
2014-07-10,33.914833068847656
2014-07-11,33.75564956665039
2014-07-14,33.80870819091797
2014-07-15,34.10939025878906
2014-07-16,33.693748474121094
2014-07-17,32.76518249511719
2014-07-18,33.12776184082031
2014-07-21,32.92436599731445
2014-07-22,33.14544677734375
2014-07-23,32.694435119628906
2014-07-24,33.110069274902344
2014-07-25,33.12776184082031
2014-07-28,32.74749755859375
2014-07-29,32.98626708984375
2014-07-30,32.9774169921875
2014-07-31,32.6767463684082
2014-08-01,32.084224700927734
2014-08-04,32.11960220336914
2014-08-05,32.261104583740234
2014-08-06,32.18151092529297
2014-08-07,32.01348114013672
2014-08-08,32.19034957885742
2014-08-11,32.41144943237305
2014-08-12,32.19034957885742
2014-08-13,32.42912673950195
2014-08-14,32.42912673950195
2014-08-15,32.12845993041992
2014-08-18,32.75634002685547
2014-08-19,32.835933685302734
2014-08-20,32.6767463684082
2014-08-21,33.22505187988281
2014-08-22,33.26042175292969
2014-08-25,33.269256591796875
2014-08-26,33.552249908447266
2014-08-27,33.34885025024414
2014-08-28,33.12776184082031
2014-08-29,33.25157165527344
2014-09-02,33.62299728393555
2014-09-03,33.67606735229492
2014-09-04,33.45497512817383
2014-09-05,33.34001541137695
2014-09-08,33.54340744018555
2014-09-09,33.37539291381836
2014-09-10,33.7291259765625
2014-09-11,33.870628356933594
2014-09-12,34.153621673583984
2014-09-15,33.79103469848633
2014-09-16,33.53456115722656
2014-09-17,33.773345947265625
2014-09-18,34.153621673583984
2014-09-19,34.518699645996094
2014-09-22,33.51492691040039
2014-09-23,33.079681396484375
2014-09-24,33.13296890258789
2014-09-25,32.742130279541016
2014-09-26,32.77766418457031
2014-09-29,32.6444206237793
2014-09-30,32.58223342895508
2014-10-01,32.16474533081055
2014-10-02,32.44898986816406
2014-10-03,32.6888313293457
2014-10-06,32.45787811279297
2014-10-07,31.827207565307617
2014-10-08,32.01374053955078
2014-10-09,31.773893356323242
2014-10-10,31.75613784790039
2014-10-13,31.66730499267578
2014-10-14,31.96932601928711
2014-10-15,30.938915252685547
2014-10-16,31.507415771484375
2014-10-17,31.68507194519043
2014-10-20,31.605133056640625
2014-10-21,32.475643157958984
2014-10-22,32.297996520996094
2014-10-23,32.55559539794922
2014-10-24,32.493412017822266
2014-10-27,32.6444206237793
2014-10-28,33.577117919921875
2014-10-29,33.69260025024414
2014-10-30,34.20779800415039
2014-10-31,34.69635772705078
2014-11-03,34.660823822021484
2014-11-04,34.50093078613281
2014-11-05,34.829593658447266
2014-11-06,34.802947998046875
2014-11-07,35.087196350097656
2014-11-10,35.29149627685547
2014-11-11,35.380332946777344
2014-11-12,35.86888885498047
2014-11-13,35.48692321777344
2014-11-14,35.22932434082031
2014-11-17,34.971710205078125
2014-11-18,35.00726318359375
2014-11-19,34.66970443725586
2014-11-20,34.8740119934082
2014-11-21,34.72299575805664
2014-11-24,34.785186767578125
2014-11-25,35.10496520996094
2014-11-26,35.15825653076172
2014-11-28,34.483154296875
2014-12-01,33.71923828125
2014-12-02,34.110084533691406
2014-12-03,34.341041564941406
2014-12-04,34.483154296875
2014-12-05,35.22043991088867
2014-12-08,34.9894905090332
2014-12-09,35.41585922241211
2014-12-10,34.483154296875
2014-12-11,34.73188781738281
2014-12-12,34.15449523925781
2014-12-15,33.8702507019043
2014-12-16,34.12785339355469
2014-12-17,34.38545608520508
2014-12-18,35.20268249511719
2014-12-19,34.98875045776367
2014-12-22,35.13196563720703
2014-12-23,35.65110397338867
2014-12-24,35.50789260864258
2014-12-26,35.66006088256836
2014-12-29,36.053897857666016
2014-12-30,35.98228454589844
2014-12-31,35.7943229675293
2015-01-02,35.1588134765625
2015-01-05,35.1588134765625
2015-01-06,33.44026184082031
2015-01-07,33.55662536621094
2015-01-08,34.17423629760742
2015-01-09,33.4760627746582
2015-01-12,32.921112060546875
2015-01-13,32.69733428955078
2015-01-14,32.27665328979492
2015-01-15,32.02603530883789
2015-01-16,32.572025299072266
2015-01-20,32.1871452331543
2015-01-21,32.46461868286133
2015-01-22,33.62822341918945
2015-01-23,33.30599594116211
2015-01-26,33.53872299194336
2015-01-27,33.32390213012695
2015-01-28,32.19609069824219
2015-01-29,32.53622055053711
2015-01-30,32.54518127441406
2015-02-02,32.75103759765625
2015-02-03,33.9504508972168
2015-02-04,33.74458312988281
2015-02-05,34.4158935546875
2015-02-06,35.12301254272461
2015-02-09,34.63966751098633
2015-02-10,34.38010025024414
2015-02-11,34.621761322021484
2015-02-12,35.14986038208008
2015-02-13,35.337825775146484
2015-02-17,35.53475570678711
2015-02-18,35.239376068115234
2015-02-19,34.97085189819336
2015-02-20,35.09615707397461
2015-02-23,34.863441467285156
2015-02-24,35.248321533203125
2015-02-25,35.08720779418945
2015-02-26,35.1588134765625
2015-02-27,35.364681243896484
2015-03-02,35.23041915893555
2015-03-03,35.22146987915039
2015-03-04,35.0514030456543
2015-03-05,35.13196563720703
2015-03-06,35.43629455566406
2015-03-09,35.81222915649414
2015-03-10,35.17671203613281
2015-03-11,35.16776657104492
2015-03-12,36.349281311035156
2015-03-13,35.92858123779297
2015-03-16,36.13444900512695
2015-03-17,36.00914001464844
2015-03-18,36.20606231689453
2015-03-19,35.803260803222656
2015-03-20,36.222015380859375
2015-03-23,36.168094635009766
2015-03-24,36.015342712402344
2015-03-25,35.4761848449707
2015-03-26,35.34140396118164
2015-03-27,35.44023895263672
2015-03-30,36.21303176879883
2015-03-31,35.98838424682617
2015-04-01,35.78170394897461
2015-04-02,36.10520935058594
2015-04-06,35.99736404418945
2015-04-07,36.21303176879883
2015-04-08,36.015342712402344
2015-04-09,35.898529052734375
2015-04-10,36.042301177978516
2015-04-13,36.50057601928711
2015-04-14,36.20404052734375
2015-04-15,36.842037200927734
2015-04-16,36.7701530456543
2015-04-17,36.1231689453125
2015-04-20,36.48259353637695
2015-04-21,36.65333938598633
2015-04-22,36.64435577392578
2015-04-23,36.64435577392578
2015-04-24,36.50057601928711
2015-04-27,36.53651809692383
2015-04-28,36.42868423461914
2015-04-29,36.80609130859375
2015-04-30,36.80609130859375
2015-05-01,36.06925582885742
2015-05-04,36.50956344604492
2015-05-05,36.18606948852539
2015-05-06,36.50956344604492
2015-05-07,36.302894592285156
2015-05-08,36.52752685546875
2015-05-11,36.76116943359375
2015-05-12,37.066680908203125
2015-05-13,37.2104606628418
2015-05-14,37.26437759399414
2015-05-15,36.80609130859375
2015-05-18,37.453086853027344
2015-05-19,37.74062728881836
2015-05-20,37.623809814453125
2015-05-21,37.47105026245117
2015-05-22,37.5339469909668
2015-05-26,37.084659576416016
2015-05-27,37.43510437011719
2015-05-28,37.35423278808594
2015-05-29,37.192481994628906
2015-06-01,37.11160659790039
2015-06-02,37.578880310058594
2015-06-03,38.24383544921875
2015-06-04,37.902366638183594
2015-06-05,38.585289001464844
2015-06-08,38.720088958740234
2015-06-09,39.09748458862305
2015-06-10,39.7354850769043
2015-06-11,39.54677200317383
2015-06-12,39.627655029296875
2015-06-15,39.45692443847656
2015-06-16,39.95115280151367
2015-06-17,39.187347412109375
2015-06-18,39.42098617553711
2015-06-19,39.51127243041992
2015-06-22,39.98078536987305
2015-06-23,40.44127655029297
2015-06-24,40.143310546875
2015-06-25,40.25165939331055
2015-06-26,40.50447463989258
2015-06-29,39.475162506103516
2015-06-30,39.66476821899414
2015-07-01,40.170387268066406
2015-07-02,39.48417663574219
2015-07-06,39.16815948486328
2015-07-07,38.861175537109375
2015-07-08,38.50904846191406
2015-07-09,39.150115966796875
2015-07-10,39.610591888427734
2015-07-13,39.926612854003906
2015-07-14,40.053016662597656
2015-07-15,40.22456359863281
2015-07-16,40.296810150146484
2015-07-17,39.854373931884766
2015-07-20,40.179412841796875
2015-07-21,39.8904914855957
2015-07-22,40.36001205444336
2015-07-23,39.79117965698242
2015-07-24,39.3487548828125
2015-07-27,38.770877838134766
2015-07-28,38.82505798339844
2015-07-29,38.95146179199219
2015-07-30,39.050785064697266
2015-07-31,39.077880859375
2015-08-03,39.059818267822266
2015-08-04,39.16815948486328
2015-08-05,39.619625091552734
2015-08-06,39.26749038696289
2015-08-07,38.88825988769531
2015-08-10,39.619625091552734
2015-08-11,39.03273391723633
2015-08-12,38.265254974365234
2015-08-13,38.44584274291992
2015-08-14,38.95146179199219
2015-08-17,39.005645751953125
2015-08-18,39.077880859375
2015-08-19,38.5451545715332
2015-08-20,37.317203521728516
2015-08-21,37.01021957397461
2015-08-24,35.30371856689453
2015-08-25,34.61751174926758
2015-08-26,35.511390686035156
2015-08-27,36.09828186035156
2015-08-28,36.188575744628906
2015-08-31,36.72127914428711
2015-09-01,35.249542236328125
2015-09-02,35.74614715576172
2015-09-03,36.1253662109375
2015-09-04,35.90867233276367
2015-09-08,36.76643371582031
2015-09-09,36.594879150390625
2015-09-10,36.84769821166992
2015-09-11,36.80254364013672
2015-09-14,36.97410202026367
2015-09-15,37.470699310302734
2015-09-16,37.60614013671875
2015-09-17,36.56779479980469
2015-09-18,35.823429107666016
2015-09-21,36.393924713134766
2015-09-22,36.17659378051758
2015-09-23,36.41202926635742
2015-09-24,36.738033294677734
2015-09-25,36.99158477783203
2015-09-28,36.56597900390625
2015-09-29,36.43920135498047
2015-09-30,36.85575866699219
2015-10-01,36.8829231262207
2015-10-02,35.877769470214844
2015-10-05,37.11836624145508
2015-10-06,37.136470794677734
2015-10-07,37.76129913330078
2015-10-08,38.014862060546875
2015-10-09,37.71603012084961
2015-10-12,37.98768997192383
2015-10-13,37.80658721923828
2015-10-14,36.973480224609375
2015-10-15,36.928199768066406
2015-10-16,37.25419616699219
2015-10-19,37.172698974609375
2015-10-20,37.625465393066406
2015-10-21,37.46247482299805
2015-10-22,37.57114028930664
2015-10-23,38.55818557739258
2015-10-26,38.313690185546875
2015-10-27,37.86091613769531
2015-10-28,39.409385681152344
2015-10-29,39.40032958984375
2015-10-30,38.250301361083984
2015-11-02,39.14678955078125
2015-11-03,39.255455017089844
2015-11-04,39.37317657470703
2015-11-05,40.025169372558594
2015-11-06,41.11183547973633
2015-11-09,40.90354919433594
2015-11-10,40.822052001953125
2015-11-11,40.52322006225586
2015-11-12,39.617671966552734
2015-11-13,39.06528091430664
2015-11-16,39.54523468017578
2015-11-17,39.71728515625
2015-11-18,40.260616302490234
2015-11-19,40.052337646484375
2015-11-20,40.414554595947266
2015-11-23,40.56848907470703
2015-11-24,40.840171813964844
2015-11-25,40.64094161987305
2015-11-27,40.858280181884766
2015-11-30,40.93071746826172
2015-12-01,40.93976593017578
2015-12-02,40.179115295410156
2015-12-03,39.63578796386719
2015-12-04,40.32399368286133
2015-12-07,39.40032958984375
2015-12-08,38.739295959472656
2015-12-09,38.15974807739258
2015-12-10,38.23218536376953
2015-12-11,37.32664108276367
2015-12-14,37.16364669799805
2015-12-15,38.13257598876953
2015-12-16,38.60345458984375
2015-12-17,37.969581604003906
2015-12-18,37.17320251464844
2015-12-21,37.05461502075195
2015-12-22,37.49248504638672
2015-12-23,37.97595977783203
2015-12-24,38.204017639160156
2015-12-28,38.09455108642578
2015-12-29,38.486812591552734
2015-12-30,38.17665100097656
2015-12-31,37.50160217285156
2016-01-04,36.452545166015625
2016-01-05,36.470794677734375
2016-01-06,36.10590362548828
2016-01-07,35.321388244628906
2016-01-08,34.40915298461914
2016-01-11,34.50950622558594
2016-01-12,34.454776763916016
2016-01-13,33.2232666015625
2016-01-14,33.61552047729492
2016-01-15,33.07731246948242
2016-01-19,32.79452896118164
2016-01-20,32.54822540283203
2016-01-21,32.256317138671875
2016-01-22,32.59383010864258
2016-01-25,31.280227661132812
2016-01-26,32.4478645324707
2016-01-27,32.76715850830078
2016-01-28,33.36922073364258
2016-01-29,33.807090759277344
2016-02-01,33.679378509521484
2016-02-02,32.74891662597656
2016-02-03,33.113800048828125
2016-02-04,33.360103607177734
2016-02-05,32.83100891113281
2016-02-08,32.40227127075195
2016-02-09,32.46612548828125
2016-02-10,32.2471809387207
2016-02-11,31.280227661132812
2016-02-12,32.4843635559082
2016-02-16,33.250640869140625
2016-02-17,33.2232666015625
2016-02-18,32.758018493652344
2016-02-19,33.03170394897461
2016-02-22,33.560787200927734
2016-02-23,32.758018493652344
2016-02-24,32.50260925292969
2016-02-25,33.06818771362305
2016-02-26,33.70674514770508
2016-02-29,33.059059143066406
2016-03-01,34.23583984375
2016-03-02,34.71931838989258
2016-03-03,35.3122673034668
2016-03-04,35.85047912597656
2016-03-07,35.959938049316406
2016-03-08,35.14805221557617
2016-03-09,34.956504821777344
2016-03-10,35.15719223022461
2016-03-11,36.08765411376953
2016-03-14,35.84136199951172
2016-03-15,35.43085861206055
2016-03-16,35.05683517456055
2016-03-17,35.84136199951172
2016-03-18,36.16666030883789
2016-03-21,36.130104064941406
2016-03-22,36.09355163574219
2016-03-23,35.58184051513672
2016-03-24,35.40823745727539
2016-03-28,35.43564224243164
2016-03-29,35.627532958984375
2016-03-30,35.90167236328125
2016-03-31,35.66408157348633
2016-04-01,35.70063781738281
2016-04-04,35.50873947143555
2016-04-05,34.76860427856445
2016-04-06,35.11582946777344
2016-04-07,34.1655158996582
2016-04-08,34.403099060058594
2016-04-11,34.7229118347168
2016-04-12,35.31685256958008
2016-04-13,36.696624755859375
2016-04-14,36.952491760253906
2016-04-15,36.888526916503906
2016-04-18,37.171791076660156
2016-04-19,37.67436218261719
2016-04-20,38.1403694152832
2016-04-21,37.820552825927734
2016-04-22,38.22261047363281
2016-04-25,37.88452911376953
2016-04-26,38.47847366333008
2016-04-27,38.313995361328125
2016-04-28,37.8297004699707
2016-04-29,37.84798049926758
2016-05-02,37.939353942871094
2016-05-03,37.01645278930664
2016-05-04,36.55043411254883
2016-05-05,36.23061752319336
2016-05-06,36.385963439941406
2016-05-09,36.385963439941406
2016-05-10,36.98904037475586
2016-05-11,36.81542205810547
2016-05-12,36.76974105834961
2016-05-13,36.084407806396484
2016-05-16,36.70576858520508
2016-05-17,36.15751266479492
2016-05-18,37.65607452392578
2016-05-19,37.1992073059082
2016-05-20,37.6926383972168
2016-05-23,37.537296295166016
2016-05-24,38.45106506347656
2016-05-25,38.953617095947266
2016-05-26,38.55157470703125
2016-05-27,38.981040954589844
2016-05-31,38.889652252197266
2016-06-01,39.099830627441406
2016-06-02,39.200340270996094
2016-06-03,38.47847366333008
2016-06-06,39.05413818359375
2016-06-07,38.898807525634766
2016-06-08,39.035865783691406
2016-06-09,38.47847366333008
2016-06-10,38.012454986572266
2016-06-13,37.482479095458984
2016-06-14,36.80628967285156
2016-06-15,37.0073127746582
2016-06-16,36.449913024902344
2016-06-17,36.61069869995117
2016-06-20,37.13436508178711
2016-06-21,37.22623825073242
2016-06-22,37.16191482543945
2016-06-23,38.4481201171875
2016-06-24,35.894100189208984
2016-06-27,34.11179733276367
2016-06-28,35.030513763427734
2016-06-29,36.10539627075195
2016-06-30,36.959808349609375
2016-07-01,36.45451736450195
2016-07-05,35.471500396728516
2016-07-06,35.78385925292969
2016-07-07,36.10539627075195
2016-07-08,36.766876220703125
2016-07-11,37.38241195678711
2016-07-12,38.30112075805664
2016-07-13,38.246002197265625
2016-07-14,38.7329216003418
2016-07-15,38.870731353759766
2016-07-18,38.53080368041992
2016-07-19,38.56754684448242
2016-07-20,38.39299392700195
2016-07-21,37.96120071411133
2016-07-22,38.457313537597656
2016-07-25,38.20925521850586
2016-07-26,38.356258392333984
2016-07-27,38.42974090576172
2016-07-28,38.457313537597656
2016-07-29,38.18169403076172
2016-08-01,37.70396423339844
2016-08-02,37.49266052246094
2016-08-03,37.90607452392578
2016-08-04,37.96120071411133
2016-08-05,39.23820877075195
2016-08-08,39.02690505981445
2016-08-09,39.1830940246582
2016-08-10,38.686981201171875
2016-08-11,38.79722213745117
2016-08-12,38.641056060791016
2016-08-15,39.1555290222168
2016-08-16,39.1187744140625
2016-08-17,39.17390060424805
2016-08-18,39.38520812988281
2016-08-19,39.458709716796875
2016-08-22,39.53219985961914
2016-08-23,39.679195404052734
2016-08-24,39.69755935668945
2016-08-25,39.881309509277344
2016-08-26,40.14773941040039
2016-08-29,40.44172668457031
2016-08-30,40.80002212524414
2016-08-31,40.818397521972656
2016-09-01,40.43253707885742
2016-09-02,40.83677291870117
2016-09-06,40.19367218017578
2016-09-07,40.59790802001953
2016-09-08,40.689781188964844
2016-09-09,40.39579391479492
2016-09-12,40.460105895996094
2016-09-13,39.936431884765625
2016-09-14,39.44032669067383
2016-09-15,39.82618713378906
2016-09-16,39.6018180847168
2016-09-19,39.611053466796875
2016-09-20,39.80494689941406
2016-09-21,39.8326530456543
2016-09-22,40.21122360229492
2016-09-23,40.257389068603516
2016-09-26,39.361751556396484
2016-09-27,39.574119567871094
2016-09-28,40.109649658203125
2016-09-29,39.574119567871094
2016-09-30,40.23891830444336
2016-10-03,39.823421478271484
2016-10-04,40.072723388671875
2016-10-05,40.829856872558594
2016-10-06,40.848323822021484
2016-10-07,40.80215072631836
2016-10-10,41.10685348510742
2016-10-11,40.70058822631836
2016-10-12,40.6267204284668
2016-10-13,39.51871871948242
2016-10-14,39.8880615234375
2016-10-17,39.574119567871094
2016-10-18,39.90652847290039
2016-10-19,40.571311950683594
2016-10-20,40.47898483276367
2016-10-21,40.469757080078125
2016-10-24,40.8575553894043
2016-10-25,40.580562591552734
2016-10-26,40.617488861083984
2016-10-27,40.765228271484375
2016-10-28,40.47898483276367
2016-10-31,40.82061767578125
2016-11-01,40.571311950683594
2016-11-02,39.740318298339844
2016-11-03,39.878822326660156
2016-11-04,40.109649658203125
2016-11-07,41.20841598510742
2016-11-08,40.99605941772461
2016-11-09,43.202823638916016
2016-11-10,45.28032684326172
2016-11-11,46.71149826049805
2016-11-14,47.61635971069336
2016-11-15,47.911827087402344
2016-11-16,47.50556182861328
2016-11-17,47.902591705322266
2016-11-18,48.2903938293457
2016-11-21,48.475067138671875
2016-11-22,48.973663330078125
2016-11-23,49.30606460571289
2016-11-25,49.121402740478516
2016-11-28,48.1611328125
2016-11-29,48.530460357666016
2016-11-30,48.96443176269531
2016-12-01,49.67540740966797
2016-12-02,49.26912307739258
2016-12-05,50.090904235839844
2016-12-06,50.94036102294922
2016-12-07,51.457427978515625
2016-12-08,52.47309875488281
2016-12-09,52.63930130004883
2016-12-12,51.31892776489258
2016-12-13,51.54054260253906
2016-12-14,51.12504196166992
2016-12-15,51.87293243408203
2016-12-16,51.12885284423828
2016-12-19,51.593326568603516
2016-12-20,52.420082092285156
2016-12-21,52.327186584472656
2016-12-22,52.36433792114258
2016-12-23,52.373634338378906
2016-12-27,52.754493713378906
2016-12-28,52.178550720214844
2016-12-29,51.97418975830078
2016-12-30,51.93703842163086
2017-01-03,51.98347473144531
2017-01-04,52.84738540649414
2017-01-05,51.81626892089844
2017-01-06,51.95561218261719
2017-01-09,51.12885284423828
2017-01-10,51.8348503112793
2017-01-11,52.12281799316406
2017-01-12,51.11027526855469
2017-01-13,51.68621826171875
2017-01-17,49.89335632324219
2017-01-18,50.27421951293945
2017-01-19,50.08843994140625
2017-01-20,50.5157585144043
2017-01-23,50.35783767700195
2017-01-24,51.463279724121094
2017-01-25,52.327186584472656
2017-01-26,52.70804977416992
2017-01-27,52.13210678100586
2017-01-30,51.268192291259766
2017-01-31,51.342506408691406
2017-02-01,50.98023223876953
2017-02-02,50.3299674987793
2017-02-03,51.7419548034668
2017-02-06,51.19388198852539
2017-02-07,50.98023223876953
2017-02-08,50.4228630065918
2017-02-09,51.30534744262695
2017-02-10,51.51900863647461
2017-02-13,51.97418975830078
2017-02-14,52.88455581665039
2017-02-15,52.99602127075195
2017-02-16,53.08891677856445
2017-02-17,52.94029235839844
2017-02-21,53.31186294555664
2017-02-22,53.30257797241211
2017-02-23,53.25612258911133
2017-02-24,52.921714782714844
2017-02-27,53.218963623046875
2017-02-28,52.58728790283203
2017-03-01,54.315120697021484
2017-03-02,52.763790130615234
2017-03-03,53.098209381103516
2017-03-06,52.63373947143555
2017-03-07,52.36433792114258
2017-03-08,51.93703842163086
2017-03-09,51.90916442871094
2017-03-10,51.732666015625
2017-03-13,51.90916442871094
2017-03-14,51.85342025756836
2017-03-15,51.481842041015625
2017-03-16,52.0020637512207
2017-03-17,51.95183181762695
2017-03-20,51.20780944824219
2017-03-21,48.36189270019531
2017-03-22,47.95268630981445
2017-03-23,48.389793395996094
2017-03-24,48.52000045776367
2017-03-27,48.21308517456055
2017-03-28,48.947818756103516
2017-03-29,48.75251007080078
2017-03-30,50.44517135620117
2017-03-31,49.98016357421875
2017-04-03,49.43143844604492
2017-04-04,49.37563705444336
2017-04-05,48.51070022583008
2017-04-06,49.00361633300781
2017-04-07,48.93851852416992
2017-04-10,48.52000045776367
2017-04-11,49.022216796875
2017-04-12,48.296791076660156
2017-04-13,47.05984878540039
2017-04-17,47.92477798461914
2017-04-18,47.75736999511719
2017-04-19,48.21308517456055
2017-04-20,49.23612976074219
2017-04-21,49.38493347167969
2017-04-24,50.342872619628906
2017-04-25,50.556785583496094
2017-04-26,51.27291488647461
2017-04-27,50.49168395996094
2017-04-28,49.39424133300781
2017-05-01,50.082462310791016
2017-05-02,49.53374099731445
2017-05-03,49.89645767211914
2017-05-04,50.0545539855957
2017-05-05,49.998756408691406
2017-05-08,50.082462310791016
2017-05-09,49.6639518737793
2017-05-10,49.719749450683594
2017-05-11,48.9757194519043
2017-05-12,48.7804069519043
2017-05-15,49.12452697753906
2017-05-16,49.28263854980469
2017-05-17,47.283050537109375
2017-05-18,47.72016906738281
2017-05-19,47.655067443847656
2017-05-22,48.008480072021484
2017-05-23,48.60369873046875
2017-05-24,48.36189270019531
2017-05-25,48.27819061279297
2017-05-26,47.95268630981445
2017-05-30,47.52486038208008
2017-05-31,47.143550872802734
2017-06-01,48.045684814453125
2017-06-02,47.82246398925781
2017-06-05,47.85966873168945
2017-06-06,47.43185806274414
2017-06-07,47.8875846862793
2017-06-08,49.58024215698242
2017-06-09,51.27291488647461
2017-06-12,51.16129684448242
2017-06-13,51.28220748901367
2017-06-14,50.984596252441406
2017-06-15,50.93810272216797
2017-06-16,50.36817169189453
2017-06-19,50.3307991027832
2017-06-20,49.574012756347656
2017-06-21,48.929344177246094
2017-06-22,48.51825714111328
2017-06-23,48.387454986572266
2017-06-26,48.60234832763672
2017-06-27,48.83591842651367
2017-06-28,49.69547653198242
2017-06-29,50.42422866821289
2017-06-30,50.2093391418457
2017-07-03,51.25576400756836
2017-07-05,51.03152084350586
2017-07-06,50.46159744262695
2017-07-07,50.75123977661133
2017-07-10,50.274742126464844
2017-07-11,50.18131637573242
2017-07-12,50.15327835083008
2017-07-13,50.171966552734375
2017-07-14,49.938392639160156
2017-07-17,49.985107421875
2017-07-18,49.85430908203125
2017-07-19,49.8823356628418
2017-07-20,49.807594299316406
2017-07-21,49.38716125488281
2017-07-24,49.863643646240234
2017-07-25,50.78860855102539
2017-07-26,49.433876037597656
2017-07-27,49.564674377441406
2017-07-28,48.891971588134766
2017-07-31,49.237667083740234
2017-08-01,49.564674377441406
2017-08-02,49.499267578125
2017-08-03,49.00408935546875
2017-08-04,49.4619026184082
2017-08-07,49.0975227355957
2017-08-08,49.29372787475586
2017-08-09,48.471534729003906
2017-08-10,47.18220520019531
2017-08-11,46.80848693847656
2017-08-14,48.03242111206055
2017-08-15,47.686729431152344
2017-08-16,47.55592727661133
2017-08-17,46.238563537597656
2017-08-18,46.30396270751953
2017-08-21,46.27592849731445
2017-08-22,46.668338775634766
2017-08-23,46.81782913208008
2017-08-24,47.04206085205078
2017-08-25,47.359718322753906
2017-08-28,47.04206085205078
2017-08-29,46.81782913208008
2017-08-30,47.070091247558594
2017-08-31,47.01402282714844
2017-09-01,47.36907196044922
2017-09-05,45.920894622802734
2017-09-06,46.01433181762695
2017-09-07,44.80908203125
2017-09-08,45.39768981933594
2017-09-11,46.57490921020508
2017-09-12,47.74278259277344
2017-09-13,47.90161895751953
2017-09-14,47.3970947265625
2017-09-15,47.565269470214844
2017-09-18,48.21260452270508
2017-09-19,48.49405288696289
2017-09-20,49.07572555541992
2017-09-21,49.178924560546875
2017-09-22,49.34779357910156
2017-09-25,49.49789810180664
2017-09-26,49.94822311401367
2017-09-27,51.13970184326172
2017-09-28,51.4211540222168
2017-09-29,51.6275520324707
2017-10-02,52.09663009643555
2017-10-03,51.85270690917969
2017-10-04,50.99897384643555
2017-10-05,51.6275520324707
2017-10-06,51.683841705322266
2017-10-09,51.590023040771484
2017-10-10,52.04972839355469
2017-10-11,51.59940719604492
2017-10-12,51.242897033691406
2017-10-13,51.00835418701172
2017-10-16,51.40238952636719
2017-10-17,50.74566650390625
2017-10-18,51.11155319213867
2017-10-19,51.533729553222656
2017-10-20,52.199832916259766
2017-10-23,51.58063888549805
2017-10-24,51.98405456542969
2017-10-25,51.683841705322266
2017-10-26,52.34994125366211
2017-10-27,52.4531364440918
2017-10-30,51.477439880371094
2017-10-31,51.815189361572266
2017-11-01,51.439910888671875
2017-11-02,51.85270690917969
2017-11-03,51.636932373046875
2017-11-06,51.59940719604492
2017-11-07,50.03265380859375
2017-11-08,49.723060607910156
2017-11-09,49.15077590942383
2017-11-10,49.37594223022461
2017-11-13,49.85440444946289
2017-11-14,50.004512786865234
2017-11-15,50.12647247314453
2017-11-16,50.145240783691406
2017-11-17,50.55803298950195
2017-11-20,51.07403564453125
2017-11-21,51.280426025390625
2017-11-22,51.15845489501953
2017-11-24,50.68000411987305
2017-11-27,50.764434814453125
2017-11-28,52.71582794189453
2017-11-29,54.44206237792969
2017-11-30,53.64461898803711
2017-12-01,53.27873229980469
2017-12-04,54.385772705078125
2017-12-05,53.156768798828125
2017-12-06,52.81902313232422
2017-12-07,53.13800811767578
2017-12-08,52.80025863647461
2017-12-11,52.41561508178711
2017-12-12,52.79087829589844
2017-12-13,52.30303192138672
2017-12-14,51.711978912353516
2017-12-15,53.10047912597656
2017-12-18,53.85307312011719
2017-12-19,53.59811782836914
2017-12-20,53.31482696533203
2017-12-21,54.08915328979492
2017-12-22,53.72087860107422
2017-12-26,53.20151138305664
2017-12-27,52.97488784790039
2017-12-28,53.06931686401367
2017-12-29,52.88045883178711
2018-01-02,52.84268569946289
2018-01-03,52.8332405090332
2018-01-04,53.01265335083008
2018-01-05,53.38093185424805
2018-01-08,53.24873733520508
2018-01-09,54.032501220703125
2018-01-10,54.721832275390625
2018-01-11,55.66613006591797
2018-01-12,55.9871826171875
2018-01-16,55.373390197753906
2018-01-17,55.609466552734375
2018-01-18,55.32617950439453
2018-01-19,56.10993576049805
2018-01-22,56.147708892822266
2018-01-23,56.22325897216797
2018-01-24,55.9871826171875
2018-01-25,55.524478912353516
2018-01-26,55.4583740234375
2018-01-29,55.36394500732422
2018-01-30,54.797367095947266
2018-01-31,54.88235092163086
2018-02-01,55.04288864135742
2018-02-02,55.10898971557617
2018-02-05,52.8899040222168
2018-02-06,53.258174896240234
2018-02-07,53.69255065917969
2018-02-08,52.153350830078125
2018-02-09,53.144859313964844
2018-02-12,53.05987548828125
2018-02-13,53.465919494628906
2018-02-14,54.77848434448242
2018-02-15,54.9012451171875
2018-02-16,55.49615478515625
2018-02-20,54.816261291503906
2018-02-21,55.316741943359375
2018-02-22,54.211910247802734
2018-02-23,55.0900993347168
2018-02-26,55.260074615478516
2018-02-27,54.6368408203125
2018-02-28,53.569793701171875
2018-03-01,53.93806457519531
2018-03-02,54.78792953491211
2018-03-05,55.49615478515625
2018-03-06,56.298797607421875
2018-03-07,56.610416412353516
2018-03-08,56.0155143737793
2018-03-09,56.97869110107422
2018-03-12,56.97869110107422
2018-03-13,56.695404052734375
2018-03-14,55.74166488647461
2018-03-15,56.18547821044922
2018-03-16,56.58208465576172
2018-03-19,56.09170150756836
2018-03-20,55.80768966674805
2018-03-21,55.89289093017578
2018-03-22,53.914302825927734
2018-03-23,51.916770935058594
2018-03-26,53.37468338012695
2018-03-27,52.44692611694336
2018-03-28,52.92973709106445
2018-03-29,53.67762756347656
2018-04-02,52.333316802978516
2018-04-03,53.07174301147461
2018-04-04,53.658695220947266
2018-04-05,53.94269943237305
2018-04-06,52.4942512512207
2018-04-09,52.67412567138672
2018-04-10,53.28947830200195
2018-04-11,53.05280303955078
2018-04-12,54.113101959228516
2018-04-13,53.175872802734375
2018-04-16,53.61136245727539
2018-04-17,52.958133697509766
2018-04-18,52.69306945800781
2018-04-19,53.54509353637695
2018-04-20,53.838565826416016
2018-04-23,54.52965545654297
2018-04-24,54.917789459228516
2018-04-25,54.87992858886719
2018-04-26,55.11660385131836
2018-04-27,55.02193069458008
2018-04-30,54.406585693359375
2018-05-01,54.804195404052734
2018-05-02,54.78526306152344
2018-05-03,54.08470153808594
2018-05-04,54.73793029785156
2018-05-07,55.13554382324219
2018-05-08,55.608890533447266
2018-05-09,56.063297271728516
2018-05-10,56.11063003540039
2018-05-11,56.148502349853516
2018-05-14,55.8644905090332
2018-05-15,56.281036376953125
2018-05-16,56.51771926879883
2018-05-17,56.72598648071289
2018-05-18,56.328372955322266
2018-05-21,57.25613784790039
2018-05-22,57.48334884643555
2018-05-23,56.96265411376953
2018-05-24,57.0478630065918
2018-05-25,56.87746047973633
2018-05-29,55.788753509521484
2018-05-30,56.83012008666992
2018-05-31,56.243167877197266
2018-06-01,56.75438690185547
2018-06-04,57.4076042175293
2018-06-05,57.18040466308594
2018-06-06,58.3448371887207
2018-06-07,58.32590866088867
2018-06-08,58.52470397949219
2018-06-11,57.79574966430664
2018-06-12,57.27507019042969
2018-06-13,57.14253234863281
2018-06-14,57.0289306640625
2018-06-15,56.849056243896484
2018-06-18,56.8775749206543
2018-06-19,57.43846130371094
2018-06-20,57.562049865722656
2018-06-21,57.38142395019531
2018-06-22,56.79201889038086
2018-06-25,56.44978332519531
2018-06-26,56.126556396484375
2018-06-27,55.099853515625
2018-06-28,55.03330993652344
2018-06-29,55.080841064453125
2018-07-02,54.985782623291016
2018-07-03,55.061824798583984
2018-07-05,55.042816162109375
2018-07-06,55.527652740478516
2018-07-09,56.69695281982422
2018-07-10,55.94593811035156
2018-07-11,55.82236099243164
2018-07-12,54.919227600097656
2018-07-13,54.46291732788086
2018-07-16,55.07133865356445
2018-07-17,55.09034729003906
2018-07-18,55.689266204833984
2018-07-19,55.61321258544922
2018-07-20,56.1170539855957
2018-07-23,56.83004379272461
2018-07-24,56.08853530883789
2018-07-25,55.33751678466797
2018-07-26,55.70826721191406
2018-07-27,55.32801055908203
2018-07-30,55.223445892333984
2018-07-31,54.85268783569336
2018-08-01,55.451595306396484
2018-08-02,55.94593811035156
2018-08-03,55.33751678466797
2018-08-06,55.35653305053711
2018-08-07,55.55617141723633
2018-08-08,55.92692184448242
2018-08-09,55.76531219482422
2018-08-10,55.565677642822266
2018-08-13,55.49913024902344
2018-08-14,56.164588928222656
2018-08-15,55.518150329589844
2018-08-16,56.41175842285156
2018-08-17,56.5733642578125
2018-08-20,56.69695281982422
2018-08-21,57.3433952331543
2018-08-22,57.10573196411133
2018-08-23,56.77300262451172
2018-08-24,56.649417877197266
2018-08-27,56.4878044128418
2018-08-28,56.250144958496094
2018-08-29,56.17408752441406
2018-08-30,55.88889694213867
2018-08-31,56.21211242675781
2018-09-04,56.44027328491211
2018-09-05,56.50681686401367
2018-09-06,56.39274597167969
2018-09-07,56.44978332519531
2018-09-10,56.20261001586914
2018-09-11,56.250144958496094
2018-09-12,55.47060775756836
2018-09-13,54.89071273803711
2018-09-14,55.432586669921875
2018-09-17,54.919227600097656
2018-09-18,54.634037017822266
2018-09-19,55.35653305053711
2018-09-20,55.936431884765625
2018-09-21,55.565677642822266
2018-09-24,54.76744079589844
2018-09-25,54.75788116455078
2018-09-26,53.734989166259766
2018-09-27,53.314369201660156
2018-09-28,53.35261154174805
2018-10-01,52.63562774658203
2018-10-02,52.53047561645508
2018-10-03,53.69675064086914
2018-10-04,53.96442794799805
2018-10-05,53.40996170043945
2018-10-08,54.01222610473633
2018-10-09,53.8879508972168
2018-10-10,53.08493423461914
2018-10-11,51.31638717651367
2018-10-12,50.17879104614258
2018-10-15,50.50381851196289
2018-10-16,50.685455322265625
2018-10-17,50.876651763916016
2018-10-18,50.016273498535156
2018-10-19,48.993385314941406
2018-10-22,47.57855987548828
2018-10-23,47.57855987548828
2018-10-24,45.551902770996094
2018-10-25,47.081451416015625
2018-10-26,46.65126419067383
2018-10-29,47.75062942504883
2018-10-30,47.91314697265625
2018-10-31,48.39112854003906
2018-11-01,49.060302734375
2018-11-02,49.23237991333008
2018-11-05,49.37577819824219
2018-11-06,49.71992874145508
2018-11-07,49.98759841918945
2018-11-08,50.13098907470703
2018-11-09,50.006717681884766
2018-11-12,49.79640579223633
2018-11-13,49.777286529541016
2018-11-14,48.67791748046875
2018-11-15,49.662567138671875
2018-11-16,49.83464431762695
2018-11-19,49.7008056640625
2018-11-20,49.1176643371582
2018-11-21,49.165462493896484
2018-11-23,49.433135986328125
2018-11-26,49.8824348449707
2018-11-27,49.4904899597168
2018-11-28,49.92067337036133
2018-11-29,50.035396575927734
2018-11-30,50.847965240478516
2018-12-03,50.465579986572266
2018-12-04,47.70282745361328
2018-12-06,47.502079010009766
2018-12-07,47.23440933227539
2018-12-10,46.51742935180664
2018-12-11,46.00120544433594
2018-12-12,46.727745056152344
2018-12-13,45.456302642822266
2018-12-14,44.67240905761719
2018-12-17,44.337825775146484
2018-12-18,43.620849609375
2018-12-19,42.301612854003906
2018-12-20,42.21556854248047
2018-12-21,41.661109924316406
2018-12-24,40.853111267089844
2018-12-26,42.78150939941406
2018-12-27,42.434391021728516
2018-12-28,42.93578338623047
2018-12-31,43.19611740112305
2019-01-02,43.69749450683594
2019-01-03,44.17959976196289
2019-01-04,45.124515533447266
2019-01-07,45.41377639770508
2019-01-08,45.876590728759766
2019-01-09,46.17548751831055
2019-01-10,46.17548751831055
2019-01-11,46.26226806640625
2019-01-14,46.435829162597656
2019-01-15,46.5418815612793
2019-01-16,47.64107131958008
2019-01-17,48.03639221191406
2019-01-18,48.9234619140625
2019-01-22,48.46063995361328
2019-01-23,48.528141021728516
2019-01-24,48.44136047363281
2019-01-25,49.087371826171875
2019-01-28,49.47305679321289
2019-01-29,49.434486389160156
2019-01-30,49.145225524902344
2019-01-31,48.711334228515625
2019-02-01,48.884891510009766
2019-02-04,49.76231384277344
2019-02-05,49.66588592529297
2019-02-06,49.78159713745117
2019-02-07,50.03228759765625
2019-02-08,49.78159713745117
2019-02-11,50.22513198852539
2019-02-12,50.67830276489258
2019-02-13,50.890419006347656
2019-02-14,50.3890380859375
2019-02-15,51.2568244934082
2019-02-19,51.854618072509766
2019-02-20,52.36565017700195
2019-02-21,52.19209671020508
2019-02-22,52.066741943359375
2019-02-25,52.066741943359375
2019-02-26,51.61356735229492
2019-02-27,51.951045989990234
2019-02-28,51.88355255126953
2019-03-01,51.98960876464844
2019-03-04,51.555721282958984
2019-03-05,51.61356735229492
2019-03-06,50.379398345947266
2019-03-07,49.444122314453125
2019-03-08,49.38627624511719
2019-03-11,49.82016372680664
2019-03-12,49.60803985595703
2019-03-13,49.95515060424805
2019-03-14,49.993717193603516
2019-03-15,50.17692184448242
2019-03-18,50.65733337402344
2019-03-19,49.88246154785156
2019-03-20,48.22616958618164
2019-03-21,47.645015716552734
2019-03-22,45.51411437988281
2019-03-25,45.59160232543945
2019-03-26,46.6376838684082
2019-03-27,47.0832405090332
2019-03-28,47.45130157470703
2019-03-29,47.218833923339844
2019-04-01,48.4295768737793
2019-04-02,48.52643585205078
2019-04-03,48.77827072143555
2019-04-04,49.28193664550781
2019-04-05,49.46596908569336
2019-04-08,49.50471496582031
2019-04-09,48.8460693359375
2019-04-10,49.07853317260742
2019-04-11,49.175392150878906
2019-04-12,50.366756439208984
2019-04-15,49.4078483581543
2019-04-16,50.42487716674805
2019-04-17,50.3280143737793
2019-04-18,49.84371566772461
2019-04-22,49.10759353637695
2019-04-23,50.289268493652344
2019-04-24,50.67670822143555
2019-04-25,50.08586883544922
2019-04-26,50.59922409057617
2019-04-29,51.3547248840332
2019-04-30,51.083518981933594
2019-05-01,50.667022705078125
2019-05-02,51.01571273803711
2019-05-03,51.858394622802734
2019-05-06,51.97462463378906
2019-05-07,50.91885757446289
2019-05-08,50.667022705078125
2019-05-09,50.289268493652344
2019-05-10,50.395816802978516
2019-05-13,48.4295768737793
2019-05-14,49.28193664550781
2019-05-15,48.623294830322266
2019-05-16,48.96230697631836
2019-05-17,49.175392150878906
2019-05-20,48.991363525390625
2019-05-21,49.194766998291016
2019-05-22,48.55549621582031
2019-05-23,47.28664016723633
2019-05-24,48.04214096069336
2019-05-28,47.4803581237793
2019-05-29,47.26726531982422
2019-05-30,46.608619689941406
2019-05-31,45.87249755859375
2019-06-03,46.43427658081055
2019-06-04,48.18742752075195
2019-06-05,47.70313262939453
2019-06-06,47.654701232910156
2019-06-07,47.4803581237793
2019-06-10,47.96464920043945
2019-06-11,47.82904815673828
2019-06-12,47.5869026184082
2019-06-13,47.78062438964844
2019-06-14,47.77093505859375
2019-06-17,47.1122932434082
2019-06-18,47.84842300415039
2019-06-19,47.79998779296875
2019-06-20,47.78062438964844
2019-06-21,48.0615119934082
2019-06-24,47.44252395629883
2019-06-25,47.33530044555664
2019-06-26,47.57899856567383
2019-06-27,47.968910217285156
2019-06-28,49.08015823364258
2019-07-01,49.187381744384766
2019-07-02,48.319828033447266
2019-07-03,48.98268127441406
2019-07-05,49.42133331298828
2019-07-08,48.61226272583008
2019-07-09,48.94368362426758
2019-07-10,48.3295783996582
2019-07-11,48.63175964355469
2019-07-12,49.35309600830078
2019-07-15,48.12487030029297
2019-07-16,48.39781188964844
2019-07-17,48.01764678955078
2019-07-18,48.49528884887695
2019-07-19,48.972930908203125
2019-07-22,48.51478576660156
2019-07-23,49.03141784667969
2019-07-24,50.29863357543945
2019-07-25,50.103675842285156
2019-07-26,50.77627182006836
2019-07-29,50.2498893737793
2019-07-30,50.83475875854492
2019-07-31,51.04920959472656
2019-08-01,48.96318435668945
2019-08-02,48.076133728027344
2019-08-05,46.691951751708984
2019-08-06,46.61396026611328
2019-08-07,46.75043487548828
2019-08-08,47.5887451171875
2019-08-09,47.48151397705078
2019-08-12,46.555477142333984
2019-08-13,47.15983963012695
2019-08-14,45.668426513671875
2019-08-15,45.12255096435547
2019-08-16,46.38976287841797
2019-08-19,47.00387954711914
2019-08-20,46.28253936767578
2019-08-21,46.6529541015625
2019-08-22,46.74068832397461
2019-08-23,45.034820556640625
2019-08-26,45.522212982177734
2019-08-27,44.81062316894531
2019-08-28,45.42473220825195
2019-08-29,46.31178283691406
2019-08-30,46.38976287841797
2019-09-03,45.26876449584961
2019-09-04,45.57094955444336
2019-09-05,46.81866455078125
2019-09-06,46.42875671386719
2019-09-09,47.900672912597656
2019-09-10,48.738983154296875
2019-09-11,49.43107986450195
2019-09-12,49.743003845214844
2019-09-13,50.17190933227539
2019-09-16,50.025691986083984
2019-09-17,49.36284255981445
2019-09-18,49.53830337524414
2019-09-19,49.323848724365234
2019-09-20,49.28486633300781
2019-09-23,49.38496780395508
2019-09-24,48.48206329345703
2019-09-25,49.36533737182617
2019-09-26,48.90407180786133
2019-09-27,48.79611587524414
2019-09-30,48.85499954223633
2019-10-01,47.49082565307617
2019-10-02,47.09825897216797
2019-10-03,47.08844757080078
2019-10-04,47.304359436035156
2019-10-07,47.60859680175781
2019-10-08,46.62717819213867
2019-10-09,46.81365203857422
2019-10-10,47.05900573730469
2019-10-11,48.3054084777832
2019-10-14,48.08949279785156
2019-10-15,48.825557708740234
2019-10-16,48.7274169921875
2019-10-17,48.511505126953125
2019-10-18,49.18867874145508
2019-10-21,50.003257751464844
2019-10-22,49.85604476928711
2019-10-23,49.78734588623047
2019-10-24,49.5419921875
2019-10-25,50.04251480102539
2019-10-28,50.376197814941406
2019-10-29,50.83746337890625
2019-10-30,50.238800048828125
2019-10-31,49.24756622314453
2019-11-01,50.13084411621094
2019-11-04,51.171146392822266
2019-11-05,51.61278533935547
2019-11-06,51.436126708984375
2019-11-07,51.61278533935547
2019-11-08,51.6618537902832
2019-11-11,51.436126708984375
2019-11-12,51.514644622802734
2019-11-13,51.13188934326172
2019-11-14,51.122074127197266
2019-11-15,51.06318664550781
2019-11-18,50.7491340637207
2019-11-19,50.97486114501953
2019-11-20,50.86690902709961
2019-11-21,50.68043899536133
2019-11-22,50.88653564453125
2019-11-25,51.416500091552734
2019-11-26,51.151519775390625
2019-11-27,51.50482940673828
2019-11-29,51.18096160888672
2019-12-02,50.808021545410156
2019-12-03,50.209354400634766
2019-12-04,50.97486114501953
2019-12-05,51.102447509765625
2019-12-06,51.67167282104492
2019-12-09,51.779624938964844
2019-12-10,51.7599983215332
2019-12-11,51.76980972290039
2019-12-12,53.330265045166016
2019-12-13,52.93769836425781
2019-12-16,53.40877914428711
2019-12-17,53.978004455566406
2019-12-18,53.830787658691406
2019-12-19,53.762088775634766
2019-12-20,53.91911697387695
2019-12-23,53.53636169433594
2019-12-24,53.615482330322266
2019-12-26,53.605594635009766
2019-12-27,53.30888748168945
2019-12-30,53.348445892333984
2019-12-31,53.378116607666016
2020-01-02,53.447349548339844
2020-01-03,53.130859375
2020-01-06,52.61656188964844
2020-01-07,52.2703971862793
2020-01-08,52.77480697631836
2020-01-09,52.70557403564453
2020-01-10,52.2506217956543
2020-01-13,52.56711196899414
2020-01-14,52.58688735961914
2020-01-15,52.102264404296875
2020-01-16,52.96272277832031
2020-01-17,53.1407470703125
2020-01-21,52.40886688232422
2020-01-22,52.39897155761719
2020-01-23,52.44842529296875
2020-01-24,51.69676208496094
2020-01-27,50.954986572265625
2020-01-28,51.27147674560547
2020-01-29,50.67805862426758
2020-01-30,50.935203552246094
2020-01-31,50.163761138916016
2020-02-03,50.8363037109375
2020-02-04,51.36048889160156
2020-02-05,52.47809600830078
2020-02-06,51.91434860229492
2020-02-07,51.28136444091797
2020-02-10,50.99454879760742
2020-02-11,51.56818389892578
2020-02-12,51.756103515625
2020-02-13,52.072593688964844
2020-02-14,51.62752914428711
2020-02-18,50.964874267578125
2020-02-19,51.22202682495117
2020-02-20,51.7264289855957
2020-02-21,50.984657287597656
2020-02-24,49.5208854675293
2020-02-25,47.720848083496094
2020-02-26,47.10764694213867
2020-02-27,45.51530456542969
2020-02-28,43.68558883666992
2020-03-02,45.24826431274414
2020-03-03,44.24934387207031
2020-03-04,45.11968994140625
2020-03-05,42.96359634399414
2020-03-06,41.43059539794922
2020-03-09,34.932647705078125
2020-03-10,37.49424362182617
2020-03-11,35.05133056640625
2020-03-12,32.33148956298828
2020-03-13,35.46672821044922
2020-03-16,31.668840408325195
2020-03-17,34.45791244506836
2020-03-18,30.59079360961914
2020-03-19,32.647979736328125
2020-03-20,30.48200035095215
2020-03-23,27.59000015258789
2020-03-24,29.520000457763672
2020-03-25,30.510000228881836
2020-03-26,33.18000030517578
2020-03-27,31.889999389648438
2020-03-30,32.02000045776367
2020-03-31,31.799999237060547
2020-04-01,30.260000228881836
2020-04-02,30.889999389648438
2020-04-03,29.3799991607666
2020-04-06,31.329999923706055
2020-04-07,32.119998931884766
2020-04-08,33.66999816894531
2020-04-09,36.2599983215332
