Date,NLR
2010-01-04,45.75929641723633
2010-01-05,46.13421630859375
2010-01-06,46.706459045410156
2010-01-07,46.44993209838867
2010-01-08,46.824851989746094
2010-01-11,46.962982177734375
2010-01-12,46.25261688232422
2010-01-13,46.76565170288086
2010-01-14,47.140567779541016
2010-01-15,46.785377502441406
2010-01-19,47.199764251708984
2010-01-20,45.8776969909668
2010-01-21,44.2596435546875
2010-01-22,43.786067962646484
2010-01-25,43.62820816040039
2010-01-26,43.27302551269531
2010-01-27,42.97703552246094
2010-01-28,42.542930603027344
2010-01-29,42.18775177001953
2010-02-01,43.11516571044922
2010-02-02,43.194095611572266
2010-02-03,42.66132354736328
2010-02-04,41.12220001220703
2010-02-05,40.944610595703125
2010-02-08,40.35263442993164
2010-02-09,41.12220001220703
2010-02-10,41.31952667236328
2010-02-11,41.93122863769531
2010-02-12,41.69444274902344
2010-02-16,43.01650619506836
2010-02-17,43.213829040527344
2010-02-18,43.09543228149414
2010-02-19,43.23356246948242
2010-02-22,43.213829040527344
2010-02-23,42.582393646240234
2010-02-24,42.759986877441406
2010-02-25,42.77971649169922
2010-02-26,42.97703552246094
2010-03-01,43.62820816040039
2010-03-02,43.746604919433594
2010-03-03,43.88473129272461
2010-03-04,43.52954864501953
2010-03-05,44.022857666015625
2010-03-08,44.04258728027344
2010-03-09,43.9241943359375
2010-03-10,43.94392395019531
2010-03-11,44.00312042236328
2010-03-12,44.43723678588867
2010-03-15,44.3188362121582
2010-03-16,44.930545806884766
2010-03-17,45.542240142822266
2010-03-18,44.77268600463867
2010-03-19,44.37803268432617
2010-03-22,44.39777374267578
2010-03-23,44.53589630126953
2010-03-24,44.160980224609375
2010-03-25,43.588741302490234
2010-03-26,43.687408447265625
2010-03-29,44.614830017089844
2010-03-30,44.67401123046875
2010-03-31,44.496437072753906
2010-04-01,45.68037033081055
2010-04-05,46.33154296875
2010-04-06,46.430198669433594
2010-04-07,45.8776969909668
2010-04-08,45.6606330871582
2010-04-09,46.0552864074707
2010-04-12,46.17367172241211
2010-04-13,45.60144805908203
2010-04-14,45.83823013305664
2010-04-15,45.502777099609375
2010-04-16,44.575355529785156
2010-04-19,44.41749954223633
2010-04-20,44.95026779174805
2010-04-21,44.67401123046875
2010-04-22,44.65428924560547
2010-04-23,44.77268600463867
2010-04-26,44.831886291503906
2010-04-27,43.9241943359375
2010-04-28,43.98339080810547
2010-04-29,44.121517181396484
2010-04-30,43.9241943359375
2010-05-03,43.72686767578125
2010-05-04,42.148284912109375
2010-05-05,41.37872314453125
2010-05-06,40.036922454833984
2010-05-07,39.208168029785156
2010-05-10,41.04327392578125
2010-05-11,41.003807067871094
2010-05-12,41.43791961669922
2010-05-13,41.141929626464844
2010-05-14,40.510498046875
2010-05-17,39.879066467285156
2010-05-18,38.85297775268555
2010-05-19,38.3794059753418
2010-05-20,36.7613525390625
2010-05-21,37.33359146118164
2010-05-24,36.958675384521484
2010-05-25,37.17572784423828
2010-05-26,36.899478912353516
2010-05-27,38.77405548095703
2010-05-28,38.67538833618164
2010-06-01,37.925559997558594
2010-06-02,38.931915283203125
2010-06-03,39.28709411621094
2010-06-04,37.7085075378418
2010-06-07,37.35331726074219
2010-06-08,37.866363525390625
2010-06-09,37.45198440551758
2010-06-10,38.33993911743164
2010-06-11,38.478065490722656
2010-06-14,38.71485137939453
2010-06-15,39.54361343383789
2010-06-16,39.7212028503418
2010-06-17,39.52388000488281
2010-06-18,39.9579963684082
2010-06-21,39.839595794677734
2010-06-22,38.95164108276367
2010-06-23,38.931915283203125
2010-06-24,38.14262008666992
2010-06-25,38.655662536621094
2010-06-28,38.300472259521484
2010-06-29,36.91921615600586
2010-06-30,36.54430389404297
2010-07-01,36.52456283569336
2010-07-02,36.4850959777832
2010-07-06,36.66269302368164
2010-07-07,37.787437438964844
2010-07-08,37.96502685546875
2010-07-09,38.43860626220703
2010-07-12,38.75432205200195
2010-07-13,39.168697357177734
2010-07-14,39.070037841796875
2010-07-15,39.129234313964844
2010-07-16,37.925559997558594
2010-07-19,37.98475646972656
2010-07-20,38.69512176513672
2010-07-21,37.88609313964844
2010-07-22,38.734580993652344
2010-07-23,39.24763107299805
2010-07-26,39.504150390625
2010-07-27,40.37237548828125
2010-07-28,40.2934455871582
2010-07-29,40.39209747314453
2010-07-30,40.45130157470703
2010-08-02,41.10246658325195
2010-08-03,40.905147552490234
2010-08-04,41.141929626464844
2010-08-05,41.59577941894531
2010-08-06,41.28005599975586
2010-08-09,41.43791961669922
2010-08-10,41.02354431152344
2010-08-11,39.54361343383789
2010-08-12,39.44495391845703
2010-08-13,39.405487060546875
2010-08-16,39.38575744628906
2010-08-17,40.25397872924805
2010-08-18,40.668357849121094
2010-08-19,40.05665588378906
2010-08-20,39.60280990600586
2010-08-23,39.38575744628906
2010-08-24,38.53726577758789
2010-08-25,38.69512176513672
2010-08-26,38.734580993652344
2010-08-27,39.48441696166992
2010-08-30,39.14896774291992
2010-08-31,38.734580993652344
2010-09-01,39.91852569580078
2010-09-02,40.25397872924805
2010-09-03,40.806488037109375
2010-09-07,40.273712158203125
2010-09-08,40.68809127807617
2010-09-09,40.944610595703125
2010-09-10,41.06300354003906
2010-09-13,41.79309844970703
2010-09-14,42.049617767333984
2010-09-15,41.77336883544922
2010-09-16,41.16166687011719
2010-09-17,40.88541030883789
2010-09-20,41.220855712890625
2010-09-21,41.141929626464844
2010-09-22,41.141929626464844
2010-09-23,40.76701736450195
2010-09-24,41.59577941894531
2010-09-27,41.753631591796875
2010-09-28,42.10881042480469
2010-09-29,42.02989196777344
2010-09-30,41.69444274902344
2010-10-01,42.10881042480469
2010-10-04,41.31952667236328
2010-10-05,41.753631591796875
2010-10-06,42.20747756958008
2010-10-07,42.385074615478516
2010-10-08,42.93757629394531
2010-10-11,42.97703552246094
2010-10-12,43.01650619506836
2010-10-13,43.33222198486328
2010-10-14,43.786067962646484
2010-10-15,43.70713424682617
2010-10-18,43.411155700683594
2010-10-19,42.917842864990234
2010-10-20,43.90446472167969
2010-10-21,43.45061492919922
2010-10-22,43.80580139160156
2010-10-25,44.53589630126953
2010-10-26,44.77268600463867
2010-10-27,44.160980224609375
2010-10-28,44.41749954223633
2010-10-29,44.3188362121582
2010-11-01,44.3188362121582
2010-11-02,45.3251953125
2010-11-03,45.73957443237305
2010-11-04,46.824851989746094
2010-11-05,47.08137130737305
2010-11-08,48.91647720336914
2010-11-09,48.482357025146484
2010-11-10,48.69941711425781
2010-11-11,48.7980842590332
2010-11-12,47.4562873840332
2010-11-15,47.199764251708984
2010-11-16,45.226531982421875
2010-11-17,45.75929641723633
2010-11-18,47.140567779541016
2010-11-19,47.41681671142578
2010-11-22,47.23923110961914
2010-11-23,46.430198669433594
2010-11-24,48.442901611328125
2010-11-26,49.05461120605469
2010-11-29,48.896732330322266
2010-11-30,48.4034309387207
2010-12-01,49.94255828857422
2010-12-02,50.53452682495117
2010-12-03,50.92918014526367
2010-12-06,51.24489212036133
2010-12-07,51.00810623168945
2010-12-08,50.080684661865234
2010-12-09,50.4753303527832
2010-12-10,50.81077194213867
2010-12-13,51.54087829589844
2010-12-14,51.18570327758789
2010-12-15,50.71211624145508
2010-12-16,50.67265701293945
2010-12-17,50.98836898803711
2010-12-20,51.34355163574219
2010-12-21,51.402748107910156
2010-12-22,51.284358978271484
2010-12-23,51.683509826660156
2010-12-27,51.45718765258789
2010-12-28,51.41603469848633
2010-12-29,52.03327178955078
2010-12-30,52.115570068359375
2010-12-31,52.15671920776367
2011-01-03,52.79453659057617
2011-01-04,52.21844482421875
2011-01-05,51.7452278137207
2011-01-06,51.18971252441406
2011-01-07,51.06626892089844
2011-01-10,51.12798309326172
2011-01-11,51.765804290771484
2011-01-12,52.362457275390625
2011-01-13,52.71223449707031
2011-01-14,53.12372589111328
2011-01-18,54.04958724975586
2011-01-19,53.411773681640625
2011-01-20,52.75337600708008
2011-01-21,52.6916618347168
2011-01-24,52.85626220703125
2011-01-25,52.62993621826172
2011-01-26,53.3294792175293
2011-01-27,53.37063217163086
2011-01-28,52.56821060180664
2011-01-31,53.76154327392578
2011-02-01,55.38693618774414
2011-02-02,55.67498779296875
2011-02-03,56.47739791870117
2011-02-04,56.14820098876953
2011-02-07,56.39509582519531
2011-02-08,56.3745231628418
2011-02-09,56.127620697021484
2011-02-10,55.83958053588867
2011-02-11,55.92188262939453
2011-02-14,56.353946685791016
2011-02-15,55.92188262939453
2011-02-16,55.613258361816406
2011-02-17,56.0659065246582
2011-02-18,55.777854919433594
2011-02-22,53.53521728515625
2011-02-23,53.720394134521484
2011-02-24,53.864410400390625
2011-02-25,54.66682815551758
2011-02-28,55.07831573486328
2011-03-01,54.66682815551758
2011-03-02,54.58452606201172
2011-03-03,55.38693618774414
2011-03-04,54.99602127075195
2011-03-07,54.13188552856445
2011-03-08,54.25532913208008
2011-03-09,54.23476791381836
2011-03-10,52.650508880615234
2011-03-11,52.48591613769531
2011-03-14,46.21064376831055
2011-03-15,44.112037658691406
2011-03-16,43.67996597290039
2011-03-17,45.16134262084961
2011-03-18,46.93075942993164
2011-03-21,48.803062438964844
2011-03-22,48.55615997314453
2011-03-23,48.391563415527344
2011-03-24,48.65903091430664
2011-03-25,48.45328903198242
2011-03-28,47.362831115722656
2011-03-29,47.07478713989258
2011-03-30,47.89776611328125
2011-03-31,47.342254638671875
2011-04-01,47.650875091552734
2011-04-04,47.93892288208008
2011-04-05,47.91834259033203
2011-04-06,47.650875091552734
2011-04-07,47.40398025512695
2011-04-08,47.71259307861328
2011-04-11,47.362831115722656
2011-04-12,46.08720397949219
2011-04-13,46.169498443603516
2011-04-14,46.601566314697266
2011-04-15,46.663291931152344
2011-04-18,46.272369384765625
2011-04-19,46.62214279174805
2011-04-20,47.40398025512695
2011-04-21,47.28052520751953
2011-04-25,47.25996017456055
2011-04-26,47.589149475097656
2011-04-27,47.877197265625
2011-04-28,48.103515625
2011-04-29,48.32984161376953
2011-05-02,48.0623664855957
2011-05-03,47.85661697387695
2011-05-04,47.362831115722656
2011-05-05,46.169498443603516
2011-05-06,46.457542419433594
2011-05-09,46.889610290527344
2011-05-10,47.342254638671875
2011-05-11,46.43696975708008
2011-05-12,46.23122787475586
2011-05-13,45.67570877075195
2011-05-16,45.34651184082031
2011-05-17,45.593406677246094
2011-05-18,46.29294967651367
2011-05-19,46.19007873535156
2011-05-20,45.860877990722656
2011-05-23,45.079044342041016
2011-05-24,45.387664794921875
2011-05-25,45.55226135253906
2011-05-26,46.19007873535156
2011-05-27,46.889610290527344
2011-05-31,46.704437255859375
2011-06-01,46.128353118896484
2011-06-02,45.90203094482422
2011-06-03,45.531681060791016
2011-06-06,44.93501663208008
2011-06-07,45.058467864990234
2011-06-08,43.988590240478516
2011-06-09,44.214908599853516
2011-06-10,43.577091217041016
2011-06-13,43.453643798828125
2011-06-14,43.82399368286133
2011-06-15,42.815834045410156
2011-06-16,42.815834045410156
2011-06-17,43.18617630004883
2011-06-20,42.61008834838867
2011-06-21,43.782840728759766
2011-06-22,43.53594207763672
2011-06-23,43.59767532348633
2011-06-24,42.98042297363281
2011-06-27,42.52778244018555
2011-06-28,42.815834045410156
2011-06-29,43.453643798828125
2011-06-30,44.276634216308594
2011-07-01,44.95559310913086
2011-07-05,44.64697265625
2011-07-06,44.89387130737305
2011-07-07,45.69628143310547
2011-07-08,45.20249557495117
2011-07-11,43.61824035644531
2011-07-12,43.80341339111328
2011-07-13,44.46180725097656
2011-07-14,44.132606506347656
2011-07-15,44.54410171508789
2011-07-18,44.050315856933594
2011-07-19,44.79099655151367
2011-07-20,45.16134262084961
2011-07-21,45.98432540893555
2011-07-22,47.21880340576172
2011-07-25,47.17765808105469
2011-07-26,47.568572998046875
2011-07-27,46.29294967651367
2011-07-28,46.046051025390625
2011-07-29,45.860877990722656
2011-08-01,45.84030532836914
2011-08-02,45.058467864990234
2011-08-03,44.91444778442383
2011-08-04,41.16986083984375
2011-08-05,40.67606735229492
2011-08-08,37.21953201293945
2011-08-09,39.15354919433594
2011-08-10,37.939640045166016
2011-08-11,39.441593170166016
2011-08-12,39.25642013549805
2011-08-15,40.57319641113281
2011-08-16,39.40044403076172
2011-08-17,39.6473388671875
2011-08-18,37.8779182434082
2011-08-19,37.71331787109375
2011-08-22,37.44585037231445
2011-08-23,38.5157356262207
2011-08-24,38.7420539855957
2011-08-25,38.16596221923828
2011-08-26,39.6884880065918
2011-08-29,40.88182067871094
2011-08-30,40.82009506225586
2011-08-31,40.79951858520508
2011-09-01,40.16170120239258
2011-09-02,39.07124710083008
2011-09-06,38.351131439208984
2011-09-07,39.21527099609375
2011-09-08,38.659751892089844
2011-09-09,37.42527770996094
2011-09-12,36.89033889770508
2011-09-13,37.6515998840332
2011-09-14,37.569297790527344
2011-09-15,38.16596221923828
2011-09-16,38.39228439331055
2011-09-19,37.836769104003906
2011-09-20,37.3223991394043
2011-09-21,36.93148422241211
2011-09-22,35.28551483154297
2011-09-23,35.28551483154297
2011-09-26,35.203216552734375
2011-09-27,36.21137237548828
2011-09-28,35.450111389160156
2011-09-29,35.69700622558594
2011-09-30,35.0591926574707
2011-10-03,33.47494888305664
2011-10-04,33.660118103027344
2011-10-05,34.441951751708984
2011-10-06,35.28551483154297
2011-10-07,35.22378921508789
2011-10-10,36.622859954833984
2011-10-11,36.64344024658203
2011-10-12,37.466426849365234
2011-10-13,37.054931640625
2011-10-14,38.145389556884766
2011-10-17,37.3223991394043
2011-10-18,38.08366394042969
2011-10-19,37.30182647705078
2011-10-20,37.281253814697266
2011-10-21,37.9602165222168
2011-10-24,38.86549758911133
2011-10-25,38.06309127807617
2011-10-26,38.700904846191406
2011-10-27,40.84066390991211
2011-10-28,40.55261993408203
2011-10-31,39.0506706237793
2011-11-01,37.569297790527344
2011-11-02,38.145389556884766
2011-11-03,38.700904846191406
2011-11-04,38.104244232177734
2011-11-07,38.268836975097656
2011-11-08,38.45401382446289
2011-11-09,36.99320602416992
2011-11-10,36.910911560058594
2011-11-11,37.7338981628418
2011-11-14,37.466426849365234
2011-11-15,37.52814865112305
2011-11-16,36.43769454956055
2011-11-17,36.0056266784668
2011-11-18,36.314247131347656
2011-11-21,35.30608367919922
2011-11-22,34.83287048339844
2011-11-23,33.8247184753418
2011-11-25,33.660118103027344
2011-11-28,34.62712478637695
2011-11-29,35.01804733276367
2011-11-30,36.33481979370117
2011-12-01,36.273094177246094
2011-12-02,36.12907409667969
2011-12-05,36.622859954833984
2011-12-06,36.396541595458984
2011-12-07,36.5611457824707
2011-12-08,35.28551483154297
2011-12-09,36.02619934082031
2011-12-12,35.22378921508789
2011-12-13,34.52424621582031
2011-12-14,34.092185974121094
2011-12-15,34.07160949707031
2011-12-16,33.927589416503906
2011-12-19,33.20746994018555
2011-12-20,34.1950569152832
2011-12-21,34.17448425292969
2011-12-22,34.0510368347168
2011-12-23,34.54486846923828
2011-12-27,34.28862762451172
2011-12-28,34.055694580078125
2011-12-29,34.40510177612305
2011-12-30,34.56815719604492
2012-01-03,35.406734466552734
2012-01-04,35.24367904663086
2012-01-05,35.10391616821289
2012-01-06,34.47498321533203
2012-01-09,34.7312126159668
2012-01-10,35.31355667114258
2012-01-11,35.66297149658203
2012-01-12,36.268611907958984
2012-01-13,36.291908264160156
2012-01-17,37.782718658447266
2012-01-18,38.52812194824219
2012-01-19,38.92412185668945
2012-01-20,39.017295837402344
2012-01-23,39.32011032104492
2012-01-24,38.73776626586914
2012-01-25,39.13376235961914
2012-01-26,39.017295837402344
2012-01-27,39.25022888183594
2012-01-30,39.13376235961914
2012-01-31,38.76105880737305
2012-02-01,39.180355072021484
2012-02-02,39.25022888183594
2012-02-03,39.646236419677734
2012-02-06,39.6229362487793
2012-02-07,39.7626953125
2012-02-08,39.506473541259766
2012-02-09,39.669532775878906
2012-02-10,38.64459228515625
2012-02-13,39.063880920410156
2012-02-14,38.7144775390625
2012-02-15,38.73776626586914
2012-02-16,39.32011032104492
2012-02-17,39.925750732421875
2012-02-21,40.484806060791016
2012-02-22,40.90409851074219
2012-02-23,40.67116165161133
2012-02-24,40.46152114868164
2012-02-27,39.99563980102539
2012-02-28,40.27516555786133
2012-02-29,39.809288024902344
2012-03-01,39.94905090332031
2012-03-02,39.55305480957031
2012-03-05,39.180355072021484
2012-03-06,38.1787109375
2012-03-07,38.481536865234375
2012-03-08,39.1104621887207
2012-03-09,39.063880920410156
2012-03-12,39.22693634033203
2012-03-13,40.205284118652344
2012-03-14,39.27352523803711
2012-03-15,39.38999557495117
2012-03-16,39.34341049194336
2012-03-19,39.925750732421875
2012-03-20,39.599639892578125
2012-03-21,39.27352523803711
2012-03-22,38.69118118286133
2012-03-23,38.970703125
2012-03-26,39.6229362487793
2012-03-27,39.34341049194336
2012-03-28,38.4349479675293
2012-03-29,38.36506652832031
2012-03-30,38.31847381591797
2012-04-02,38.20200729370117
2012-04-03,37.57307052612305
2012-04-04,36.66461181640625
2012-04-05,36.431671142578125
2012-04-09,36.035675048828125
2012-04-10,35.24367904663086
2012-04-11,35.61638641357422
2012-04-12,36.68790817260742
2012-04-13,36.01238250732422
2012-04-16,35.87261962890625
2012-04-17,37.06060028076172
2012-04-18,36.89754867553711
2012-04-19,36.5947265625
2012-04-20,36.94413757324219
2012-04-23,36.268611907958984
2012-04-24,36.31520080566406
2012-04-25,36.99073028564453
2012-04-26,36.94413757324219
2012-04-27,36.92084503173828
2012-04-30,36.78107833862305
2012-05-01,36.618019104003906
2012-05-02,36.47825241088867
2012-05-03,36.291908264160156
2012-05-04,35.89590835571289
2012-05-07,35.36014938354492
2012-05-08,34.80109786987305
2012-05-09,33.962520599365234
2012-05-10,34.47498321533203
2012-05-11,33.962520599365234
2012-05-14,33.24040222167969
2012-05-15,32.3552360534668
2012-05-16,31.7030086517334
2012-05-17,31.330303192138672
2012-05-18,30.957599639892578
2012-05-21,31.493364334106445
2012-05-22,31.28371810913086
2012-05-23,31.376888275146484
2012-05-24,31.470067977905273
2012-05-25,31.7030086517334
2012-05-29,32.005828857421875
2012-05-30,31.493364334106445
2012-05-31,31.796184539794922
2012-06-01,30.957599639892578
2012-06-04,30.841135025024414
2012-06-05,31.260417938232422
2012-06-06,32.07571029663086
2012-06-07,32.07571029663086
2012-06-08,31.93594741821289
2012-06-11,30.678075790405273
2012-06-12,31.23712921142578
2012-06-13,30.887720108032227
2012-06-14,31.190542221069336
2012-06-15,31.63312339782715
2012-06-18,32.005828857421875
2012-06-19,32.40182876586914
2012-06-20,32.471710205078125
2012-06-21,31.656423568725586
2012-06-22,32.23876953125
2012-06-25,31.423480987548828
2012-06-26,31.307010650634766
2012-06-27,31.819480895996094
2012-06-28,32.099002838134766
2012-06-29,33.19381332397461
2012-07-02,33.24040222167969
2012-07-03,33.63640213012695
2012-07-05,33.35688018798828
2012-07-06,33.03076171875
2012-07-09,33.054054260253906
2012-07-10,32.658050537109375
2012-07-11,32.634765625
2012-07-12,32.40182876586914
2012-07-13,32.797821044921875
2012-07-16,32.93758773803711
2012-07-17,33.07734680175781
2012-07-18,33.10064697265625
2012-07-19,33.38016891479492
2012-07-20,32.634765625
2012-07-23,31.93594741821289
2012-07-24,31.58653450012207
2012-07-25,31.56324577331543
2012-07-26,32.23876953125
2012-07-27,32.867706298828125
2012-07-30,32.634765625
2012-07-31,32.93758773803711
2012-08-01,32.28535842895508
2012-08-02,32.02912521362305
2012-08-03,32.634765625
2012-08-06,32.75123596191406
2012-08-07,32.960880279541016
2012-08-08,33.12393569946289
2012-08-09,33.519935607910156
2012-08-10,33.82275390625
2012-08-13,33.68299102783203
2012-08-14,33.89263916015625
2012-08-15,34.381805419921875
2012-08-16,35.03403854370117
2012-08-17,34.80109786987305
2012-08-20,34.82439422607422
2012-08-21,34.917564392089844
2012-08-22,35.03403854370117
2012-08-23,34.68461990356445
2012-08-24,34.521568298339844
2012-08-27,34.28862762451172
2012-08-28,34.24203872680664
2012-08-29,33.93922424316406
2012-08-30,33.426753997802734
2012-08-31,33.5665168762207
2012-09-04,33.61310577392578
2012-09-05,33.03076171875
2012-09-06,33.47334671020508
2012-09-07,34.17216110229492
2012-09-10,33.89263916015625
2012-09-11,34.42839431762695
2012-09-12,34.3585090637207
2012-09-13,35.03403854370117
2012-09-14,35.45332717895508
2012-09-17,35.24367904663086
2012-09-18,35.22038650512695
2012-09-19,35.499916076660156
2012-09-20,35.26697540283203
2012-09-21,35.31355667114258
2012-09-24,35.10391616821289
2012-09-25,34.82439422607422
2012-09-26,34.4982795715332
2012-09-27,34.940860748291016
2012-09-28,34.3585090637207
2012-10-01,34.28862762451172
2012-10-02,34.42839431762695
2012-10-03,34.40510177612305
2012-10-04,34.70792007446289
2012-10-05,34.75450897216797
2012-10-08,34.45168685913086
2012-10-09,34.218746185302734
2012-10-10,33.86933898925781
2012-10-11,33.915931701660156
2012-10-12,33.962520599365234
2012-10-15,34.24203872680664
2012-10-16,34.82439422607422
2012-10-17,34.917564392089844
2012-10-18,34.63804244995117
2012-10-19,34.26533508300781
2012-10-22,34.4982795715332
2012-10-23,33.65969467163086
2012-10-24,33.49663543701172
2012-10-25,33.79945755004883
2012-10-26,33.82275390625
2012-10-31,33.5432243347168
2012-11-01,33.24040222167969
2012-11-02,32.91429138183594
2012-11-05,32.82111358642578
2012-11-06,32.89099884033203
2012-11-07,32.23876953125
2012-11-08,32.14559555053711
2012-11-09,32.099002838134766
2012-11-12,31.8427734375
2012-11-13,31.446773529052734
2012-11-14,30.58489990234375
2012-11-15,30.421844482421875
2012-11-16,30.44513511657715
2012-11-19,31.260417938232422
2012-11-20,31.143953323364258
2012-11-21,31.09736442565918
2012-11-23,31.656423568725586
2012-11-26,31.796184539794922
2012-11-27,31.679716110229492
2012-11-28,31.98253631591797
2012-11-29,32.331939697265625
2012-11-30,32.005828857421875
2012-12-03,32.02912521362305
2012-12-04,31.98253631591797
2012-12-05,32.005828857421875
2012-12-06,31.749595642089844
2012-12-07,31.656423568725586
2012-12-10,31.56324577331543
2012-12-11,31.8427734375
2012-12-12,31.98253631591797
2012-12-13,31.93594741821289
2012-12-14,32.308650970458984
2012-12-17,32.98417282104492
2012-12-18,33.915931701660156
2012-12-19,34.00910949707031
2012-12-20,33.915931701660156
2012-12-21,33.1705207824707
2012-12-24,33.126651763916016
2012-12-26,33.102272033691406
2012-12-27,33.34602737426758
2012-12-28,33.029144287109375
2012-12-31,33.541038513183594
2013-01-02,34.32106018066406
2013-01-03,34.296688079833984
2013-01-04,34.272308349609375
2013-01-07,34.22355270385742
2013-01-08,34.101680755615234
2013-01-09,34.32106018066406
2013-01-10,34.5648193359375
2013-01-11,34.61356735229492
2013-01-14,35.39359664916992
2013-01-15,35.71047592163086
2013-01-16,35.320465087890625
2013-01-17,35.881103515625
2013-01-18,35.71047592163086
2013-01-22,35.71047592163086
2013-01-23,35.39359664916992
2013-01-24,35.44234085083008
2013-01-25,35.44234085083008
2013-01-28,34.90607833862305
2013-01-29,35.00358200073242
2013-01-30,35.198585510253906
2013-01-31,34.930450439453125
2013-02-01,35.14983367919922
2013-02-04,34.68669509887695
2013-02-05,34.54043960571289
2013-02-06,34.5648193359375
2013-02-07,34.39419174194336
2013-02-08,34.662322998046875
2013-02-11,34.90607833862305
2013-02-12,34.808570861816406
2013-02-13,34.6379508972168
2013-02-14,34.73544692993164
2013-02-15,34.662322998046875
2013-02-19,35.00358200073242
2013-02-20,34.49169158935547
2013-02-21,34.272308349609375
2013-02-22,34.6379508972168
2013-02-25,33.80916976928711
2013-02-26,33.955421447753906
2013-02-27,34.19917678833008
2013-02-28,34.004173278808594
2013-03-01,34.05292510986328
2013-03-04,33.979801177978516
2013-03-05,34.39419174194336
2013-03-06,34.36981201171875
2013-03-07,34.467315673828125
2013-03-08,34.54043960571289
2013-03-11,34.41856384277344
2013-03-12,34.272308349609375
2013-03-13,34.101680755615234
2013-03-14,34.22355270385742
2013-03-15,34.15043258666992
2013-03-18,34.101680755615234
2013-03-19,33.882293701171875
2013-03-20,34.077301025390625
2013-03-21,34.34543228149414
2013-03-22,34.44293975830078
2013-03-25,34.32106018066406
2013-03-26,34.49169158935547
2013-03-27,34.44293975830078
2013-03-28,34.49169158935547
2013-04-01,33.955421447753906
2013-04-02,33.906673431396484
2013-04-03,33.39478302001953
2013-04-04,33.9310417175293
2013-04-05,34.12605667114258
2013-04-08,34.05292510986328
2013-04-09,34.39419174194336
2013-04-10,34.5648193359375
2013-04-11,34.8817024230957
2013-04-12,34.36981201171875
2013-04-15,33.05352020263672
2013-04-16,33.224151611328125
2013-04-17,32.68788146972656
2013-04-18,32.346622467041016
2013-04-19,32.61476135253906
2013-04-22,32.98039245605469
2013-04-23,33.24851989746094
2013-04-24,33.51666259765625
2013-04-25,33.711666107177734
2013-04-26,33.61416244506836
2013-04-29,34.05292510986328
2013-04-30,34.22355270385742
2013-05-01,33.80916976928711
2013-05-02,33.78479766845703
2013-05-03,34.174800872802734
2013-05-06,34.22355270385742
2013-05-07,34.662322998046875
2013-05-08,35.320465087890625
2013-05-09,35.2717170715332
2013-05-10,35.027957916259766
2013-05-13,34.930450439453125
2013-05-14,35.052330017089844
2013-05-15,34.808570861816406
2013-05-16,34.58919143676758
2013-05-17,35.198585510253906
2013-05-20,35.9542350769043
2013-05-21,36.14924240112305
2013-05-22,35.9542350769043
2013-05-23,35.36921691894531
2013-05-24,35.515472412109375
2013-05-28,35.320465087890625
2013-05-29,35.320465087890625
2013-05-30,35.6617317199707
2013-05-31,35.344844818115234
2013-06-03,35.44234085083008
2013-06-04,35.41796875
2013-06-05,35.17420959472656
2013-06-06,35.00358200073242
2013-06-07,35.36921691894531
2013-06-10,35.36921691894531
2013-06-11,35.027957916259766
2013-06-12,34.8817024230957
2013-06-13,35.36921691894531
2013-06-14,35.14983367919922
2013-06-17,35.68610382080078
2013-06-18,35.9542350769043
2013-06-19,35.247337341308594
2013-06-20,34.19917678833008
2013-06-21,34.12605667114258
2013-06-24,33.66291427612305
2013-06-25,33.955421447753906
2013-06-26,33.51666259765625
2013-06-27,33.63854217529297
2013-06-28,33.78479766845703
2013-07-01,34.34543228149414
2013-07-02,34.38605880737305
2013-07-03,34.434810638427734
2013-07-05,34.61356735229492
2013-07-08,35.04420471191406
2013-07-09,35.783607482910156
2013-07-10,36.238616943359375
2013-07-11,37.13239669799805
2013-07-12,37.01051712036133
2013-07-15,36.96989440917969
2013-07-16,37.40052795410156
2013-07-17,37.571163177490234
2013-07-18,37.69303894042969
2013-07-19,37.60365676879883
2013-07-22,38.08304977416992
2013-07-23,37.96117401123047
2013-07-24,37.514286041259766
2013-07-25,37.35990524291992
2013-07-26,37.09989547729492
2013-07-29,36.47425079345703
2013-07-30,36.70175552368164
2013-07-31,36.52300262451172
2013-08-01,36.89676284790039
2013-08-02,36.88051223754883
2013-08-05,36.49049758911133
2013-08-06,36.27112579345703
2013-08-07,36.15736770629883
2013-08-08,36.53925323486328
2013-08-09,36.31986999511719
2013-08-12,36.28737258911133
2013-08-13,36.28737258911133
2013-08-14,36.36050033569336
2013-08-15,36.38487243652344
2013-08-16,36.28737258911133
2013-08-19,36.132991790771484
2013-08-20,35.88923263549805
2013-08-21,35.39359664916992
2013-08-22,35.86485290527344
2013-08-23,36.01111602783203
2013-08-26,35.97861099243164
2013-08-27,35.482967376708984
2013-08-28,35.62922286987305
2013-08-29,35.20671081542969
2013-08-30,35.2879638671875
2013-09-03,35.6617317199707
2013-09-04,35.881103515625
2013-09-05,35.53172302246094
2013-09-06,35.767356872558594
2013-09-09,36.230491638183594
2013-09-10,36.81551742553711
2013-09-11,36.734256744384766
2013-09-12,36.45800018310547
2013-09-13,36.53925323486328
2013-09-16,36.506752014160156
2013-09-17,36.230491638183594
2013-09-18,37.05113983154297
2013-09-19,36.83988952636719
2013-09-20,36.83176040649414
2013-09-23,36.986148834228516
2013-09-24,36.74238586425781
2013-09-25,36.734256744384766
2013-09-26,36.929264068603516
2013-09-27,36.9373893737793
2013-09-30,36.685508728027344
2013-10-01,36.90489196777344
2013-10-02,37.16489791870117
2013-10-03,36.64488220214844
2013-10-04,36.6611328125
2013-10-07,36.36050033569336
2013-10-08,36.53925323486328
2013-10-09,36.506752014160156
2013-10-10,36.71800994873047
2013-10-11,37.16489791870117
2013-10-14,37.54677963256836
2013-10-15,37.11614990234375
2013-10-16,36.96989440917969
2013-10-17,37.34365463256836
2013-10-18,37.798667907714844
2013-10-21,38.31056213378906
2013-10-22,38.58681869506836
2013-10-23,38.02617263793945
2013-10-24,38.513694763183594
2013-10-25,38.367435455322266
2013-10-28,38.46493911743164
2013-10-29,38.65182113647461
2013-10-30,38.44056701660156
2013-10-31,38.39993667602539
2013-11-01,38.31056213378906
2013-11-04,38.66807174682617
2013-11-05,38.26993179321289
2013-11-06,38.65182113647461
2013-11-07,37.8474235534668
2013-11-08,38.2211799621582
2013-11-11,37.94491958618164
2013-11-12,37.91242599487305
2013-11-13,38.09117889404297
2013-11-14,38.09117889404297
2013-11-15,38.62744140625
2013-11-18,38.798072814941406
2013-11-19,38.3511848449707
2013-11-20,38.26993179321289
2013-11-21,38.55431365966797
2013-11-22,38.70056915283203
2013-11-25,38.70869827270508
2013-11-26,38.692447662353516
2013-11-27,38.66807174682617
2013-11-29,39.513099670410156
2013-12-02,39.0905876159668
2013-12-03,38.87119674682617
2013-12-04,38.76557159423828
2013-12-05,38.716819763183594
2013-12-06,39.0905876159668
2013-12-09,38.86308288574219
2013-12-10,38.798072814941406
2013-12-11,38.229305267333984
2013-12-12,38.15617370605469
2013-12-13,38.04242706298828
2013-12-16,38.343055725097656
2013-12-17,38.2211799621582
2013-12-18,38.62744140625
2013-12-19,38.2211799621582
2013-12-20,38.513694763183594
2013-12-23,38.66343307495117
2013-12-24,38.63070297241211
2013-12-26,39.04802322387695
2013-12-27,39.2280387878418
2013-12-30,39.23622131347656
2013-12-31,39.35078048706055
2014-01-02,38.647064208984375
2014-01-03,38.79435729980469
2014-01-06,38.79435729980469
2014-01-07,38.91709899902344
2014-01-08,39.277137756347656
2014-01-09,39.080753326416016
2014-01-10,39.277137756347656
2014-01-13,39.03984451293945
2014-01-14,39.326236724853516
2014-01-15,39.84993362426758
2014-01-16,40.05449676513672
2014-01-17,40.152687072753906
2014-01-21,40.807308197021484
2014-01-22,40.90549850463867
2014-01-23,40.4390869140625
2014-01-24,39.66990661621094
2014-01-27,39.637176513671875
2014-01-28,39.7190055847168
2014-01-29,39.448974609375
2014-01-30,39.890846252441406
2014-01-31,39.514434814453125
2014-02-03,38.344303131103516
2014-02-04,38.36885452270508
2014-02-05,38.507965087890625
2014-02-06,39.064388275146484
2014-02-07,39.146217346191406
2014-02-10,39.309871673583984
2014-02-11,39.989036560058594
2014-02-12,39.686275482177734
2014-02-13,40.02995300292969
2014-02-14,40.398170471191406
2014-02-18,40.872772216796875
2014-02-19,40.349082946777344
2014-02-20,40.242706298828125
2014-02-21,40.42272186279297
2014-02-24,41.02006530761719
2014-02-25,41.6664924621582
2014-02-26,42.239288330078125
2014-02-27,41.63376998901367
2014-02-28,42.14109420776367
2014-03-03,41.63376998901367
2014-03-04,42.75480270385742
2014-03-05,42.89390182495117
2014-03-06,42.86935806274414
2014-03-07,42.762977600097656
2014-03-10,42.53386306762695
2014-03-11,41.77286911010742
2014-03-12,42.14109420776367
2014-03-13,41.77286911010742
2014-03-14,41.437381744384766
2014-03-17,41.47010803222656
2014-03-18,41.993804931640625
2014-03-19,41.03642272949219
2014-03-20,40.676387786865234
2014-03-21,40.005401611328125
2014-03-24,40.34089279174805
2014-03-25,40.52909851074219
2014-03-26,40.52909851074219
2014-03-27,40.676387786865234
2014-03-28,41.052791595458984
2014-03-31,41.28190994262695
2014-04-01,41.355552673339844
2014-04-02,41.13461685180664
2014-04-03,41.2164421081543
2014-04-04,41.257354736328125
2014-04-07,41.11825180053711
2014-04-08,41.09370803833008
2014-04-09,41.24099349975586
2014-04-10,40.823673248291016
2014-04-11,40.66001892089844
2014-04-14,40.89731979370117
2014-04-15,41.03642272949219
2014-04-16,41.568302154541016
2014-04-17,41.52738952636719
2014-04-21,41.50284194946289
2014-04-22,41.69104766845703
2014-04-23,41.65013122558594
2014-04-24,41.797420501708984
2014-04-25,41.65831756591797
2014-04-28,41.421016693115234
2014-04-29,41.64194869995117
2014-04-30,41.41283416748047
2014-05-01,41.84651565551758
2014-05-02,41.65013122558594
2014-05-05,41.60921859741211
2014-05-06,41.34737014770508
2014-05-07,41.76469421386719
2014-05-08,41.51921463012695
2014-05-09,41.54375457763672
2014-05-12,41.33918762207031
2014-05-13,41.28190994262695
2014-05-14,41.232810974121094
2014-05-15,41.03642272949219
2014-05-16,41.060977935791016
2014-05-19,40.70093536376953
2014-05-20,40.57001495361328
2014-05-21,40.72547912597656
2014-05-22,40.81549072265625
2014-05-23,40.81549072265625
2014-05-27,40.995513916015625
2014-05-28,41.32282638549805
2014-05-29,41.32282638549805
2014-05-30,41.52738952636719
2014-06-02,41.59285354614258
2014-06-03,41.77286911010742
2014-06-04,41.797420501708984
2014-06-05,42.116546630859375
2014-06-06,42.14109420776367
2014-06-09,41.86288833618164
2014-06-10,41.73196029663086
2014-06-11,41.363731384277344
2014-06-12,41.421016693115234
2014-06-13,41.74832534790039
2014-06-16,41.70741271972656
2014-06-17,41.53557205200195
2014-06-18,42.173824310302734
2014-06-19,42.55023193359375
2014-06-20,42.419307708740234
2014-06-23,42.353843688964844
2014-06-24,42.411128997802734
2014-06-25,42.34566116333008
2014-06-26,42.29656982421875
2014-06-27,42.51750564575195
2014-06-30,42.98391342163086
2014-07-01,42.89390182495117
2014-07-02,42.21474075317383
2014-07-03,42.32111740112305
2014-07-07,42.33748245239258
2014-07-08,42.06745147705078
2014-07-09,42.12472915649414
2014-07-10,42.05927276611328
2014-07-11,42.09199905395508
2014-07-14,41.83015441894531
2014-07-15,42.07563018798828
2014-07-16,42.378395080566406
2014-07-17,42.00198745727539
2014-07-18,42.10836410522461
2014-07-21,42.14109420776367
2014-07-22,42.362030029296875
2014-07-23,42.10836410522461
2014-07-24,42.34566116333008
2014-07-25,42.26383972167969
2014-07-28,42.6647834777832
2014-07-29,42.419307708740234
2014-07-30,41.797420501708984
2014-07-31,41.052791595458984
2014-08-01,40.95459747314453
2014-08-04,41.02006530761719
2014-08-05,40.55364227294922
2014-08-06,40.1690559387207
2014-08-07,40.25906753540039
2014-08-08,40.85640335083008
2014-08-11,40.96278381347656
2014-08-12,40.83185958862305
2014-08-13,41.02824401855469
2014-08-14,41.396461486816406
2014-08-15,41.380104064941406
2014-08-18,41.625579833984375
2014-08-19,41.87106704711914
2014-08-20,41.90379333496094
2014-08-21,42.08381652832031
2014-08-22,41.723777770996094
2014-08-25,41.88742446899414
2014-08-26,41.57648849487305
2014-08-27,41.69922637939453
2014-08-28,41.91197967529297
2014-08-29,42.05927276611328
2014-09-02,41.96926498413086
2014-09-03,42.1492805480957
2014-09-04,42.26383972167969
2014-09-05,42.32111740112305
2014-09-08,42.14109420776367
2014-09-09,41.58467102050781
2014-09-10,41.73196029663086
2014-09-11,41.87924575805664
2014-09-12,41.4046516418457
2014-09-15,41.47829818725586
2014-09-16,41.838340759277344
2014-09-17,41.51921463012695
2014-09-18,41.69104766845703
2014-09-19,41.977439880371094
2014-09-22,41.67467498779297
2014-09-23,41.50284194946289
2014-09-24,41.682861328125
2014-09-25,41.47010803222656
2014-09-26,41.47829818725586
2014-09-29,41.73196029663086
2014-09-30,41.58467102050781
2014-10-01,41.265541076660156
2014-10-02,40.995513916015625
2014-10-03,41.126434326171875
2014-10-06,41.11007308959961
2014-10-07,41.09370803833008
2014-10-08,41.57648849487305
2014-10-09,40.750030517578125
2014-10-10,40.58637237548828
2014-10-13,40.61910629272461
2014-10-14,40.66820526123047
2014-10-15,39.81719970703125
2014-10-16,40.51272964477539
2014-10-17,40.455448150634766
2014-10-20,41.11825180053711
2014-10-21,41.27372360229492
2014-10-22,41.52738952636719
2014-10-23,41.78923416137695
2014-10-24,42.042903900146484
2014-10-27,42.1492805480957
2014-10-28,42.247467041015625
2014-10-29,41.86288833618164
2014-10-30,42.607513427734375
2014-10-31,43.24576187133789
2014-11-03,43.671268463134766
2014-11-04,43.09847640991211
2014-11-05,43.81856155395508
2014-11-06,43.22940444946289
2014-11-07,43.27031707763672
2014-11-10,43.60580062866211
2014-11-11,43.70399856567383
2014-11-12,43.07392883300781
2014-11-13,42.6647834777832
2014-11-14,42.64024353027344
2014-11-17,42.803897857666016
2014-11-18,43.01664352416992
2014-11-19,42.90209197998047
2014-11-20,42.95936965942383
2014-11-21,42.95936965942383
2014-11-24,42.77116775512695
2014-11-25,42.79571533203125
2014-11-26,42.95936965942383
2014-11-28,43.24576187133789
2014-12-01,43.3848762512207
2014-12-02,43.09029006958008
2014-12-03,43.05756378173828
2014-12-04,43.06574630737305
2014-12-05,42.72207260131836
2014-12-08,42.68933868408203
2014-12-09,42.75480270385742
2014-12-10,42.64024353027344
2014-12-11,42.79571533203125
2014-12-12,42.762977600097656
2014-12-15,41.723777770996094
2014-12-16,41.82196807861328
2014-12-17,42.353843688964844
2014-12-18,43.12302017211914
2014-12-19,43.45852279663086
2014-12-22,43.276588439941406
2014-12-23,43.427494049072266
2014-12-24,43.92213439941406
2014-12-26,44.1317253112793
2014-12-29,44.40838623046875
2014-12-30,43.80476379394531
2014-12-31,43.11730194091797
2015-01-02,42.932857513427734
2015-01-05,42.75680160522461
2015-01-06,42.496910095214844
2015-01-07,42.75680160522461
2015-01-08,42.99154281616211
2015-01-09,42.999935150146484
2015-01-12,42.41306686401367
2015-01-13,42.55559158325195
2015-01-14,42.60589599609375
2015-01-15,42.790340423583984
2015-01-16,43.03346252441406
2015-01-20,43.310123443603516
2015-01-21,43.8466796875
2015-01-22,43.51971435546875
2015-01-23,43.88859558105469
2015-01-26,43.964054107666016
2015-01-27,44.09819412231445
2015-01-28,43.51133728027344
2015-01-29,44.18202590942383
2015-01-30,43.33527755737305
2015-02-02,43.54486846923828
2015-02-03,43.8969841003418
2015-02-04,43.284969329833984
2015-02-05,43.30174255371094
2015-02-06,41.951969146728516
2015-02-09,41.63338851928711
2015-02-10,42.33761978149414
2015-02-11,41.90166473388672
2015-02-12,41.951969146728516
2015-02-13,41.38187789916992
2015-02-17,41.591468811035156
2015-02-18,42.42145538330078
2015-02-19,41.9100456237793
2015-02-20,41.93519973754883
2015-02-23,42.15317153930664
2015-02-24,42.40468978881836
2015-02-25,42.253780364990234
2015-02-26,41.842979431152344
2015-02-27,41.77591323852539
2015-03-02,41.27288818359375
2015-03-03,41.3399658203125
2015-03-04,40.97107696533203
2015-03-05,41.17228698730469
2015-03-06,40.359066009521484
2015-03-09,40.30038070678711
2015-03-10,39.948265075683594
2015-03-11,39.822509765625
2015-03-12,40.493202209472656
2015-03-13,39.99018478393555
2015-03-16,40.5518913269043
2015-03-17,40.719566345214844
2015-03-18,41.474098205566406
2015-03-19,41.40703201293945
2015-03-20,41.76752471923828
2015-03-23,41.70884323120117
2015-03-24,41.49924850463867
2015-03-25,41.147132873535156
2015-03-26,40.853702545166016
2015-03-27,40.91238784790039
2015-03-30,41.423797607421875
2015-03-31,41.23097610473633
2015-04-01,41.247737884521484
2015-04-02,41.457332611083984
2015-04-06,42.169944763183594
2015-04-07,41.658538818359375
2015-04-08,41.38187789916992
2015-04-09,41.10521697998047
2015-04-10,41.32319259643555
2015-04-13,41.063297271728516
2015-04-14,41.3902587890625
2015-04-15,41.893287658691406
2015-04-16,41.566322326660156
2015-04-17,41.18905258178711
2015-04-20,41.75075912475586
2015-04-21,41.49924850463867
2015-04-22,41.79267883300781
2015-04-23,41.9938850402832
2015-04-24,42.32085037231445
2015-04-27,42.29570007324219
2015-04-28,42.253780364990234
2015-04-29,41.960350036621094
2015-04-30,41.87651443481445
2015-05-01,41.977115631103516
2015-05-04,42.34600067138672
2015-05-05,41.34834289550781
2015-05-06,41.482479095458984
2015-05-07,41.35672378540039
2015-05-08,42.13640594482422
2015-05-11,41.943580627441406
2015-05-12,41.448944091796875
2015-05-13,41.9100456237793
2015-05-14,41.91843032836914
2015-05-15,42.45499038696289
2015-05-18,42.42145538330078
2015-05-19,42.65620040893555
2015-05-20,42.8825569152832
2015-05-21,42.75680160522461
2015-05-22,42.75680160522461
2015-05-26,42.01903533935547
2015-05-27,42.40468978881836
2015-05-28,42.40468978881836
2015-05-29,42.24539566040039
2015-06-01,42.58912658691406
2015-06-02,42.58912658691406
2015-06-03,42.3292350769043
2015-06-04,41.86812973022461
2015-06-05,41.29804229736328
2015-06-08,40.99623107910156
2015-06-09,40.99623107910156
2015-06-10,41.16389846801758
2015-06-11,41.28965759277344
2015-06-12,41.28965759277344
2015-06-15,40.795021057128906
2015-06-16,40.92915344238281
2015-06-17,40.954307556152344
2015-06-18,40.954307556152344
2015-06-19,41.37349319458008
2015-06-22,41.28965759277344
2015-06-23,41.05491638183594
2015-06-24,40.828556060791016
2015-06-25,40.51835632324219
2015-06-26,40.577049255371094
2015-06-29,40.66088104248047
2015-06-30,40.18301010131836
2015-07-01,40.19977569580078
2015-07-02,40.585426330566406
2015-07-06,40.375831604003906
2015-07-07,41.482479095458984
2015-07-08,40.66088104248047
2015-07-09,40.585426330566406
2015-07-10,40.828556060791016
2015-07-13,41.18905258178711
2015-07-14,41.49924850463867
2015-07-15,41.46571350097656
2015-07-16,41.809444427490234
2015-07-17,41.8848991394043
2015-07-20,41.13037109375
2015-07-21,40.87885665893555
2015-07-22,40.84531784057617
2015-07-23,40.442909240722656
2015-07-24,40.4261360168457
2015-07-27,40.543514251708984
2015-07-28,40.820167541503906
2015-07-29,41.19743728637695
2015-07-30,41.365108489990234
2015-07-31,41.7591438293457
2015-08-03,42.02742385864258
2015-08-04,41.8848991394043
2015-08-05,41.474098205566406
2015-08-06,41.35672378540039
2015-08-07,41.893287658691406
2015-08-10,42.08610534667969
2015-08-11,41.90166473388672
2015-08-12,42.09449005126953
2015-08-13,42.53883361816406
2015-08-14,42.47175598144531
2015-08-17,42.64781188964844
2015-08-18,42.614280700683594
2015-08-19,42.53044509887695
2015-08-20,41.977115631103516
2015-08-21,40.98784255981445
2015-08-24,39.612918853759766
2015-08-25,39.403324127197266
2015-08-26,39.69675064086914
2015-08-27,40.208160400390625
2015-08-28,40.14109420776367
2015-08-31,39.78897476196289
2015-09-01,38.397281646728516
2015-09-02,38.31344985961914
2015-09-03,38.65718078613281
2015-09-04,38.01164245605469
2015-09-08,38.68232727050781
2015-09-09,38.933837890625
2015-09-10,38.54819107055664
2015-09-11,38.44758987426758
2015-09-14,38.455970764160156
2015-09-15,38.707481384277344
2015-09-16,38.942222595214844
2015-09-17,39.1434326171875
2015-09-18,39.1434326171875
2015-09-21,38.707481384277344
2015-09-22,38.29668045043945
2015-09-23,38.1793098449707
2015-09-24,38.254756927490234
2015-09-25,39.12666320800781
2015-09-28,38.34698486328125
2015-09-29,38.29668045043945
2015-09-30,39.000911712646484
2015-10-01,38.43920135498047
2015-10-02,39.2188835144043
2015-10-05,39.822509765625
2015-10-06,39.70513916015625
2015-10-07,40.09917449951172
2015-10-08,40.07402420043945
2015-10-09,40.501590728759766
2015-10-12,40.836936950683594
2015-10-13,40.577049255371094
2015-10-14,40.53512191772461
2015-10-15,41.07168197631836
2015-10-16,41.247737884521484
2015-10-19,41.02975845336914
2015-10-20,41.29804229736328
2015-10-21,41.22258377075195
2015-10-22,41.49086380004883
2015-10-23,41.16389846801758
2015-10-26,40.75309753417969
2015-10-27,40.686031341552734
2015-10-28,40.686031341552734
2015-10-29,40.367454528808594
2015-10-30,40.451290130615234
2015-11-02,40.28361129760742
2015-11-03,40.43452072143555
2015-11-04,40.442909240722656
2015-11-05,40.10755920410156
2015-11-06,38.933837890625
2015-11-09,38.95060348510742
2015-11-10,39.06797790527344
2015-11-11,39.26080322265625
2015-11-12,39.00929260253906
2015-11-13,39.00929260253906
2015-11-16,39.13505172729492
2015-11-17,39.017677307128906
2015-11-18,39.04282760620117
2015-11-19,39.29433822631836
2015-11-20,39.3027229309082
2015-11-23,39.00929260253906
2015-11-24,38.97576141357422
2015-11-25,38.942222595214844
2015-11-27,38.933837890625
2015-11-30,38.74101638793945
2015-12-01,39.244041442871094
2015-12-02,38.59010696411133
2015-12-03,38.18769073486328
2015-12-04,38.59010696411133
2015-12-07,38.455970764160156
2015-12-08,38.162540435791016
2015-12-09,38.53142166137695
2015-12-10,38.254756927490234
2015-12-11,37.77689743041992
2015-12-14,37.667903900146484
2015-12-15,38.237998962402344
2015-12-16,38.85838317871094
2015-12-17,39.017677307128906
2015-12-18,38.455970764160156
2015-12-21,38.435176849365234
2015-12-22,38.93770980834961
2015-12-23,39.31894302368164
2015-12-24,39.61353302001953
2015-12-28,39.232295989990234
2015-12-29,39.431575775146484
2015-12-30,39.46623611450195
2015-12-31,39.05034637451172
2016-01-04,38.634456634521484
2016-01-05,39.093666076660156
2016-01-06,38.85972595214844
2016-01-07,38.50448989868164
2016-01-08,38.305206298828125
2016-01-11,38.625789642333984
2016-01-12,38.38318634033203
2016-01-13,38.17524337768555
2016-01-14,38.7904167175293
2016-01-15,38.019287109375
2016-01-19,38.28787612915039
2016-01-20,37.48208999633789
2016-01-21,37.126853942871094
2016-01-22,37.94997024536133
2016-01-25,37.69004440307617
2016-01-26,37.86332702636719
2016-01-27,38.123260498046875
2016-01-28,38.38318634033203
2016-01-29,39.37959671020508
2016-02-01,39.52688980102539
2016-02-02,39.35359573364258
2016-02-03,39.856136322021484
2016-02-04,39.83880615234375
2016-02-05,39.46623611450195
2016-02-08,39.41425323486328
2016-02-09,39.35359573364258
2016-02-10,39.431575775146484
2016-02-11,38.729766845703125
2016-02-12,38.729766845703125
2016-02-16,38.96370315551758
2016-02-17,39.06767654418945
2016-02-18,39.75216293334961
2016-02-19,39.422916412353516
2016-02-22,39.717506408691406
2016-02-23,39.89945602416992
2016-02-24,39.6048698425293
2016-02-25,39.6048698425293
2016-02-26,39.76948547363281
2016-02-29,39.630859375
2016-03-01,39.68284606933594
2016-03-02,39.2842903137207
2016-03-03,40.28935623168945
2016-03-04,41.147125244140625
2016-03-07,40.76589584350586
2016-03-08,40.8525390625
2016-03-09,41.025821685791016
2016-03-10,40.50596237182617
2016-03-11,40.8005485534668
2016-03-14,40.8525390625
2016-03-15,40.8525390625
2016-03-16,41.29441833496094
2016-03-17,41.528358459472656
2016-03-18,41.79695510864258
2016-03-21,41.59767150878906
2016-03-22,41.441715240478516
2016-03-23,41.27709197998047
2016-03-24,41.346405029296875
2016-03-28,41.346405029296875
2016-03-29,41.81428527832031
2016-03-30,42.178184509277344
2016-03-31,42.24750518798828
2016-04-01,41.753631591796875
2016-04-04,41.779624938964844
2016-04-05,40.913185119628906
2016-04-06,41.09514236450195
2016-04-07,41.09514236450195
2016-04-08,41.30308151245117
2016-04-11,41.563018798828125
2016-04-12,41.80562210083008
2016-04-13,41.80562210083008
2016-04-14,41.71030807495117
2016-04-15,41.92692184448242
2016-04-18,41.94424819946289
2016-04-19,42.0222282409668
2016-04-20,41.92692184448242
2016-04-21,40.956512451171875
2016-04-22,41.242435455322266
2016-04-25,40.8871955871582
2016-04-26,41.13846206665039
2016-04-27,42.00490188598633
2016-04-28,41.242435455322266
2016-04-29,41.372398376464844
2016-05-02,41.72763442993164
2016-05-03,41.51102828979492
2016-05-04,41.68431854248047
2016-05-05,41.6236686706543
2016-05-06,41.2164421081543
2016-05-09,41.38972854614258
2016-05-10,41.78828811645508
2016-05-11,41.81428527832031
2016-05-12,42.0222282409668
2016-05-13,41.84893798828125
2016-05-16,41.666988372802734
2016-05-17,41.18178176879883
2016-05-18,40.99116897583008
2016-05-19,40.4106559753418
2016-05-20,40.8525390625
2016-05-23,40.8525390625
2016-05-24,40.98250198364258
2016-05-25,40.939178466796875
2016-05-26,41.381065368652344
2016-05-27,41.29441833496094
2016-05-31,41.29441833496094
2016-06-01,41.528358459472656
2016-06-02,41.36373519897461
2016-06-03,42.048221588134766
2016-06-06,42.22150802612305
2016-06-07,42.55075454711914
2016-06-08,42.55075454711914
2016-06-09,42.4987678527832
2016-06-10,42.69804763793945
2016-06-13,42.39479446411133
2016-06-14,41.978904724121094
2016-06-15,41.978904724121094
2016-06-16,41.961578369140625
2016-06-17,41.91825485229492
2016-06-20,41.91825485229492
2016-06-21,41.91825485229492
2016-06-22,42.31681442260742
2016-06-23,42.4207878112793
2016-06-24,41.476375579833984
2016-06-27,41.50236511230469
2016-06-28,41.92692184448242
2016-06-29,42.51609420776367
2016-06-30,43.347877502441406
2016-07-01,43.64246368408203
2016-07-05,43.45185089111328
2016-07-06,43.3045539855957
2016-07-07,43.37387466430664
2016-07-08,43.7291145324707
2016-07-11,43.755104064941406
2016-07-12,43.44318389892578
2016-07-13,43.57315444946289
2016-07-14,43.51250457763672
2016-07-15,43.62513732910156
2016-07-18,43.7291145324707
2016-07-19,43.42585754394531
2016-07-20,43.35654067993164
2016-07-21,43.35654067993164
2016-07-22,43.78976058959961
2016-07-25,43.798423767089844
2016-07-26,43.84174728393555
2016-07-27,43.84174728393555
2016-07-28,43.37387466430664
2016-07-29,43.564483642578125
2016-08-01,43.7031135559082
2016-08-02,43.18325424194336
2016-08-03,42.84534454345703
2016-08-04,42.77602767944336
2016-08-05,42.758697509765625
2016-08-08,42.51609420776367
2016-08-09,42.5074348449707
2016-08-10,42.49010467529297
2016-08-11,42.559417724609375
2016-08-12,42.67205810546875
2016-08-15,42.4294548034668
2016-08-16,41.90092849731445
2016-08-17,42.20417785644531
2016-08-18,42.4121208190918
2016-08-19,42.23017501831055
2016-08-22,42.20417785644531
2016-08-23,42.360137939453125
2016-08-24,42.464111328125
2016-08-25,42.01356506347656
2016-08-26,42.00490188598633
2016-08-29,42.00490188598633
2016-08-30,41.632328033447266
2016-08-31,41.840274810791016
2016-09-01,41.762298583984375
2016-09-02,42.368804931640625
2016-09-06,42.862674713134766
2016-09-07,42.957984924316406
2016-09-08,43.03596115112305
2016-09-09,41.99623489379883
2016-09-12,41.90959167480469
2016-09-13,41.57168197631836
2016-09-14,41.649658203125
2016-09-15,41.80562210083008
2016-09-16,41.935585021972656
2016-09-19,42.21284103393555
2016-09-20,42.533424377441406
2016-09-21,43.32188034057617
2016-09-22,43.68578338623047
2016-09-23,43.35654067993164
2016-09-26,43.3045539855957
2016-09-27,43.46917724609375
2016-09-28,43.46917724609375
2016-09-29,42.533424377441406
2016-09-30,42.12620162963867
2016-10-03,41.6929817199707
2016-10-04,41.129798889160156
2016-10-05,40.76589584350586
2016-10-06,40.76589584350586
2016-10-07,40.78322219848633
2016-10-10,40.973838806152344
2016-10-11,40.58393859863281
2016-10-12,40.58393859863281
2016-10-13,40.76589584350586
2016-10-14,40.939178466796875
2016-10-17,40.913185119628906
2016-10-18,41.259761810302734
2016-10-19,41.164451599121094
2016-10-20,41.38972854614258
2016-10-21,41.242435455322266
2016-10-24,41.242435455322266
2016-10-25,41.242435455322266
2016-10-26,41.441715240478516
2016-10-27,41.26842498779297
2016-10-28,41.32041549682617
2016-10-31,41.73630142211914
2016-11-01,41.73630142211914
2016-11-02,40.8871955871582
2016-11-03,41.30308151245117
2016-11-04,41.27709197998047
2016-11-07,41.441715240478516
2016-11-08,41.45904541015625
2016-11-09,41.45904541015625
2016-11-10,39.89945602416992
2016-11-11,40.17671585083008
2016-11-14,39.64818572998047
2016-11-15,40.06407928466797
2016-11-16,39.89945602416992
2016-11-17,40.142059326171875
2016-11-18,39.79548263549805
2016-11-21,40.298011779785156
2016-11-22,40.37599563598633
2016-11-23,40.37599563598633
2016-11-25,40.523292541503906
2016-11-28,41.242435455322266
2016-11-29,41.23377227783203
2016-11-30,40.67924880981445
2016-12-01,40.08140563964844
2016-12-02,40.59260559082031
2016-12-05,40.514625549316406
2016-12-06,40.514625549316406
2016-12-07,41.51969528198242
2016-12-08,42.22150802612305
2016-12-09,42.351470947265625
2016-12-12,42.4294548034668
2016-12-13,43.24390411376953
2016-12-14,43.3132209777832
2016-12-15,42.52476501464844
2016-12-16,42.52476501464844
2016-12-19,42.90097427368164
2016-12-20,42.95484924316406
2016-12-21,42.811187744140625
2016-12-22,42.847103118896484
2016-12-23,42.739356994628906
2016-12-27,42.74833679199219
2016-12-28,42.649566650390625
2016-12-29,42.649566650390625
2016-12-30,42.60467529296875
2017-01-03,42.48794937133789
2017-01-04,42.74833679199219
2017-01-05,42.981788635253906
2017-01-06,42.87403869628906
2017-01-09,42.60467529296875
2017-01-10,42.43407440185547
2017-01-11,42.649566650390625
2017-01-12,42.74833679199219
2017-01-13,42.9189338684082
2017-01-17,43.02667999267578
2017-01-18,42.9189338684082
2017-01-19,42.9189338684082
2017-01-20,43.06259536743164
2017-01-23,42.90995407104492
2017-01-24,42.80220413208008
2017-01-25,42.73038101196289
2017-01-26,42.70344161987305
2017-01-27,42.42509460449219
2017-01-30,42.20062255859375
2017-01-31,42.5148811340332
2017-02-01,41.85942840576172
2017-02-02,41.85942840576172
2017-02-03,42.003089904785156
2017-02-06,41.93125915527344
2017-02-07,42.1287956237793
2017-02-08,42.407135009765625
2017-02-09,42.16470718383789
2017-02-10,42.245521545410156
2017-02-13,42.48794937133789
2017-02-14,42.26347732543945
2017-02-15,42.030029296875
2017-02-16,42.33531188964844
2017-02-17,42.236541748046875
2017-02-21,43.0985107421875
2017-02-22,42.74833679199219
2017-02-23,43.19728088378906
2017-02-24,43.75396728515625
2017-02-27,43.77192687988281
2017-02-28,43.86171340942383
2017-03-01,43.93354415893555
2017-03-02,43.93354415893555
2017-03-03,43.583370208740234
2017-03-06,43.52949905395508
2017-03-07,43.619285583496094
2017-03-08,43.619285583496094
2017-03-09,43.06259536743164
2017-03-10,43.06259536743164
2017-03-13,43.47562026977539
2017-03-14,43.2601318359375
2017-03-15,44.193931579589844
2017-03-16,43.47562026977539
2017-03-17,43.47562026977539
2017-03-20,43.69111633300781
2017-03-21,44.131080627441406
2017-03-22,44.238826751708984
2017-03-23,44.6698112487793
2017-03-24,44.651851654052734
2017-03-27,44.59798049926758
2017-03-28,44.74164581298828
2017-03-29,44.89427947998047
2017-03-30,44.59798049926758
2017-03-31,44.59798049926758
2017-04-03,44.517173767089844
2017-04-04,44.4722785949707
2017-04-05,44.67878723144531
2017-04-06,44.651851654052734
2017-04-07,44.651851654052734
2017-04-10,44.14005661010742
2017-04-11,44.14005661010742
2017-04-12,44.660831451416016
2017-04-13,44.59798049926758
2017-04-17,44.7506217956543
2017-04-18,44.41840362548828
2017-04-19,44.30167770385742
2017-04-20,44.238826751708984
2017-04-21,44.319637298583984
2017-04-24,44.44533920288086
2017-04-25,44.72368621826172
2017-04-26,44.48125457763672
2017-04-27,44.63389587402344
2017-04-28,44.409423828125
2017-05-01,44.05027389526367
2017-05-02,44.30167770385742
2017-05-03,44.30167770385742
2017-05-04,44.46329879760742
2017-05-05,44.46329879760742
2017-05-08,44.50819396972656
2017-05-09,44.44533920288086
2017-05-10,44.44533920288086
2017-05-11,44.44533920288086
2017-05-12,44.80449676513672
2017-05-15,44.651851654052734
2017-05-16,44.78653335571289
2017-05-17,44.517173767089844
2017-05-18,44.490234375
2017-05-19,45.00202941894531
2017-05-22,45.28934860229492
2017-05-23,45.513824462890625
2017-05-24,45.513824462890625
2017-05-25,45.75625228881836
2017-05-26,45.6215705871582
2017-05-30,45.98970413208008
2017-05-31,46.11540603637695
2017-06-01,46.63618087768555
2017-06-02,46.55537033081055
2017-06-05,46.734947204589844
2017-06-06,46.50149917602539
2017-06-07,46.60026931762695
2017-06-08,46.26804733276367
2017-06-09,45.95378875732422
2017-06-12,46.0615348815918
2017-06-13,45.98072052001953
2017-06-14,46.51945877075195
2017-06-15,46.51945877075195
2017-06-16,46.51945877075195
2017-06-19,46.47455978393555
2017-06-20,46.23213195800781
2017-06-21,45.93583297729492
2017-06-22,45.93583297729492
2017-06-23,45.8191032409668
2017-06-26,45.8191032409668
2017-06-27,45.424034118652344
2017-06-28,45.8191032409668
2017-06-29,45.18160629272461
2017-06-30,45.109779357910156
2017-07-03,45.109779357910156
2017-07-05,44.651851654052734
2017-07-06,44.651851654052734
2017-07-07,44.651851654052734
2017-07-10,44.409423828125
2017-07-11,44.33759307861328
2017-07-12,44.732662200927734
2017-07-13,44.696746826171875
2017-07-14,44.7506217956543
2017-07-17,45.19058609008789
2017-07-18,45.10079574584961
2017-07-19,45.76523208618164
2017-07-20,45.774208068847656
2017-07-21,46.00766372680664
2017-07-24,45.98072052001953
2017-07-25,45.4779052734375
2017-07-26,45.76523208618164
2017-07-27,45.747276306152344
2017-07-28,45.87297821044922
2017-07-31,46.016639709472656
2017-08-01,46.26804733276367
2017-08-02,46.43864440917969
2017-08-03,46.41170883178711
2017-08-04,46.537418365478516
2017-08-07,46.86064910888672
2017-08-08,46.869632720947266
2017-08-09,46.51945877075195
2017-08-10,46.627201080322266
2017-08-11,46.286006927490234
2017-08-14,46.286006927490234
2017-08-15,46.286006927490234
2017-08-16,46.94145965576172
2017-08-17,46.94145965576172
2017-08-18,47.201847076416016
2017-08-21,47.0132942199707
2017-08-22,47.327552795410156
2017-08-23,47.327552795410156
2017-08-24,47.327552795410156
2017-08-25,47.54304885864258
2017-08-28,47.489173889160156
2017-08-29,47.776493072509766
2017-08-30,47.776493072509766
2017-08-31,47.776493072509766
2017-09-01,47.363468170166016
2017-09-05,47.2916374206543
2017-09-06,47.2916374206543
2017-09-07,47.71364212036133
2017-09-08,47.57896423339844
2017-09-11,48.03688430786133
2017-09-12,48.03688430786133
2017-09-13,46.977378845214844
2017-09-14,47.13899612426758
2017-09-15,47.3544921875
2017-09-18,47.740577697753906
2017-09-19,46.95941925048828
2017-09-20,46.573326110839844
2017-09-21,47.02227020263672
2017-09-22,47.02227020263672
2017-09-25,46.995338439941406
2017-09-26,46.627201080322266
2017-09-27,46.241111755371094
2017-09-28,46.21417236328125
2017-09-29,45.8999137878418
2017-10-02,46.286006927490234
2017-10-03,45.971744537353516
2017-10-04,46.546390533447266
2017-10-05,46.68107604980469
2017-10-06,46.68107604980469
2017-10-09,46.68107604980469
2017-10-10,47.067161560058594
2017-10-11,47.067161560058594
2017-10-12,47.435302734375
2017-10-13,47.83037185668945
2017-10-16,47.363468170166016
2017-10-17,47.363468170166016
2017-10-18,47.74955749511719
2017-10-19,47.74955749511719
2017-10-20,47.59691619873047
2017-10-23,47.90219497680664
2017-10-24,47.73160171508789
2017-10-25,47.73160171508789
2017-10-26,47.62385559082031
2017-10-27,48.135650634765625
2017-10-30,48.135650634765625
2017-10-31,48.135650634765625
2017-11-01,48.045860290527344
2017-11-02,48.08177947998047
2017-11-03,48.19850158691406
2017-11-06,48.19850158691406
2017-11-07,48.39603805541992
2017-11-08,48.40501403808594
2017-11-09,48.4409294128418
2017-11-10,48.27033233642578
2017-11-13,48.252376556396484
2017-11-14,48.56663513183594
2017-11-15,48.09075164794922
2017-11-16,48.15360641479492
2017-11-17,47.848323822021484
2017-11-20,47.71364212036133
2017-11-21,47.974029541015625
2017-11-22,47.90219497680664
2017-11-24,48.21645736694336
2017-11-27,48.09075164794922
2017-11-28,48.32420349121094
2017-11-29,48.64744567871094
2017-11-30,48.710296630859375
2017-12-01,48.467864990234375
2017-12-04,48.422977447509766
2017-12-05,48.30624771118164
2017-12-06,48.252376556396484
2017-12-07,48.135650634765625
2017-12-08,48.10871505737305
2017-12-11,48.31523132324219
2017-12-12,48.21645736694336
2017-12-13,47.92913818359375
2017-12-14,47.67772674560547
2017-12-15,47.695682525634766
2017-12-18,47.55656051635742
2017-12-19,46.926734924316406
2017-12-20,46.67292404174805
2017-12-21,46.014896392822266
2017-12-22,46.03369903564453
2017-12-26,45.742286682128906
2017-12-27,45.72348403930664
2017-12-28,45.88329315185547
2017-12-29,46.11830520629883
2018-01-02,46.0900993347168
2018-01-03,45.89269256591797
2018-01-04,45.732887268066406
2018-01-05,45.72348403930664
2018-01-08,45.902095794677734
2018-01-09,45.82688903808594
2018-01-10,45.43207550048828
2018-01-11,45.676483154296875
2018-01-12,45.657684326171875
2018-01-16,45.657684326171875
2018-01-17,45.77988815307617
2018-01-18,45.42267608642578
2018-01-19,45.34747314453125
2018-01-22,45.60127639770508
2018-01-23,46.09950256347656
2018-01-24,46.09950256347656
2018-01-25,46.03369903564453
2018-01-26,46.37211227416992
2018-01-29,45.91149139404297
2018-01-30,45.69528579711914
2018-01-31,45.761085510253906
2018-02-01,45.55427932739258
2018-02-02,45.074859619140625
2018-02-05,44.247623443603516
2018-02-06,43.561397552490234
2018-02-07,43.890411376953125
2018-02-08,43.401588439941406
2018-02-09,43.16658020019531
2018-02-12,43.7400016784668
2018-02-13,43.93741226196289
2018-02-14,44.247623443603516
2018-02-15,44.48263168334961
2018-02-16,45.112464904785156
2018-02-20,44.70824432373047
2018-02-21,44.95265197753906
2018-02-22,44.95265197753906
2018-02-23,44.95265197753906
2018-02-26,45.80809020996094
2018-02-27,44.9150505065918
2018-02-28,44.80224609375
2018-03-01,44.80224609375
2018-03-02,44.23822784423828
2018-03-05,44.473236083984375
2018-03-06,44.595436096191406
2018-03-07,44.595436096191406
2018-03-08,44.29462432861328
2018-03-09,44.407432556152344
2018-03-12,44.407432556152344
2018-03-13,44.755245208740234
2018-03-14,45.05605697631836
2018-03-15,45.018455505371094
2018-03-16,45.018455505371094
2018-03-19,45.009056091308594
2018-03-20,44.94325256347656
2018-03-21,45.168861389160156
2018-03-22,45.21586227416992
2018-03-23,44.8116455078125
2018-03-26,44.70824432373047
2018-03-27,45.35687255859375
2018-03-28,45.69528579711914
2018-03-29,45.69528579711914
2018-04-02,45.46027755737305
2018-04-03,46.40031433105469
2018-04-04,46.14649963378906
2018-04-05,46.193504333496094
2018-04-06,46.0806999206543
2018-04-09,46.37211227416992
2018-04-10,46.165306091308594
2018-04-11,46.221702575683594
2018-04-12,45.78928756713867
2018-04-13,45.78928756713867
2018-04-16,46.38151550292969
2018-04-17,47.1241455078125
2018-04-18,46.96433639526367
2018-04-19,46.96433639526367
2018-04-20,46.907936096191406
2018-04-23,46.907936096191406
2018-04-24,46.860931396484375
2018-04-25,47.105342864990234
2018-04-26,47.434356689453125
2018-04-27,47.81037139892578
2018-04-30,48.15818786621094
2018-05-01,47.88557434082031
2018-05-02,47.81977081298828
2018-05-03,47.54716110229492
2018-05-04,47.54716110229492
2018-05-07,48.24279022216797
2018-05-08,47.94197463989258
2018-05-09,47.24634552001953
2018-05-10,47.47195816040039
2018-05-11,47.74456787109375
2018-05-14,47.84797668457031
2018-05-15,47.500160217285156
2018-05-16,47.47195816040039
2018-05-17,47.47195816040039
2018-05-18,47.09593963623047
2018-05-21,47.24634552001953
2018-05-22,47.18994903564453
2018-05-23,47.434356689453125
2018-05-24,47.434356689453125
2018-05-25,47.30275344848633
2018-05-29,46.907936096191406
2018-05-30,47.481353759765625
2018-05-31,47.2651481628418
2018-06-01,47.03013610839844
2018-06-04,47.09593963623047
2018-06-05,46.68232345581055
2018-06-06,46.32510757446289
2018-06-07,46.607120513916016
2018-06-08,46.61652374267578
2018-06-11,46.61652374267578
2018-06-12,46.531917572021484
2018-06-13,46.64472198486328
2018-06-14,47.02073669433594
2018-06-15,46.860931396484375
2018-06-18,46.917335510253906
2018-06-19,46.96433639526367
2018-06-20,46.99253845214844
2018-06-21,46.851531982421875
2018-06-22,47.47195816040039
2018-06-25,47.528358459472656
2018-06-26,47.94197463989258
2018-06-27,47.75396728515625
2018-06-28,47.791568756103516
2018-06-29,47.91377639770508
2018-07-02,47.91377639770508
2018-07-03,48.25218963623047
2018-07-05,48.4401969909668
2018-07-06,48.4401969909668
2018-07-09,48.4401969909668
2018-07-10,48.20518493652344
2018-07-11,48.22399139404297
2018-07-12,48.23339080810547
2018-07-13,48.04538345336914
2018-07-16,47.998382568359375
2018-07-17,48.23339080810547
2018-07-18,48.11118698120117
2018-07-19,48.3179931640625
2018-07-20,48.3179931640625
2018-07-23,48.18638610839844
2018-07-24,48.18638610839844
2018-07-25,48.60000228881836
2018-07-26,48.853816986083984
2018-07-27,48.910213470458984
2018-07-30,48.75980758666992
2018-07-31,48.75980758666992
2018-08-01,48.45899963378906
2018-08-02,48.628204345703125
2018-08-03,48.95722198486328
2018-08-06,49.03242492675781
2018-08-07,48.853816986083984
2018-08-08,48.57180404663086
2018-08-09,48.57180404663086
2018-08-10,48.261592864990234
2018-08-13,48.14878845214844
2018-08-14,48.40259552001953
2018-08-15,48.40259552001953
2018-08-16,48.94781494140625
2018-08-17,48.94781494140625
2018-08-20,49.22983169555664
2018-08-21,49.22983169555664
2018-08-22,49.01361846923828
2018-08-23,48.891414642333984
2018-08-24,48.891414642333984
2018-08-27,49.135826110839844
2018-08-28,49.07002639770508
2018-08-29,49.07002639770508
2018-08-30,49.07942199707031
2018-08-31,49.15462875366211
2018-09-04,48.82561111450195
2018-09-05,48.77861022949219
2018-09-06,48.872615814208984
2018-09-07,48.92901611328125
2018-09-10,49.43663787841797
2018-09-11,49.43663787841797
2018-09-12,49.21102523803711
2018-09-13,49.6152458190918
2018-09-14,49.6152458190918
2018-09-17,49.6152458190918
2018-09-18,49.822052001953125
2018-09-19,49.286231994628906
2018-09-20,49.50244140625
2018-09-21,49.50244140625
2018-09-24,49.3990364074707
2018-09-25,49.05122375488281
2018-09-26,48.80681228637695
2018-09-27,49.33323287963867
2018-09-28,49.59644317626953
2018-10-01,49.33323287963867
2018-10-02,49.822052001953125
2018-10-03,49.3990364074707
2018-10-04,49.3990364074707
2018-10-05,49.92546081542969
2018-10-08,50.01945877075195
2018-10-09,50.038265228271484
2018-10-10,49.840858459472656
2018-10-11,48.95722198486328
2018-10-12,48.4401969909668
2018-10-15,48.75980758666992
2018-10-16,49.3802375793457
2018-10-17,49.16402816772461
2018-10-18,48.99481964111328
2018-10-19,49.72805404663086
2018-10-22,49.549442291259766
2018-10-23,48.82561111450195
2018-10-24,49.107627868652344
2018-10-25,49.201629638671875
2018-10-26,48.364994049072266
2018-10-29,48.72220993041992
2018-10-30,48.628204345703125
2018-10-31,48.75040817260742
2018-11-01,48.82561111450195
2018-11-02,48.543601989746094
2018-11-05,49.33323287963867
2018-11-06,49.6340446472168
2018-11-07,49.831451416015625
2018-11-08,49.81265640258789
2018-11-09,49.3802375793457
2018-11-12,48.74100875854492
2018-11-13,48.712806701660156
2018-11-14,48.562400817871094
2018-11-15,48.38379669189453
2018-11-16,49.117027282714844
2018-11-19,48.853816986083984
2018-11-20,48.95722198486328
2018-11-21,48.86321258544922
2018-11-23,48.24279022216797
2018-11-26,48.919620513916016
2018-11-27,48.976016998291016
2018-11-28,49.36143493652344
2018-11-29,49.07002639770508
2018-11-30,48.98542022705078
2018-12-03,49.737449645996094
2018-12-04,49.746849060058594
2018-12-06,49.3802375793457
2018-12-07,49.64344787597656
2018-12-10,49.737449645996094
2018-12-11,49.746849060058594
2018-12-12,50.301475524902344
2018-12-13,50.58348846435547
2018-12-14,50.48948287963867
2018-12-17,49.6246452331543
2018-12-18,49.32383346557617
2018-12-19,48.96662139892578
2018-12-20,49.1775016784668
2018-12-21,48.132835388183594
2018-12-24,47.244380950927734
2018-12-26,48.103546142578125
2018-12-27,48.132835388183594
2018-12-28,48.1914176940918
2018-12-31,48.39644241333008
2019-01-02,48.1816520690918
2019-01-03,48.17189025878906
2019-01-04,49.27513885498047
2019-01-07,48.611236572265625
2019-01-08,48.93342208862305
2019-01-09,48.83578872680664
2019-01-10,49.44111251831055
2019-01-11,49.06034469604492
2019-01-14,47.98638916015625
2019-01-15,47.820411682128906
2019-01-16,47.80088424682617
2019-01-17,48.00591278076172
2019-01-18,48.142601013183594
2019-01-22,47.820411682128906
2019-01-23,48.24999237060547
2019-01-24,49.03105545043945
2019-01-25,48.80650329589844
2019-01-28,48.376914978027344
2019-01-29,48.98223876953125
2019-01-30,49.30442810058594
2019-01-31,49.53874588012695
2019-02-01,49.06034469604492
2019-02-04,49.353240966796875
2019-02-05,49.85116958618164
2019-02-06,49.66566467285156
2019-02-07,49.724246978759766
2019-02-08,49.67543029785156
2019-02-11,49.54850769042969
2019-02-12,49.6949577331543
2019-02-13,49.45087814331055
2019-02-14,49.51921844482422
2019-02-15,49.65590286254883
2019-02-19,49.98785400390625
2019-02-20,50.27098846435547
2019-02-21,50.34909439086914
2019-02-22,50.515071868896484
2019-02-25,50.52483367919922
2019-02-26,50.749385833740234
2019-02-27,50.71033477783203
2019-02-28,50.55412292480469
2019-03-01,50.59317398071289
2019-03-04,50.41743469238281
2019-03-05,50.505306243896484
2019-03-06,50.37838363647461
2019-03-07,50.26122283935547
2019-03-08,50.31980514526367
2019-03-11,50.95441436767578
2019-03-12,51.247314453125
2019-03-13,51.237548828125
2019-03-14,51.37423324584961
2019-03-15,51.66713333129883
2019-03-18,51.54997253417969
2019-03-19,51.13991928100586
2019-03-20,51.13991928100586
2019-03-21,51.2863655090332
2019-03-22,51.13015365600586
2019-03-25,51.18873596191406
2019-03-26,51.403526306152344
2019-03-27,50.96417999267578
2019-03-28,50.573646545410156
2019-03-29,50.573646545410156
2019-04-01,50.6908073425293
2019-04-02,50.466251373291016
2019-04-03,50.397911071777344
2019-04-04,50.21240997314453
2019-04-05,50.56388854980469
2019-04-08,50.476016998291016
2019-04-09,50.01714324951172
2019-04-10,50.2807502746582
2019-04-11,50.26122283935547
2019-04-12,50.79820251464844
2019-04-15,50.92512512207031
2019-04-16,50.134300231933594
2019-04-17,49.98785400390625
2019-04-18,49.79258728027344
2019-04-22,49.77306365966797
2019-04-23,49.97808837890625
2019-04-24,49.489925384521484
2019-04-25,49.44111251831055
2019-04-26,49.56803512573242
2019-04-29,49.56803512573242
2019-04-30,49.93903732299805
2019-05-01,49.48016357421875
2019-05-02,49.06034469604492
2019-05-03,49.43135070800781
2019-05-06,49.1872673034668
2019-05-07,48.76744842529297
2019-05-08,48.20117950439453
2019-05-09,47.732540130615234
2019-05-10,48.2792854309082
2019-05-13,48.16212844848633
2019-05-14,48.132835388183594
2019-05-15,48.12307357788086
2019-05-16,48.328102111816406
2019-05-17,48.12307357788086
2019-05-20,48.03520584106445
2019-05-21,48.464786529541016
2019-05-22,48.640525817871094
2019-05-23,48.68933868408203
2019-05-24,48.81626510620117
2019-05-28,48.1816520690918
2019-05-29,47.81064987182617
2019-05-30,47.713016510009766
2019-05-31,47.859466552734375
2019-06-03,48.826026916503906
2019-06-04,48.99200439453125
2019-06-05,49.55826950073242
2019-06-06,49.821876525878906
2019-06-07,49.890220642089844
2019-06-10,49.53874588012695
2019-06-11,49.363006591796875
2019-06-12,49.363006591796875
2019-06-13,49.314186096191406
2019-06-14,49.59732437133789
2019-06-17,49.42158508300781
2019-06-18,49.353240966796875
2019-06-19,49.753536224365234
2019-06-20,50.48577880859375
2019-06-21,50.505306243896484
2019-06-24,50.2807502746582
2019-06-25,49.92927551269531
2019-06-26,49.41182327270508
2019-06-27,49.67543029785156
2019-06-28,49.70471954345703
2019-07-01,49.821876525878906
2019-07-02,49.98785400390625
2019-07-03,50.49554443359375
2019-07-05,50.05619812011719
2019-07-08,49.84140396118164
2019-07-09,49.831642150878906
2019-07-10,49.92927551269531
2019-07-11,49.81211471557617
2019-07-12,49.65590286254883
2019-07-15,49.2849006652832
2019-07-16,49.06034469604492
2019-07-17,49.09939956665039
2019-07-18,49.2946662902832
2019-07-19,49.01152801513672
2019-07-22,48.83578872680664
2019-07-23,48.738155364990234
2019-07-24,48.54289245605469
2019-07-25,48.15236282348633
2019-07-26,48.474552154541016
2019-07-29,48.63076400756836
2019-07-30,48.29881286621094
2019-07-31,48.36715316772461
2019-08-01,48.00591278076172
2019-08-02,48.074256896972656
2019-08-05,47.41035842895508
2019-08-06,48.08401870727539
2019-08-07,48.210941314697266
2019-08-08,48.33786392211914
2019-08-09,48.31834030151367
2019-08-12,47.90827941894531
2019-08-13,48.08401870727539
2019-08-14,47.1858024597168
2019-08-15,47.42988204956055
2019-08-16,47.6837272644043
2019-08-19,47.6837272644043
2019-08-20,47.53727722167969
2019-08-21,47.742305755615234
2019-08-22,47.595855712890625
2019-08-23,46.844085693359375
2019-08-26,47.43964385986328
2019-08-27,47.51774978637695
2019-08-28,47.58609390258789
2019-08-29,47.91804504394531
2019-08-30,47.996150970458984
2019-09-03,48.386680603027344
2019-09-04,48.7869758605957
2019-09-05,48.41596984863281
2019-09-06,48.16212844848633
2019-09-09,48.093780517578125
2019-09-10,48.074256896972656
2019-09-11,48.747920989990234
2019-09-12,49.02128982543945
2019-09-13,48.98223876953125
2019-09-16,48.86507797241211
2019-09-17,49.06034469604492
2019-09-18,49.2849006652832
2019-09-19,49.44111251831055
2019-09-20,49.55826950073242
2019-09-23,49.636375427246094
2019-09-24,49.724246978759766
2019-09-25,49.48016357421875
2019-09-26,49.46063995361328
2019-09-27,48.826026916503906
2019-09-30,48.66005325317383
2019-10-01,48.55265426635742
2019-10-02,47.996150970458984
2019-10-03,48.220703125
2019-10-04,48.95294952392578
2019-10-07,48.96271514892578
2019-10-08,48.2695198059082
2019-10-09,48.59170913696289
2019-10-10,47.957096099853516
2019-10-11,48.142601013183594
2019-10-14,47.83993911743164
2019-10-15,48.03520584106445
2019-10-16,47.89851760864258
2019-10-17,47.888755798339844
2019-10-18,47.97662353515625
2019-10-21,48.142601013183594
2019-10-22,48.25975799560547
2019-10-23,48.48431396484375
2019-10-24,48.39644241333008
2019-10-25,47.67396545410156
2019-10-28,47.1760368347168
2019-10-29,47.224853515625
2019-10-30,47.81064987182617
2019-10-31,47.7715950012207
2019-11-01,47.91804504394531
2019-11-04,48.00591278076172
2019-11-05,47.849700927734375
2019-11-06,47.634910583496094
2019-11-07,47.03935241699219
2019-11-08,46.97100830078125
2019-11-11,46.7757453918457
2019-11-12,46.853851318359375
2019-11-13,46.91242980957031
2019-11-14,46.90266799926758
2019-11-15,47.215091705322266
2019-11-18,47.234619140625
2019-11-19,46.990535736083984
2019-11-20,47.205326080322266
2019-11-21,47.09793472290039
2019-11-22,47.117454528808594
2019-11-25,47.08816909790039
2019-11-26,47.02958679199219
2019-11-27,47.127220153808594
2019-11-29,47.05887985229492
2019-12-02,46.853851318359375
2019-12-03,46.96124267578125
2019-12-04,47.6837272644043
2019-12-05,47.634910583496094
2019-12-06,47.820411682128906
2019-12-09,47.94733428955078
2019-12-10,47.79112243652344
2019-12-11,48.142601013183594
2019-12-12,48.15236282348633
2019-12-13,48.064491271972656
2019-12-16,48.05472946166992
2019-12-17,48.53312683105469
2019-12-18,48.68933868408203
2019-12-19,48.708866119384766
2019-12-20,48.62099838256836
2019-12-23,48.470001220703125
2019-12-24,48.40999984741211
2019-12-26,48.5
2019-12-27,48.68000030517578
2019-12-30,48.41999816894531
2019-12-31,48.599998474121094
2020-01-02,48.720001220703125
2020-01-03,48.619998931884766
2020-01-06,48.650001525878906
2020-01-07,48.08000183105469
2020-01-08,47.959999084472656
2020-01-09,47.88999938964844
2020-01-10,47.900001525878906
2020-01-13,48.40999984741211
2020-01-14,48.41999816894531
2020-01-15,48.869998931884766
2020-01-16,49.22999954223633
2020-01-17,49.599998474121094
2020-01-21,49.58000183105469
2020-01-22,49.599998474121094
2020-01-23,50.029998779296875
2020-01-24,50.060001373291016
2020-01-27,49.720001220703125
2020-01-28,50.13999938964844
2020-01-29,50.11000061035156
2020-01-30,50.29999923706055
2020-01-31,49.7599983215332
2020-02-03,50.58000183105469
2020-02-04,50.779998779296875
2020-02-05,50.970001220703125
2020-02-06,50.900001525878906
2020-02-07,50.66999816894531
2020-02-10,50.810001373291016
2020-02-11,51.13999938964844
2020-02-12,51.0099983215332
2020-02-13,51.11000061035156
2020-02-14,51.34000015258789
2020-02-18,51.79999923706055
2020-02-19,51.90999984741211
2020-02-20,51.65999984741211
2020-02-21,51.79999923706055
2020-02-24,50.90999984741211
2020-02-25,49.560001373291016
2020-02-26,49.36000061035156
2020-02-27,47.689998626708984
2020-02-28,46.41999816894531
2020-03-02,47.869998931884766
2020-03-03,47.59000015258789
2020-03-04,49.61000061035156
2020-03-05,48.83000183105469
2020-03-06,48.119998931884766
2020-03-09,44.9900016784668
2020-03-10,45.720001220703125
2020-03-11,43.400001525878906
2020-03-12,39.130001068115234
2020-03-13,40.290000915527344
2020-03-16,35.58000183105469
2020-03-17,38.459999084472656
2020-03-18,35.5099983215332
2020-03-19,35.31999969482422
2020-03-20,34.560001373291016
2020-03-23,34.08000183105469
2020-03-24,36.65999984741211
2020-03-25,37.369998931884766
2020-03-26,39.66999816894531
2020-03-27,39.2400016784668
2020-03-30,40.43000030517578
2020-03-31,39.4900016784668
2020-04-01,37.810001373291016
2020-04-02,38.72999954223633
2020-04-03,37.91999816894531
2020-04-06,40.31999969482422
2020-04-07,40.4900016784668
2020-04-08,41.68000030517578
2020-04-09,43.36000061035156
2020-04-13,42.72999954223633
2020-04-14,42.72999954223633
2020-04-15,43.68000030517578
2020-04-16,42.43000030517578
