Date,PBJ
2010-01-04,12.645730018615723
2010-01-05,12.6280517578125
2010-01-06,12.592705726623535
2010-01-07,12.53084659576416
2010-01-08,12.460151672363281
2010-01-11,12.504332542419434
2010-01-12,12.575031280517578
2010-01-13,12.681074142456055
2010-01-14,12.716423034667969
2010-01-15,12.601539611816406
2010-01-19,12.707585334777832
2010-01-20,12.636892318725586
2010-01-21,12.504332542419434
2010-01-22,12.433639526367188
2010-01-25,12.433639526367188
2010-01-26,12.398290634155273
2010-01-27,12.486659049987793
2010-01-28,12.442477226257324
2010-01-29,12.362944602966309
2010-02-01,12.486659049987793
2010-02-02,12.575031280517578
2010-02-03,12.566194534301758
2010-02-04,12.159693717956543
2010-02-05,12.168530464172363
2010-02-08,12.106671333312988
2010-02-09,12.256900787353516
2010-02-10,12.19504165649414
2010-02-11,12.318758010864258
2010-02-12,12.327594757080078
2010-02-16,12.477825164794922
2010-02-17,12.592705726623535
2010-02-18,12.681074142456055
2010-02-19,12.760608673095703
2010-02-22,12.734098434448242
2010-02-23,12.601539611816406
2010-02-24,12.707585334777832
2010-02-25,12.928513526916504
2010-02-26,12.99036979675293
2010-03-01,13.07873821258545
2010-03-02,13.167105674743652
2010-03-03,13.149432182312012
2010-03-04,13.220130920410156
2010-03-05,13.414548873901367
2010-03-08,13.423379898071289
2010-03-09,13.50291633605957
2010-03-10,13.46756649017334
2010-03-11,13.555938720703125
2010-03-12,13.573610305786133
2010-03-15,13.58244514465332
2010-03-16,13.723838806152344
2010-03-17,13.803376197814941
2010-03-18,13.759186744689941
2010-03-19,13.688492774963379
2010-03-22,13.82988166809082
2010-03-23,13.935928344726562
2010-03-24,13.847556114196777
2010-03-25,13.732675552368164
2010-03-26,13.688492774963379
2010-03-29,13.803376197814941
2010-03-30,13.838720321655273
2010-03-31,13.750351905822754
2010-04-01,13.856393814086914
2010-04-05,13.918256759643555
2010-04-06,13.95359992980957
2010-04-07,13.95359992980957
2010-04-08,13.95359992980957
2010-04-09,13.997787475585938
2010-04-12,14.033134460449219
2010-04-13,14.08615493774414
2010-04-14,14.245223999023438
2010-04-15,14.22754955291748
2010-04-16,14.183361053466797
2010-04-19,14.165691375732422
2010-04-20,14.289405822753906
2010-04-21,14.31592082977295
2010-04-22,14.430800437927246
2010-04-23,14.421960830688477
2010-04-26,14.395453453063965
2010-04-27,14.11266803741455
2010-04-28,14.121504783630371
2010-04-29,14.30708122253418
2010-04-30,14.174527168273926
2010-05-03,14.333592414855957
2010-05-04,14.077317237854004
2010-05-05,14.11266803741455
2010-05-06,13.723838806152344
2010-05-07,13.529423713684082
2010-05-10,14.068480491638184
2010-05-11,14.174527168273926
2010-05-12,14.360099792480469
2010-05-13,14.324753761291504
2010-05-14,14.068480491638184
2010-05-17,14.11266803741455
2010-05-18,14.08615493774414
2010-05-19,13.988946914672852
2010-05-20,13.520589828491211
2010-05-21,13.653143882751465
2010-05-24,13.670818328857422
2010-05-25,13.46756649017334
2010-05-26,13.441057205200195
2010-05-27,13.803376197814941
2010-05-28,13.7415132522583
2010-06-01,13.644307136535645
2010-06-02,13.847556114196777
2010-06-03,13.95359992980957
2010-06-04,13.608959197998047
2010-06-07,13.520589828491211
2010-06-08,13.653143882751465
2010-06-09,13.688492774963379
2010-06-10,13.909414291381836
2010-06-11,13.944764137268066
2010-06-14,14.033134460449219
2010-06-15,14.218711853027344
2010-06-16,14.183361053466797
2010-06-17,14.254056930541992
2010-06-18,14.2283353805542
2010-06-21,14.2283353805542
2010-06-22,14.068663597106934
2010-06-23,14.068663597106934
2010-06-24,13.979959487915039
2010-06-25,13.953348159790039
2010-06-28,13.997698783874512
2010-06-29,13.634010314941406
2010-06-30,13.403371810913086
2010-07-01,13.421114921569824
2010-07-02,13.367894172668457
2010-07-06,13.385632514953613
2010-07-07,13.6961030960083
2010-07-08,13.8291654586792
2010-07-09,13.882383346557617
2010-07-12,13.846900939941406
2010-07-13,14.015439987182617
2010-07-14,13.997698783874512
2010-07-15,14.015439987182617
2010-07-16,13.731582641601562
2010-07-19,13.71384334564209
2010-07-20,13.855775833129883
2010-07-21,13.71384334564209
2010-07-22,13.891254425048828
2010-07-23,14.015439987182617
2010-07-26,14.192853927612305
2010-07-27,14.219467163085938
2010-07-28,14.050924301147461
2010-07-29,13.838031768798828
2010-07-30,13.908995628356934
2010-08-02,13.953348159790039
2010-08-03,13.908995628356934
2010-08-04,13.944477081298828
2010-08-05,13.838031768798828
2010-08-06,13.838031768798828
2010-08-09,13.917866706848145
2010-08-10,13.93560791015625
2010-08-11,13.66062068939209
2010-08-12,13.625137329101562
2010-08-13,13.634010314941406
2010-08-16,13.687233924865723
2010-08-17,13.891254425048828
2010-08-18,13.944477081298828
2010-08-19,13.784806251525879
2010-08-20,13.811416625976562
2010-08-23,13.8291654586792
2010-08-24,13.722715377807617
2010-08-25,13.802550315856934
2010-08-26,13.731582641601562
2010-08-27,13.908995628356934
2010-08-30,13.71384334564209
2010-08-31,13.749326705932617
2010-09-01,14.024311065673828
2010-09-02,14.237202644348145
2010-09-03,14.290426254272461
2010-09-07,14.263815879821777
2010-09-08,14.290426254272461
2010-09-09,14.272686958312988
2010-09-10,14.352523803710938
2010-09-13,14.414613723754883
2010-09-14,14.388001441955566
2010-09-15,14.467838287353516
2010-09-16,14.467838287353516
2010-09-17,14.452729225158691
2010-09-20,14.612720489501953
2010-09-21,14.49716854095459
2010-09-22,14.452729225158691
2010-09-23,14.346064567565918
2010-09-24,14.568279266357422
2010-09-27,14.541613578796387
2010-09-28,14.59494400024414
2010-09-29,14.568279266357422
2010-09-30,14.559388160705566
2010-10-01,14.639389038085938
2010-10-04,14.59494400024414
2010-10-05,14.817156791687012
2010-10-06,14.781601905822754
2010-10-07,14.746049880981445
2010-10-08,14.799376487731934
2010-10-11,14.808270454406738
2010-10-12,14.852707862854004
2010-10-13,15.021595001220703
2010-10-14,15.101588249206543
2010-10-15,15.137142181396484
2010-10-18,15.181591987609863
2010-10-19,15.003815650939941
2010-10-20,15.119370460510254
2010-10-21,15.128260612487793
2010-10-22,15.37713623046875
2010-10-25,15.34157943725586
2010-10-26,15.386026382446289
2010-10-27,15.217140197753906
2010-10-28,15.306029319763184
2010-10-29,15.33269214630127
2010-11-01,15.34157943725586
2010-11-02,15.457130432128906
2010-11-03,15.510459899902344
2010-11-04,15.652677536010742
2010-11-05,15.786001205444336
2010-11-08,15.812671661376953
2010-11-09,15.688236236572266
2010-11-10,15.714902877807617
2010-11-11,15.732669830322266
2010-11-12,15.643792152404785
2010-11-15,15.661568641662598
2010-11-16,15.421575546264648
2010-11-17,15.510459899902344
2010-11-18,15.768226623535156
2010-11-19,15.892664909362793
2010-11-22,15.963777542114258
2010-11-23,15.794899940490723
2010-11-24,16.00821876525879
2010-11-26,16.00821876525879
2010-11-29,15.901556015014648
2010-11-30,15.866004943847656
2010-12-01,16.105995178222656
2010-12-02,16.23042869567871
2010-12-03,16.23042869567871
2010-12-06,16.203763961791992
2010-12-07,16.221542358398438
2010-12-08,16.23042869567871
2010-12-09,16.23042869567871
2010-12-10,16.2659854888916
2010-12-13,16.221542358398438
2010-12-14,16.301538467407227
2010-12-15,16.35487174987793
2010-12-16,16.47931480407715
2010-12-17,16.563383102416992
2010-12-20,16.53654670715332
2010-12-21,16.608095169067383
2010-12-22,16.545495986938477
2010-12-23,16.545495986938477
2010-12-27,16.49183464050293
2010-12-28,16.411338806152344
2010-12-29,16.411338806152344
2010-12-30,16.411338806152344
2010-12-31,16.304012298583984
2011-01-03,16.384504318237305
2011-01-04,16.143033981323242
2011-01-05,16.3219051361084
2011-01-06,16.178810119628906
2011-01-07,16.143033981323242
2011-01-10,16.169862747192383
2011-01-11,16.13409423828125
2011-01-12,16.259300231933594
2011-01-13,16.241411209106445
2011-01-14,16.19669532775879
2011-01-18,16.28612518310547
2011-01-19,16.151979446411133
2011-01-20,16.178810119628906
2011-01-21,16.09832000732422
2011-01-24,16.13409423828125
2011-01-25,16.062541961669922
2011-01-26,16.08042335510254
2011-01-27,15.999935150146484
2011-01-28,15.686923027038574
2011-01-31,15.71374225616455
2011-02-01,15.901564598083496
2011-02-02,15.883668899536133
2011-02-03,16.08042335510254
2011-02-04,16.151979446411133
2011-02-07,16.125146865844727
2011-02-08,16.250354766845703
2011-02-09,16.223522186279297
2011-02-10,16.160921096801758
2011-02-11,16.348731994628906
2011-02-14,16.36661720275879
2011-02-15,16.36661720275879
2011-02-16,16.49183464050293
2011-02-17,16.61703872680664
2011-02-18,16.599149703979492
2011-02-22,16.357675552368164
2011-02-23,16.277189254760742
2011-02-24,16.277189254760742
2011-02-25,16.50971221923828
2011-02-28,16.545495986938477
2011-03-01,16.348731994628906
2011-03-02,16.357675552368164
2011-03-03,16.581270217895508
2011-03-04,16.57232666015625
2011-03-07,16.482887268066406
2011-03-08,16.688589096069336
2011-03-09,16.751190185546875
2011-03-10,16.688589096069336
2011-03-11,16.67964744567871
2011-03-14,16.500770568847656
2011-03-15,16.339792251586914
2011-03-16,16.169862747192383
2011-03-17,16.19669532775879
2011-03-18,16.384504318237305
2011-03-21,16.599149703979492
2011-03-22,16.563383102416992
2011-03-23,16.70647430419922
2011-03-24,16.867462158203125
2011-03-25,16.96584129333496
2011-03-28,16.912174224853516
2011-03-29,16.983720779418945
2011-03-30,17.108930587768555
2011-03-31,17.153648376464844
2011-04-01,17.12681770324707
2011-04-04,17.117876052856445
2011-04-05,17.153648376464844
2011-04-06,17.153648376464844
2011-04-07,17.108930587768555
2011-04-08,16.983720779418945
2011-04-11,17.028440475463867
2011-04-12,17.07316017150879
2011-04-13,17.046327590942383
2011-04-14,17.17153549194336
2011-04-15,17.30569076538086
2011-04-18,17.135765075683594
2011-04-19,17.18048095703125
2011-04-20,17.377241134643555
2011-04-21,17.359350204467773
2011-04-25,17.368295669555664
2011-04-26,17.4666748046875
2011-04-27,17.58293914794922
2011-04-28,17.618715286254883
2011-04-29,17.69025993347168
2011-05-02,17.58293914794922
2011-05-03,17.573993682861328
2011-05-04,17.538225173950195
2011-05-05,17.386180877685547
2011-05-06,17.448781967163086
2011-05-09,17.538225173950195
2011-05-10,17.743921279907227
2011-05-11,17.699207305908203
2011-05-12,17.98539924621582
2011-05-13,17.958568572998047
2011-05-16,17.824411392211914
2011-05-17,17.860185623168945
2011-05-18,18.030113220214844
2011-05-19,18.15532112121582
2011-05-20,18.074831008911133
2011-05-23,18.065893173217773
2011-05-24,18.039058685302734
2011-05-25,17.967512130737305
2011-05-26,18.164270401000977
2011-05-27,18.2447566986084
2011-05-31,18.2447566986084
2011-06-01,17.922792434692383
2011-06-02,17.770750045776367
2011-06-03,17.529279708862305
2011-06-06,17.350404739379883
2011-06-07,17.350404739379883
2011-06-08,17.287805557250977
2011-06-09,17.368295669555664
2011-06-10,17.117876052856445
2011-06-13,17.18048095703125
2011-06-14,17.421955108642578
2011-06-15,17.18048095703125
2011-06-16,17.368295669555664
2011-06-17,17.428295135498047
2011-06-20,17.54472541809082
2011-06-21,17.777585983276367
2011-06-22,17.696979522705078
2011-06-23,17.634288787841797
2011-06-24,17.598461151123047
2011-06-27,17.732799530029297
2011-06-28,17.885055541992188
2011-06-29,18.01939582824707
2011-06-30,18.02834701538086
2011-07-01,18.25225067138672
2011-07-05,18.225378036499023
2011-07-06,18.234336853027344
2011-07-07,18.341814041137695
2011-07-08,18.25225067138672
2011-07-11,18.02834701538086
2011-07-12,18.073131561279297
2011-07-13,18.135820388793945
2011-07-14,18.02834701538086
2011-07-15,18.073131561279297
2011-07-18,17.885055541992188
2011-07-19,18.270158767700195
2011-07-20,18.243295669555664
2011-07-21,18.404497146606445
2011-07-22,18.35972023010254
2011-07-25,18.162681579589844
2011-07-26,18.108951568603516
2011-07-27,17.768625259399414
2011-07-28,17.732799530029297
2011-07-29,17.688024520874023
2011-08-01,17.589509963989258
2011-08-02,17.1685733795166
2011-08-03,17.37455940246582
2011-08-04,16.4879207611084
2011-08-05,16.667041778564453
2011-08-08,15.744580268859863
2011-08-09,16.272977828979492
2011-08-10,15.798312187194824
2011-08-11,16.3625431060791
2011-08-12,16.49687957763672
2011-08-15,16.729736328125
2011-08-16,16.675996780395508
2011-08-17,16.765560150146484
2011-08-18,16.353588104248047
2011-08-19,16.066991806030273
2011-08-22,16.120731353759766
2011-08-23,16.595394134521484
2011-08-24,16.684953689575195
2011-08-25,16.317760467529297
2011-08-26,16.541658401489258
2011-08-29,17.13275146484375
2011-08-30,17.141706466674805
2011-08-31,17.293956756591797
2011-09-01,17.016328811645508
2011-09-02,16.729736328125
2011-09-06,16.738689422607422
2011-09-07,17.1685733795166
2011-09-08,17.025283813476562
2011-09-09,16.577484130859375
2011-09-12,16.63121795654297
2011-09-13,16.79242706298828
2011-09-14,16.908855438232422
2011-09-15,17.043193817138672
2011-09-16,17.12040138244629
2011-09-19,17.030624389648438
2011-09-20,16.87800407409668
2011-09-21,16.456052780151367
2011-09-22,16.078989028930664
2011-09-23,16.07001304626465
2011-09-26,16.429121017456055
2011-09-27,16.60867691040039
2011-09-28,16.258546829223633
2011-09-29,16.3572998046875
2011-09-30,16.09695053100586
2011-10-03,15.522378921508789
2011-10-04,15.87251091003418
2011-10-05,15.890457153320312
2011-10-06,16.26752471923828
2011-10-07,16.14183235168457
2011-10-10,16.465030670166016
2011-10-11,16.50094223022461
2011-10-12,16.572757720947266
2011-10-13,16.60867691040039
2011-10-14,16.83311653137207
2011-10-17,16.47401237487793
2011-10-18,16.743337631225586
2011-10-19,16.518898010253906
2011-10-20,16.5548095703125
2011-10-21,16.940847396850586
2011-10-24,17.129384994506836
2011-10-25,16.66253662109375
2011-10-26,16.788227081298828
2011-10-27,17.35382652282715
2011-10-28,17.30893325805664
2011-10-31,17.102445602416992
2011-11-01,16.707427978515625
2011-11-02,16.91391944885254
2011-11-03,17.174264907836914
2011-11-04,17.156307220458984
2011-11-07,17.264041900634766
2011-11-08,17.488487243652344
2011-11-09,16.886978149414062
2011-11-10,16.842090606689453
2011-11-11,17.210174560546875
2011-11-14,17.12040138244629
2011-11-15,17.32689094543457
2011-11-16,17.093467712402344
2011-11-17,16.81515884399414
2011-11-18,16.7523193359375
2011-11-21,16.518898010253906
2011-11-22,16.44707489013672
2011-11-23,16.078989028930664
2011-11-25,16.078989028930664
2011-11-28,16.402191162109375
2011-11-29,16.429121017456055
2011-11-30,16.895959854125977
2011-12-01,16.87800407409668
2011-12-02,16.949827194213867
2011-12-05,17.01266860961914
2011-12-06,17.03959846496582
2011-12-07,17.02164077758789
2011-12-08,16.81515884399414
2011-12-09,17.210174560546875
2011-12-12,17.02164077758789
2011-12-13,16.985729217529297
2011-12-14,16.86004638671875
2011-12-15,16.985729217529297
2011-12-16,17.00469970703125
2011-12-19,16.878273010253906
2011-12-20,17.212400436401367
2011-12-21,17.429149627685547
2011-12-22,17.284650802612305
2011-12-23,17.34786605834961
2011-12-27,17.510414123535156
2011-12-28,17.302709579467773
2011-12-29,17.483325958251953
2011-12-30,17.31174087524414
2012-01-03,17.356897354125977
2012-01-04,17.19434928894043
2012-01-05,17.2033748626709
2012-01-06,17.14919662475586
2012-01-09,17.11307144165039
2012-01-10,17.19434928894043
2012-01-11,17.16724967956543
2012-01-12,17.212400436401367
2012-01-13,17.17628288269043
2012-01-17,17.221437454223633
2012-01-18,17.34786605834961
2012-01-19,17.365928649902344
2012-01-20,17.365928649902344
2012-01-23,17.320772171020508
2012-01-24,17.284650802612305
2012-01-25,17.456233978271484
2012-01-26,17.456233978271484
2012-01-27,17.429149627685547
2012-01-30,17.365928649902344
2012-01-31,17.365928649902344
2012-02-01,17.474294662475586
2012-02-02,17.57363510131836
2012-02-03,17.654905319213867
2012-02-06,17.627817153930664
2012-02-07,17.564605712890625
2012-02-08,17.555566787719727
2012-02-09,17.537504196166992
2012-02-10,17.43817710876465
2012-02-13,17.483325958251953
2012-02-14,17.636850357055664
2012-02-15,17.49235725402832
2012-02-16,17.654905319213867
2012-02-17,17.681997299194336
2012-02-21,17.700063705444336
2012-02-22,17.654905319213867
2012-02-23,17.790361404418945
2012-02-24,17.75424575805664
2012-02-27,17.654905319213867
2012-02-28,17.636850357055664
2012-02-29,17.582658767700195
2012-03-01,17.672969818115234
2012-03-02,17.691028594970703
2012-03-05,17.681997299194336
2012-03-06,17.41107940673828
2012-03-07,17.555566787719727
2012-03-08,17.609750747680664
2012-03-09,17.681997299194336
2012-03-12,17.691028594970703
2012-03-13,17.898733139038086
2012-03-14,17.772306442260742
2012-03-15,17.85358238220215
2012-03-16,17.790361404418945
2012-03-19,17.80843162536621
2012-03-20,17.772306442260742
2012-03-21,17.790361404418945
2012-03-22,17.772306442260742
2012-03-23,17.844558715820312
2012-03-26,17.98904037475586
2012-03-27,17.980012893676758
2012-03-28,17.898733139038086
2012-03-29,17.898733139038086
2012-03-30,17.907764434814453
2012-04-02,18.052255630493164
2012-04-03,17.961946487426758
2012-04-04,17.85358238220215
2012-04-05,17.75424575805664
2012-04-09,17.555566787719727
2012-04-10,17.302709579467773
2012-04-11,17.46526336669922
2012-04-12,17.564605712890625
2012-04-13,17.582658767700195
2012-04-16,17.600727081298828
2012-04-17,17.763277053833008
2012-04-18,17.681997299194336
2012-04-19,17.591691970825195
2012-04-20,17.727155685424805
2012-04-23,17.501384735107422
2012-04-24,17.564605712890625
2012-04-25,17.75424575805664
2012-04-26,17.88970184326172
2012-04-27,17.934858322143555
2012-04-30,17.862611770629883
2012-05-01,17.95291519165039
2012-05-02,18.04322624206543
2012-05-03,17.98904037475586
2012-05-04,17.88970184326172
2012-05-07,17.916797637939453
2012-05-08,17.907764434814453
2012-05-09,17.862611770629883
2012-05-10,18.034194946289062
2012-05-11,18.007104873657227
2012-05-14,17.871641159057617
2012-05-15,17.862611770629883
2012-05-16,17.871641159057617
2012-05-17,17.627817153930664
2012-05-18,17.43817710876465
2012-05-21,17.609750747680664
2012-05-22,17.636850357055664
2012-05-23,17.6458740234375
2012-05-24,17.772306442260742
2012-05-25,17.871641159057617
2012-05-29,17.998071670532227
2012-05-30,17.82649040222168
2012-05-31,17.772306442260742
2012-06-01,17.338830947875977
2012-06-04,17.338830947875977
2012-06-05,17.46526336669922
2012-06-06,17.75424575805664
2012-06-07,17.672969818115234
2012-06-08,17.709096908569336
2012-06-11,17.510414123535156
2012-06-12,17.609750747680664
2012-06-13,17.501384735107422
2012-06-14,17.736181259155273
2012-06-15,17.828588485717773
2012-06-18,17.91012191772461
2012-06-19,18.000715255737305
2012-06-20,17.91012191772461
2012-06-21,17.620229721069336
2012-06-22,17.665517807006836
2012-06-25,17.620229721069336
2012-06-26,17.692703247070312
2012-06-27,17.647401809692383
2012-06-28,17.656465530395508
2012-06-29,18.181896209716797
2012-07-02,18.363086700439453
2012-07-03,18.417442321777344
2012-07-05,18.381208419799805
2012-07-06,18.28154754638672
2012-07-09,18.109424591064453
2012-07-10,18.055068969726562
2012-07-11,18.000715255737305
2012-07-12,17.955415725708008
2012-07-13,18.13660430908203
2012-07-16,18.000715255737305
2012-07-17,18.082242965698242
2012-07-18,18.13660430908203
2012-07-19,18.009769439697266
2012-07-20,17.774229049682617
2012-07-23,17.47528076171875
2012-07-24,17.312210083007812
2012-07-25,17.402803421020508
2012-07-26,17.810470581054688
2012-07-27,18.02789306640625
2012-07-30,18.009769439697266
2012-07-31,17.94635581970215
2012-08-01,17.84670066833496
2012-08-02,17.747053146362305
2012-08-03,18.073184967041016
2012-08-06,18.091306686401367
2012-08-07,18.145662307739258
2012-08-08,18.181896209716797
2012-08-09,18.163776397705078
2012-08-10,18.02789306640625
2012-08-13,17.955415725708008
2012-08-14,18.03695297241211
2012-08-15,18.13660430908203
2012-08-16,18.23625946044922
2012-08-17,18.25436782836914
2012-08-20,18.22719383239746
2012-08-21,18.25436782836914
2012-08-22,18.25436782836914
2012-08-23,18.17283821105957
2012-08-24,18.317785263061523
2012-08-27,18.335905075073242
2012-08-28,18.435558319091797
2012-08-29,18.435558319091797
2012-08-30,18.308727264404297
2012-08-31,18.37214469909668
2012-09-04,18.32684326171875
2012-09-05,18.27249526977539
2012-09-06,18.508031845092773
2012-09-07,18.39931297302246
2012-09-10,18.37214469909668
2012-09-11,18.263431549072266
2012-09-12,18.19095230102539
2012-09-13,18.408374786376953
2012-09-14,18.308727264404297
2012-09-17,18.32684326171875
2012-09-18,18.3902587890625
2012-09-19,18.544269561767578
2012-09-20,18.5623836517334
2012-09-21,18.468767166137695
2012-09-24,18.450590133666992
2012-09-25,18.39605712890625
2012-09-26,18.268817901611328
2012-09-27,18.423328399658203
2012-09-28,18.332439422607422
2012-10-01,18.450590133666992
2012-10-02,18.468767166137695
2012-10-03,18.441511154174805
2012-10-04,18.486948013305664
2012-10-05,18.486948013305664
2012-10-08,18.477861404418945
2012-10-09,18.250629425048828
2012-10-10,18.159746170043945
2012-10-11,18.132476806640625
2012-10-12,18.041587829589844
2012-10-15,18.114299774169922
2012-10-16,18.259721755981445
2012-10-17,18.477861404418945
2012-10-18,18.55965805053711
2012-10-19,18.268817901611328
2012-10-22,18.150657653808594
2012-10-23,18.041587829589844
2012-10-24,17.977968215942383
2012-10-25,18.059768676757812
2012-10-26,17.950698852539062
2012-10-31,17.950698852539062
2012-11-01,18.0870361328125
2012-11-02,18.050678253173828
2012-11-05,18.123394012451172
2012-11-06,18.250629425048828
2012-11-07,18.068851470947266
2012-11-08,17.814367294311523
2012-11-09,17.850719451904297
2012-11-12,17.905248641967773
2012-11-13,17.896162033081055
2012-11-14,17.62349510192871
2012-11-15,17.678035736083984
2012-11-16,17.768918991088867
2012-11-19,18.014320373535156
2012-11-20,18.041587829589844
2012-11-21,18.077943801879883
2012-11-23,18.30516815185547
2012-11-26,18.196104049682617
2012-11-27,18.323347091674805
2012-11-28,18.341522216796875
2012-11-29,18.459674835205078
2012-11-30,18.514219284057617
2012-12-03,18.432416915893555
2012-12-04,18.423328399658203
2012-12-05,18.386966705322266
2012-12-06,18.323347091674805
2012-12-07,18.368791580200195
2012-12-10,18.332439422607422
2012-12-11,18.386966705322266
2012-12-12,18.368791580200195
2012-12-13,18.323347091674805
2012-12-14,18.286991119384766
2012-12-17,18.450590133666992
2012-12-18,18.55965805053711
2012-12-19,18.468767166137695
2012-12-20,18.55057144165039
2012-12-21,18.43592071533203
2012-12-24,18.34419822692871
2012-12-26,18.160755157470703
2012-12-27,18.1699275970459
2012-12-28,18.050691604614258
2012-12-31,18.261648178100586
2013-01-02,18.72026252746582
2013-01-03,18.683565139770508
2013-01-04,18.79363250732422
2013-01-07,18.656051635742188
2013-01-08,18.656051635742188
2013-01-09,18.729429244995117
2013-01-10,18.784456253051758
2013-01-11,18.811973571777344
2013-01-14,18.85783576965332
2013-01-15,18.940380096435547
2013-01-16,18.995424270629883
2013-01-17,19.178863525390625
2013-01-18,19.224720001220703
2013-01-22,19.334787368774414
2013-01-23,19.30726432800293
2013-01-24,19.43567657470703
2013-01-25,19.49988555908203
2013-01-28,19.490711212158203
2013-01-29,19.536569595336914
2013-01-30,19.45401954650879
2013-01-31,19.38982391357422
2013-02-01,19.50905990600586
2013-02-04,19.298095703125
2013-02-05,19.417335510253906
2013-02-06,19.417335510253906
2013-02-07,19.481538772583008
2013-02-08,19.518224716186523
2013-02-11,19.564088821411133
2013-02-12,19.6282901763916
2013-02-13,19.582433700561523
2013-02-14,19.94014549255371
2013-02-15,19.976831436157227
2013-02-19,20.022693634033203
2013-02-20,19.830081939697266
2013-02-21,19.784221649169922
2013-02-22,19.94014549255371
2013-02-25,19.655811309814453
2013-02-26,19.747528076171875
2013-02-27,20.00434684753418
2013-02-28,20.114410400390625
2013-03-01,20.196962356567383
2013-03-04,20.30702781677246
2013-03-05,20.517986297607422
2013-03-06,20.453784942626953
2013-03-07,20.5638484954834
2013-03-08,20.66474151611328
2013-03-11,20.582195281982422
2013-03-12,20.5638484954834
2013-03-13,20.77480697631836
2013-03-14,20.903217315673828
2013-03-15,20.80132293701172
2013-03-18,20.746244430541992
2013-03-19,20.966552734375
2013-03-20,21.122610092163086
2013-03-21,20.948192596435547
2013-03-22,21.177692413330078
2013-03-25,21.131790161132812
2013-03-26,21.32456398010254
2013-03-27,21.425540924072266
2013-03-28,21.5632381439209
2013-04-01,21.370466232299805
2013-04-02,21.388822555541992
2013-04-03,21.113431930541992
2013-04-04,21.297027587890625
2013-04-05,21.104248046875
2013-04-08,21.205223083496094
2013-04-09,21.177692413330078
2013-04-10,21.425540924072266
2013-04-11,21.517337799072266
2013-04-12,21.517337799072266
2013-04-15,21.122610092163086
2013-04-16,21.443899154663086
2013-04-17,21.21440887451172
2013-04-18,21.205223083496094
2013-04-19,21.50816535949707
2013-04-22,21.590776443481445
2013-04-23,21.811092376708984
2013-04-24,21.6550350189209
2013-04-25,21.645858764648438
2013-04-26,21.59995460510254
2013-04-29,21.710115432739258
2013-04-30,21.664216995239258
2013-05-01,21.39800453186035
2013-05-02,21.6091365814209
2013-05-03,21.866167068481445
2013-05-06,21.756013870239258
2013-05-07,21.994688034057617
2013-05-08,22.058944702148438
2013-05-09,21.957971572875977
2013-05-10,22.049760818481445
2013-05-13,22.09566307067871
2013-05-14,22.380237579345703
2013-05-15,22.683168411254883
2013-05-16,22.527114868164062
2013-05-17,22.618911743164062
2013-05-20,22.41695785522461
2013-05-21,22.517932891845703
2013-05-22,22.39859390258789
2013-05-23,22.36187744140625
2013-05-24,22.517932891845703
2013-05-28,22.692350387573242
2013-05-29,22.435317993164062
2013-05-30,22.47203254699707
2013-05-31,22.334341049194336
2013-06-03,22.407777786254883
2013-06-04,22.38941764831543
2013-06-05,22.02223014831543
2013-06-06,22.013046264648438
2013-06-07,22.53628921508789
2013-06-10,22.628087997436523
2013-06-11,22.57301139831543
2013-06-12,22.435317993164062
2013-06-13,22.793325424194336
2013-06-14,22.683168411254883
2013-06-17,22.86676597595215
2013-06-18,23.059539794921875
2013-06-19,22.74742889404297
2013-06-20,22.049760818481445
2013-06-21,22.093952178955078
2013-06-24,21.92824363708496
2013-06-25,22.066333770751953
2013-06-26,22.259660720825195
2013-06-27,22.462186813354492
2013-06-28,22.56344985961914
2013-07-01,22.802797317504883
2013-07-02,22.84882926940918
2013-07-03,22.719947814941406
2013-07-05,22.913270950317383
2013-07-08,23.0789737701416
2013-07-09,23.25388526916504
2013-07-10,23.30912208557129
2013-07-11,23.677349090576172
2013-07-12,23.65894317626953
2013-07-15,23.695762634277344
2013-07-16,23.557676315307617
2013-07-17,23.612913131713867
2013-07-18,23.916706085205078
2013-07-19,23.944324493408203
2013-07-22,23.944324493408203
2013-07-23,23.935117721557617
2013-07-24,23.833850860595703
2013-07-25,23.953533172607422
2013-07-26,23.99955940246582
2013-07-29,23.971940994262695
2013-07-30,23.916706085205078
2013-07-31,23.944324493408203
2013-08-01,24.330970764160156
2013-08-02,24.376995086669922
2013-08-05,24.48746681213379
2013-08-06,24.423025131225586
2013-08-07,24.19287872314453
2013-08-08,24.330970764160156
2013-08-09,24.358583450317383
2013-08-12,24.31255531311035
2013-08-13,24.404611587524414
2013-08-14,24.266529083251953
2013-08-15,23.65894317626953
2013-08-16,23.59450340270996
2013-08-19,23.474821090698242
2013-08-20,23.704967498779297
2013-08-21,23.41959571838379
2013-08-22,23.585294723510742
2013-08-23,23.71417236328125
2013-08-26,23.207853317260742
2013-08-27,22.977710723876953
2013-08-28,22.89486312866211
2013-08-29,23.088184356689453
2013-08-30,22.959300994873047
2013-09-03,22.922475814819336
2013-09-04,23.171035766601562
2013-09-05,23.16182518005371
2013-09-06,23.0789737701416
2013-09-09,23.33673858642578
2013-09-10,23.2814998626709
2013-09-11,23.33673858642578
2013-09-12,23.35515594482422
2013-09-13,23.511653900146484
2013-09-16,23.704967498779297
2013-09-17,23.88909149169922
2013-09-18,24.063993453979492
2013-09-19,23.925912857055664
2013-09-20,23.91022300720215
2013-09-23,23.716432571411133
2013-09-24,23.744115829467773
2013-09-25,23.633380889892578
2013-09-26,23.697975158691406
2013-09-27,23.614925384521484
2013-09-30,23.47650146484375
2013-10-01,23.605690002441406
2013-10-02,23.494953155517578
2013-10-03,23.328845977783203
2013-10-04,23.467267990112305
2013-10-07,23.37498664855957
2013-10-08,23.17197036743164
2013-10-09,23.18119239807129
2013-10-10,23.559555053710938
2013-10-11,23.744115829467773
2013-10-14,23.734886169433594
2013-10-15,23.568784713745117
2013-10-16,23.817941665649414
2013-10-17,23.891767501831055
2013-10-18,23.8548526763916
2013-10-21,23.781028747558594
2013-10-22,24.04864501953125
2013-10-23,23.965593338012695
2013-10-24,24.002504348754883
2013-10-25,24.159385681152344
2013-10-28,24.343948364257812
2013-10-29,24.45469093322754
2013-10-30,24.24243927001953
2013-10-31,24.030187606811523
2013-11-01,23.98404884338379
2013-11-04,24.122472763061523
2013-11-05,24.29780387878418
2013-11-06,24.325496673583984
2013-11-07,23.67951774597168
2013-11-08,23.91022300720215
2013-11-11,23.86408233642578
2013-11-12,23.86408233642578
2013-11-13,24.14093017578125
2013-11-14,24.251665115356445
2013-11-15,24.187068939208984
2013-11-18,23.93790626525879
2013-11-19,23.91022300720215
2013-11-20,23.781028747558594
2013-11-21,24.223983764648438
2013-11-22,24.41777229309082
2013-11-25,24.27012062072754
2013-11-26,24.39931869506836
2013-11-27,24.40854835510254
2013-11-29,24.24243927001953
2013-12-02,24.122472763061523
2013-12-03,23.993276596069336
2013-12-04,24.030187606811523
2013-12-05,23.891767501831055
2013-12-06,24.177841186523438
2013-12-09,24.122472763061523
2013-12-10,23.91022300720215
2013-12-11,23.72565460205078
2013-12-12,23.494953155517578
2013-12-13,23.513402938842773
2013-12-16,23.67951774597168
2013-12-17,23.67951774597168
2013-12-18,24.04864501953125
2013-12-19,23.965593338012695
2013-12-20,24.145132064819336
2013-12-23,24.16364097595215
2013-12-24,24.246929168701172
2013-12-26,24.357986450195312
2013-12-27,24.29320526123047
2013-12-30,24.3394775390625
2013-12-31,24.376493453979492
2014-01-02,24.108108520507812
2014-01-03,24.117366790771484
2014-01-06,23.950786590576172
2014-01-07,24.26544189453125
2014-01-08,24.145132064819336
2014-01-09,24.21916389465332
2014-01-10,24.320966720581055
2014-01-13,23.923025131225586
2014-01-14,24.209909439086914
2014-01-15,24.26544189453125
2014-01-16,24.145132064819336
2014-01-17,23.876747131347656
2014-01-21,23.997058868408203
2014-01-22,24.108108520507812
2014-01-23,23.923025131225586
2014-01-24,23.469547271728516
2014-01-27,23.404766082763672
2014-01-28,23.45104217529297
2014-01-29,22.997562408447266
2014-01-30,23.219682693481445
2014-01-31,23.219682693481445
2014-02-03,22.62738800048828
2014-02-04,22.72917938232422
2014-02-05,22.673656463623047
2014-02-06,23.219682693481445
2014-02-07,23.37700080871582
2014-02-10,23.478805541992188
2014-02-11,23.756437301635742
2014-02-12,23.719419479370117
2014-02-13,23.98780632019043
2014-02-14,24.20065689086914
2014-02-18,24.18214988708496
2014-02-19,24.154380798339844
2014-02-20,24.543073654174805
2014-02-21,24.46903419494629
2014-02-24,24.58009147644043
2014-02-25,24.561582565307617
2014-02-26,24.691150665283203
2014-02-27,24.644874572753906
2014-02-28,24.755931854248047
2014-03-03,24.561582565307617
2014-03-04,24.987293243408203
2014-03-05,24.99655532836914
2014-03-06,24.987293243408203
2014-03-07,25.052078247070312
2014-03-10,25.033565521240234
2014-03-11,24.91325569152832
2014-03-12,25.14462661743164
2014-03-13,24.941022872924805
2014-03-14,25.089096069335938
2014-03-17,25.246421813964844
2014-03-18,25.459274291992188
2014-03-19,25.181642532348633
2014-03-20,25.301944732666016
2014-03-21,25.28343963623047
2014-03-24,25.079845428466797
2014-03-25,25.089096069335938
2014-03-26,24.978044509887695
2014-03-27,24.87623405456543
2014-03-28,25.116853713989258
2014-03-31,25.459274291992188
2014-04-01,25.524057388305664
2014-04-02,25.570327758789062
2014-04-03,25.524057388305664
2014-04-04,25.135364532470703
2014-04-07,24.959531784057617
2014-04-08,25.01506233215332
2014-04-09,25.126115798950195
2014-04-10,24.792951583862305
2014-04-11,24.617111206054688
2014-04-14,24.737424850463867
2014-04-15,24.718914031982422
2014-04-16,24.99655532836914
2014-04-17,25.070587158203125
2014-04-21,25.14462661743164
2014-04-22,25.200151443481445
2014-04-23,25.301944732666016
2014-04-24,25.181642532348633
2014-04-25,25.033565521240234
2014-04-28,25.153881072998047
2014-04-29,24.9317684173584
2014-04-30,24.99655532836914
2014-05-01,24.90399932861328
2014-05-02,24.857728958129883
2014-05-05,24.802204132080078
2014-05-06,24.644874572753906
2014-05-07,24.66338539123535
2014-05-08,24.404260635375977
2014-05-09,24.5338134765625
2014-05-12,24.820714950561523
2014-05-13,24.829967498779297
2014-05-14,24.654129028320312
2014-05-15,24.496801376342773
2014-05-16,24.691150665283203
2014-05-19,24.755931854248047
2014-05-20,24.570833206176758
2014-05-21,24.681894302368164
2014-05-22,24.829967498779297
2014-05-23,24.866987228393555
2014-05-27,25.246421813964844
2014-05-28,25.135364532470703
2014-05-29,25.496292114257812
2014-05-30,25.607351303100586
2014-06-02,25.477783203125
2014-06-03,25.514806747436523
2014-06-04,25.672130584716797
2014-06-05,25.764677047729492
2014-06-06,25.773935317993164
2014-06-09,25.514806747436523
2014-06-10,25.514806747436523
2014-06-11,25.431516647338867
2014-06-12,25.301944732666016
2014-06-13,25.255672454833984
2014-06-16,25.320457458496094
2014-06-17,25.440771102905273
2014-06-18,25.653621673583984
2014-06-19,25.82020378112793
2014-06-20,25.895734786987305
2014-06-23,25.74653434753418
2014-06-24,25.62531280517578
2014-06-25,25.532054901123047
2014-06-26,25.560033798217773
2014-06-27,25.74653434753418
2014-06-30,25.802488327026367
2014-07-01,25.96101188659668
2014-07-02,25.979663848876953
2014-07-03,26.08223533630371
2014-07-07,26.091569900512695
2014-07-08,25.933034896850586
2014-07-09,25.99831199645996
2014-07-10,25.970340728759766
2014-07-11,26.08223533630371
2014-07-14,26.119535446166992
2014-07-15,25.951684951782227
2014-07-16,25.886415481567383
2014-07-17,25.709238052368164
2014-07-18,26.026288986206055
2014-07-21,25.85843849182129
2014-07-22,26.035612106323242
2014-07-23,25.98898696899414
2014-07-24,26.1381893157959
2014-07-25,26.044940948486328
2014-07-28,25.877090454101562
2014-07-29,25.737211227416992
2014-07-30,25.364208221435547
2014-07-31,24.888628005981445
2014-08-01,25.02850341796875
2014-08-04,25.159059524536133
2014-08-05,25.056482315063477
2014-08-06,25.298931121826172
2014-08-07,25.261632919311523
2014-08-08,25.5413818359375
2014-08-11,25.85843849182129
2014-08-12,25.849111557006836
2014-08-13,26.007638931274414
2014-08-14,26.035612106323242
2014-08-15,26.28738784790039
2014-08-18,26.389963150024414
2014-08-19,26.43659210205078
2014-08-20,26.529844284057617
2014-08-21,26.38064193725586
2014-08-22,26.343338012695312
2014-08-25,26.660396575927734
2014-08-26,26.576467514038086
2014-08-27,26.65106964111328
2014-08-28,26.74432373046875
2014-08-29,26.874866485595703
2014-09-02,26.94947052001953
2014-09-03,26.95879364013672
2014-09-04,26.790945053100586
2014-09-05,26.884191513061523
2014-09-08,26.884191513061523
2014-09-09,26.716344833374023
2014-09-10,26.80959701538086
2014-09-11,26.902847290039062
2014-09-12,26.707015991210938
2014-09-15,26.790945053100586
2014-09-16,27.005420684814453
2014-09-17,26.884191513061523
2014-09-18,27.070697784423828
2014-09-19,26.995912551879883
2014-09-22,26.771570205688477
2014-09-23,26.42571449279785
2014-09-24,26.715492248535156
2014-09-25,26.30419158935547
2014-09-26,26.37897300720215
2014-09-29,26.51918601989746
2014-09-30,26.528539657592773
2014-10-01,26.201366424560547
2014-10-02,26.276151657104492
2014-10-03,26.734180450439453
2014-10-06,26.76222801208496
2014-10-07,26.59397315979004
2014-10-08,26.893096923828125
2014-10-09,26.51918601989746
2014-10-10,26.44441032409668
2014-10-13,26.042463302612305
2014-10-14,26.126590728759766
2014-10-15,25.892894744873047
2014-10-16,25.434864044189453
2014-10-17,25.836814880371094
2014-10-20,26.238758087158203
2014-10-21,26.51918601989746
2014-10-22,26.435060501098633
2014-10-23,26.51918601989746
2014-10-24,26.70613670349121
2014-10-27,26.696792602539062
2014-10-28,27.061355590820312
2014-10-29,27.08938980102539
2014-10-30,27.295040130615234
2014-10-31,27.706335067749023
2014-11-03,27.715681076049805
2014-11-04,27.846548080444336
2014-11-05,27.99611473083496
2014-11-06,28.12697982788086
2014-11-07,28.117633819580078
2014-11-10,28.136322021484375
2014-11-11,28.108278274536133
2014-11-12,28.155019760131836
2014-11-13,28.173715591430664
2014-11-14,28.08024024963379
2014-11-17,28.34197235107422
2014-11-18,28.416749954223633
2014-11-19,28.472837448120117
2014-11-20,28.31393051147461
2014-11-21,28.34197235107422
2014-11-24,28.351322174072266
2014-11-25,28.388715744018555
2014-11-26,28.613054275512695
2014-11-28,28.790658950805664
2014-12-01,28.463497161865234
2014-12-02,28.63174819946289
2014-12-03,28.603702545166016
2014-12-04,28.472837448120117
2014-12-05,28.575660705566406
2014-12-08,28.58501434326172
2014-12-09,28.613054275512695
2014-12-10,28.30457878112793
2014-12-11,28.669139862060547
2014-12-12,28.267192840576172
2014-12-15,27.883939743041992
2014-12-16,27.809158325195312
2014-12-17,28.2204532623291
2014-12-18,28.687833786010742
2014-12-19,28.783559799194336
2014-12-22,28.980642318725586
2014-12-23,29.102645874023438
2014-12-24,29.093259811401367
2014-12-26,29.102645874023438
2014-12-29,29.14019012451172
2014-12-30,28.999412536621094
2014-12-31,28.614633560180664
2015-01-02,28.548934936523438
2015-01-05,28.192310333251953
2015-01-06,28.01399803161621
2015-01-07,28.614633560180664
2015-01-08,29.074495315551758
2015-01-09,28.90556526184082
2015-01-12,28.652172088623047
2015-01-13,28.70848274230957
2015-01-14,28.586475372314453
2015-01-15,28.605243682861328
2015-01-16,28.783559799194336
2015-01-20,28.849252700805664
2015-01-21,28.933717727661133
2015-01-22,29.262189865112305
2015-01-23,29.14019012451172
2015-01-26,29.243419647216797
2015-01-27,29.03695297241211
2015-01-28,28.670944213867188
2015-01-29,28.87740707397461
2015-01-30,28.276771545410156
2015-02-02,28.398775100708008
2015-02-03,28.699098587036133
2015-02-04,28.74601936340332
2015-02-05,28.74601936340332
2015-02-06,28.764787673950195
2015-02-09,28.55832290649414
2015-02-10,28.783559799194336
2015-02-11,28.661556243896484
2015-02-12,28.858638763427734
2015-02-13,28.811716079711914
2015-02-17,28.849252700805664
2015-02-18,29.1683406829834
2015-02-19,29.14019012451172
2015-02-20,29.318498611450195
2015-02-23,29.337268829345703
2015-02-24,29.468656539916992
2015-02-25,29.412349700927734
2015-02-26,29.384193420410156
2015-02-27,29.449888229370117
2015-03-02,29.59066390991211
2015-03-03,29.421735763549805
2015-03-04,29.35603904724121
2015-03-05,29.534347534179688
2015-03-06,29.01818084716797
2015-03-09,29.243419647216797
2015-03-10,28.952489852905273
2015-03-11,28.868022918701172
2015-03-12,29.412349700927734
2015-03-13,29.34665298461914
2015-03-16,29.496814727783203
2015-03-17,29.449888229370117
2015-03-18,29.675127029418945
2015-03-19,29.675127029418945
2015-03-20,30.044109344482422
2015-03-23,30.119218826293945
2015-03-24,29.875106811523438
2015-03-25,29.978382110595703
2015-03-26,29.978382110595703
2015-03-27,30.24127769470215
2015-03-30,30.673152923583984
2015-03-31,30.457212448120117
2015-04-01,30.522933959960938
2015-04-02,30.70132827758789
2015-04-06,30.79521369934082
2015-04-07,30.579269409179688
2015-04-08,30.823373794555664
2015-04-09,30.776430130004883
2015-04-10,30.785823822021484
2015-04-13,30.63559341430664
2015-04-14,30.560489654541016
2015-04-15,30.513551712036133
2015-04-16,30.400875091552734
2015-04-17,30.091047286987305
2015-04-20,30.278831481933594
2015-04-21,30.325769424438477
2015-04-22,30.306991577148438
2015-04-23,30.316387176513672
2015-04-24,30.438432693481445
2015-04-27,30.23188018798828
2015-04-28,30.22249412536621
2015-04-29,29.781221389770508
2015-04-30,29.53711700439453
2015-05-01,29.799997329711914
2015-05-04,29.837553024291992
2015-05-05,29.54650115966797
2015-05-06,29.593446731567383
2015-05-07,29.649778366088867
2015-05-08,29.837553024291992
2015-05-11,30.184940338134766
2015-05-12,30.062883377075195
2015-05-13,30.119218826293945
2015-05-14,30.607431411743164
2015-05-15,30.598045349121094
2015-05-18,30.823373794555664
2015-05-19,30.785823822021484
2015-05-20,30.76704216003418
2015-05-21,30.7294864654541
2015-05-22,30.598045349121094
2015-05-26,30.28821563720703
2015-05-27,30.560489654541016
2015-05-28,30.50415802001953
2015-05-29,30.344545364379883
2015-06-01,30.297609329223633
2015-06-02,30.250661849975586
2015-06-03,30.372713088989258
2015-06-04,30.119218826293945
2015-06-05,29.997159957885742
2015-06-08,29.85633087158203
2015-06-09,29.82816505432129
2015-06-10,30.269437789916992
2015-06-11,30.24127769470215
2015-06-12,30.24127769470215
2015-06-15,29.940828323364258
2015-06-16,30.250661849975586
2015-06-17,30.297609329223633
2015-06-18,30.560489654541016
2015-06-19,30.826087951660156
2015-06-22,31.07096290588379
2015-06-23,31.174562454223633
2015-06-24,31.00503158569336
2015-06-25,31.052133560180664
2015-06-26,31.11805534362793
2015-06-29,30.581205368041992
2015-06-30,30.524703979492188
2015-07-01,30.844921112060547
2015-07-02,30.694229125976562
2015-07-06,30.62830352783203
2015-07-07,31.06155014038086
2015-07-08,30.807249069213867
2015-07-09,30.863758087158203
2015-07-10,31.193401336669922
2015-07-13,31.485368728637695
2015-07-14,31.5418758392334
2015-07-15,31.278162002563477
2015-07-16,31.410022735595703
2015-07-17,31.325252532958984
2015-07-20,31.16514015197754
2015-07-21,31.033287048339844
2015-07-22,31.202821731567383
2015-07-23,30.892019271850586
2015-07-24,30.70364761352539
2015-07-27,30.70364761352539
2015-07-28,31.22165870666504
2015-07-29,31.381763458251953
2015-07-30,31.645479202270508
2015-07-31,31.673725128173828
2015-08-03,31.80558967590332
2015-08-04,31.87152099609375
2015-08-05,32.050453186035156
2015-08-06,31.683149337768555
2015-08-07,31.57013511657715
2015-08-10,31.551288604736328
2015-08-11,31.457115173339844
2015-08-12,31.5418758392334
2015-08-13,31.607803344726562
2015-08-14,31.993953704833984
2015-08-17,32.13522720336914
2015-08-18,31.965702056884766
2015-08-19,31.57013511657715
2015-08-20,31.11805534362793
2015-08-21,30.091461181640625
2015-08-24,29.17788314819336
2015-08-25,29.074283599853516
2015-08-26,29.865419387817383
2015-08-27,30.100875854492188
2015-08-28,30.091461181640625
2015-08-31,29.978437423706055
2015-09-01,29.337997436523438
2015-09-02,29.846582412719727
2015-09-03,30.063203811645508
2015-09-04,29.73356056213379
2015-09-08,30.23273277282715
2015-09-09,29.658218383789062
2015-09-10,29.808908462524414
2015-09-11,30.082040786743164
2015-09-14,30.063203811645508
2015-09-15,30.34575653076172
2015-09-16,30.581205368041992
2015-09-17,30.807249069213867
2015-09-18,30.3507137298584
2015-09-21,30.52084732055664
2015-09-22,30.142765045166016
2015-09-23,30.190027236938477
2015-09-24,30.40742301940918
2015-09-25,30.454689025878906
2015-09-28,29.547285079956055
2015-09-29,29.443313598632812
2015-09-30,29.76468276977539
2015-10-01,29.736330032348633
2015-10-02,30.190027236938477
2015-10-05,30.785511016845703
2015-10-06,30.501951217651367
2015-10-07,30.766605377197266
2015-10-08,31.06907081604004
2015-10-09,31.324275970458984
2015-10-12,31.418804168701172
2015-10-13,31.201400756835938
2015-10-14,30.69098472595215
2015-10-15,30.94619369506836
2015-10-16,31.352632522583008
2015-10-19,31.532222747802734
2015-10-20,31.409353256225586
2015-10-21,31.362089157104492
2015-10-22,32.014286041259766
2015-10-23,31.97647476196289
2015-10-26,31.825244903564453
2015-10-27,31.636205673217773
2015-10-28,32.023738861083984
2015-10-29,31.948116302490234
2015-10-30,31.825244903564453
2015-11-02,31.985931396484375
2015-11-03,31.79688262939453
2015-11-04,31.362089157104492
2015-11-05,31.588943481445312
2015-11-06,31.28647232055664
2015-11-09,31.01235580444336
2015-11-10,31.002910614013672
2015-11-11,30.955646514892578
2015-11-12,30.237285614013672
2015-11-13,29.91591453552246
2015-11-16,30.331809997558594
2015-11-17,30.152217864990234
2015-11-18,30.634279251098633
2015-11-19,30.568113327026367
2015-11-20,30.558658599853516
2015-11-23,30.993457794189453
2015-11-24,30.94619369506836
2015-11-25,31.239212036132812
2015-11-27,31.44715690612793
2015-11-30,30.917837142944336
2015-12-01,30.97454833984375
2015-12-02,30.719350814819336
2015-12-03,30.49249267578125
2015-12-04,31.04071807861328
2015-12-07,31.01235580444336
2015-12-08,31.05961799621582
2015-12-09,30.804412841796875
2015-12-10,30.700441360473633
2015-12-11,30.237285614013672
2015-12-14,30.227834701538086
2015-12-15,30.57756233215332
2015-12-16,30.965097427368164
2015-12-17,30.558658599853516
2015-12-18,30.12919044494629
2015-12-21,30.37622833251953
2015-12-22,30.86080551147461
2015-12-23,31.145849227905273
2015-12-24,31.050832748413086
2015-12-28,30.946319580078125
2015-12-29,31.174354553222656
2015-12-30,30.984331130981445
2015-12-31,30.594762802124023
2016-01-04,29.9771671295166
2016-01-05,30.186203002929688
2016-01-06,30.07218360900879
2016-01-07,29.606613159179688
2016-01-08,29.435583114624023
2016-01-11,29.644617080688477
2016-01-12,29.901155471801758
2016-01-13,29.179044723510742
2016-01-14,29.293060302734375
2016-01-15,28.75147819519043
2016-01-19,28.932004928588867
2016-01-20,28.78948211669922
2016-01-21,28.76097869873047
2016-01-22,29.141040802001953
2016-01-25,28.922502517700195
2016-01-26,29.19805145263672
2016-01-27,29.008020401000977
2016-01-28,29.36907386779785
2016-01-29,29.996171951293945
2016-02-01,30.148191452026367
2016-02-02,29.768136978149414
2016-02-03,29.435583114624023
2016-02-04,29.055524826049805
2016-02-05,28.637460708618164
2016-02-08,28.60895347595215
2016-02-09,28.855995178222656
2016-02-10,29.12203598022461
2016-02-11,28.656457901000977
2016-02-12,28.95100975036621
2016-02-16,29.473588943481445
2016-02-17,29.749134063720703
2016-02-18,29.635116577148438
2016-02-19,29.663619995117188
2016-02-22,29.711124420166016
2016-02-23,29.815643310546875
2016-02-24,30.015172958374023
2016-02-25,30.442745208740234
2016-02-26,30.100688934326172
2016-02-29,30.04368019104004
2016-03-01,30.30021858215332
2016-03-02,30.3192195892334
2016-03-03,30.38572883605957
2016-03-04,30.328723907470703
2016-03-07,30.262210845947266
2016-03-08,30.29071807861328
2016-03-09,30.43323516845703
2016-03-10,30.309720993041992
2016-03-11,30.632766723632812
2016-03-14,30.727783203125
2016-03-15,30.509254455566406
2016-03-16,30.82280158996582
2016-03-17,30.92731285095215
2016-03-18,30.809402465820312
2016-03-21,30.714309692382812
2016-03-22,30.41002082824707
2016-03-23,30.352968215942383
2016-03-24,30.210330963134766
2016-03-28,30.495603561401367
2016-03-29,30.828420639038086
2016-03-30,31.018604278564453
2016-03-31,30.875961303710938
2016-04-01,31.332401275634766
2016-04-04,31.170745849609375
2016-04-05,30.866464614868164
2016-04-06,31.29436683654785
2016-04-07,31.037616729736328
2016-04-08,31.142221450805664
2016-04-11,30.866464614868164
2016-04-12,30.971057891845703
2016-04-13,30.98056983947754
2016-04-14,30.628734588623047
2016-04-15,30.885475158691406
2016-04-18,30.99007225036621
2016-04-19,31.00909996032715
2016-04-20,30.894990921020508
2016-04-21,30.172290802001953
2016-04-22,30.238859176635742
2016-04-25,30.505117416381836
2016-04-26,30.628734588623047
2016-04-27,30.7713680267334
2016-04-28,30.69529151916504
2016-04-29,30.69529151916504
2016-05-02,31.1517276763916
2016-05-03,30.904495239257812
2016-05-04,31.056638717651367
2016-05-05,31.132713317871094
2016-05-06,31.265840530395508
2016-05-09,31.674732208251953
2016-05-10,31.883928298950195
2016-05-11,31.465538024902344
2016-05-12,31.655712127685547
2016-05-13,31.494060516357422
2016-05-16,31.551111221313477
2016-05-17,30.78087043762207
2016-05-18,30.429040908813477
2016-05-19,30.53364372253418
2016-05-20,30.419530868530273
2016-05-23,30.467079162597656
2016-05-24,30.904495239257812
2016-05-25,30.761859893798828
2016-05-26,30.933021545410156
2016-05-27,31.037616729736328
2016-05-31,30.704803466796875
2016-06-01,30.92351531982422
2016-06-02,30.98056983947754
2016-06-03,31.056638717651367
2016-06-06,31.028112411499023
2016-06-07,31.066146850585938
2016-06-08,31.161235809326172
2016-06-09,31.494060516357422
2016-06-10,31.29436683654785
2016-06-13,30.904495239257812
2016-06-14,30.961549758911133
2016-06-15,30.952035903930664
2016-06-16,31.24681854248047
2016-06-17,31.09697151184082
2016-06-20,31.240140914916992
2016-06-21,31.43104362487793
2016-06-22,31.297407150268555
2016-06-23,31.612390518188477
2016-06-24,31.058792114257812
2016-06-27,30.963340759277344
2016-06-28,31.011070251464844
2016-06-29,31.41194725036621
2016-06-30,32.44278335571289
2016-07-01,32.3282470703125
2016-07-05,32.42369842529297
2016-07-06,32.566871643066406
2016-07-07,32.576412200927734
2016-07-08,32.939117431640625
2016-07-11,32.76731491088867
2016-07-12,32.690948486328125
2016-07-13,32.834129333496094
2016-07-14,32.94866180419922
2016-07-15,32.929569244384766
2016-07-18,32.929569244384766
2016-07-19,33.0250244140625
2016-07-20,32.86275863647461
2016-07-21,32.86275863647461
2016-07-22,33.053653717041016
2016-07-25,33.08228302001953
2016-07-26,32.786399841308594
2016-07-27,32.38551712036133
2016-07-28,32.5286865234375
2016-07-29,32.77685546875
2016-08-01,32.690948486328125
2016-08-02,32.40461349487305
2016-08-03,32.242340087890625
2016-08-04,32.414154052734375
2016-08-05,32.44278335571289
2016-08-08,32.40461349487305
2016-08-09,32.47141647338867
2016-08-10,32.50005340576172
2016-08-11,32.42369842529297
2016-08-12,32.5286865234375
2016-08-15,32.395057678222656
2016-08-16,32.04190444946289
2016-08-17,32.1278076171875
2016-08-18,32.414154052734375
2016-08-19,32.38551712036133
2016-08-22,32.50960159301758
2016-08-23,32.38551712036133
2016-08-24,32.3282470703125
2016-08-25,32.375972747802734
2016-08-26,32.165985107421875
2016-08-29,32.395057678222656
2016-08-30,32.33779525756836
2016-08-31,32.40461349487305
2016-09-01,32.19461441040039
2016-09-02,32.59550476074219
2016-09-06,32.576412200927734
2016-09-07,32.35688400268555
2016-09-08,32.14689254760742
2016-09-09,31.18286895751953
2016-09-12,31.72692108154297
2016-09-13,31.345134735107422
2016-09-14,31.26877212524414
2016-09-15,31.574209213256836
2016-09-16,31.397964477539062
2016-09-19,31.388385772705078
2016-09-20,31.292600631713867
2016-09-21,31.522485733032227
2016-09-22,31.771516799926758
2016-09-23,31.58953857421875
2016-09-26,31.359651565551758
2016-09-27,31.350072860717773
2016-09-28,31.36922836303711
2016-09-29,31.22555160522461
2016-09-30,31.512914657592773
2016-10-03,31.41712188720703
2016-10-04,31.07229995727539
2016-10-05,31.18724250793457
2016-10-06,31.292600631713867
2016-10-07,30.97651481628418
2016-10-10,31.37880516052246
2016-10-11,31.101032257080078
2016-10-12,31.302181243896484
2016-10-13,31.206401824951172
2016-10-14,31.18724250793457
2016-10-17,31.168088912963867
2016-10-18,31.41712188720703
2016-10-19,31.340492248535156
2016-10-20,31.043567657470703
2016-10-21,31.101032257080078
2016-10-24,31.292600631713867
2016-10-25,31.196819305419922
2016-10-26,31.07229995727539
2016-10-27,30.756214141845703
2016-10-28,31.129772186279297
2016-10-31,31.23514175415039
2016-11-01,31.22555160522461
2016-11-02,31.15850830078125
2016-11-03,30.842416763305664
2016-11-04,30.526330947875977
2016-11-07,31.292600631713867
2016-11-08,31.800254821777344
2016-11-09,31.340492248535156
2016-11-10,30.641271591186523
2016-11-11,30.660423278808594
2016-11-14,30.823265075683594
2016-11-15,31.148929595947266
2016-11-16,31.263866424560547
2016-11-17,31.215974807739258
2016-11-18,31.254289627075195
2016-11-21,31.22555160522461
2016-11-22,31.474590301513672
2016-11-23,31.148929595947266
2016-11-25,31.37880516052246
2016-11-28,31.311758041381836
2016-11-29,31.426700592041016
2016-11-30,30.83283805847168
2016-12-01,30.46885871887207
2016-12-02,30.57422637939453
2016-12-05,30.938199996948242
2016-12-06,31.101032257080078
2016-12-07,31.522485733032227
2016-12-08,31.61827278137207
2016-12-09,32.001407623291016
2016-12-12,31.99182891845703
2016-12-13,32.145084381103516
2016-12-14,31.800254821777344
2016-12-15,32.13550567626953
2016-12-16,32.32663345336914
2016-12-19,32.32663345336914
2016-12-20,32.461761474609375
2016-12-21,32.45210647583008
2016-12-22,32.27835464477539
2016-12-23,32.44245910644531
2016-12-27,32.4810676574707
2016-12-28,32.37488555908203
2016-12-29,32.519676208496094
2016-12-30,32.30732727050781
2017-01-03,32.56793975830078
2017-01-04,32.79960250854492
2017-01-05,32.500370025634766
2017-01-06,32.30732727050781
2017-01-09,32.239749908447266
2017-01-10,32.07564926147461
2017-01-11,32.1142692565918
2017-01-12,31.90190315246582
2017-01-13,31.998435974121094
2017-01-17,32.066001892089844
2017-01-18,32.12392044067383
2017-01-19,31.75712776184082
2017-01-20,31.950172424316406
2017-01-23,31.805381774902344
2017-01-24,31.91156578063965
2017-01-25,32.01773452758789
2017-01-26,31.7088565826416
2017-01-27,31.631633758544922
2017-01-30,31.56407356262207
2017-01-31,31.65093994140625
2017-02-01,31.573713302612305
2017-02-02,31.641286849975586
2017-02-03,31.892257690429688
2017-02-06,31.612327575683594
2017-02-07,31.747465133666992
2017-02-08,31.737817764282227
2017-02-09,32.14322280883789
2017-02-10,32.21079635620117
2017-02-13,32.12392044067383
2017-02-14,32.22045135498047
2017-02-15,32.41349792480469
2017-02-16,32.18183517456055
2017-02-17,32.39419937133789
2017-02-21,32.6355094909668
2017-02-22,32.40384292602539
2017-02-23,32.39419937133789
2017-02-24,32.461761474609375
2017-02-27,32.14322280883789
2017-02-28,32.201133728027344
2017-03-01,32.34592819213867
2017-03-02,32.13357162475586
2017-03-03,32.08530807495117
2017-03-06,31.882604598999023
2017-03-07,31.689546585083008
2017-03-08,31.641286849975586
2017-03-09,31.69920539855957
2017-03-10,31.824689865112305
2017-03-13,31.776430130004883
2017-03-14,31.75712776184082
2017-03-15,32.15287780761719
2017-03-16,32.19148635864258
2017-03-17,32.30732727050781
2017-03-20,32.12392044067383
2017-03-21,31.921218872070312
2017-03-22,31.969478607177734
2017-03-23,32.01773452758789
2017-03-24,31.969478607177734
2017-03-27,31.998435974121094
2017-03-28,32.08530807495117
2017-03-29,32.29767608642578
2017-03-30,32.19148635864258
2017-03-31,32.28800964355469
2017-04-03,32.07564926147461
2017-04-04,32.066001892089844
2017-04-05,32.03704833984375
2017-04-06,32.201133728027344
2017-04-07,32.22045135498047
2017-04-10,32.14322280883789
2017-04-11,32.24940490722656
2017-04-12,32.239749908447266
2017-04-13,31.988780975341797
2017-04-17,32.16252899169922
2017-04-18,32.35558319091797
2017-04-19,32.27835464477539
2017-04-20,32.44245910644531
2017-04-21,32.500370025634766
2017-04-24,32.71273422241211
2017-04-25,32.69342803955078
2017-04-26,32.56793975830078
2017-04-27,32.6258544921875
2017-04-28,32.54863357543945
2017-05-01,32.29767608642578
2017-05-02,31.892257690429688
2017-05-03,31.7088565826416
2017-05-04,31.940526962280273
2017-05-05,31.9791316986084
2017-05-08,31.892257690429688
2017-05-09,31.728153228759766
2017-05-10,31.87295150756836
2017-05-11,31.90190315246582
2017-05-12,31.728153228759766
2017-05-15,31.84400177001953
2017-05-16,31.728153228759766
2017-05-17,31.59302520751953
2017-05-18,31.51580238342285
2017-05-19,31.670246124267578
2017-05-22,31.853647232055664
2017-05-23,32.09496307373047
2017-05-24,32.12392044067383
2017-05-25,32.05634689331055
2017-05-26,32.104610443115234
2017-05-30,31.863300323486328
2017-05-31,31.892257690429688
2017-06-01,32.35558319091797
2017-06-02,32.31697463989258
2017-06-05,32.172183990478516
2017-06-06,32.07564926147461
2017-06-07,32.1142692565918
2017-06-08,32.05634689331055
2017-06-09,31.921218872070312
2017-06-12,31.87295150756836
2017-06-13,31.998435974121094
2017-06-14,32.02739334106445
2017-06-15,31.448238372802734
2017-06-16,30.999984741210938
2017-06-19,31.125844955444336
2017-06-20,30.845083236694336
2017-06-21,30.728904724121094
2017-06-22,30.670818328857422
2017-06-23,30.6901798248291
2017-06-26,30.699857711791992
2017-06-27,30.361011505126953
2017-06-28,30.62240982055664
2017-06-29,30.428781509399414
2017-06-30,30.5062313079834
2017-07-03,30.46750259399414
2017-07-05,30.264196395874023
2017-07-06,30.031837463378906
2017-07-07,30.186744689941406
2017-07-10,30.051204681396484
2017-07-11,30.02216148376465
2017-07-12,30.419097900390625
2017-07-13,30.428781509399414
2017-07-14,30.593368530273438
2017-07-17,30.680500030517578
2017-07-18,30.62240982055664
2017-07-19,30.93221664428711
2017-07-20,31.0968017578125
2017-07-21,31.193618774414062
2017-07-24,31.193618774414062
2017-07-25,31.445331573486328
2017-07-26,31.32915496826172
2017-07-27,31.32915496826172
2017-07-28,31.251699447631836
2017-07-31,31.31947135925293
2017-08-01,31.31947135925293
2017-08-02,31.416292190551758
2017-08-03,31.474374771118164
2017-08-04,31.513099670410156
2017-08-07,31.668001174926758
2017-08-08,31.31947135925293
2017-08-09,31.106481552124023
2017-08-10,31.135528564453125
2017-08-11,31.290430068969727
2017-08-14,31.59055519104004
2017-08-15,31.638959884643555
2017-08-16,31.638959884643555
2017-08-17,31.280752182006836
2017-08-18,31.242023468017578
2017-08-21,31.222660064697266
2017-08-22,31.358198165893555
2017-08-23,31.290430068969727
2017-08-24,30.78699493408203
2017-08-25,30.893489837646484
2017-08-28,30.6901798248291
2017-08-29,30.728904724121094
2017-08-30,30.9709415435791
2017-08-31,30.922534942626953
2017-09-01,31.125844955444336
2017-09-05,30.95157814025879
2017-09-06,31.15488624572754
2017-09-07,31.222660064697266
2017-09-08,31.08711814880371
2017-09-11,31.261384963989258
2017-09-12,31.309791564941406
2017-09-13,31.38724136352539
2017-09-14,31.280752182006836
2017-09-15,31.54214859008789
2017-09-18,31.697717666625977
2017-09-19,31.639385223388672
2017-09-20,31.571311950683594
2017-09-21,31.396299362182617
2017-09-22,31.444913864135742
2017-09-25,31.396299362182617
2017-09-26,31.561599731445312
2017-09-27,31.4935302734375
2017-09-28,31.483802795410156
2017-09-29,31.4935302734375
2017-10-02,31.542146682739258
2017-10-03,31.4935302734375
2017-10-04,31.581039428710938
2017-10-05,31.6879940032959
2017-10-06,31.5226993560791
2017-10-09,31.28934097290039
2017-10-10,31.5226993560791
2017-10-11,31.600488662719727
2017-10-12,31.668550491333008
2017-10-13,31.746335983276367
2017-10-16,31.668550491333008
2017-10-17,31.61020851135254
2017-10-18,31.600488662719727
2017-10-19,31.678274154663086
2017-10-20,31.581039428710938
2017-10-23,31.59076690673828
2017-10-24,31.51297950744629
2017-10-25,31.32823944091797
2017-10-26,31.269899368286133
2017-10-27,31.2115535736084
2017-10-30,31.065710067749023
2017-10-31,31.28934097290039
2017-11-01,31.269899368286133
2017-11-02,31.28934097290039
2017-11-03,31.33795928955078
2017-11-06,30.812908172607422
2017-11-07,30.618440628051758
2017-11-08,30.83234977722168
2017-11-09,30.744842529296875
2017-11-10,30.842077255249023
2017-11-13,30.871246337890625
2017-11-14,31.124042510986328
2017-11-15,30.754566192626953
2017-11-16,31.192115783691406
2017-11-17,31.260173797607422
2017-11-20,31.444913864135742
2017-11-21,31.4935302734375
2017-11-22,31.551876068115234
2017-11-24,31.483802795410156
2017-11-27,31.600488662719727
2017-11-28,31.960235595703125
2017-11-29,32.17416000366211
2017-11-30,32.49502182006836
2017-12-01,32.5047492980957
2017-12-04,33.05897521972656
2017-12-05,32.69921112060547
2017-12-06,32.815895080566406
2017-12-07,32.85478591918945
2017-12-08,32.96173858642578
2017-12-11,32.84505844116211
2017-12-12,32.864501953125
2017-12-13,32.786720275878906
2017-12-14,32.5047492980957
2017-12-15,32.69921112060547
2017-12-18,32.90340042114258
2017-12-19,32.84505844116211
2017-12-20,32.84505844116211
2017-12-21,32.80616760253906
2017-12-22,32.82560729980469
2017-12-26,32.922847747802734
2017-12-27,32.93256759643555
2017-12-28,32.8936767578125
2017-12-29,32.913124084472656
2018-01-02,32.718658447265625
2018-01-03,32.66031265258789
2018-01-04,32.60197448730469
2018-01-05,32.718658447265625
2018-01-08,32.75754928588867
2018-01-09,32.88395309448242
2018-01-10,32.51446533203125
2018-01-11,32.456138610839844
2018-01-12,32.51446533203125
2018-01-16,32.64087677001953
2018-01-17,33.06869125366211
2018-01-18,32.98118591308594
2018-01-19,33.2826042175293
2018-01-22,33.49651336669922
2018-01-23,33.60346984863281
2018-01-24,33.661808013916016
2018-01-25,33.710418701171875
2018-01-26,33.95350646972656
2018-01-29,33.7298698425293
2018-01-30,33.6229133605957
2018-01-31,33.60346984863281
2018-02-01,33.24371337890625
2018-02-02,32.64087677001953
2018-02-05,31.483802795410156
2018-02-06,31.804670333862305
2018-02-07,31.9116268157959
2018-02-08,31.14349365234375
2018-02-09,31.260173797607422
2018-02-12,31.4935302734375
2018-02-13,31.571311950683594
2018-02-14,31.7171688079834
2018-02-15,32.465858459472656
2018-02-16,32.670040130615234
2018-02-20,31.999135971069336
2018-02-21,31.863014221191406
2018-02-22,31.707448959350586
2018-02-23,31.863014221191406
2018-02-26,32.11581802368164
2018-02-27,31.92135238647461
2018-02-28,31.571311950683594
2018-03-01,31.25044822692871
2018-03-02,31.47408103942871
2018-03-05,31.600488662719727
2018-03-06,31.969968795776367
2018-03-07,31.7171688079834
2018-03-08,31.61020851135254
2018-03-09,32.10609436035156
2018-03-12,32.067203521728516
2018-03-13,32.0283088684082
2018-03-14,31.9116268157959
2018-03-15,31.59076690673828
2018-03-16,31.853288650512695
2018-03-19,31.62198257446289
2018-03-20,31.641498565673828
2018-03-21,31.231584548950195
2018-03-22,31.007108688354492
2018-03-23,30.597192764282227
2018-03-26,31.24134063720703
2018-03-27,31.19254493713379
2018-03-28,31.104707717895508
2018-03-29,31.465822219848633
2018-04-02,30.73383140563965
2018-04-03,31.19254493713379
2018-04-04,31.768375396728516
2018-04-05,31.729337692260742
2018-04-06,31.475582122802734
2018-04-09,31.504858016967773
2018-04-10,31.690296173095703
2018-04-11,31.729337692260742
2018-04-12,31.748859405517578
2018-04-13,31.690296173095703
2018-04-16,32.0806884765625
2018-04-17,32.441810607910156
2018-04-18,32.39301681518555
2018-04-19,31.865978240966797
2018-04-20,31.60245704650879
2018-04-23,31.778139114379883
2018-04-24,31.690296173095703
2018-04-25,31.96357536315918
2018-04-26,32.27589416503906
2018-04-27,32.31493377685547
2018-04-30,31.973331451416016
2018-05-01,31.719581604003906
2018-05-02,31.631742477416992
2018-05-03,30.968067169189453
2018-05-04,31.51462173461914
2018-05-07,31.58294105529785
2018-05-08,31.504858016967773
2018-05-09,31.709823608398438
2018-05-10,31.817174911499023
2018-05-11,31.85621452331543
2018-05-14,31.739099502563477
2018-05-15,31.768375396728516
2018-05-16,32.01237487792969
2018-05-17,32.0709342956543
2018-05-18,31.758625030517578
2018-05-21,31.78789710998535
2018-05-22,31.661020278930664
2018-05-23,31.690296173095703
2018-05-24,31.690296173095703
2018-05-25,31.661020278930664
2018-05-29,31.680543899536133
2018-05-30,32.0904541015625
2018-05-31,31.631742477416992
2018-06-01,31.60245704650879
2018-06-04,31.905014038085938
2018-06-05,32.00261306762695
2018-06-06,31.807415008544922
2018-06-07,31.563419342041016
2018-06-08,31.944055557250977
2018-06-11,32.19782257080078
2018-06-12,32.129493713378906
2018-06-13,32.11973571777344
2018-06-14,32.36372756958008
2018-06-15,32.637001037597656
2018-06-18,32.524417877197266
2018-06-19,32.58315658569336
2018-06-20,32.76918411254883
2018-06-21,32.76918411254883
2018-06-22,33.062904357910156
2018-06-25,32.91604232788086
2018-06-26,33.11185073852539
2018-06-27,32.92583465576172
2018-06-28,32.681068420410156
2018-06-29,32.54400634765625
2018-07-02,32.17195129394531
2018-07-03,32.30902099609375
2018-07-05,32.79854965209961
2018-07-06,33.02374267578125
2018-07-09,32.818138122558594
2018-07-10,32.79854965209961
2018-07-11,32.681068420410156
2018-07-12,32.67127990722656
2018-07-13,32.77897262573242
2018-07-16,32.524417877197266
2018-07-17,32.82792663574219
2018-07-18,32.45588302612305
2018-07-19,32.76918411254883
2018-07-20,32.7593879699707
2018-07-23,32.49504470825195
2018-07-24,32.2404899597168
2018-07-25,32.28944396972656
2018-07-26,32.38734817504883
2018-07-27,32.18174362182617
2018-07-30,31.59430694580078
2018-07-31,31.604097366333008
2018-08-01,31.310379028320312
2018-08-02,31.731372833251953
2018-08-03,32.17195129394531
2018-08-06,32.12300109863281
2018-08-07,32.11321258544922
2018-08-08,31.86844253540039
2018-08-09,31.956558227539062
2018-08-10,31.9467716217041
2018-08-13,32.00550842285156
2018-08-14,32.426513671875
2018-08-15,32.142581939697266
2018-08-16,32.2404899597168
2018-08-17,32.54400634765625
2018-08-20,32.60274124145508
2018-08-21,32.416717529296875
2018-08-22,32.426513671875
2018-08-23,32.44609069824219
2018-08-24,32.69085693359375
2018-08-27,32.50484085083008
2018-08-28,32.26985549926758
2018-08-29,32.367767333984375
2018-08-30,32.21112060546875
2018-08-31,32.622318267822266
2018-09-04,32.61253356933594
2018-09-05,32.51462173461914
2018-09-06,32.632118225097656
2018-09-07,32.69085693359375
2018-09-10,32.82792663574219
2018-09-11,32.82792663574219
2018-09-12,32.94541549682617
2018-09-13,32.83771514892578
2018-09-14,32.92583465576172
2018-09-17,32.73980712890625
2018-09-18,32.79854965209961
2018-09-19,32.3775520324707
2018-09-20,32.72023010253906
2018-09-21,32.67127990722656
2018-09-24,32.35606384277344
2018-09-25,32.248046875
2018-09-26,32.198951721191406
2018-09-27,32.012367248535156
2018-09-28,31.963272094726562
2018-10-01,31.766878128051758
2018-10-02,31.570486068725586
2018-10-03,31.678497314453125
2018-10-04,31.374088287353516
2018-10-05,31.541025161743164
2018-10-08,31.766878128051758
2018-10-09,31.678497314453125
2018-10-10,31.226791381835938
2018-10-11,30.68670654296875
2018-10-12,30.98129653930664
2018-10-15,31.07949447631836
2018-10-16,31.609756469726562
2018-10-17,31.59012222290039
2018-10-18,31.482105255126953
2018-10-19,31.806154251098633
2018-10-22,31.766878128051758
2018-10-23,31.894535064697266
2018-10-24,31.403547286987305
2018-10-25,31.324989318847656
2018-10-26,30.765262603759766
2018-10-29,31.207151412963867
2018-10-30,31.698137283325195
2018-10-31,31.727598190307617
2018-11-01,31.6294002532959
2018-11-02,31.65886116027832
2018-11-05,31.698137283325195
2018-11-06,32.071285247802734
2018-11-07,32.50335693359375
2018-11-08,32.65065383911133
2018-11-09,32.984527587890625
2018-11-12,33.00416946411133
2018-11-13,32.640838623046875
2018-11-14,32.454261779785156
2018-11-15,32.454261779785156
2018-11-16,32.65065383911133
2018-11-19,32.562278747558594
2018-11-20,32.08110427856445
2018-11-21,32.12038803100586
2018-11-23,32.198951721191406
2018-11-26,32.08110427856445
2018-11-27,32.218589782714844
2018-11-28,32.44443893432617
2018-11-29,32.493534088134766
2018-11-30,32.47389602661133
2018-12-03,32.44443893432617
2018-12-04,31.757057189941406
2018-12-06,31.491926193237305
2018-12-07,31.266071319580078
2018-12-10,31.118778228759766
2018-12-11,31.28571128845215
2018-12-12,31.52138328552246
2018-12-13,31.550846099853516
2018-12-14,31.05985450744629
2018-12-17,30.401931762695312
2018-12-18,30.293914794921875
2018-12-19,30.06806182861328
2018-12-20,29.321762084960938
2018-12-21,28.860233306884766
2018-12-24,28.170740127563477
2018-12-26,28.98828125
2018-12-27,28.98828125
2018-12-28,29.067081451416016
2018-12-31,29.224679946899414
2019-01-02,29.195127487182617
2019-01-03,29.067081451416016
2019-01-04,29.71717643737793
2019-01-07,29.983121871948242
2019-01-08,30.25891876220703
2019-01-09,30.12101936340332
2019-01-10,30.455917358398438
2019-01-11,30.46576690673828
2019-01-14,30.327869415283203
2019-01-15,30.515018463134766
2019-01-16,30.62336540222168
2019-01-17,30.6726131439209
2019-01-18,30.977962493896484
2019-01-22,30.790815353393555
2019-01-23,30.997663497924805
2019-01-24,30.574119567871094
2019-01-25,30.455917358398438
2019-01-28,30.495315551757812
2019-01-29,30.534713745117188
2019-01-30,30.6726131439209
2019-01-31,30.987812042236328
2019-02-01,30.928712844848633
2019-02-04,31.135560989379883
2019-02-05,31.273460388183594
2019-02-06,31.303010940551758
2019-02-07,31.362110137939453
2019-02-08,31.45075798034668
2019-02-11,31.667455673217773
2019-02-12,31.93340301513672
2019-02-13,32.11070251464844
2019-02-14,32.15010070800781
2019-02-15,32.297855377197266
2019-02-19,32.337249755859375
2019-02-20,32.159950256347656
2019-02-21,32.25844955444336
2019-02-22,32.23875045776367
2019-02-25,31.923551559448242
2019-02-26,31.85460662841797
2019-02-27,32.02205276489258
2019-02-28,32.20920181274414
2019-03-01,32.23875045776367
2019-03-04,32.041751861572266
2019-03-05,32.03190612792969
2019-03-06,31.864452362060547
2019-03-07,31.588655471801758
2019-03-08,31.391658782958984
2019-03-11,31.70685577392578
2019-03-12,31.62805938720703
2019-03-13,31.74625587463379
2019-03-14,31.687150955200195
2019-03-15,31.805355072021484
2019-03-18,31.922710418701172
2019-03-19,31.89312744140625
2019-03-20,31.69588851928711
2019-03-21,32.21856689453125
2019-03-22,31.97201919555664
2019-03-25,32.19884490966797
2019-03-26,32.53414535522461
2019-03-27,32.494693756103516
2019-03-28,32.731380462646484
2019-03-29,32.76096725463867
2019-04-01,32.65248489379883
2019-04-02,32.484832763671875
2019-04-03,32.474971771240234
2019-04-04,32.58345413208008
2019-04-05,32.741241455078125
2019-04-08,32.83985900878906
2019-04-09,32.69193649291992
2019-04-10,32.997650146484375
2019-04-11,33.046958923339844
2019-04-12,32.95820236206055
2019-04-15,33.10613250732422
2019-04-16,33.05682373046875
2019-04-17,32.9384765625
2019-04-18,33.08640670776367
2019-04-22,32.9384765625
2019-04-23,33.10613250732422
2019-04-24,33.29350280761719
2019-04-25,33.19488525390625
2019-04-26,33.22447204589844
2019-04-29,33.48088073730469
2019-04-30,33.717559814453125
2019-05-01,33.49074172973633
2019-05-02,33.37240219116211
2019-05-03,33.3625373840332
2019-05-06,33.5005989074707
2019-05-07,33.14557647705078
2019-05-08,33.13571548461914
2019-05-09,33.18502426147461
2019-05-10,33.54004669189453
2019-05-13,33.15543746948242
2019-05-14,33.19488525390625
2019-05-15,33.20474624633789
2019-05-16,33.30336380004883
2019-05-17,33.23433303833008
2019-05-20,32.997650146484375
2019-05-21,32.96806716918945
2019-05-22,32.997650146484375
2019-05-23,32.53414535522461
2019-05-24,32.662349700927734
2019-05-28,32.29745864868164
2019-05-29,32.08049774169922
2019-05-30,32.15939712524414
2019-05-31,31.922710418701172
2019-06-03,32.149532318115234
2019-06-04,32.57359313964844
2019-06-05,32.92861557006836
2019-06-06,33.15543746948242
2019-06-07,33.51046371459961
2019-06-10,33.39212417602539
2019-06-11,33.530189514160156
2019-06-12,33.658390045166016
2019-06-13,33.579498291015625
2019-06-14,33.61894607543945
2019-06-17,33.33294677734375
2019-06-18,33.19488525390625
2019-06-19,33.323089599609375
2019-06-20,33.48088073730469
2019-06-21,33.30336380004883
2019-06-24,33.22115707397461
2019-06-25,33.18153762817383
2019-06-26,32.77543640136719
2019-06-27,33.00324630737305
2019-06-28,33.12210464477539
2019-07-01,33.26077651977539
2019-07-02,33.4588737487793
2019-07-03,34.0036506652832
2019-07-05,34.02345657348633
2019-07-08,33.95412063598633
2019-07-09,33.82535934448242
2019-07-10,33.86497116088867
2019-07-11,33.67678451538086
2019-07-12,33.7956428527832
2019-07-15,33.7956428527832
2019-07-16,33.6569709777832
2019-07-17,33.69659423828125
2019-07-18,33.964027404785156
2019-07-19,33.805545806884766
2019-07-22,33.63716506958008
2019-07-23,33.7956428527832
2019-07-24,33.86497116088867
2019-07-25,33.82535934448242
2019-07-26,34.38994216918945
2019-07-29,34.31069564819336
2019-07-30,34.27107620239258
2019-07-31,33.94422149658203
2019-08-01,33.98383712768555
2019-08-02,33.93431091308594
2019-08-05,33.33011245727539
2019-08-06,33.55792236328125
2019-08-07,34.0135498046875
2019-08-08,34.53851318359375
2019-08-09,34.360225677490234
2019-08-12,34.191837310791016
2019-08-13,34.39984130859375
2019-08-14,33.855072021484375
2019-08-15,34.25127029418945
2019-08-16,34.6375617980957
2019-08-19,34.815853118896484
2019-08-20,34.54841613769531
2019-08-21,34.627655029296875
2019-08-22,35.07337951660156
2019-08-23,34.4394645690918
2019-08-26,34.885189056396484
2019-08-27,34.647464752197266
2019-08-28,34.796043395996094
2019-08-29,35.00404357910156
2019-08-30,35.152618408203125
2019-09-03,35.17242431640625
2019-09-04,35.202144622802734
2019-09-05,35.311100006103516
2019-09-06,35.2813835144043
2019-09-09,35.09318923950195
2019-09-10,34.72670364379883
2019-09-11,35.09318923950195
2019-09-12,35.2120475769043
2019-09-13,34.95452117919922
2019-09-16,34.7762336730957
2019-09-17,34.94461441040039
2019-09-18,34.94461441040039
2019-09-19,34.89509201049805
2019-09-20,34.7068977355957
2019-09-23,34.80326461791992
2019-09-24,34.71384811401367
2019-09-25,34.81320571899414
2019-09-26,34.8728141784668
2019-09-27,34.654239654541016
2019-09-30,34.95229721069336
2019-10-01,34.64430618286133
2019-10-02,34.15747833251953
2019-10-03,34.26676559448242
2019-10-04,34.57475662231445
2019-10-07,34.33631134033203
2019-10-08,34.01838684082031
2019-10-09,34.26676559448242
2019-10-10,34.2866325378418
2019-10-11,34.33631134033203
2019-10-14,34.16741180419922
2019-10-15,34.03824996948242
2019-10-16,33.919029235839844
2019-10-17,34.13760757446289
2019-10-18,34.09786605834961
2019-10-21,33.94883346557617
2019-10-22,33.601097106933594
2019-10-23,33.392459869384766
2019-10-24,33.392459869384766
2019-10-25,33.20368957519531
2019-10-28,33.40239334106445
2019-10-29,33.54148483276367
2019-10-30,33.54148483276367
2019-10-31,33.59116744995117
2019-11-01,33.53155517578125
2019-11-04,33.14407730102539
2019-11-05,33.15401077270508
2019-11-06,33.462005615234375
2019-11-07,33.16394805908203
2019-11-08,33.09440231323242
2019-11-11,33.034786224365234
2019-11-12,33.18381881713867
2019-11-13,33.33284378051758
2019-11-14,33.5216178894043
2019-11-15,33.571292877197266
2019-11-18,33.601097106933594
2019-11-19,33.660709381103516
2019-11-20,33.64084243774414
2019-11-21,33.442134857177734
2019-11-22,33.27323532104492
2019-11-25,33.601097106933594
2019-11-26,33.869354248046875
2019-11-27,34.008445739746094
2019-11-29,33.869354248046875
2019-12-02,33.83955001831055
2019-12-03,33.779937744140625
2019-12-04,33.909095764160156
2019-12-05,33.73025894165039
2019-12-06,33.8991584777832
2019-12-09,33.8991584777832
2019-12-10,33.799808502197266
2019-12-11,33.73025894165039
2019-12-12,33.601097106933594
2019-12-13,33.56135940551758
2019-12-16,33.72032165527344
2019-12-17,33.69051742553711
2019-12-18,33.74019241333008
2019-12-19,33.94883346557617
2019-12-20,34.32637405395508
2019-12-23,34.24959945678711
2019-12-24,34.28948211669922
2019-12-26,34.35927963256836
2019-12-27,34.419105529785156
2019-12-30,34.37921905517578
2019-12-31,34.33933639526367
2020-01-02,33.890655517578125
2020-01-03,33.990360260009766
2020-01-06,33.9006233215332
2020-01-07,33.6513557434082
2020-01-08,33.671295166015625
2020-01-09,33.64138412475586
2020-01-10,33.64138412475586
2020-01-13,33.741092681884766
2020-01-14,33.68126678466797
2020-01-15,33.82085418701172
2020-01-16,34.030242919921875
2020-01-17,34.060157775878906
2020-01-21,34.09006881713867
2020-01-22,34.18977737426758
2020-01-23,34.24959945678711
2020-01-24,33.91059112548828
2020-01-27,33.66132354736328
2020-01-28,33.531707763671875
2020-01-29,33.212642669677734
2020-01-30,33.58155822753906
2020-01-31,33.03316879272461
2020-02-03,33.0830192565918
2020-02-04,33.01322555541992
2020-02-05,33.22261047363281
2020-02-06,33.28243637084961
2020-02-07,33.2425537109375
2020-02-10,33.35223388671875
2020-02-11,33.4918212890625
2020-02-12,33.58155822753906
2020-02-13,33.76103210449219
2020-02-14,33.83082962036133
2020-02-18,33.70120620727539
2020-02-19,33.54167556762695
2020-02-20,33.66132354736328
2020-02-21,33.62144470214844
2020-02-24,33.142845153808594
2020-02-25,32.514686584472656
2020-02-26,31.876556396484375
2020-02-27,30.919363021850586
2020-02-28,30.131671905517578
2020-03-02,31.3082218170166
2020-03-03,31.0888671875
2020-03-04,32.056034088134766
2020-03-05,31.37801742553711
2020-03-06,31.25836944580078
2020-03-09,29.832548141479492
2020-03-10,30.25132179260254
2020-03-11,28.885324478149414
2020-03-12,26.083538055419922
2020-03-13,27.54924201965332
2020-03-16,25.445409774780273
2020-03-17,27.339855194091797
2020-03-18,25.814327239990234
2020-03-19,26.631929397583008
2020-03-20,25.584999084472656
2020-03-23,25.25
2020-03-24,26.399999618530273
2020-03-25,26.40999984741211
2020-03-26,27.90999984741211
2020-03-27,27.25
2020-03-30,28.25
2020-03-31,27.940000534057617
2020-04-01,27.229999542236328
2020-04-02,27.780000686645508
2020-04-03,27.920000076293945
2020-04-06,29.200000762939453
2020-04-07,29.049999237060547
2020-04-08,29.299999237060547
2020-04-09,29.93000030517578
