Date,PBS
2010-01-04,11.188629150390625
2010-01-05,11.330373764038086
2010-01-06,11.339826583862305
2010-01-07,11.349274635314941
2010-01-08,11.396528244018555
2010-01-11,11.434324264526367
2010-01-12,11.150833129882812
2010-01-13,11.29257583618164
2010-01-14,11.245325088500977
2010-01-15,11.094128608703613
2010-01-19,11.245325088500977
2010-01-20,11.169726371765137
2010-01-21,10.990181922912598
2010-01-22,10.820085525512695
2010-01-25,10.848433494567871
2010-01-26,10.829532623291016
2010-01-27,10.85788631439209
2010-01-28,10.85788631439209
2010-01-29,10.820085525512695
2010-02-01,11.01853084564209
2010-02-02,11.150833129882812
2010-02-03,11.198076248168945
2010-02-04,10.829532623291016
2010-02-05,10.782283782958984
2010-02-08,10.668885231018066
2010-02-09,10.886232376098633
2010-02-10,10.801185607910156
2010-02-11,10.933481216430664
2010-02-12,10.924033164978027
2010-02-16,11.094128608703613
2010-02-17,11.349274635314941
2010-02-18,11.528822898864746
2010-02-19,11.576072692871094
2010-02-22,11.462675094604492
2010-02-23,11.32092571258545
2010-02-24,11.424878120422363
2010-02-25,11.528822898864746
2010-02-26,11.519372940063477
2010-03-01,11.698920249938965
2010-03-02,11.708369255065918
2010-03-03,11.75561809539795
2010-03-04,11.840664863586426
2010-03-05,12.171411514282227
2010-03-08,12.161961555480957
2010-03-09,12.133614540100098
2010-03-10,12.247010231018066
2010-03-11,12.284811019897461
2010-03-12,12.237563133239746
2010-03-15,12.180864334106445
2010-03-16,12.21866226196289
2010-03-17,12.265912055969238
2010-03-18,12.21866226196289
2010-03-19,12.067465782165527
2010-03-22,12.171411514282227
2010-03-23,12.237563133239746
2010-03-24,12.20921516418457
2010-03-25,12.21866226196289
2010-03-26,12.237563133239746
2010-03-29,12.284811019897461
2010-03-30,12.29426097869873
2010-03-31,12.284811019897461
2010-04-01,12.31316089630127
2010-04-05,12.502157211303711
2010-04-06,12.625005722045898
2010-04-07,12.5777587890625
2010-04-08,12.662801742553711
2010-04-09,12.814001083374023
2010-04-12,12.832901000976562
2010-04-13,12.908499717712402
2010-04-14,13.22979736328125
2010-04-15,13.286498069763184
2010-04-16,13.03134822845459
2010-04-19,12.984101295471191
2010-04-20,13.295948028564453
2010-04-21,13.295948028564453
2010-04-22,13.295948028564453
2010-04-23,13.22979736328125
2010-04-26,13.239248275756836
2010-04-27,12.889601707458496
2010-04-28,12.899051666259766
2010-04-29,13.201446533203125
2010-04-30,12.946301460266113
2010-05-03,13.173094749450684
2010-05-04,12.766755104064941
2010-05-05,12.530508041381836
2010-05-06,12.039114952087402
2010-05-07,11.878466606140137
2010-05-10,12.322612762451172
2010-05-11,12.398209571838379
2010-05-12,12.521056175231934
2010-05-13,12.398209571838379
2010-05-14,12.171411514282227
2010-05-17,12.341513633728027
2010-05-18,12.14306640625
2010-05-19,11.991865158081055
2010-05-20,11.396528244018555
2010-05-21,11.566620826721191
2010-05-24,11.481575012207031
2010-05-25,11.4910249710083
2010-05-26,11.528822898864746
2010-05-27,12.048564910888672
2010-05-28,11.906817436218262
2010-06-01,11.481575012207031
2010-06-02,11.783968925476074
2010-06-03,11.887916564941406
2010-06-04,11.377625465393066
2010-06-07,11.094128608703613
2010-06-08,11.065779685974121
2010-06-09,11.08467960357666
2010-06-10,11.519372940063477
2010-06-11,11.594972610473633
2010-06-14,11.642219543457031
2010-06-15,12.05801773071289
2010-06-16,12.039114952087402
2010-06-17,12.001317024230957
2010-06-18,11.972965240478516
2010-06-21,11.935165405273438
2010-06-22,11.698920249938965
2010-06-23,11.61386775970459
2010-06-24,11.368178367614746
2010-06-25,11.434324264526367
2010-06-28,11.472121238708496
2010-06-29,10.905130386352539
2010-06-30,10.649989128112793
2010-07-01,10.612186431884766
2010-07-02,10.555487632751465
2010-07-06,10.508241653442383
2010-07-07,10.810633659362793
2010-07-08,10.990181922912598
2010-07-09,11.122478485107422
2010-07-12,11.113028526306152
2010-07-13,11.424878120422363
2010-07-14,11.368178367614746
2010-07-15,11.368178367614746
2010-07-16,10.848433494567871
2010-07-19,10.980730056762695
2010-07-20,11.094128608703613
2010-07-21,10.85788631439209
2010-07-22,11.198076248168945
2010-07-23,11.424878120422363
2010-07-26,11.68001937866211
2010-07-27,11.61386775970459
2010-07-28,11.434324264526367
2010-07-29,11.377625465393066
2010-07-30,11.453225135803223
2010-08-02,11.765068054199219
2010-08-03,11.604422569274902
2010-08-04,11.746170043945312
2010-08-05,11.708369255065918
2010-08-06,11.50047492980957
2010-08-09,11.66111946105957
2010-08-10,11.519372940063477
2010-08-11,11.065779685974121
2010-08-12,10.971280097961426
2010-08-13,10.829532623291016
2010-08-16,10.79173469543457
2010-08-17,10.924033164978027
2010-08-18,11.01853084564209
2010-08-19,10.735033988952637
2010-08-20,10.668885231018066
2010-08-23,10.536588668823242
2010-08-24,10.385391235351562
2010-08-25,10.442090034484863
2010-08-26,10.42319107055664
2010-08-27,10.59328842163086
2010-08-30,10.385391235351562
2010-08-31,10.357041358947754
2010-09-01,10.706684112548828
2010-09-02,10.905130386352539
2010-09-03,11.113028526306152
2010-09-07,10.829532623291016
2010-09-08,10.914584159851074
2010-09-09,10.961831092834473
2010-09-10,11.08467960357666
2010-09-13,11.283126831054688
2010-09-14,11.25477409362793
2010-09-15,11.302026748657227
2010-09-16,11.169726371765137
2010-09-17,11.277671813964844
2010-09-20,11.618562698364258
2010-09-21,11.561748504638672
2010-09-22,11.34395980834961
2010-09-23,11.296612739562988
2010-09-24,11.618562698364258
2010-09-27,11.590154647827148
2010-09-28,11.684845924377441
2010-09-29,11.637499809265137
2010-09-30,11.637499809265137
2010-10-01,11.684845924377441
2010-10-04,11.590154647827148
2010-10-05,11.912102699279785
2010-10-06,11.694316864013672
2010-10-07,11.798477172851562
2010-10-08,12.006793975830078
2010-10-11,12.09201717376709
2010-10-12,12.110957145690918
2010-10-13,12.309804916381836
2010-10-14,12.281396865844727
2010-10-15,12.262463569641113
2010-10-18,12.243521690368652
2010-10-19,12.006793975830078
2010-10-20,12.17723560333252
2010-10-21,12.167770385742188
2010-10-22,12.167770385742188
2010-10-25,12.262463569641113
2010-10-26,12.271926879882812
2010-10-27,12.252988815307617
2010-10-28,12.300336837768555
2010-10-29,12.338212966918945
2010-11-01,12.271926879882812
2010-11-02,12.432903289794922
2010-11-03,12.413965225219727
2010-11-04,12.631752967834473
2010-11-05,12.698038101196289
2010-11-08,12.631752967834473
2010-11-09,12.489714622497559
2010-11-10,12.537064552307129
2010-11-11,12.612815856933594
2010-11-12,12.489714622497559
2010-11-15,12.376089096069336
2010-11-16,12.1204252243042
2010-11-17,12.252988815307617
2010-11-18,12.442376136779785
2010-11-19,12.461309432983398
2010-11-22,12.489714622497559
2010-11-23,12.300336837768555
2010-11-24,12.518125534057617
2010-11-26,12.527592658996582
2010-11-29,12.385560989379883
2010-11-30,12.423433303833008
2010-12-01,12.707503318786621
2010-12-02,12.849543571472168
2010-12-03,12.915825843811035
2010-12-06,13.001049041748047
2010-12-07,13.01998519897461
2010-12-08,13.06733226776123
2010-12-09,13.076799392700195
2010-12-10,13.228304862976074
2010-12-13,13.180961608886719
2010-12-14,13.199897766113281
2010-12-15,13.086270332336426
2010-12-16,13.143085479736328
2010-12-17,13.163026809692383
2010-12-20,13.172523498535156
2010-12-21,13.258000373840332
2010-12-22,13.305488586425781
2010-12-23,13.276992797851562
2010-12-27,13.248502731323242
2010-12-28,13.210515022277832
2010-12-29,13.248502731323242
2010-12-30,13.23900318145752
2010-12-31,13.220012664794922
2011-01-03,13.419450759887695
2011-01-04,13.371965408325195
2011-01-05,13.571403503417969
2011-01-06,13.485931396484375
2011-01-07,13.447940826416016
2011-01-10,13.438447952270508
2011-01-11,13.428949356079102
2011-01-12,13.438447952270508
2011-01-13,13.419450759887695
2011-01-14,13.457439422607422
2011-01-18,13.466935157775879
2011-01-19,13.295988082885742
2011-01-20,13.210515022277832
2011-01-21,13.286491394042969
2011-01-24,13.371965408325195
2011-01-25,13.352971076965332
2011-01-26,13.419450759887695
2011-01-27,13.390960693359375
2011-01-28,13.106046676635742
2011-01-31,13.163026809692383
2011-02-01,13.428949356079102
2011-02-02,13.552412986755371
2011-02-03,13.742351531982422
2011-02-04,13.780342102050781
2011-02-07,13.941795349121094
2011-02-08,14.065258979797363
2011-02-09,14.20771312713623
2011-02-10,14.293185234069824
2011-02-11,14.435644149780273
2011-02-14,14.426145553588867
2011-02-15,14.426145553588867
2011-02-16,14.66357421875
2011-02-17,14.635082244873047
2011-02-18,14.701565742492676
2011-02-22,14.283690452575684
2011-02-23,14.046259880065918
2011-02-24,14.112739562988281
2011-02-25,14.407151222229004
2011-02-28,14.502121925354004
2011-03-01,14.15073299407959
2011-03-02,14.264698028564453
2011-03-03,14.587597846984863
2011-03-04,14.426145553588867
2011-03-07,14.217211723327637
2011-03-08,14.35017204284668
2011-03-09,14.312182426452637
2011-03-10,14.046259880065918
2011-03-11,14.131738662719727
2011-03-14,13.99877643585205
2011-03-15,13.837325096130371
2011-03-16,13.609394073486328
2011-03-17,13.704367637634277
2011-03-18,13.808835983276367
2011-03-21,14.112739562988281
2011-03-22,14.065258979797363
2011-03-23,14.16972541809082
2011-03-24,14.16972541809082
2011-03-25,14.255196571350098
2011-03-28,14.198216438293457
2011-03-29,14.283690452575684
2011-03-30,14.44514274597168
2011-03-31,14.416650772094727
2011-04-01,14.48313045501709
2011-04-04,14.549607276916504
2011-04-05,14.4736328125
2011-04-06,14.464134216308594
2011-04-07,14.378662109375
2011-04-08,14.293185234069824
2011-04-11,14.264698028564453
2011-04-12,14.160226821899414
2011-04-13,14.198216438293457
2011-04-14,14.093746185302734
2011-04-15,14.15073299407959
2011-04-18,13.951290130615234
2011-04-19,13.903803825378418
2011-04-20,14.160226821899414
2011-04-21,14.274191856384277
2011-04-25,14.274191856384277
2011-04-26,14.388155937194824
2011-04-27,14.4736328125
2011-04-28,14.587597846984863
2011-04-29,14.834525108337402
2011-05-02,14.76804256439209
2011-05-03,14.635082244873047
2011-05-04,14.654077529907227
2011-05-05,14.549607276916504
2011-05-06,14.597094535827637
2011-05-09,14.66357421875
2011-05-10,14.834525108337402
2011-05-11,14.682567596435547
2011-05-12,14.682567596435547
2011-05-13,14.540117263793945
2011-05-16,14.35017204284668
2011-05-17,14.388155937194824
2011-05-18,14.62558650970459
2011-05-19,14.682567596435547
2011-05-20,14.587597846984863
2011-05-23,14.35017204284668
2011-05-24,14.264698028564453
2011-05-25,14.302687644958496
2011-05-26,14.464134216308594
2011-05-27,14.597094535827637
2011-05-31,14.711064338684082
2011-06-01,14.32167911529541
2011-06-02,14.293185234069824
2011-06-03,14.122238159179688
2011-06-06,13.846824645996094
2011-06-07,13.837325096130371
2011-06-08,13.723359107971191
2011-06-09,13.865816116333008
2011-06-10,13.552412986755371
2011-06-13,13.476435661315918
2011-06-14,13.713861465454102
2011-06-15,13.542914390563965
2011-06-16,13.485931396484375
2011-06-17,13.546858787536621
2011-06-20,13.603976249694824
2011-06-21,13.965738296508789
2011-06-22,13.870535850524902
2011-06-23,13.803894996643066
2011-06-24,13.689657211303711
2011-06-27,13.908614158630371
2011-06-28,14.108532905578613
2011-06-29,14.213252067565918
2011-06-30,14.422689437866211
2011-07-01,14.62260913848877
2011-07-05,14.660690307617188
2011-07-06,14.555974006652832
2011-07-07,14.755888938903809
2011-07-08,14.679731369018555
2011-07-11,14.337013244628906
2011-07-12,14.251334190368652
2011-07-13,14.337013244628906
2011-07-14,14.156136512756348
2011-07-15,14.213252067565918
2011-07-18,13.975257873535156
2011-07-19,14.317972183227539
2011-07-20,14.317972183227539
2011-07-21,14.575011253356934
2011-07-22,14.613091468811035
2011-07-25,14.498848915100098
2011-07-26,14.508370399475098
2011-07-27,14.222772598266602
2011-07-28,14.022855758666992
2011-07-29,13.803894996643066
2011-08-01,13.680135726928711
2011-08-02,13.213662147521973
2011-08-03,13.289820671081543
2011-08-04,12.556783676147461
2011-08-05,12.366387367248535
2011-08-08,11.252556800842285
2011-08-09,11.81423282623291
2011-08-10,11.290634155273438
2011-08-11,11.871353149414062
2011-08-12,12.004631042480469
2011-08-15,12.271190643310547
2011-08-16,12.16646957397461
2011-08-17,12.204549789428711
2011-08-18,11.490550994873047
2011-08-19,11.252556800842285
2011-08-22,11.252556800842285
2011-08-23,11.699991226196289
2011-08-24,11.918950080871582
2011-08-25,11.747591018676758
2011-08-26,11.966550827026367
2011-08-29,12.490147590637207
2011-08-30,12.556783676147461
2011-08-31,12.575824737548828
2011-09-01,12.375905990600586
2011-09-02,12.01414966583252
2011-09-06,11.81423282623291
2011-09-07,12.214066505432129
2011-09-08,11.976068496704102
2011-09-09,11.66191291809082
2011-09-12,11.680954933166504
2011-09-13,11.909430503845215
2011-09-14,12.16646957397461
2011-09-15,12.39494800567627
2011-09-16,12.495981216430664
2011-09-19,12.448325157165527
2011-09-20,12.238628387451172
2011-09-21,11.80970573425293
2011-09-22,11.371247291564941
2011-09-23,11.495159149169922
2011-09-26,11.771580696105957
2011-09-27,11.962209701538086
2011-09-28,11.552349090576172
2011-09-29,11.47609806060791
2011-09-30,11.19968032836914
2011-10-03,10.723095893859863
2011-10-04,11.047172546386719
2011-10-05,11.409375190734863
2011-10-06,11.685792922973633
2011-10-07,11.561882972717285
2011-10-10,12.038460731506348
2011-10-11,12.15284538269043
2011-10-12,12.30534839630127
2011-10-13,12.333943367004395
2011-10-14,12.562705993652344
2011-10-17,12.219564437866211
2011-10-18,12.457858085632324
2011-10-19,12.257691383361816
2011-10-20,12.30534839630127
2011-10-21,12.591296195983887
2011-10-24,12.915374755859375
2011-10-25,12.572232246398926
2011-10-26,12.686616897583008
2011-10-27,13.029755592346191
2011-10-28,12.896310806274414
2011-10-31,12.677084922790527
2011-11-01,12.295818328857422
2011-11-02,12.400667190551758
2011-11-03,12.515047073364258
2011-11-04,12.438794136047363
2011-11-07,12.419729232788086
2011-11-08,12.60083293914795
2011-11-09,12.028929710388184
2011-11-10,12.2005033493042
2011-11-11,12.515047073364258
2011-11-14,12.400667190551758
2011-11-15,12.505515098571777
2011-11-16,12.248159408569336
2011-11-17,12.143311500549316
2011-11-18,12.162375450134277
2011-11-21,11.962209701538086
2011-11-22,11.866893768310547
2011-11-23,11.514222145080566
2011-11-25,11.495159149169922
2011-11-28,11.685792922973633
2011-11-29,11.704856872558594
2011-11-30,12.229097366333008
2011-12-01,12.257691383361816
2011-12-02,12.35300350189209
2011-12-05,12.486451148986816
2011-12-06,12.543641090393066
2011-12-07,12.562705993652344
2011-12-08,12.219564437866211
2011-12-09,12.553173065185547
2011-12-12,12.476917266845703
2011-12-13,12.276752471923828
2011-12-14,12.133781433105469
2011-12-15,12.143311500549316
2011-12-16,12.176739692687988
2011-12-19,12.01438045501709
2011-12-20,12.425050735473633
2011-12-21,12.472801208496094
2011-12-22,12.61605453491211
2011-12-23,12.721110343933105
2011-12-27,12.74021053314209
2011-12-28,12.558753967285156
2011-12-29,12.730661392211914
2011-12-30,12.654255867004395
2012-01-03,12.893016815185547
2012-01-04,12.826163291931152
2012-01-05,12.988520622253418
2012-01-06,12.912117004394531
2012-01-09,12.9312162399292
2012-01-10,13.103126525878906
2012-01-11,13.16042709350586
2012-01-12,13.20818042755127
2012-01-13,13.103126525878906
2012-01-17,13.23682975769043
2012-01-18,13.33233642578125
2012-01-19,13.47558879852295
2012-01-20,13.370535850524902
2012-01-23,13.380087852478027
2012-01-24,13.380087852478027
2012-01-25,13.513792991638184
2012-01-26,13.49468994140625
2012-01-27,13.504241943359375
2012-01-30,13.399186134338379
2012-01-31,13.351433753967285
2012-02-01,13.532890319824219
2012-02-02,13.504241943359375
2012-02-03,13.762100219726562
2012-02-06,13.752552032470703
2012-02-07,13.743001937866211
2012-02-08,13.790754318237305
2012-02-09,13.800304412841797
2012-02-10,13.800304412841797
2012-02-13,13.848054885864258
2012-02-14,13.819404602050781
2012-02-15,13.838504791259766
2012-02-16,13.972210884094238
2012-02-17,14.039064407348633
2012-02-21,13.924457550048828
2012-02-22,13.895808219909668
2012-02-23,14.077263832092285
2012-02-24,14.125016212463379
2012-02-27,14.125016212463379
2012-02-28,14.144118309020996
2012-02-29,14.0581636428833
2012-03-01,14.125016212463379
2012-03-02,14.029512405395508
2012-03-05,14.039064407348633
2012-03-06,13.790754318237305
2012-03-07,13.88625717163086
2012-03-08,14.039064407348633
2012-03-09,14.115466117858887
2012-03-12,14.06771469116211
2012-03-13,14.316023826599121
2012-03-14,14.230070114135742
2012-03-15,14.32557487487793
2012-03-16,14.298811912536621
2012-03-19,14.423068046569824
2012-03-20,14.365715026855469
2012-03-21,14.403951644897461
2012-03-22,14.337043762207031
2012-03-23,14.461299896240234
2012-03-26,14.652458190917969
2012-03-27,14.575996398925781
2012-03-28,14.442181587219238
2012-03-29,14.384833335876465
2012-03-30,14.489971160888672
2012-04-02,14.518648147583008
2012-04-03,14.461299896240234
2012-04-04,14.212789535522461
2012-04-05,14.231904029846191
2012-04-09,14.184115409851074
2012-04-10,13.820911407470703
2012-04-11,13.992955207824707
2012-04-12,14.231904029846191
2012-04-13,14.155442237854004
2012-04-16,14.031188011169434
2012-04-17,14.193674087524414
2012-04-18,14.136322975158691
2012-04-19,14.05030345916748
2012-04-20,14.059861183166504
2012-04-23,13.878260612487793
2012-04-24,13.859143257141113
2012-04-25,14.040746688842773
2012-04-26,14.184115409851074
2012-04-27,14.308369636535645
2012-04-30,14.203234672546387
2012-05-01,14.2223482131958
2012-05-02,14.2223482131958
2012-05-03,14.05030345916748
2012-05-04,13.76356315612793
2012-05-07,13.74444580078125
2012-05-08,13.734889030456543
2012-05-09,13.74444580078125
2012-05-10,13.897375106811523
2012-05-11,13.878260612487793
2012-05-14,13.715771675109863
2012-05-15,13.76356315612793
2012-05-16,13.74444580078125
2012-05-17,13.381240844726562
2012-05-18,13.247426986694336
2012-05-21,13.457704544067383
2012-05-22,13.419472694396973
2012-05-23,13.467264175415039
2012-05-24,13.543726921081543
2012-05-25,13.457704544067383
2012-05-29,13.620193481445312
2012-05-30,13.390800476074219
2012-05-31,13.419472694396973
2012-06-01,12.979802131652832
2012-06-04,12.989361763000488
2012-06-05,13.056268692016602
2012-06-06,13.371685028076172
2012-06-07,13.362127304077148
2012-06-08,13.457704544067383
2012-06-11,13.419472694396973
2012-06-12,13.467264175415039
2012-06-13,13.295219421386719
2012-06-14,13.44814682006836
2012-06-15,13.605278968811035
2012-06-18,13.672347068786621
2012-06-19,13.806483268737793
2012-06-20,13.796904563903809
2012-06-21,13.605278968811035
2012-06-22,13.701091766357422
2012-06-25,13.509467124938965
2012-06-26,13.710674285888672
2012-06-27,13.873550415039062
2012-06-28,13.825645446777344
2012-06-29,14.074758529663086
2012-07-02,14.314287185668945
2012-07-03,14.352611541748047
2012-07-05,14.33344841003418
2012-07-06,14.18014907836914
2012-07-09,14.065176963806152
2012-07-10,13.911877632141113
2012-07-11,13.911877632141113
2012-07-12,13.873550415039062
2012-07-13,14.055591583251953
2012-07-16,14.046015739440918
2012-07-17,14.199312210083008
2012-07-18,14.247217178344727
2012-07-19,14.266379356384277
2012-07-20,14.170567512512207
2012-07-23,13.959781646728516
2012-07-24,13.844809532165527
2012-07-25,13.873550415039062
2012-07-26,14.132243156433105
2012-07-27,14.563397407531738
2012-07-30,14.458005905151367
2012-07-31,14.4100980758667
2012-08-01,14.362190246582031
2012-08-02,14.323864936828613
2012-08-03,14.774185180664062
2012-08-06,14.879576683044434
2012-08-07,14.965805053710938
2012-08-08,15.032875061035156
2012-08-09,15.06161880493164
2012-08-10,15.052037239074707
2012-08-13,15.099944114685059
2012-08-14,15.052037239074707
2012-08-15,15.109525680541992
2012-08-16,15.186175346374512
2012-08-17,15.234078407287598
2012-08-20,15.176590919494629
2012-08-21,15.3011474609375
2012-08-22,15.138267517089844
2012-08-23,15.04245662689209
2012-08-24,15.147849082946777
2012-08-27,15.157429695129395
2012-08-28,15.167015075683594
2012-08-29,15.272403717041016
2012-08-30,15.12868595123291
2012-08-31,15.21491813659668
2012-09-04,15.272403717041016
2012-09-05,15.339472770690918
2012-09-06,15.607748985290527
2012-09-07,15.64607048034668
2012-09-10,15.578999519348145
2012-09-11,15.598164558410645
2012-09-12,15.65565299987793
2012-09-13,15.923927307128906
2012-09-14,16.000579833984375
2012-09-17,15.952667236328125
2012-09-18,15.876015663146973
2012-09-19,15.98141098022461
2012-09-20,16.029319763183594
2012-09-21,16.141597747802734
2012-09-24,16.09361457824707
2012-09-25,15.911280632019043
2012-09-26,15.700149536132812
2012-09-27,15.930472373962402
2012-09-28,15.892082214355469
2012-10-01,15.911280632019043
2012-10-02,15.97845458984375
2012-10-03,16.09361457824707
2012-10-04,16.21837043762207
2012-10-05,16.285545349121094
2012-10-08,16.208778381347656
2012-10-09,15.968862533569336
2012-10-10,15.892082214355469
2012-10-11,15.930472373962402
2012-10-12,15.911280632019043
2012-10-15,16.09361457824707
2012-10-16,16.18958282470703
2012-10-17,16.247161865234375
2012-10-18,16.275951385498047
2012-10-19,16.064828872680664
2012-10-22,16.132001876831055
2012-10-23,15.892082214355469
2012-10-24,15.863297462463379
2012-10-25,15.700149536132812
2012-10-26,15.671361923217773
2012-10-31,15.642569541931152
2012-11-01,15.882486343383789
2012-11-02,15.584991455078125
2012-11-05,15.517814636230469
2012-11-06,15.680960655212402
2012-11-07,15.412251472473145
2012-11-08,15.287496566772461
2012-11-09,15.354673385620117
2012-11-12,15.277897834777832
2012-11-13,15.25870418548584
2012-11-14,14.913226127624512
2012-11-15,14.9036283493042
2012-11-16,15.028383255004883
2012-11-19,15.23951244354248
2012-11-20,15.249109268188477
2012-11-21,15.162737846374512
2012-11-23,15.354673385620117
2012-11-26,15.335476875305176
2012-11-27,15.268302917480469
2012-11-28,15.441043853759766
2012-11-29,15.584991455078125
2012-11-30,15.680960655212402
2012-12-03,15.6041841506958
2012-12-04,15.54660415649414
2012-12-05,15.537008285522461
2012-12-06,15.623377799987793
2012-12-07,15.680960655212402
2012-12-10,15.671361923217773
2012-12-11,15.786524772644043
2012-12-12,15.786524772644043
2012-12-13,15.671361923217773
2012-12-14,15.748133659362793
2012-12-17,15.997651100158691
2012-12-18,16.151199340820312
2012-12-19,16.103214263916016
2012-12-20,16.18958282470703
2012-12-21,15.99113655090332
2012-12-24,15.981510162353516
2012-12-26,15.904440879821777
2012-12-27,15.894807815551758
2012-12-28,15.769577026367188
2012-12-31,16.077836990356445
2013-01-02,16.511333465576172
2013-01-03,16.424636840820312
2013-01-04,16.47279930114746
2013-01-07,16.395734786987305
2013-01-08,16.40536117553711
2013-01-09,16.492067337036133
2013-01-10,16.54986572265625
2013-01-11,16.578763961791992
2013-01-14,16.56913185119629
2013-01-15,16.54986572265625
2013-01-16,16.501699447631836
2013-01-17,16.723262786865234
2013-01-18,16.694360733032227
2013-01-22,16.76179313659668
2013-01-23,16.848493576049805
2013-01-24,16.867761611938477
2013-01-25,16.935190200805664
2013-01-28,16.94483184814453
2013-01-29,16.867761611938477
2013-01-30,16.78106117248535
2013-01-31,16.771425247192383
2013-02-01,16.983356475830078
2013-02-04,16.62693214416504
2013-02-05,16.75216293334961
2013-02-06,16.79070281982422
2013-02-07,16.771425247192383
2013-02-08,16.935190200805664
2013-02-11,17.041156768798828
2013-02-12,17.137489318847656
2013-02-13,17.214555740356445
2013-02-14,17.416852951049805
2013-02-15,17.532453536987305
2013-02-19,17.628780364990234
2013-02-20,17.474651336669922
2013-02-21,17.214555740356445
2013-02-22,17.426485061645508
2013-02-25,17.147127151489258
2013-02-26,17.176025390625
2013-02-27,17.378320693969727
2013-02-28,17.426485061645508
2013-03-01,17.57098388671875
2013-03-04,17.754016876220703
2013-03-05,17.994848251342773
2013-03-06,17.9659481048584
2013-03-07,18.02374839782715
2013-03-08,18.197145462036133
2013-03-11,18.15860939025879
2013-03-12,18.052644729614258
2013-03-13,18.15860939025879
2013-03-14,18.30310821533203
2013-03-15,18.212528228759766
2013-03-18,18.260713577270508
2013-03-19,18.193252563476562
2013-03-20,18.47271156311035
2013-03-21,18.385984420776367
2013-03-22,18.530519485473633
2013-03-25,18.60761260986328
2013-03-26,18.73288917541504
2013-03-27,18.80997657775879
2013-03-28,18.896699905395508
2013-04-01,18.636520385742188
2013-04-02,18.636520385742188
2013-04-03,18.308887481689453
2013-04-04,18.434162139892578
2013-04-05,18.463069915771484
2013-04-08,18.54979705810547
2013-04-09,18.54979705810547
2013-04-10,18.90633773803711
2013-04-11,19.108701705932617
2013-04-12,19.282155990600586
2013-04-15,18.742523193359375
2013-04-16,19.03160858154297
2013-04-17,18.79069709777832
2013-04-18,18.501617431640625
2013-04-19,18.88707160949707
2013-04-22,19.108701705932617
2013-04-23,19.397789001464844
2013-04-24,19.37851905822754
2013-04-25,19.45560646057129
2013-04-26,19.426698684692383
2013-04-29,19.40742301940918
2013-04-30,19.37851905822754
2013-05-01,19.330331802368164
2013-05-02,19.61942481994629
2013-05-03,19.87959861755371
2013-05-06,19.908512115478516
2013-05-07,20.053054809570312
2013-05-08,19.937419891357422
2013-05-09,19.956689834594727
2013-05-10,20.207233428955078
2013-05-13,20.178329467773438
2013-05-14,20.33250617980957
2013-05-15,20.457780838012695
2013-05-16,20.1590518951416
2013-05-17,20.313234329223633
2013-05-20,20.226503372192383
2013-05-21,20.322872161865234
2013-05-22,19.937419891357422
2013-05-23,19.985595703125
2013-05-24,20.004873275756836
2013-05-28,20.303598403930664
2013-05-29,20.072324752807617
2013-05-30,20.12050437927246
2013-05-31,19.918148040771484
2013-06-03,19.8217830657959
2013-06-04,19.773605346679688
2013-06-05,19.37851905822754
2013-06-06,19.629056930541992
2013-06-07,19.94705581665039
2013-06-10,19.869966506958008
2013-06-11,19.64832878112793
2013-06-12,19.32069969177246
2013-06-13,20.101238250732422
2013-06-14,20.12050437927246
2013-06-17,20.274688720703125
2013-06-18,20.52523422241211
2013-06-19,20.361413955688477
2013-06-20,19.8410587310791
2013-06-21,19.897048950195312
2013-06-24,19.665353775024414
2013-06-25,19.77154541015625
2013-06-26,19.954973220825195
2013-06-27,20.244598388671875
2013-06-28,20.244598388671875
2013-07-01,20.456985473632812
2013-07-02,20.476295471191406
2013-07-03,20.65972328186035
2013-07-05,20.881765365600586
2013-07-08,21.094154357910156
2013-07-09,21.200355529785156
2013-07-10,21.152080535888672
2013-07-11,21.451356887817383
2013-07-12,21.789249420166016
2013-07-15,21.789249420166016
2013-07-16,21.567209243774414
2013-07-17,21.760290145874023
2013-07-18,21.856826782226562
2013-07-19,21.683053970336914
2013-07-22,21.60582160949707
2013-07-23,21.518932342529297
2013-07-24,21.441699981689453
2013-07-25,21.509279251098633
2013-07-26,21.567209243774414
2013-07-29,21.432048797607422
2013-07-30,21.345163345336914
2013-07-31,21.489971160888672
2013-08-01,21.885784149169922
2013-08-02,22.02094268798828
2013-08-05,21.963022232055664
2013-08-06,21.779590606689453
2013-08-07,21.789249420166016
2013-08-08,21.808555603027344
2013-08-09,21.740976333618164
2013-08-12,21.8471736907959
2013-08-13,21.798904418945312
2013-08-14,21.586509704589844
2013-08-15,21.07485008239746
2013-08-16,21.094154357910156
2013-08-19,21.01692008972168
2013-08-20,21.22931480407715
2013-08-21,21.142423629760742
2013-08-22,21.451356887817383
2013-08-23,21.538240432739258
2013-08-26,21.461008071899414
2013-08-27,21.00726890563965
2013-08-28,21.045881271362305
2013-08-29,21.200355529785156
2013-08-30,21.02657699584961
2013-09-03,21.238964080810547
2013-09-04,21.412742614746094
2013-09-05,21.55754852294922
2013-09-06,21.576858520507812
2013-09-09,21.750633239746094
2013-09-10,22.001636505126953
2013-09-11,22.107830047607422
2013-09-12,22.011295318603516
2013-09-13,22.04991340637207
2013-09-16,22.069215774536133
2013-09-17,22.271949768066406
2013-09-18,22.42641830444336
2013-09-19,22.49399757385254
2013-09-20,22.432167053222656
2013-09-23,22.248611450195312
2013-09-24,22.325899124145508
2013-09-25,22.296916961669922
2013-09-26,22.577077865600586
2013-09-27,22.596397399902344
2013-09-30,22.48047637939453
2013-10-01,22.828256607055664
2013-10-02,22.934524536132812
2013-10-03,22.528776168823242
2013-10-04,22.78961753845215
2013-10-07,22.41284942626953
2013-10-08,21.852527618408203
2013-10-09,21.804224014282227
2013-10-10,22.41284942626953
2013-10-11,22.567419052124023
2013-10-14,22.741313934326172
2013-10-15,22.70266342163086
2013-10-16,22.95384407043457
2013-10-17,23.089096069335938
2013-10-18,23.465866088867188
2013-10-21,23.63009262084961
2013-10-22,23.639753341674805
2013-10-23,23.494840621948242
2013-10-24,23.572132110595703
2013-10-25,23.417560577392578
2013-10-28,23.311290740966797
2013-10-29,23.55280876159668
2013-10-30,23.137393951416016
2013-10-31,23.26298713684082
2013-11-01,23.3692569732666
2013-11-04,23.456205368041992
2013-11-05,23.34027099609375
2013-11-06,23.388578414916992
2013-11-07,22.828256607055664
2013-11-08,23.349931716918945
2013-11-11,23.349931716918945
2013-11-12,23.388578414916992
2013-11-13,23.852291107177734
2013-11-14,23.95855712890625
2013-11-15,24.02618408203125
2013-11-18,23.813648223876953
2013-11-19,23.659074783325195
2013-11-20,23.54315185546875
2013-11-21,23.832969665527344
2013-11-22,24.093809127807617
2013-11-25,23.929580688476562
2013-11-26,24.20973777770996
2013-11-27,24.335323333740234
2013-11-29,24.325668334960938
2013-12-02,24.093809127807617
2013-12-03,23.88127326965332
2013-12-04,23.82331085205078
2013-12-05,23.746023178100586
2013-12-06,24.074487686157227
2013-12-09,24.084152221679688
2013-12-10,24.161436080932617
2013-12-11,23.900592803955078
2013-12-12,23.890933990478516
2013-12-13,23.95855712890625
2013-12-16,24.14211654663086
2013-12-17,24.19041633605957
2013-12-18,24.644474029541016
2013-12-19,24.760398864746094
2013-12-20,25.024372100830078
2013-12-23,25.314451217651367
2013-12-24,25.382143020629883
2013-12-26,25.469167709350586
2013-12-27,25.469167709350586
2013-12-30,25.594867706298828
2013-12-31,25.749574661254883
2014-01-02,25.527179718017578
2014-01-03,25.55618667602539
2014-01-06,25.43048667907715
2014-01-07,25.565860748291016
2014-01-08,25.43048667907715
2014-01-09,25.266109466552734
2014-01-10,25.353130340576172
2014-01-13,24.85032844543457
2014-01-14,25.14040756225586
2014-01-15,25.111398696899414
2014-01-16,25.024372100830078
2014-01-17,24.85032844543457
2014-01-21,24.77297019958496
2014-01-22,25.024372100830078
2014-01-23,24.724628448486328
2014-01-24,24.15412712097168
2014-01-27,23.893049240112305
2014-01-28,24.163801193237305
2014-01-29,23.8543758392334
2014-01-30,24.328174591064453
2014-01-31,24.231481552124023
2014-02-03,23.399919509887695
2014-02-04,23.680328369140625
2014-02-05,23.728675842285156
2014-02-06,24.231481552124023
2014-02-07,24.415205001831055
2014-02-10,24.357187271118164
2014-02-11,24.308839797973633
2014-02-12,24.453882217407227
2014-02-13,24.782636642456055
2014-02-14,24.85032844543457
2014-02-18,25.05337905883789
2014-02-19,24.85999298095703
2014-02-20,25.256439208984375
2014-02-21,25.237102508544922
2014-02-24,25.411148071289062
2014-02-25,25.285446166992188
2014-02-26,25.217763900756836
2014-02-27,25.372467041015625
2014-02-28,25.55618667602539
2014-03-03,25.19841957092285
2014-03-04,25.691560745239258
2014-03-05,25.846271514892578
2014-03-06,25.90428924560547
2014-03-07,25.807592391967773
2014-03-10,25.652883529663086
2014-03-11,25.449827194213867
2014-03-12,25.411148071289062
2014-03-13,24.966352462768555
2014-03-14,24.966352462768555
2014-03-17,25.024372100830078
2014-03-18,25.169416427612305
2014-03-19,24.908336639404297
2014-03-20,24.93735122680664
2014-03-21,24.67904281616211
2014-03-24,24.21468162536621
2014-03-25,24.030868530273438
2014-03-26,23.90510368347168
2014-03-27,23.759994506835938
2014-03-28,23.827709197998047
2014-03-31,24.040544509887695
2014-04-01,24.466211318969727
2014-04-02,24.408164978027344
2014-04-03,24.146961212158203
2014-04-04,23.556827545166016
2014-04-07,23.150510787963867
2014-04-08,23.373022079467773
2014-04-09,23.856733322143555
2014-04-10,23.034420013427734
2014-04-11,22.58940887451172
2014-04-14,22.802236557006836
2014-04-15,22.86028480529785
2014-04-16,23.382694244384766
2014-04-17,23.42139434814453
2014-04-21,23.46009063720703
2014-04-22,23.759994506835938
2014-04-23,23.53748321533203
2014-04-24,23.431066513061523
2014-04-25,22.840938568115234
2014-04-28,22.618427276611328
2014-04-29,22.840938568115234
2014-04-30,23.034420013427734
2014-05-01,23.005401611328125
2014-05-02,23.005401611328125
2014-05-05,23.063446044921875
2014-05-06,22.724843978881836
2014-05-07,22.618427276611328
2014-05-08,22.579730987548828
2014-05-09,22.74419403076172
2014-05-12,23.17953109741211
2014-05-13,23.034420013427734
2014-05-14,22.753873825073242
2014-05-15,22.512014389038086
2014-05-16,22.599079132080078
2014-05-19,22.78289031982422
2014-05-20,22.58940887451172
2014-05-21,22.937681198120117
2014-05-22,23.10213851928711
2014-05-23,23.40204429626465
2014-05-27,23.663244247436523
2014-05-28,23.566511154174805
2014-05-29,23.634225845336914
2014-05-30,23.42139434814453
2014-06-02,23.47943687438965
2014-06-03,23.411720275878906
2014-06-04,23.40204429626465
2014-06-05,23.643898010253906
2014-06-06,23.643898010253906
2014-06-09,23.80836296081543
2014-06-10,23.856733322143555
2014-06-11,23.77933692932129
2014-06-12,23.556827545166016
2014-06-13,23.527809143066406
2014-06-16,23.556827545166016
2014-06-17,23.663244247436523
2014-06-18,23.876081466674805
2014-06-19,23.856733322143555
2014-06-20,23.81797218322754
2014-06-23,23.866424560546875
2014-06-24,23.81797218322754
2014-06-25,24.302474975585938
2014-06-26,24.244333267211914
2014-06-27,24.476896286010742
2014-06-30,24.544719696044922
2014-07-01,24.80635643005371
2014-07-02,24.796663284301758
2014-07-03,24.96139144897461
2014-07-07,24.65131187438965
2014-07-08,24.302474975585938
2014-07-09,24.602863311767578
2014-07-10,24.40906524658203
2014-07-11,24.46720314025879
2014-07-14,24.486583709716797
2014-07-15,24.379993438720703
2014-07-16,24.748214721679688
2014-07-17,24.69007110595703
2014-07-18,24.96139144897461
2014-07-21,24.874181747436523
2014-07-22,24.942012786865234
2014-07-23,24.835420608520508
2014-07-24,24.92262840270996
2014-07-25,24.748214721679688
2014-07-28,24.78697395324707
2014-07-29,24.670690536499023
2014-07-30,24.757898330688477
2014-07-31,24.418752670288086
2014-08-01,24.331544876098633
2014-08-04,24.65131187438965
2014-08-05,24.43813133239746
2014-08-06,24.1280517578125
2014-08-07,23.82766342163086
2014-08-08,24.06991195678711
2014-08-11,24.09898567199707
2014-08-12,23.85673713684082
2014-08-13,24.03115463256836
2014-08-14,24.2540225982666
2014-08-15,24.28309440612793
2014-08-18,24.544719696044922
2014-08-19,24.55441665649414
2014-08-20,24.59317398071289
2014-08-21,24.622241973876953
2014-08-22,24.56410026550293
2014-08-25,24.486583709716797
2014-08-26,24.496273040771484
2014-08-27,24.55441665649414
2014-08-28,24.476896286010742
2014-08-29,24.535032272338867
2014-09-02,24.670690536499023
2014-09-03,24.602863311767578
2014-09-04,24.535032272338867
2014-09-05,24.709453582763672
2014-09-08,24.699764251708984
2014-09-09,24.486583709716797
2014-09-10,24.6125545501709
2014-09-11,24.66100311279297
2014-09-12,24.71914291381836
2014-09-15,24.4575138092041
2014-09-16,24.583480834960938
2014-09-17,24.57379150390625
2014-09-18,24.55441665649414
2014-09-19,24.563142776489258
2014-09-22,24.12676429748535
2014-09-23,23.952211380004883
2014-09-24,24.165552139282227
2014-09-25,23.80675506591797
2014-09-26,24.0297908782959
2014-09-29,24.06858253479004
2014-09-30,23.971607208251953
2014-10-01,23.535232543945312
2014-10-02,23.574018478393555
2014-10-03,23.952211380004883
2014-10-06,23.767967224121094
2014-10-07,23.50613784790039
2014-10-08,23.835847854614258
2014-10-09,23.341289520263672
2014-10-10,22.8176326751709
2014-10-13,22.41035270690918
2014-10-14,22.55580711364746
2014-10-15,22.710968017578125
2014-10-16,22.507322311401367
2014-10-17,22.77884864807129
2014-10-20,23.05036735534668
2014-10-21,23.515838623046875
2014-10-22,23.205524444580078
2014-10-23,23.622512817382812
2014-10-24,23.767967224121094
2014-10-27,23.700088500976562
2014-10-28,23.952211380004883
2014-10-29,23.826147079467773
2014-10-30,23.87464141845703
2014-10-31,24.2043399810791
2014-11-03,24.165552139282227
2014-11-04,23.90372657775879
2014-11-05,23.90372657775879
2014-11-06,23.90372657775879
2014-11-07,23.932819366455078
2014-11-10,23.971607208251953
2014-11-11,23.94251823425293
2014-11-12,24.097671508789062
2014-11-13,24.08797264099121
2014-11-14,24.2722225189209
2014-11-17,24.165552139282227
2014-11-18,24.29161834716797
2014-11-19,24.28192138671875
2014-11-20,24.2722225189209
2014-11-21,24.311012268066406
2014-11-24,24.61162757873535
2014-11-25,24.7570858001709
2014-11-26,24.960731506347656
2014-11-28,24.989818572998047
2014-12-01,24.69890022277832
2014-12-02,24.815271377563477
2014-12-03,24.873451232910156
2014-12-04,24.61162757873535
2014-12-05,24.69890022277832
2014-12-08,24.45647430419922
2014-12-09,24.543745040893555
2014-12-10,24.252830505371094
2014-12-11,24.359500885009766
2014-12-12,24.18494987487793
2014-12-15,24.06858253479004
2014-12-16,23.826147079467773
2014-12-17,24.301315307617188
2014-12-18,24.64072036743164
2014-12-19,24.792329788208008
2014-12-22,24.879802703857422
2014-12-23,25.006139755249023
2014-12-24,25.03529930114746
2014-12-26,25.15191650390625
2014-12-29,25.239389419555664
2014-12-30,25.093610763549805
2014-12-31,24.86035919189453
2015-01-02,24.568801879882812
2015-01-05,24.121742248535156
2015-01-06,23.74271583557129
2015-01-07,23.917648315429688
2015-01-08,24.384153366088867
2015-01-09,24.335554122924805
2015-01-12,24.218929290771484
2015-01-13,24.481332778930664
2015-01-14,24.04399299621582
2015-01-15,23.801025390625
2015-01-16,24.07314682006836
2015-01-20,23.9273738861084
2015-01-21,24.063432693481445
2015-01-22,24.520204544067383
2015-01-23,24.54936408996582
2015-01-26,24.656267166137695
2015-01-27,24.40358543395996
2015-01-28,24.03427505493164
2015-01-29,24.238367080688477
2015-01-30,23.820466995239258
2015-02-02,24.04399299621582
2015-02-03,24.695144653320312
2015-02-04,24.811767578125
2015-02-05,24.821489334106445
2015-02-06,24.928390502929688
2015-02-09,24.95755386352539
2015-02-10,25.12276840209961
2015-02-11,25.12276840209961
2015-02-12,25.414323806762695
2015-02-13,25.637855529785156
2015-02-17,25.598981857299805
2015-02-18,25.735042572021484
2015-02-19,25.822507858276367
2015-02-20,25.98772430419922
2015-02-23,25.89054298400879
2015-02-24,25.939136505126953
2015-02-25,26.03632164001465
2015-02-26,26.046039581298828
2015-02-27,25.90998077392578
2015-03-02,26.13350486755371
2015-03-03,26.094635009765625
2015-03-04,25.98772430419922
2015-03-05,25.919694900512695
2015-03-06,25.71560287475586
2015-03-09,25.89054298400879
2015-03-10,25.424043655395508
2015-03-11,25.43376350402832
2015-03-12,25.90026092529297
2015-03-13,25.744760513305664
2015-03-16,26.03632164001465
2015-03-17,26.01688575744629
2015-03-18,26.337600708007812
2015-03-19,26.327877044677734
2015-03-20,26.525630950927734
2015-03-23,26.437959671020508
2015-03-24,26.26261329650879
2015-03-25,25.843738555908203
2015-03-26,25.736581802368164
2015-03-27,25.931413650512695
2015-03-30,26.174943923950195
2015-03-31,26.087270736694336
2015-04-01,25.911928176879883
2015-04-02,26.213911056518555
2015-04-06,26.243131637573242
2015-04-07,26.116493225097656
2015-04-08,26.204166412353516
2015-04-09,26.243131637573242
2015-04-10,26.39899253845215
2015-04-13,26.272354125976562
2015-04-14,26.243131637573242
2015-04-15,26.30158042907715
2015-04-16,26.32105827331543
2015-04-17,25.892446517944336
2015-04-20,26.174943923950195
2015-04-21,26.272354125976562
2015-04-22,26.2820987701416
2015-04-23,26.408735275268555
2015-04-24,26.51589012145996
2015-04-27,26.437959671020508
2015-04-28,26.437959671020508
2015-04-29,26.26261329650879
2015-04-30,26.028823852539062
2015-05-01,25.98011589050293
2015-05-04,26.058046340942383
2015-05-05,25.726842880249023
2015-05-06,25.619688034057617
2015-05-07,25.70735740661621
2015-05-08,25.843738555908203
2015-05-11,25.795032501220703
2015-05-12,25.843738555908203
2015-05-13,25.833995819091797
2015-05-14,26.087270736694336
2015-05-15,26.174943923950195
2015-05-18,26.32105827331543
2015-05-19,26.350284576416016
2015-05-20,26.671751022338867
2015-05-21,26.623044967651367
2015-05-22,26.632783889770508
2015-05-26,26.59381866455078
2015-05-27,26.82761001586914
2015-05-28,26.817873001098633
2015-05-29,26.662012100219727
2015-06-01,26.769161224365234
2015-06-02,26.73994255065918
2015-06-03,26.876317977905273
2015-06-04,26.75942039489746
2015-06-05,26.84709358215332
2015-06-08,26.564599990844727
2015-06-09,26.457439422607422
2015-06-10,26.59381866455078
2015-06-11,26.652265548706055
2015-06-12,26.574337005615234
2015-06-15,26.39899253845215
2015-06-16,26.535371780395508
2015-06-17,26.584081649780273
2015-06-18,26.817873001098633
2015-06-19,26.733869552612305
2015-06-22,26.831546783447266
2015-06-23,26.821779251098633
2015-06-24,26.528751373291016
2015-06-25,26.606887817382812
2015-06-26,26.7827091217041
2015-06-29,26.16735076904297
2015-06-30,26.294326782226562
2015-07-01,26.49944496154785
2015-07-02,26.323631286621094
2015-07-06,26.19664764404297
2015-07-07,26.265026092529297
2015-07-08,25.864553451538086
2015-07-09,26.030601501464844
2015-07-10,26.460372924804688
2015-07-13,26.7827091217041
2015-07-14,26.812009811401367
2015-07-15,26.880382537841797
2015-07-16,27.105037689208984
2015-07-17,27.153873443603516
2015-07-20,27.105037689208984
2015-07-21,26.8706111907959
2015-07-22,26.890153884887695
2015-07-23,26.68503189086914
2015-07-24,26.47991180419922
2015-07-27,26.225955963134766
2015-07-28,26.460372924804688
2015-07-29,26.450611114501953
2015-07-30,26.616657257080078
2015-07-31,26.59712028503418
2015-08-03,26.518983840942383
2015-08-04,26.47991180419922
2015-08-05,25.981765747070312
2015-08-06,25.31757164001465
2015-08-07,25.278499603271484
2015-08-10,25.512924194335938
2015-08-11,25.239431381225586
2015-08-12,25.17105484008789
2015-08-13,25.112449645996094
2015-08-14,25.034311294555664
2015-08-17,25.346874237060547
2015-08-18,25.073381423950195
2015-08-19,24.897563934326172
2015-08-20,23.959877014160156
2015-08-21,23.461729049682617
2015-08-24,22.592411041259766
2015-08-25,22.572879791259766
2015-08-26,23.100326538085938
2015-08-27,23.53010368347168
2015-08-28,23.784059524536133
2015-08-31,23.66684913635254
2015-09-01,23.100326538085938
2015-09-02,23.39335823059082
2015-09-03,23.62778091430664
2015-09-04,23.432422637939453
2015-09-08,23.920804977416992
2015-09-09,23.61800765991211
2015-09-10,23.63754653930664
2015-09-11,23.66684913635254
2015-09-14,23.608243942260742
2015-09-15,23.989179611206055
2015-09-16,24.223602294921875
2015-09-17,24.506860733032227
2015-09-18,24.20189094543457
2015-09-21,24.270315170288086
2015-09-22,24.016176223754883
2015-09-23,23.957529067993164
2015-09-24,23.67406463623047
2015-09-25,23.478572845458984
2015-09-28,22.833450317382812
2015-09-29,22.843223571777344
2015-09-30,23.40037727355957
2015-10-01,23.439476013183594
2015-10-02,23.85000991821289
2015-10-05,24.28986358642578
2015-10-06,24.20189094543457
2015-10-07,24.4853572845459
2015-10-08,24.788368225097656
2015-10-09,24.82746696472168
2015-10-12,24.964311599731445
2015-10-13,24.954538345336914
2015-10-14,24.671072006225586
2015-10-15,25.110931396484375
2015-10-16,25.18912696838379
2015-10-19,25.218454360961914
2015-10-20,25.13047981262207
2015-10-21,24.788368225097656
2015-10-22,25.101154327392578
2015-10-23,25.472591400146484
2015-10-26,25.658309936523438
2015-10-27,25.413942337036133
2015-10-28,25.89289665222168
2015-10-29,26.000415802001953
2015-10-30,25.824478149414062
2015-11-02,26.04929542541504
2015-11-03,26.15681266784668
2015-11-04,25.89289665222168
2015-11-05,25.844024658203125
2015-11-06,26.01019287109375
2015-11-09,25.736501693725586
2015-11-10,25.9417724609375
2015-11-11,26.04929542541504
2015-11-12,25.746280670166016
2015-11-13,25.413942337036133
2015-11-16,25.648530960083008
2015-11-17,25.609434127807617
2015-11-18,25.922222137451172
2015-11-19,25.775604248046875
2015-11-20,25.85379981994629
2015-11-23,25.824478149414062
2015-11-24,25.775604248046875
2015-11-25,25.87334442138672
2015-11-27,25.83424949645996
2015-11-30,25.619205474853516
2015-12-01,25.990644454956055
2015-12-02,25.648530960083008
2015-12-03,25.267324447631836
2015-12-04,25.648530960083008
2015-12-07,25.511690139770508
2015-12-08,25.18912696838379
2015-12-09,24.847015380859375
2015-12-10,24.983858108520508
2015-12-11,24.358287811279297
2015-12-14,24.13347053527832
2015-12-15,24.49513053894043
2015-12-16,24.954538345336914
2015-12-17,24.58310317993164
2015-12-18,24.17639923095703
2015-12-21,24.11745262145996
2015-12-22,24.412166595458984
2015-12-23,24.579174041748047
2015-12-24,24.677413940429688
2015-12-28,24.628292083740234
2015-12-29,24.854238510131836
2015-12-30,24.667587280273438
2015-12-31,24.697057723999023
2016-01-04,24.0093936920166
2016-01-05,23.989744186401367
2016-01-06,23.881681442260742
2016-01-07,23.439613342285156
2016-01-08,23.321725845336914
2016-01-11,23.33155059814453
2016-01-12,23.547670364379883
2016-01-13,22.791236877441406
2016-01-14,23.095781326293945
2016-01-15,22.575117111206055
2016-01-19,22.447406768798828
2016-01-20,22.300048828125
2016-01-21,22.40810775756836
2016-01-22,22.987712860107422
2016-01-25,22.50634765625
2016-01-26,22.95824432373047
2016-01-27,22.58493995666504
2016-01-28,22.732295989990234
2016-01-29,23.243133544921875
2016-02-01,23.42978858947754
2016-02-02,22.830533981323242
2016-02-03,22.97789192199707
2016-02-04,22.879653930664062
2016-02-05,21.985687255859375
2016-02-08,21.298019409179688
2016-02-09,20.865772247314453
2016-02-10,20.865772247314453
2016-02-11,20.895248413085938
2016-02-12,21.199779510498047
2016-02-16,21.730268478393555
2016-02-17,22.172338485717773
2016-02-18,21.92674446105957
2016-02-19,21.99551010131836
2016-02-22,22.457233428955078
2016-02-23,22.3196964263916
2016-02-24,22.53582000732422
2016-02-25,22.457233428955078
2016-02-26,22.5260009765625
2016-02-29,22.594764709472656
2016-03-01,23.046659469604492
2016-03-02,23.036834716796875
2016-03-03,23.390491485595703
2016-03-04,23.449432373046875
2016-03-07,23.51820182800293
2016-03-08,23.154720306396484
2016-03-09,23.33155059814453
2016-03-10,23.18419075012207
2016-03-11,23.577144622802734
2016-03-14,23.616439819335938
2016-03-15,23.351198196411133
2016-03-16,23.665559768676758
2016-03-17,23.82274055480957
2016-03-18,23.85221290588379
2016-03-21,23.77362060546875
2016-03-22,23.695032119750977
2016-03-23,23.380664825439453
2016-03-24,23.410137176513672
2016-03-28,23.58696937561035
2016-03-29,23.920978546142578
2016-03-30,23.90133285522461
2016-03-31,23.94062614440918
2016-04-01,24.11745262145996
2016-04-04,23.862035751342773
2016-04-05,23.645910263061523
2016-04-06,23.930805206298828
2016-04-07,23.53784942626953
2016-04-08,23.58696937561035
2016-04-11,23.478906631469727
2016-04-12,23.626266479492188
2016-04-13,24.087984085083008
2016-04-14,23.97991943359375
2016-04-15,24.029037475585938
2016-04-18,24.235340118408203
2016-04-19,24.196044921875
2016-04-20,24.235340118408203
2016-04-21,24.343406677246094
2016-04-22,24.461286544799805
2016-04-25,24.43181800842285
2016-04-26,24.441638946533203
2016-04-27,24.63811492919922
2016-04-28,24.706880569458008
2016-04-29,24.677413940429688
2016-05-02,24.91318130493164
2016-05-03,24.657764434814453
2016-05-04,24.569353103637695
2016-05-05,24.677413940429688
2016-05-06,24.893537521362305
2016-05-09,24.765825271606445
2016-05-10,25.040891647338867
2016-05-11,24.79529571533203
2016-05-12,24.510406494140625
2016-05-13,24.31393051147461
2016-05-16,24.372873306274414
2016-05-17,24.225515365600586
2016-05-18,23.94062614440918
2016-05-19,23.763797760009766
2016-05-20,24.087984085083008
2016-05-23,23.950448989868164
2016-05-24,24.33357810974121
2016-05-25,24.372873306274414
2016-05-26,24.43181800842285
2016-05-27,24.677413940429688
2016-05-31,24.79529571533203
2016-06-01,24.824769973754883
2016-06-02,24.96230125427246
2016-06-03,24.775650024414062
2016-06-06,24.893537521362305
2016-06-07,24.775650024414062
2016-06-08,24.893537521362305
2016-06-09,24.79529571533203
2016-06-10,24.36305046081543
2016-06-13,24.127277374267578
2016-06-14,24.21569061279297
2016-06-15,24.27463722229004
2016-06-16,24.304105758666992
2016-06-17,24.097806930541992
2016-06-20,24.421995162963867
2016-06-21,24.20587158203125
2016-06-22,24.254985809326172
2016-06-23,24.559524536132812
2016-06-24,23.626266479492188
2016-06-27,22.918947219848633
2016-06-28,23.17436981201172
2016-06-29,23.714675903320312
2016-06-30,24.11745262145996
2016-07-01,24.18621826171875
2016-07-05,23.960269927978516
2016-07-06,24.11745262145996
2016-07-07,24.33357810974121
2016-07-08,24.834592819213867
2016-07-11,25.031070709228516
2016-07-12,25.26683807373047
2016-07-13,25.168601989746094
2016-07-14,25.26683807373047
2016-07-15,25.10965919494629
2016-07-18,25.19807243347168
2016-07-19,25.168601989746094
2016-07-20,25.247190475463867
2016-07-21,25.158781051635742
2016-07-22,25.276662826538086
2016-07-25,25.119483947753906
2016-07-26,25.19807243347168
2016-07-27,25.10965919494629
2016-07-28,24.972124099731445
2016-07-29,24.94265365600586
2016-08-01,24.94265365600586
2016-08-02,24.706880569458008
2016-08-03,24.923006057739258
2016-08-04,24.73635482788086
2016-08-05,25.001596450805664
2016-08-08,24.96230125427246
2016-08-09,24.80512237548828
2016-08-10,24.824769973754883
2016-08-11,25.090011596679688
2016-08-12,25.14895248413086
2016-08-15,25.276662826538086
2016-08-16,25.10965919494629
2016-08-17,25.10965919494629
2016-08-18,25.080188751220703
2016-08-19,25.070363998413086
2016-08-22,24.96230125427246
2016-08-23,25.01141929626465
2016-08-24,24.74617576599121
2016-08-25,24.74617576599121
2016-08-26,24.667587280273438
2016-08-29,24.706880569458008
2016-08-30,24.775650024414062
2016-08-31,24.706880569458008
2016-09-01,24.73635482788086
2016-09-02,25.01141929626465
2016-09-06,25.031070709228516
2016-09-07,25.168601989746094
2016-09-08,25.10965919494629
2016-09-09,24.471113204956055
2016-09-12,24.824769973754883
2016-09-13,24.36305046081543
2016-09-14,24.412166595458984
2016-09-15,24.58899688720703
2016-09-16,24.512243270874023
2016-09-19,24.463041305541992
2016-09-20,24.36463737487793
2016-09-21,24.61064910888672
2016-09-22,24.896015167236328
2016-09-23,24.836973190307617
2016-09-26,24.679529190063477
2016-09-27,24.896015167236328
2016-09-28,25.122343063354492
2016-09-29,25.014097213745117
2016-09-30,25.132183074951172
2016-10-03,25.191225051879883
2016-10-04,25.092823028564453
2016-10-05,25.171541213989258
2016-10-06,25.08298110961914
2016-10-07,24.88617706298828
2016-10-10,24.974735260009766
2016-10-11,24.53192138671875
2016-10-12,24.541767120361328
2016-10-13,24.3941593170166
2016-10-14,24.3941593170166
2016-10-17,24.315439224243164
2016-10-18,24.384323120117188
2016-10-19,24.522083282470703
2016-10-20,24.45319938659668
2016-10-21,24.640167236328125
2016-10-24,24.75824737548828
2016-10-25,24.630325317382812
2016-10-26,24.53192138671875
2016-10-27,24.10879135131836
2016-10-28,24.19735336303711
2016-10-31,24.23671531677246
2016-11-01,23.990705490112305
2016-11-02,23.784059524536133
2016-11-03,23.63645362854004
2016-11-04,23.793895721435547
2016-11-07,24.315439224243164
2016-11-08,24.482723236083984
2016-11-09,24.659847259521484
2016-11-10,24.640167236328125
2016-11-11,24.95505714416504
2016-11-14,25.092823028564453
2016-11-15,25.250267028808594
2016-11-16,25.319149017333984
2016-11-17,25.604520797729492
2016-11-18,25.54547691345215
2016-11-21,25.604520797729492
2016-11-22,25.811166763305664
2016-11-23,25.850528717041016
2016-11-25,25.791481018066406
2016-11-28,25.722599029541016
2016-11-29,25.850528717041016
2016-11-30,25.5848388671875
2016-12-01,25.201066970825195
2016-12-02,25.00425910949707
2016-12-05,25.328989028930664
2016-12-06,25.456912994384766
2016-12-07,25.8898868560791
2016-12-08,26.145734786987305
2016-12-09,26.135892868041992
2016-12-12,25.722599029541016
2016-12-13,26.037494659423828
2016-12-14,26.027650833129883
2016-12-15,26.017812728881836
2016-12-16,25.968608856201172
2016-12-19,25.968608856201172
2016-12-20,26.175256729125977
2016-12-21,26.204776763916016
2016-12-22,26.057174682617188
2016-12-23,26.04732894897461
2016-12-27,26.244138717651367
2016-12-28,26.04732894897461
2016-12-29,26.037494659423828
2016-12-30,25.791481018066406
2017-01-03,26.0670108795166
2017-01-04,26.401582717895508
2017-01-05,26.362224578857422
2017-01-06,26.431106567382812
2017-01-09,26.401582717895508
2017-01-10,26.499988555908203
2017-01-11,26.598390579223633
2017-01-12,26.618072509765625
2017-01-13,26.775516510009766
2017-01-17,26.64759063720703
2017-01-18,26.726314544677734
2017-01-19,26.598390579223633
2017-01-20,26.588552474975586
2017-01-23,26.726314544677734
2017-01-24,26.942800521850586
2017-01-25,27.169130325317383
2017-01-26,27.29705238342285
2017-01-27,27.26753044128418
2017-01-30,27.100248336791992
2017-01-31,27.11992835998535
2017-02-01,27.23801040649414
2017-02-02,27.06088638305664
2017-02-03,27.228172302246094
2017-02-06,27.080564498901367
2017-02-07,26.95264434814453
2017-02-08,26.86408042907715
2017-02-09,27.021526336669922
2017-02-10,27.070728302001953
2017-02-13,27.11992835998535
2017-02-14,27.110088348388672
2017-02-15,27.316734313964844
2017-02-16,27.21833038330078
2017-02-17,27.21833038330078
2017-02-21,27.51354217529297
2017-02-22,27.543058395385742
2017-02-23,27.356094360351562
2017-02-24,27.336414337158203
2017-02-27,27.208492279052734
2017-02-28,26.93296241760254
2017-03-01,27.326576232910156
2017-03-02,27.01168441772461
2017-03-03,27.06088638305664
2017-03-06,27.041202545166016
2017-03-07,27.080564498901367
2017-03-08,27.090410232543945
2017-03-09,27.06088638305664
2017-03-10,27.03136444091797
2017-03-13,27.159290313720703
2017-03-14,27.090410232543945
2017-03-15,27.208492279052734
2017-03-16,27.169130325317383
2017-03-17,27.188812255859375
2017-03-20,27.13960838317871
2017-03-21,26.68695640563965
2017-03-22,26.745994567871094
2017-03-23,26.785354614257812
2017-03-24,26.805036544799805
2017-03-27,26.834558486938477
2017-03-28,26.942800521850586
2017-03-29,27.051044464111328
2017-03-30,27.26753044128418
2017-03-31,27.306894302368164
2017-04-03,27.11992835998535
2017-04-04,27.277374267578125
2017-04-05,27.178970336914062
2017-04-06,27.26753044128418
2017-04-07,27.208492279052734
2017-04-10,27.29705238342285
2017-04-11,27.228172302246094
2017-04-12,27.110088348388672
2017-04-13,26.824718475341797
2017-04-17,26.903440475463867
2017-04-18,26.962482452392578
2017-04-19,27.14944839477539
2017-04-20,27.474178314208984
2017-04-21,27.326576232910156
2017-04-24,27.38561248779297
2017-04-25,27.67098617553711
2017-04-26,27.749706268310547
2017-04-27,27.848112106323242
2017-04-28,27.552902221679688
2017-05-01,27.51354217529297
2017-05-02,27.424978256225586
2017-05-03,26.962482452392578
2017-05-04,26.962482452392578
2017-05-05,27.23801040649414
2017-05-08,26.95264434814453
2017-05-09,27.001842498779297
2017-05-10,26.726314544677734
2017-05-11,26.716474533081055
2017-05-12,26.52950668334961
2017-05-15,26.499988555908203
2017-05-16,26.391742706298828
2017-05-17,25.830846786499023
2017-05-18,26.017812728881836
2017-05-19,26.263822555541992
2017-05-22,26.41142463684082
2017-05-23,26.421266555786133
2017-05-24,26.4704647064209
2017-05-25,26.5491886138916
2017-05-26,26.706634521484375
2017-05-30,26.706634521484375
2017-05-31,26.667272567749023
2017-06-01,27.100248336791992
2017-06-02,27.080564498901367
2017-06-05,27.051044464111328
2017-06-06,26.795196533203125
2017-06-07,26.942800521850586
2017-06-08,27.159290313720703
2017-06-09,27.159290313720703
2017-06-12,27.306894302368164
2017-06-13,27.424978256225586
2017-06-14,27.228172302246094
2017-06-15,27.277374267578125
2017-06-16,27.240896224975586
2017-06-19,27.447938919067383
2017-06-20,26.89582633972168
2017-06-21,27.023990631103516
2017-06-22,26.945119857788086
2017-06-23,27.211318969726562
2017-06-26,27.49723243713379
2017-06-27,27.300048828125
2017-06-28,27.704275131225586
2017-06-29,27.35920524597168
2017-06-30,27.457796096801758
2017-07-03,27.585968017578125
2017-07-05,27.408498764038086
2017-07-06,27.240896224975586
2017-07-07,27.329627990722656
2017-07-10,27.477514266967773
2017-07-11,27.46765899658203
2017-07-12,27.54652976989746
2017-07-13,27.53666877746582
2017-07-14,27.73385238647461
2017-07-17,27.862022399902344
2017-07-18,27.881746292114258
2017-07-19,28.305686950683594
2017-07-20,28.46343421936035
2017-07-21,28.453575134277344
2017-07-24,28.46343421936035
2017-07-25,28.36484146118164
2017-07-26,28.483150482177734
2017-07-27,28.83807945251465
2017-07-28,28.916954040527344
2017-07-31,28.571882247924805
2017-08-01,28.670473098754883
2017-08-02,28.2268123626709
2017-08-03,28.088781356811523
2017-08-04,27.891597747802734
2017-08-07,27.911319732666016
2017-08-08,27.674699783325195
2017-08-09,27.54652976989746
2017-08-10,27.18173599243164
2017-08-11,27.418359756469727
2017-08-14,27.369064331054688
2017-08-15,27.300048828125
2017-08-16,27.280332565307617
2017-08-17,26.905683517456055
2017-08-18,26.866247177124023
2017-08-21,26.866247177124023
2017-08-22,27.191598892211914
2017-08-23,26.93526268005371
2017-08-24,26.984556198120117
2017-08-25,27.06342887878418
2017-08-28,27.07328987121582
2017-08-29,27.083147048950195
2017-08-30,27.280332565307617
2017-08-31,27.33948516845703
2017-09-01,27.57610511779785
2017-09-05,27.240896224975586
2017-09-06,27.428220748901367
2017-09-07,27.07328987121582
2017-09-08,26.856386184692383
2017-09-11,26.945119857788086
2017-09-12,27.023990631103516
2017-09-13,27.023990631103516
2017-09-14,26.81694984436035
2017-09-15,26.945119857788086
2017-09-18,26.954002380371094
2017-09-19,27.003372192382812
2017-09-20,27.111976623535156
2017-09-21,27.052734375
2017-09-22,27.171215057373047
2017-09-25,27.141597747802734
2017-09-26,27.07248306274414
2017-09-27,27.368682861328125
2017-09-28,27.28969383239746
2017-09-29,27.477285385131836
2017-10-02,27.497034072875977
2017-10-03,27.704370498657227
2017-10-04,27.941328048706055
2017-10-05,28.069683074951172
2017-10-06,27.941328048706055
2017-10-09,27.694499969482422
2017-10-10,27.674755096435547
2017-10-11,27.684629440307617
2017-10-12,27.27982521057129
2017-10-13,27.418048858642578
2017-10-16,27.457538604736328
2017-10-17,27.43779754638672
2017-10-18,27.536527633666992
2017-10-19,27.42792320251465
2017-10-20,27.54640007019043
2017-10-23,27.200836181640625
2017-10-24,27.082361221313477
2017-10-25,26.89476776123047
2017-10-26,26.93425941467285
2017-10-27,26.944135665893555
2017-10-30,26.825653076171875
2017-10-31,26.796031951904297
2017-11-01,26.904638290405273
2017-11-02,26.647933959960938
2017-11-03,26.647933959960938
2017-11-06,26.954002380371094
2017-11-07,26.825653076171875
2017-11-08,26.697303771972656
2017-11-09,26.855274200439453
2017-11-10,26.875019073486328
2017-11-13,26.855274200439453
2017-11-14,26.76641273498535
2017-11-15,26.726919174194336
2017-11-16,27.121850967407227
2017-11-17,27.35880470275879
2017-11-20,27.250205993652344
2017-11-21,27.487163543701172
2017-11-22,27.497034072875977
2017-11-24,27.497034072875977
2017-11-27,27.457538604736328
2017-11-28,27.664878845214844
2017-11-29,27.497034072875977
2017-11-30,27.33906364440918
2017-12-01,27.40817642211914
2017-12-04,27.566146850585938
2017-12-05,27.526653289794922
2017-12-06,27.43779754638672
2017-12-07,27.50691032409668
2017-12-08,27.477285385131836
2017-12-11,27.63526153564453
2017-12-12,27.457538604736328
2017-12-13,27.50691032409668
2017-12-14,27.645132064819336
2017-12-15,27.803104400634766
2017-12-18,28.17829132080078
2017-12-19,28.109176635742188
2017-12-20,28.040063858032227
2017-12-21,28.217782974243164
2017-12-22,28.099302291870117
2017-12-26,28.000572204589844
2017-12-27,27.891965866088867
2017-12-28,27.88209342956543
2017-12-29,27.753740310668945
2018-01-02,28.158544540405273
2018-01-03,28.24740219116211
2018-01-04,28.25727653503418
2018-01-05,28.51397705078125
2018-01-08,28.543601989746094
2018-01-09,28.523855209350586
2018-01-10,28.5534725189209
2018-01-11,28.8891658782959
2018-01-12,29.11625099182129
2018-01-16,28.820053100585938
2018-01-17,29.145870208740234
2018-01-18,29.195236206054688
2018-01-19,29.38282585144043
2018-01-22,29.7283935546875
2018-01-23,30.00484275817871
2018-01-24,30.00484275817871
2018-01-25,30.10357666015625
2018-01-26,30.538002014160156
2018-01-29,30.468887329101562
2018-01-30,30.33066177368164
2018-01-31,30.133197784423828
2018-02-01,30.33066177368164
2018-02-02,29.896236419677734
2018-02-05,28.9780216217041
2018-02-06,29.33346176147461
2018-02-07,29.27422332763672
2018-02-08,28.94840431213379
2018-02-09,29.135995864868164
2018-02-12,29.432193756103516
2018-02-13,29.748136520385742
2018-02-14,30.33066177368164
2018-02-15,30.439266204833984
2018-02-16,30.429393768310547
2018-02-20,30.3109130859375
2018-02-21,30.360279083251953
2018-02-22,30.17268943786621
2018-02-23,30.55774688720703
2018-02-26,30.86381721496582
2018-02-27,30.39977264404297
2018-02-28,30.27142333984375
2018-03-01,29.758010864257812
2018-03-02,30.27142333984375
2018-03-05,30.656476974487305
2018-03-06,30.88356590270996
2018-03-07,30.923057556152344
2018-03-08,30.844070434570312
2018-03-09,31.288366317749023
2018-03-12,31.357479095458984
2018-03-13,30.93292999267578
2018-03-14,31.229129791259766
2018-03-15,31.071155548095703
2018-03-16,31.10077476501465
2018-03-19,30.371387481689453
2018-03-20,30.144073486328125
2018-03-21,30.302207946777344
2018-03-22,29.590608596801758
2018-03-23,29.086559295654297
2018-03-26,29.738859176635742
2018-03-27,28.938310623168945
2018-03-28,28.691225051879883
2018-03-29,28.997610092163086
2018-04-02,28.394725799560547
2018-04-03,28.493560791015625
2018-04-04,28.829593658447266
2018-04-05,28.997610092163086
2018-04-06,28.59239387512207
2018-04-09,28.691225051879883
2018-04-10,29.155744552612305
2018-04-11,28.997610092163086
2018-04-12,29.056909561157227
2018-04-13,29.017377853393555
2018-04-16,29.195276260375977
2018-04-17,29.847572326660156
2018-04-18,29.87722396850586
2018-04-19,29.916757583618164
2018-04-20,29.551074981689453
2018-04-23,29.43247413635254
2018-04-24,28.938310623168945
2018-04-25,28.928424835205078
2018-04-26,29.165624618530273
2018-04-27,28.76041030883789
2018-04-30,28.839475631713867
2018-05-01,28.513328552246094
2018-05-02,28.552860260009766
2018-05-03,28.355194091796875
2018-05-04,28.809825897216797
2018-05-07,29.155744552612305
2018-05-08,29.12609100341797
2018-05-09,29.353410720825195
2018-05-10,29.80803871154785
2018-05-11,29.68943977355957
2018-05-14,29.847572326660156
2018-05-15,29.60049057006836
2018-05-16,29.758625030517578
2018-05-17,29.837692260742188
2018-05-18,29.99582290649414
2018-05-21,30.401039123535156
2018-05-22,30.153955459594727
2018-05-23,30.26267433166504
2018-05-24,30.1934871673584
2018-05-25,30.26267433166504
2018-05-29,29.99582290649414
2018-05-30,30.292322158813477
2018-05-31,30.203371047973633
2018-06-01,30.509756088256836
2018-06-04,30.74695587158203
2018-06-05,30.934736251831055
2018-06-06,31.162050247192383
2018-06-07,31.033567428588867
2018-06-08,31.23123550415039
2018-06-11,31.51784896850586
2018-06-12,31.666101455688477
2018-06-13,31.962602615356445
2018-06-14,32.53582763671875
2018-06-15,32.693965911865234
2018-06-18,32.824588775634766
2018-06-19,32.76520919799805
2018-06-20,33.32927703857422
2018-06-21,32.93344497680664
2018-06-22,32.9532356262207
2018-06-25,32.30010986328125
2018-06-26,32.280311584472656
2018-06-27,32.0922966003418
2018-06-28,32.33969497680664
2018-06-29,32.19124984741211
2018-07-02,32.3891716003418
2018-07-03,32.06261444091797
2018-07-05,32.498023986816406
2018-07-06,32.814693450927734
2018-07-09,33.111572265625
2018-07-10,32.93344497680664
2018-07-11,32.90375518798828
2018-07-12,33.14126205444336
2018-07-13,33.012611389160156
2018-07-16,32.76520919799805
2018-07-17,32.57719039916992
2018-07-18,32.517818450927734
2018-07-19,32.3594856262207
2018-07-20,32.24073791503906
2018-07-23,32.15167236328125
2018-07-24,31.90427589416504
2018-07-25,32.46834182739258
2018-07-26,32.220943450927734
2018-07-27,31.340208053588867
2018-07-30,30.76624870300293
2018-07-31,31.102710723876953
2018-08-01,30.964168548583984
2018-08-02,30.983959197998047
2018-08-03,31.102710723876953
2018-08-06,31.36989974975586
2018-08-07,31.241249084472656
2018-08-08,31.60740089416504
2018-08-09,31.97355079650879
2018-08-10,31.706357955932617
2018-08-13,31.597501754760742
2018-08-14,31.854793548583984
2018-08-15,31.488649368286133
2018-08-16,31.488649368286133
2018-08-17,31.508440017700195
2018-08-20,31.676666259765625
2018-08-21,31.94385528564453
2018-08-22,31.97355079650879
2018-08-23,31.95375633239746
2018-08-24,32.26052474975586
2018-08-27,32.43864822387695
2018-08-28,32.47822952270508
2018-08-29,32.55739974975586
2018-08-30,32.39906692504883
2018-08-31,32.30010986328125
2018-09-04,32.201148986816406
2018-09-05,31.68656349182129
2018-09-06,31.468854904174805
2018-09-07,31.55791664123535
2018-09-10,31.617294311523438
2018-09-11,31.805315017700195
2018-09-12,32.042816162109375
2018-09-13,32.329795837402344
2018-09-14,32.33969497680664
2018-09-17,31.864688873291016
2018-09-18,32.21104431152344
2018-09-19,32.12198257446289
2018-09-20,32.48813247680664
2018-09-21,32.329795837402344
2018-09-24,32.2006721496582
2018-09-25,32.46884536743164
2018-09-26,32.77675247192383
2018-09-27,32.77675247192383
2018-09-28,32.73701858520508
2018-10-01,32.37945556640625
2018-10-02,32.23047637939453
2018-10-03,32.54830551147461
2018-10-04,32.03182601928711
2018-10-05,31.78351593017578
2018-10-08,31.604732513427734
2018-10-09,31.545141220092773
2018-10-10,30.244003295898438
2018-10-11,29.985763549804688
2018-10-12,30.253934860229492
2018-10-15,30.651229858398438
2018-10-16,31.38622283935547
2018-10-17,31.4954776763916
2018-10-18,31.753719329833984
2018-10-19,31.02865982055664
2018-10-22,31.276966094970703
2018-10-23,31.127981185913086
2018-10-24,29.47921371459961
2018-10-25,30.323461532592773
2018-10-26,29.578536987304688
2018-10-29,29.399755477905273
2018-10-30,30.04535484313965
2018-10-31,30.710824966430664
2018-11-01,31.793447494506836
2018-11-02,30.998859405517578
2018-11-05,31.108116149902344
2018-11-06,31.33656120300293
2018-11-07,31.435884475708008
2018-11-08,31.267032623291016
2018-11-09,31.09818458557129
2018-11-12,30.54197120666504
2018-11-13,30.54197120666504
2018-11-14,30.57176971435547
2018-11-15,30.601564407348633
2018-11-16,30.64129638671875
2018-11-19,29.548736572265625
2018-11-20,29.022321701049805
2018-11-21,29.568603515625
2018-11-23,29.50900650024414
2018-11-26,29.90630340576172
2018-11-27,29.955963134765625
2018-11-28,30.671092987060547
2018-11-29,30.710824966430664
2018-11-30,30.631362915039062
2018-12-03,30.939266204833984
2018-12-04,30.04535484313965
2018-12-06,30.462512969970703
2018-12-07,30.075153350830078
2018-12-10,30.13474464416504
2018-12-11,30.23406982421875
2018-12-12,30.651229858398438
2018-12-13,30.323461532592773
2018-12-14,30.055286407470703
2018-12-17,29.330224990844727
2018-12-18,29.4593448638916
2018-12-19,29.04218864440918
2018-12-20,28.17807388305664
2018-12-21,27.164974212646484
2018-12-24,26.71687126159668
2018-12-26,27.941682815551758
2018-12-27,28.06117820739746
2018-12-28,28.101011276245117
2018-12-31,28.300168991088867
2019-01-02,28.62877655029297
2019-01-03,28.300168991088867
2019-01-04,29.27603530883789
2019-01-07,29.694265365600586
2019-01-08,30.301692962646484
2019-01-09,30.32160758972168
2019-01-10,30.44110107421875
2019-01-11,30.451061248779297
2019-01-14,30.5008487701416
2019-01-15,30.799583435058594
2019-01-16,30.759754180908203
2019-01-17,30.889205932617188
2019-01-18,31.1082763671875
2019-01-22,30.38135528564453
2019-01-23,30.451061248779297
2019-01-24,30.71992301940918
2019-01-25,31.267601013183594
2019-01-28,31.1082763671875
2019-01-29,30.938993453979492
2019-01-30,31.038572311401367
2019-01-31,31.59621238708496
2019-02-01,31.59621238708496
2019-02-04,31.86507225036621
2019-02-05,32.06422805786133
2019-02-06,31.62608528137207
2019-02-07,31.42692756652832
2019-02-08,31.506591796875
2019-02-11,31.4368839263916
2019-02-12,31.705747604370117
2019-02-13,31.815284729003906
2019-02-14,31.98456382751465
2019-02-15,32.20363998413086
2019-02-19,32.20363998413086
2019-02-20,32.243473052978516
2019-02-21,32.06422805786133
2019-02-22,32.412750244140625
2019-02-25,32.26338577270508
2019-02-26,32.173763275146484
2019-02-27,32.2335090637207
2019-02-28,32.52228927612305
2019-03-01,33.040096282958984
2019-03-04,32.93056106567383
2019-03-05,33.11975860595703
2019-03-06,33.11975860595703
2019-03-07,32.61191177368164
2019-03-08,32.512332916259766
2019-03-11,32.88077163696289
2019-03-12,33.079933166503906
2019-03-13,32.96043395996094
2019-03-14,32.870811462402344
2019-03-15,32.88077163696289
2019-03-18,32.6318244934082
2019-03-19,32.59199523925781
2019-03-20,32.52228927612305
2019-03-21,32.781192779541016
2019-03-22,31.974611282348633
2019-03-25,32.07418441772461
2019-03-26,32.343048095703125
2019-03-27,32.143890380859375
2019-03-28,32.243473052978516
2019-03-29,32.3231315612793
2019-04-01,32.64178466796875
2019-04-02,32.68161392211914
2019-04-03,33.000267028808594
2019-04-04,33.0998420715332
2019-04-05,33.279083251953125
2019-04-08,33.35874938964844
2019-04-09,33.478240966796875
2019-04-10,33.87655258178711
2019-04-11,33.94626235961914
2019-04-12,34.244991302490234
2019-04-15,34.314701080322266
2019-04-16,34.36448669433594
2019-04-17,34.404319763183594
2019-04-18,34.284828186035156
2019-04-22,34.085670471191406
2019-04-23,34.69309997558594
2019-04-24,34.51385498046875
2019-04-25,34.30474090576172
2019-04-26,34.713016510009766
2019-04-29,35.001792907714844
2019-04-30,34.503902435302734
2019-05-01,34.34457778930664
2019-05-02,33.98609161376953
2019-05-03,34.35453414916992
2019-05-06,34.88229751586914
2019-05-07,34.16533660888672
2019-05-08,34.29478073120117
2019-05-09,34.205162048339844
2019-05-10,34.19520950317383
2019-05-13,32.980350494384766
2019-05-14,33.05005645751953
2019-05-15,33.43840789794922
2019-05-16,33.69731521606445
2019-05-17,33.508121490478516
2019-05-20,33.17950439453125
2019-05-21,33.31891632080078
2019-05-22,33.12971878051758
2019-05-23,32.6517448425293
2019-05-24,32.61191177368164
2019-05-28,32.442626953125
2019-05-29,32.12397766113281
2019-05-30,32.3231315612793
2019-05-31,32.014442443847656
2019-06-03,31.466760635375977
2019-06-04,32.243473052978516
2019-06-05,32.18372344970703
2019-06-06,32.303218841552734
2019-06-07,32.542205810546875
2019-06-10,32.55216598510742
2019-06-11,32.472503662109375
2019-06-12,32.601951599121094
2019-06-13,32.96043395996094
2019-06-14,32.74136734008789
2019-06-17,33.069969177246094
2019-06-18,33.32887649536133
2019-06-19,33.52802658081055
2019-06-20,33.62760925292969
2019-06-21,33.41849899291992
2019-06-24,33.40753173828125
2019-06-25,32.70988082885742
2019-06-26,32.67998504638672
2019-06-27,32.89924240112305
2019-06-28,33.10853958129883
2019-07-01,33.507198333740234
2019-07-02,33.79622268676758
2019-07-03,34.174949645996094
2019-07-05,34.33441162109375
2019-07-08,34.095218658447266
2019-07-09,34.304508209228516
2019-07-10,34.54370880126953
2019-07-11,34.56364059448242
2019-07-12,34.87260437011719
2019-07-15,34.65333938598633
2019-07-16,34.61347198486328
2019-07-17,34.13508224487305
2019-07-18,33.94572448730469
2019-07-19,33.63676071166992
2019-07-22,33.60686492919922
2019-07-23,33.58692932128906
2019-07-24,34.39420700073242
2019-07-25,34.36431121826172
2019-07-26,34.693206787109375
2019-07-29,34.65333938598633
2019-07-30,34.46398162841797
2019-07-31,34.2646484375
2019-08-01,33.97562026977539
2019-08-02,33.73642349243164
2019-08-05,32.54045104980469
2019-08-06,32.859378814697266
2019-08-07,32.64011764526367
2019-08-08,33.15837097167969
2019-08-09,32.70988082885742
2019-08-12,32.16172790527344
2019-08-13,32.45075607299805
2019-08-14,31.284679412841797
2019-08-15,31.32454490661621
2019-08-16,31.783000946044922
2019-08-19,32.13182830810547
2019-08-20,31.95243263244629
2019-08-21,32.04212951660156
2019-08-22,32.09196090698242
2019-08-23,31.115249633789062
2019-08-26,31.503942489624023
2019-08-27,31.165082931518555
2019-08-28,31.344480514526367
2019-08-29,31.733169555664062
2019-08-30,31.86273193359375
2019-09-03,31.035518646240234
2019-09-04,31.852766036987305
2019-09-05,32.11189651489258
2019-09-06,32.18165969848633
2019-09-09,32.101924896240234
2019-09-10,32.15176010131836
2019-09-11,32.580318450927734
2019-09-12,32.570350646972656
2019-09-13,32.43082046508789
2019-09-16,32.5205192565918
2019-09-17,32.48065185546875
2019-09-18,32.33115768432617
2019-09-19,32.101924896240234
2019-09-20,32.00226593017578
2019-09-23,32.098018646240234
2019-09-24,31.36988067626953
2019-09-25,31.599292755126953
2019-09-26,31.399803161621094
2019-09-27,31.040719985961914
2019-09-30,31.30005645751953
2019-10-01,31.090593338012695
2019-10-02,30.66168785095215
2019-10-03,30.85120391845703
2019-10-04,31.020771026611328
2019-10-07,31.090593338012695
2019-10-08,30.472171783447266
2019-10-09,30.71156120300293
2019-10-10,30.7514591217041
2019-10-11,31.11054229736328
2019-10-14,31.11054229736328
2019-10-15,31.479598999023438
2019-10-16,31.509523391723633
2019-10-17,31.838682174682617
2019-10-18,31.449676513671875
2019-10-21,31.808757781982422
2019-10-22,31.639190673828125
2019-10-23,31.689064025878906
2019-10-24,31.30005645751953
2019-10-25,31.41975212097168
2019-10-28,31.838682174682617
2019-10-29,31.55939483642578
2019-10-30,31.479598999023438
2019-10-31,31.67909049987793
2019-11-01,31.938426971435547
2019-11-04,32.088043212890625
2019-11-05,31.97832679748535
2019-11-06,31.709012985229492
2019-11-07,31.948400497436523
2019-11-08,32.287532806396484
2019-11-11,32.25761032104492
2019-11-12,32.1279411315918
2019-11-13,32.287532806396484
2019-11-14,32.417205810546875
2019-11-15,32.52692413330078
2019-11-18,32.616695404052734
2019-11-19,32.816184997558594
2019-11-20,32.606719970703125
2019-11-21,32.48702621459961
2019-11-22,32.71643829345703
2019-11-25,33.105445861816406
2019-11-26,33.22514343261719
2019-11-27,33.14534378051758
2019-11-29,33.00570297241211
2019-12-02,32.57679748535156
2019-12-03,32.51694869995117
2019-12-04,32.62666702270508
2019-12-05,32.56682205200195
2019-12-06,32.68651580810547
2019-12-09,32.586769104003906
2019-12-10,32.42717742919922
2019-12-11,32.606719970703125
2019-12-12,32.79623794555664
2019-12-13,32.76631164550781
2019-12-16,33.08549499511719
2019-12-17,33.08549499511719
2019-12-18,33.22514343261719
2019-12-19,33.634098052978516
2019-12-20,34.06300354003906
2019-12-23,34.11000061035156
2019-12-24,34.130001068115234
2019-12-26,34.33000183105469
2019-12-27,34.18000030517578
2019-12-30,33.849998474121094
2019-12-31,34.0099983215332
2020-01-02,34.150001525878906
2020-01-03,34.0
2020-01-06,34.04999923706055
2020-01-07,34.2400016784668
2020-01-08,34.349998474121094
2020-01-09,34.33000183105469
2020-01-10,34.119998931884766
2020-01-13,34.790000915527344
2020-01-14,34.91999816894531
2020-01-15,35.2400016784668
2020-01-16,35.619998931884766
2020-01-17,35.7400016784668
2020-01-21,35.65999984741211
2020-01-22,35.599998474121094
2020-01-23,35.540000915527344
2020-01-24,34.959999084472656
2020-01-27,34.58000183105469
2020-01-28,34.849998474121094
2020-01-29,34.599998474121094
2020-01-30,34.47999954223633
2020-01-31,33.900001525878906
2020-02-03,34.439998626708984
2020-02-04,35.150001525878906
2020-02-05,34.959999084472656
2020-02-06,35.630001068115234
2020-02-07,35.310001373291016
2020-02-10,35.31999969482422
2020-02-11,35.209999084472656
2020-02-12,35.4900016784668
2020-02-13,35.5
2020-02-14,35.31999969482422
2020-02-18,35.630001068115234
2020-02-19,35.83000183105469
2020-02-20,35.689998626708984
2020-02-21,35.130001068115234
2020-02-24,33.970001220703125
2020-02-25,32.63999938964844
2020-02-26,32.040000915527344
2020-02-27,30.93000030517578
2020-02-28,30.729999542236328
2020-03-02,31.530000686645508
2020-03-03,30.809999465942383
2020-03-04,30.950000762939453
2020-03-05,29.8700008392334
2020-03-06,29.399999618530273
2020-03-09,27.290000915527344
2020-03-10,28.209999084472656
2020-03-11,26.81999969482422
2020-03-12,24.149999618530273
2020-03-13,25.520000457763672
2020-03-16,22.43000030517578
2020-03-17,23.030000686645508
2020-03-18,21.270000457763672
2020-03-19,22.610000610351562
2020-03-20,21.690000534057617
2020-03-23,21.690000534057617
2020-03-24,23.729999542236328
2020-03-25,24.200000762939453
2020-03-26,24.809999465942383
2020-03-27,23.81999969482422
2020-03-30,24.0
2020-03-31,24.020000457763672
2020-04-01,22.600000381469727
2020-04-02,22.700000762939453
2020-04-03,22.049999237060547
2020-04-06,23.690000534057617
2020-04-07,24.1200008392334
2020-04-08,25.110000610351562
2020-04-09,25.559999465942383
2020-04-13,25.280000686645508
2020-04-14,26.030000686645508
2020-04-15,25.420000076293945
2020-04-16,25.200000762939453
