Date,PEJ
2010-01-04,12.611724853515625
2010-01-05,12.677261352539062
2010-01-06,12.574272155761719
2010-01-07,12.658536911010742
2010-01-08,12.639810562133789
2010-01-11,12.658536911010742
2010-01-12,12.5087308883667
2010-01-13,12.752167701721191
2010-01-14,12.920697212219238
2010-01-15,12.827068328857422
2010-01-19,12.986235618591309
2010-01-20,12.948783874511719
2010-01-21,12.939421653747559
2010-01-22,12.686629295349121
2010-01-25,12.602359771728516
2010-01-26,12.621084213256836
2010-01-27,12.546181678771973
2010-01-28,12.546181678771973
2010-01-29,12.387011528015137
2010-02-01,12.611724853515625
2010-02-02,12.649174690246582
2010-02-03,12.621084213256836
2010-02-04,12.284022331237793
2010-02-05,12.24657154083252
2010-02-08,12.218482971191406
2010-02-09,12.424464225769043
2010-02-10,12.405739784240723
2010-02-11,12.574272155761719
2010-02-12,12.677261352539062
2010-02-16,12.864518165588379
2010-02-17,12.948783874511719
2010-02-18,13.023686408996582
2010-02-19,13.089227676391602
2010-02-22,13.098588943481445
2010-02-23,13.042412757873535
2010-02-24,13.201581954956055
2010-02-25,13.229669570922852
2010-02-26,13.295207977294922
2010-03-01,13.482465744018555
2010-03-02,13.529276847839355
2010-03-03,13.529276847839355
2010-03-04,13.566730499267578
2010-03-05,13.856976509094238
2010-03-08,13.96933364868164
2010-03-09,14.006783485412598
2010-03-10,14.156587600708008
2010-03-11,14.240854263305664
2010-03-12,14.297030448913574
2010-03-15,14.259576797485352
2010-03-16,14.343844413757324
2010-03-17,14.400022506713867
2010-03-18,14.334482192993164
2010-03-19,14.259576797485352
2010-03-22,14.465560913085938
2010-03-23,14.568550109863281
2010-03-24,14.512373924255371
2010-03-25,14.512373924255371
2010-03-26,14.577914237976074
2010-03-29,14.671545028686523
2010-03-30,14.699631690979004
2010-03-31,14.699631690979004
2010-04-01,14.755809783935547
2010-04-05,15.046056747436523
2010-04-06,15.139684677124023
2010-04-07,15.102231979370117
2010-04-08,15.25203800201416
2010-04-09,15.308218002319336
2010-04-12,15.326942443847656
2010-04-13,15.345666885375977
2010-04-14,15.57973861694336
2010-04-15,15.617191314697266
2010-04-16,15.41120719909668
2010-04-19,15.364388465881348
2010-04-20,15.589101791381836
2010-04-21,15.607824325561523
2010-04-22,16.00106430053711
2010-04-23,16.03852081298828
2010-04-26,16.047882080078125
2010-04-27,15.645270347595215
2010-04-28,15.486106872558594
2010-04-29,15.860626220703125
2010-04-30,15.495466232299805
2010-05-03,15.82317066192627
2010-05-04,15.326942443847656
2010-05-05,15.092869758605957
2010-05-06,14.699631690979004
2010-05-07,14.306391716003418
2010-05-10,15.027326583862305
2010-05-11,15.102231979370117
2010-05-12,15.373756408691406
2010-05-13,15.177132606506348
2010-05-14,14.886884689331055
2010-05-17,14.989876747131348
2010-05-18,14.8213472366333
2010-05-19,14.634092330932617
2010-05-20,14.006783485412598
2010-05-21,14.19404125213623
2010-05-24,14.044234275817871
2010-05-25,14.016144752502441
2010-05-26,14.100412368774414
2010-05-27,14.652814865112305
2010-05-28,14.615365028381348
2010-06-01,14.13786506652832
2010-06-02,14.437472343444824
2010-06-03,14.484289169311523
2010-06-04,13.95997142791748
2010-06-07,13.529276847839355
2010-06-08,13.622907638549805
2010-06-09,13.735261917114258
2010-06-10,14.156587600708008
2010-06-11,14.306391716003418
2010-06-14,14.3532075881958
2010-06-15,14.652814865112305
2010-06-16,14.624728202819824
2010-06-17,14.606001853942871
2010-06-18,14.612558364868164
2010-06-21,14.453319549560547
2010-06-22,14.116107940673828
2010-06-23,14.0692720413208
2010-06-24,13.72269344329834
2010-06-25,13.844464302062988
2010-06-28,13.750794410705566
2010-06-29,13.09510326385498
2010-06-30,13.001434326171875
2010-07-01,13.048267364501953
2010-07-02,12.907760620117188
2010-07-06,12.77662181854248
2010-07-07,13.179407119750977
2010-07-08,13.422947883605957
2010-07-09,13.591552734375
2010-07-12,13.554085731506348
2010-07-13,13.99433422088623
2010-07-14,13.947502136230469
2010-07-15,13.891300201416016
2010-07-16,13.34800910949707
2010-07-19,13.357378005981445
2010-07-20,13.413578987121582
2010-07-21,13.188772201538086
2010-07-22,13.647758483886719
2010-07-23,13.816360473632812
2010-07-26,14.106740951538086
2010-07-27,14.01307201385498
2010-07-28,13.872564315795898
2010-07-29,13.816360473632812
2010-07-30,13.835098266601562
2010-08-02,14.059903144836426
2010-08-03,13.938133239746094
2010-08-04,14.116107940673828
2010-08-05,14.022436141967773
2010-08-06,14.003703117370605
2010-08-09,14.14421272277832
2010-08-10,13.984968185424805
2010-08-11,13.554085731506348
2010-08-12,13.52598762512207
2010-08-13,13.338644981384277
2010-08-16,13.357378005981445
2010-08-17,13.572820663452148
2010-08-18,13.703959465026855
2010-08-19,13.451050758361816
2010-08-20,13.441683769226074
2010-08-23,13.357378005981445
2010-08-24,13.123204231262207
2010-08-25,13.273076057434082
2010-08-26,13.263707160949707
2010-08-27,13.554085731506348
2010-08-30,13.29180908203125
2010-08-31,13.254339218139648
2010-09-01,13.825733184814453
2010-09-02,14.359651565551758
2010-09-03,14.612558364868164
2010-09-07,14.406486511230469
2010-09-08,14.462688446044922
2010-09-09,14.434587478637695
2010-09-10,14.603194236755371
2010-09-13,14.902936935424805
2010-09-14,14.893567085266113
2010-09-15,14.893567085266113
2010-09-16,14.790533065795898
2010-09-17,14.862784385681152
2010-09-20,15.200573921203613
2010-09-21,15.078591346740723
2010-09-22,14.90031623840332
2010-09-23,14.759567260742188
2010-09-24,15.200573921203613
2010-09-27,15.181807518005371
2010-09-28,15.247488021850586
2010-09-29,15.200573921203613
2010-09-30,15.191189765930176
2010-10-01,15.294404983520508
2010-10-04,15.228721618652344
2010-10-05,15.585274696350098
2010-10-06,15.519600868225098
2010-10-07,15.547748565673828
2010-10-08,15.72602367401123
2010-10-11,15.829237937927246
2010-10-12,15.9418306350708
2010-10-13,16.026287078857422
2010-10-14,15.988750457763672
2010-10-15,16.045053482055664
2010-10-18,16.035667419433594
2010-10-19,15.7354097366333
2010-10-20,15.885536193847656
2010-10-21,15.89492130279541
2010-10-22,16.279624938964844
2010-10-25,16.345306396484375
2010-10-26,16.41098976135254
2010-10-27,16.195175170898438
2010-10-28,16.195175170898438
2010-10-29,16.326541900634766
2010-11-01,16.289011001586914
2010-11-02,16.58926773071289
2010-11-03,16.58926773071289
2010-11-04,16.805078506469727
2010-11-05,16.94582748413086
2010-11-08,16.9645938873291
2010-11-09,16.64556884765625
2010-11-10,16.85199546813965
2010-11-11,16.936437606811523
2010-11-12,16.75816535949707
2010-11-15,16.75816535949707
2010-11-16,16.345306396484375
2010-11-17,16.61741828918457
2010-11-18,16.87076187133789
2010-11-19,16.94582748413086
2010-11-22,17.077184677124023
2010-11-23,16.85199546813965
2010-11-24,17.1710205078125
2010-11-26,17.13348388671875
2010-11-29,17.04903793334961
2010-11-30,16.983356475830078
2010-12-01,17.264848709106445
2010-12-02,17.508806228637695
2010-12-03,17.612022399902344
2010-12-06,17.68708610534668
2010-12-07,17.771533966064453
2010-12-08,17.696470260620117
2010-12-09,17.640169143676758
2010-12-10,17.780916213989258
2010-12-13,17.48065757751465
2010-12-14,17.396211624145508
2010-12-15,17.302379608154297
2010-12-16,17.536958694458008
2010-12-17,17.65212631225586
2010-12-20,17.79371452331543
2010-12-21,17.954195022583008
2010-12-22,17.888113021850586
2010-12-23,17.784276962280273
2010-12-27,17.708759307861328
2010-12-28,17.51052474975586
2010-12-29,17.557723999023438
2010-12-30,17.519968032836914
2010-12-31,17.435009002685547
2011-01-03,17.63323974609375
2011-01-04,17.463327407836914
2011-01-05,17.67099952697754
2011-01-06,17.718198776245117
2011-01-07,17.727638244628906
2011-01-10,17.765398025512695
2011-01-11,17.708759307861328
2011-01-12,17.784276962280273
2011-01-13,17.859800338745117
2011-01-14,17.982507705688477
2011-01-18,17.963634490966797
2011-01-19,17.68988037109375
2011-01-20,17.63323974609375
2011-01-21,17.557723999023438
2011-01-24,17.62380027770996
2011-01-25,17.708759307861328
2011-01-26,17.63323974609375
2011-01-27,17.755956649780273
2011-01-28,17.23677635192871
2011-01-31,17.36893081665039
2011-02-01,17.68988037109375
2011-02-02,17.755956649780273
2011-02-03,17.878671646118164
2011-02-04,17.925874710083008
2011-02-07,17.925874710083008
2011-02-08,18.124107360839844
2011-02-09,18.190181732177734
2011-02-10,18.17129898071289
2011-02-11,18.22793960571289
2011-02-14,18.246814727783203
2011-02-15,18.161865234375
2011-02-16,18.265705108642578
2011-02-17,18.190181732177734
2011-02-18,18.237382888793945
2011-02-22,17.548290252685547
2011-02-23,17.3028564453125
2011-02-24,17.406694412231445
2011-02-25,17.718198776245117
2011-02-28,17.755956649780273
2011-03-01,17.397253036499023
2011-03-02,17.491649627685547
2011-03-03,17.80315589904785
2011-03-04,17.708759307861328
2011-03-07,17.548290252685547
2011-03-08,17.74651336669922
2011-03-09,17.812597274780273
2011-03-10,17.67099952697754
2011-03-11,17.67099952697754
2011-03-14,17.4444522857666
2011-03-15,17.2178955078125
2011-03-16,16.97246742248535
2011-03-17,16.991348266601562
2011-03-18,17.095182418823242
2011-03-21,17.4444522857666
2011-03-22,17.28397560119629
2011-03-23,17.406694412231445
2011-03-24,17.708759307861328
2011-03-25,17.73708152770996
2011-03-28,17.586042404174805
2011-03-29,17.73708152770996
2011-03-30,18.058027267456055
2011-03-31,18.06746482849121
2011-04-01,17.982507705688477
2011-04-04,17.991947174072266
2011-04-05,18.02970314025879
2011-04-06,18.02970314025879
2011-04-07,17.77483558654785
2011-04-08,17.595483779907227
2011-04-11,17.501087188720703
2011-04-12,17.482208251953125
2011-04-13,17.557723999023438
2011-04-14,17.576608657836914
2011-04-15,17.68988037109375
2011-04-18,17.548290252685547
2011-04-19,17.595483779907227
2011-04-20,17.869230270385742
2011-04-21,17.97307014465332
2011-04-25,18.001386642456055
2011-04-26,17.982507705688477
2011-04-27,18.001386642456055
2011-04-28,18.133544921875
2011-04-29,18.27513885498047
2011-05-02,18.190181732177734
2011-05-03,18.09578514099121
2011-05-04,18.180740356445312
2011-05-05,18.25625991821289
2011-05-06,18.237382888793945
2011-05-09,18.312896728515625
2011-05-10,18.60552406311035
2011-05-11,18.511127471923828
2011-05-12,18.69048500061035
2011-05-13,18.530000686645508
2011-05-16,18.199621200561523
2011-05-17,18.25625991821289
2011-05-18,18.530000686645508
2011-05-19,18.718799591064453
2011-05-20,18.596088409423828
2011-05-23,18.520572662353516
2011-05-24,18.331775665283203
2011-05-25,18.388410568237305
2011-05-26,18.67160415649414
2011-05-27,18.699922561645508
2011-05-31,18.709365844726562
2011-06-01,18.27513885498047
2011-06-02,18.152421951293945
2011-06-03,17.869230270385742
2011-06-06,17.67099952697754
2011-06-07,17.67099952697754
2011-06-08,17.435009002685547
2011-06-09,17.501087188720703
2011-06-10,17.227338790893555
2011-06-13,17.20845603942871
2011-06-14,17.538850784301758
2011-06-15,17.397253036499023
2011-06-16,17.41613006591797
2011-06-17,17.47384262084961
2011-06-20,17.558988571166992
2011-06-21,17.994178771972656
2011-06-22,17.833345413208008
2011-06-23,17.946874618530273
2011-06-24,17.918495178222656
2011-06-27,18.117162704467773
2011-06-28,18.514516830444336
2011-06-29,18.53343391418457
2011-06-30,18.65642547607422
2011-07-01,19.053775787353516
2011-07-05,19.195680618286133
2011-07-06,19.186220169067383
2011-07-07,19.31867027282715
2011-07-08,19.27136993408203
2011-07-11,18.987545013427734
2011-07-12,18.92131996154785
2011-07-13,19.09161949157715
2011-07-14,18.874019622802734
2011-07-15,18.949710845947266
2011-07-18,18.836172103881836
2011-07-19,19.167295455932617
2011-07-20,19.0443115234375
2011-07-21,18.987545013427734
2011-07-22,19.006465911865234
2011-07-25,18.836172103881836
2011-07-26,18.80779266357422
2011-07-27,18.240154266357422
2011-07-28,18.192852020263672
2011-07-29,18.18338966369629
2011-08-01,18.230695724487305
2011-08-02,17.47384262084961
2011-08-03,17.85226821899414
2011-08-04,16.934579849243164
2011-08-05,16.868358612060547
2011-08-08,15.581709861755371
2011-08-09,16.641305923461914
2011-08-10,15.969589233398438
2011-08-11,16.830516815185547
2011-08-12,16.972427368164062
2011-08-15,17.22786521911621
2011-08-16,17.067033767700195
2011-08-17,16.90619659423828
2011-08-18,15.846606254577637
2011-08-19,15.70469856262207
2011-08-22,15.751998901367188
2011-08-23,16.480472564697266
2011-08-24,16.6886043548584
2011-08-25,16.253414154052734
2011-08-26,16.67914581298828
2011-08-29,17.275163650512695
2011-08-30,17.568450927734375
2011-08-31,17.50222396850586
2011-09-01,17.22786521911621
2011-09-02,16.716983795166016
2011-09-06,16.669687271118164
2011-09-07,16.981882095336914
2011-09-08,16.76428985595703
2011-09-09,16.215572357177734
2011-09-12,16.3101749420166
2011-09-13,16.43316650390625
2011-09-14,16.735912322998047
2011-09-15,16.858896255493164
2011-09-16,16.938434600830078
2011-09-19,17.108856201171875
2011-09-20,16.89109230041504
2011-09-21,16.805877685546875
2011-09-22,15.840131759643555
2011-09-23,15.97268295288086
2011-09-26,16.351409912109375
2011-09-27,16.502899169921875
2011-09-28,16.02002716064453
2011-09-29,15.83066177368164
2011-09-30,15.309918403625488
2011-10-03,14.703958511352539
2011-10-04,15.006939888000488
2011-10-05,15.357259750366211
2011-10-06,15.764384269714355
2011-10-07,15.660240173339844
2011-10-10,16.294605255126953
2011-10-11,16.446086883544922
2011-10-12,16.588109970092773
2011-10-13,16.644922256469727
2011-10-14,16.824811935424805
2011-10-17,16.493431091308594
2011-10-18,16.910030364990234
2011-10-19,16.521835327148438
2011-10-20,16.43661880493164
2011-10-21,16.824811935424805
2011-10-24,17.430776596069336
2011-10-25,16.995235443115234
2011-10-26,17.241411209106445
2011-10-27,17.932579040527344
2011-10-28,17.79056167602539
2011-10-31,17.478116989135742
2011-11-01,17.033111572265625
2011-11-02,17.30768585205078
2011-11-03,17.478116989135742
2011-11-04,17.534923553466797
2011-11-07,17.54439353942871
2011-11-08,17.72428321838379
2011-11-09,17.089916229248047
2011-11-10,17.175132751464844
2011-11-11,17.59173011779785
2011-11-14,17.411834716796875
2011-11-15,17.582265853881836
2011-11-16,17.19406509399414
2011-11-17,16.995235443115234
2011-11-18,16.947898864746094
2011-11-21,16.654390335083008
2011-11-22,16.654390335083008
2011-11-23,16.209388732910156
2011-11-25,16.105239868164062
2011-11-28,16.73960304260254
2011-11-29,16.73960304260254
2011-11-30,17.27928352355957
2011-12-01,17.184598922729492
2011-12-02,17.25087547302246
2011-12-05,17.383434295654297
2011-12-06,17.326623916625977
2011-12-07,17.421300888061523
2011-12-08,17.052045822143555
2011-12-09,17.421300888061523
2011-12-12,17.37396812438965
2011-12-13,17.052045822143555
2011-12-14,16.815343856811523
2011-12-15,16.938434600830078
2011-12-16,17.01638412475586
2011-12-19,16.82625389099121
2011-12-20,17.358610153198242
2011-12-21,17.510711669921875
2011-12-22,17.539226531982422
2011-12-23,17.748371124267578
2011-12-27,17.881458282470703
2011-12-28,17.7198486328125
2011-12-29,17.90047264099121
2011-12-30,17.76738929748535
2012-01-03,17.738862991333008
2012-01-04,17.824424743652344
2012-01-05,17.91948890686035
2012-01-06,17.881458282470703
2012-01-09,17.8719539642334
2012-01-10,18.081096649169922
2012-01-11,18.214183807373047
2012-01-12,18.309249877929688
2012-01-13,18.299745559692383
2012-01-17,18.347270965576172
2012-01-18,18.62295913696289
2012-01-19,18.718013763427734
2012-01-20,18.594438552856445
2012-01-23,18.5659236907959
2012-01-24,18.537397384643555
2012-01-25,18.727529525756836
2012-01-26,18.660982131958008
2012-01-27,18.746543884277344
2012-01-30,18.67049217224121
2012-01-31,18.651479721069336
2012-02-01,18.898639678955078
2012-02-02,18.94617462158203
2012-02-03,19.278898239135742
2012-02-06,19.250377655029297
2012-02-07,19.307416915893555
2012-02-08,19.345443725585938
2012-02-09,19.421493530273438
2012-02-10,19.307416915893555
2012-02-13,19.507051467895508
2012-02-14,19.469024658203125
2012-02-15,19.307416915893555
2012-02-16,19.554582595825195
2012-02-17,19.69717025756836
2012-02-21,19.62112808227539
2012-02-22,19.488037109375
2012-02-23,19.507051467895508
2012-02-24,19.497547149658203
2012-02-27,19.488037109375
2012-02-28,19.744707107543945
2012-02-29,19.649642944335938
2012-03-01,19.773225784301758
2012-03-02,19.630630493164062
2012-03-05,19.706682205200195
2012-03-06,19.47852897644043
2012-03-07,19.773225784301758
2012-03-08,20.020395278930664
2012-03-09,20.124963760375977
2012-03-12,20.086933135986328
2012-03-13,20.50521469116211
2012-03-14,20.47669792175293
2012-03-15,20.552751541137695
2012-03-16,20.52423095703125
2012-03-19,20.704851150512695
2012-03-20,20.60028076171875
2012-03-21,20.619295120239258
2012-03-22,20.552751541137695
2012-03-23,20.58126449584961
2012-03-26,20.93300437927246
2012-03-27,20.847450256347656
2012-03-28,20.685836791992188
2012-03-29,20.704851150512695
2012-03-30,20.80942153930664
2012-04-02,20.82843017578125
2012-04-03,20.87596893310547
2012-04-04,20.628801345825195
2012-04-05,20.82843017578125
2012-04-09,20.58126449584961
2012-04-10,20.086933135986328
2012-04-11,20.457685470581055
2012-04-12,20.714359283447266
2012-04-13,20.82843017578125
2012-04-16,20.628801345825195
2012-04-17,20.818927764892578
2012-04-18,20.82843017578125
2012-04-19,20.60028076171875
2012-04-20,20.780902862548828
2012-04-23,20.6383056640625
2012-04-24,20.486202239990234
2012-04-25,20.971025466918945
2012-04-26,21.18967628479004
2012-04-27,21.29424285888672
2012-04-30,21.132638931274414
2012-05-01,21.1706600189209
2012-05-02,21.455852508544922
2012-05-03,21.33226776123047
2012-05-04,20.82843017578125
2012-05-07,20.866455078125
2012-05-08,20.695344924926758
2012-05-09,20.609785079956055
2012-05-10,20.733366012573242
2012-05-11,20.752376556396484
2012-05-14,20.457685470581055
2012-05-15,20.543243408203125
2012-05-16,20.59077262878418
2012-05-17,19.887304306030273
2012-05-18,19.687667846679688
2012-05-21,20.086933135986328
2012-05-22,20.134471893310547
2012-05-23,20.30558204650879
2012-05-24,20.362619400024414
2012-05-25,20.362619400024414
2012-05-29,20.619295120239258
2012-05-30,20.362619400024414
2012-05-31,20.37212562561035
2012-06-01,19.545076370239258
2012-06-04,19.535564422607422
2012-06-05,19.57359504699707
2012-06-06,20.010887145996094
2012-06-07,19.9443416595459
2012-06-08,20.14397430419922
2012-06-11,19.763723373413086
2012-06-12,19.991870880126953
2012-06-13,19.60211753845215
2012-06-14,19.982370376586914
2012-06-15,20.128252029418945
2012-06-18,20.299882888793945
2012-06-19,20.547786712646484
2012-06-20,20.585927963256836
2012-06-21,20.185462951660156
2012-06-22,20.442903518676758
2012-06-25,20.118717193603516
2012-06-26,20.23312759399414
2012-06-27,20.299882888793945
2012-06-28,20.1663875579834
2012-06-29,20.67174530029297
2012-07-02,20.833843231201172
2012-07-03,20.871976852416992
2012-07-05,20.95779037475586
2012-07-06,20.862443923950195
2012-07-09,20.73848533630371
2012-07-10,20.595462799072266
2012-07-11,20.566858291625977
2012-07-12,20.318950653076172
2012-07-13,20.709877014160156
2012-07-16,20.595462799072266
2012-07-17,20.814762115478516
2012-07-18,20.910120010375977
2012-07-19,20.95779037475586
2012-07-20,20.547786712646484
2012-07-23,20.09010887145996
2012-07-24,19.832664489746094
2012-07-25,19.870807647705078
2012-07-26,20.204530715942383
2012-07-27,20.442903518676758
2012-07-30,20.37616539001465
2012-07-31,20.25220489501953
2012-08-01,20.004297256469727
2012-08-02,20.032899856567383
2012-08-03,20.461973190307617
2012-08-06,20.557327270507812
2012-08-07,20.843372344970703
2012-08-08,20.595462799072266
2012-08-09,20.566858291625977
2012-08-10,20.50965118408203
2012-08-13,20.433368682861328
2012-08-14,20.414297103881836
2012-08-15,20.547786712646484
2012-08-16,20.709877014160156
2012-08-17,20.824302673339844
2012-08-20,20.700349807739258
2012-08-21,20.65266990661621
2012-08-22,20.614534378051758
2012-08-23,20.50965118408203
2012-08-24,20.595462799072266
2012-08-27,20.64313316345215
2012-08-28,20.700349807739258
2012-08-29,20.833843231201172
2012-08-30,20.690813064575195
2012-08-31,20.728954315185547
2012-09-04,20.67174530029297
2012-09-05,20.662206649780273
2012-09-06,21.08174705505371
2012-09-07,21.253374099731445
2012-09-10,21.21523666381836
2012-09-11,21.272443771362305
2012-09-12,21.358259201049805
2012-09-13,21.68244743347168
2012-09-14,21.720584869384766
2012-09-17,21.739656448364258
2012-09-18,21.720584869384766
2012-09-19,21.911287307739258
2012-09-20,21.882680892944336
2012-09-21,21.995330810546875
2012-09-24,21.909408569335938
2012-09-25,21.651653289794922
2012-09-26,21.498905181884766
2012-09-27,21.823490142822266
2012-09-28,21.813947677612305
2012-10-01,21.84258460998535
2012-10-02,21.74711799621582
2012-10-03,21.785308837890625
2012-10-04,21.947595596313477
2012-10-05,21.852127075195312
2012-10-08,21.823490142822266
2012-10-09,21.55619239807129
2012-10-10,21.603923797607422
2012-10-11,21.642105102539062
2012-10-12,21.575279235839844
2012-10-15,21.728023529052734
2012-10-16,21.947595596313477
2012-10-17,22.071704864501953
2012-10-18,22.157623291015625
2012-10-19,21.689836502075195
2012-10-22,21.728023529052734
2012-10-23,21.489360809326172
2012-10-24,21.250701904296875
2012-10-25,21.193422317504883
2012-10-26,21.21250343322754
2012-10-31,21.28887939453125
2012-11-01,21.565736770629883
2012-11-02,21.393890380859375
2012-11-05,21.508451461791992
2012-11-06,21.63256072998047
2012-11-07,21.393890380859375
2012-11-08,20.973844528198242
2012-11-09,21.031124114990234
2012-11-12,20.935659408569336
2012-11-13,20.926109313964844
2012-11-14,20.41059112548828
2012-11-15,20.420146942138672
2012-11-16,20.534704208374023
2012-11-19,21.08840560913086
2012-11-20,21.231603622436523
2012-11-21,21.27933692932129
2012-11-23,21.403444290161133
2012-11-26,21.374799728393555
2012-11-27,21.403444290161133
2012-11-28,21.58482551574707
2012-11-29,21.756668090820312
2012-11-30,21.594371795654297
2012-12-03,21.489360809326172
2012-12-04,21.241153717041016
2012-12-05,21.231603622436523
2012-12-06,21.30797576904297
2012-12-07,21.346162796020508
2012-12-10,21.374799728393555
2012-12-11,21.489360809326172
2012-12-12,21.489360809326172
2012-12-13,21.432079315185547
2012-12-14,21.393890380859375
2012-12-17,21.74711799621582
2012-12-18,22.043066024780273
2012-12-19,21.890323638916016
2012-12-20,21.899864196777344
2012-12-21,21.870197296142578
2012-12-24,21.822336196899414
2012-12-26,21.59263038635254
2012-12-27,21.67877197265625
2012-12-28,21.477773666381836
2012-12-31,21.965906143188477
2013-01-02,22.635887145996094
2013-01-03,22.760316848754883
2013-01-04,22.990020751953125
2013-01-07,22.827320098876953
2013-01-08,22.789031982421875
2013-01-09,22.951736450195312
2013-01-10,23.009170532226562
2013-01-11,23.028303146362305
2013-01-14,23.085739135742188
2013-01-15,23.057022094726562
2013-01-16,22.951736450195312
2013-01-17,23.210159301757812
2013-01-18,23.210159301757812
2013-01-22,23.411151885986328
2013-01-23,23.392009735107422
2013-01-24,23.478153228759766
2013-01-25,23.506864547729492
2013-01-28,23.535581588745117
2013-01-29,23.459012985229492
2013-01-30,23.392009735107422
2013-01-31,23.6408634185791
2013-02-01,23.956714630126953
2013-02-04,23.593008041381836
2013-02-05,23.727006912231445
2013-02-06,23.889719009399414
2013-02-07,23.82271385192871
2013-02-08,24.081144332885742
2013-02-11,24.1577091217041
2013-02-12,24.24384880065918
2013-02-13,24.18642234802246
2013-02-14,24.16728401184082
2013-02-15,24.109851837158203
2013-02-19,24.17685317993164
2013-02-20,23.861007690429688
2013-02-21,23.679149627685547
2013-02-22,23.74614906311035
2013-02-25,23.382442474365234
2013-02-26,23.478153228759766
2013-02-27,23.803577423095703
2013-02-28,23.8992862701416
2013-03-01,23.994998931884766
2013-03-04,24.224706649780273
2013-03-05,24.569271087646484
2013-03-06,24.483129501342773
2013-03-07,24.655410766601562
2013-03-08,24.894695281982422
2013-03-11,24.894695281982422
2013-03-12,24.77983856201172
2013-03-13,24.961692810058594
2013-03-14,25.181827545166016
2013-03-15,25.081274032592773
2013-03-18,24.9376277923584
2013-03-19,24.851438522338867
2013-03-20,25.129161834716797
2013-03-21,24.918474197387695
2013-03-22,25.110004425048828
2013-03-25,25.081274032592773
2013-03-26,25.28238296508789
2013-03-27,25.30153465270996
2013-03-28,25.43560791015625
2013-04-01,25.205772399902344
2013-04-02,25.26323127746582
2013-04-03,24.918474197387695
2013-04-04,25.081274032592773
2013-04-05,25.06212043762207
2013-04-08,25.291954040527344
2013-04-09,25.36857795715332
2013-04-10,25.607990264892578
2013-04-11,25.770793914794922
2013-04-12,25.837833404541016
2013-04-15,25.10042953491211
2013-04-16,25.493066787719727
2013-04-17,25.186622619628906
2013-04-18,24.94719886779785
2013-04-19,25.33983612060547
2013-04-22,25.426034927368164
2013-04-23,25.703752517700195
2013-04-24,25.617570877075195
2013-04-25,25.97190284729004
2013-04-26,25.847412109375
2013-04-29,25.809099197387695
2013-04-30,26.077241897583008
2013-05-01,25.94317626953125
2013-05-02,26.259206771850586
2013-05-03,26.55607795715332
2013-05-06,26.651845932006836
2013-05-07,26.81464958190918
2013-05-08,26.74761199951172
2013-05-09,26.680578231811523
2013-05-10,26.967878341674805
2013-05-13,26.824230194091797
2013-05-14,27.08279800415039
2013-05-15,27.140254974365234
2013-05-16,26.785921096801758
2013-05-17,26.977453231811523
2013-05-20,26.919992446899414
2013-05-21,26.977453231811523
2013-05-22,26.757190704345703
2013-05-23,26.910415649414062
2013-05-24,26.958295822143555
2013-05-28,27.48501968383789
2013-05-29,27.111526489257812
2013-05-30,27.207292556762695
2013-05-31,27.159412384033203
2013-06-03,27.178560256958008
2013-06-04,27.02533531188965
2013-06-05,26.517772674560547
2013-06-06,26.738033294677734
2013-06-07,27.25517463684082
2013-06-10,27.25517463684082
2013-06-11,26.977453231811523
2013-06-12,26.671001434326172
2013-06-13,27.092370986938477
2013-06-14,27.044492721557617
2013-06-17,27.178560256958008
2013-06-18,27.552053451538086
2013-06-19,27.331790924072266
2013-06-20,26.536924362182617
2013-06-21,26.252159118652344
2013-06-24,25.87822914123535
2013-06-25,26.156280517578125
2013-06-26,26.501449584960938
2013-06-27,26.8370304107666
2013-06-28,26.808269500732422
2013-07-01,27.258909225463867
2013-07-02,27.364381790161133
2013-07-03,27.421907424926758
2013-07-05,27.862953186035156
2013-07-08,28.01636505126953
2013-07-09,28.227304458618164
2013-07-10,28.246477127075195
2013-07-11,28.620418548583984
2013-07-12,28.706710815429688
2013-07-15,28.735477447509766
2013-07-16,28.69711685180664
2013-07-17,28.687536239624023
2013-07-18,28.927236557006836
2013-07-19,28.69711685180664
2013-07-22,28.64918327331543
2013-07-23,28.332773208618164
2013-07-24,28.150602340698242
2013-07-25,28.294418334960938
2013-07-26,28.5437068939209
2013-07-29,28.399892807006836
2013-07-30,28.57247543334961
2013-07-31,28.630006790161133
2013-08-01,29.214881896972656
2013-08-02,29.444990158081055
2013-08-05,29.435405731201172
2013-08-06,29.128585815429688
2013-08-07,28.975173950195312
2013-08-08,29.502521514892578
2013-08-09,29.37787437438965
2013-08-12,29.329933166503906
2013-08-13,29.291584014892578
2013-08-14,29.16693687438965
2013-08-15,28.716297149658203
2013-08-16,28.69711685180664
2013-08-19,28.630006790161133
2013-08-20,29.042295455932617
2013-08-21,28.821767807006836
2013-08-22,29.25322723388672
2013-08-23,29.281993865966797
2013-08-26,29.234052658081055
2013-08-27,28.505355834960938
2013-08-28,28.591650009155273
2013-08-29,28.888877868652344
2013-08-30,28.514944076538086
2013-09-03,28.630006790161133
2013-09-04,28.821767807006836
2013-09-05,28.908056259155273
2013-09-06,28.917640686035156
2013-09-09,29.157346725463867
2013-09-10,29.550460815429688
2013-09-11,29.531282424926758
2013-09-12,29.588817596435547
2013-09-13,29.7901611328125
2013-09-16,29.86686897277832
2013-09-17,30.135334014892578
2013-09-18,30.336687088012695
2013-09-19,30.355857849121094
2013-09-20,30.152408599853516
2013-09-23,29.92209243774414
2013-09-24,29.970075607299805
2013-09-25,29.9412899017334
2013-09-26,30.27716827392578
2013-09-27,30.286762237548828
2013-09-30,30.1907958984375
2013-10-01,30.59385108947754
2013-10-02,30.536272048950195
2013-10-03,30.200393676757812
2013-10-04,30.363536834716797
2013-10-07,30.04684829711914
2013-10-08,29.586214065551758
2013-10-09,29.499845504760742
2013-10-10,30.08523178100586
2013-10-11,30.382728576660156
2013-10-14,30.469100952148438
2013-10-15,30.152408599853516
2013-10-16,30.55546760559082
2013-10-17,30.680219650268555
2013-10-18,31.21763038635254
2013-10-21,31.256019592285156
2013-10-22,31.438352584838867
2013-10-23,31.188840866088867
2013-10-24,31.4863338470459
2013-10-25,31.55351448059082
2013-10-28,31.457542419433594
2013-10-29,31.67826271057129
2013-10-30,31.58229637145996
2013-10-31,31.76464080810547
2013-11-01,31.67826271057129
2013-11-04,31.87980079650879
2013-11-05,32.01414489746094
2013-11-06,31.745447158813477
2013-11-07,30.737802505493164
2013-11-08,31.275209426879883
2013-11-11,31.342388153076172
2013-11-12,31.41916275024414
2013-11-13,31.78383445739746
2013-11-14,31.716651916503906
2013-11-15,31.803024291992188
2013-11-18,31.476743698120117
2013-11-19,31.21763038635254
2013-11-20,31.15045166015625
2013-11-21,31.76464080810547
2013-11-22,31.831804275512695
2013-11-25,31.65907096862793
2013-11-26,31.67826271057129
2013-11-27,31.841405868530273
2013-11-29,31.860599517822266
2013-12-02,31.52471351623535
2013-12-03,31.092872619628906
2013-12-04,31.188840866088867
2013-12-05,31.294401168823242
2013-12-06,31.58229637145996
2013-12-09,31.57270622253418
2013-12-10,31.476743698120117
2013-12-11,31.284807205200195
2013-12-12,31.21763038635254
2013-12-13,31.342388153076172
2013-12-16,31.755037307739258
2013-12-17,31.630281448364258
2013-12-18,32.17728805541992
2013-12-19,32.01414489746094
2013-12-20,32.41706848144531
2013-12-23,32.58055114746094
2013-12-24,32.763267517089844
2013-12-26,32.90751266479492
2013-12-27,32.75364685058594
2013-12-30,32.85942077636719
2013-12-31,32.80173873901367
2014-01-02,32.64786911010742
2014-01-03,32.47477340698242
2014-01-06,32.186275482177734
2014-01-07,32.41706848144531
2014-01-08,32.455543518066406
2014-01-09,32.3978385925293
2014-01-10,32.465152740478516
2014-01-13,31.95547866821289
2014-01-14,32.34975051879883
2014-01-15,32.542091369628906
2014-01-16,32.43629837036133
2014-01-17,32.30167770385742
2014-01-21,32.28244400024414
2014-01-22,32.43629837036133
2014-01-23,32.109352111816406
2014-01-24,31.320802688598633
2014-01-27,30.926523208618164
2014-01-28,31.2342472076416
2014-01-29,30.647645950317383
2014-01-30,31.166933059692383
2014-01-31,31.176549911499023
2014-02-03,30.20528793334961
2014-02-04,30.589948654174805
2014-02-05,30.330305099487305
2014-02-06,31.04191780090332
2014-02-07,31.561206817626953
2014-02-10,31.734298706054688
2014-02-11,32.0612678527832
2014-02-12,32.04203414916992
2014-02-13,32.243980407714844
2014-02-14,32.50362777709961
2014-02-18,32.4940071105957
2014-02-19,32.25359344482422
2014-02-20,32.60940170288086
2014-02-21,32.84981155395508
2014-02-24,33.26332473754883
2014-02-25,33.34988021850586
2014-02-26,33.571048736572266
2014-02-27,33.83069610595703
2014-02-28,33.87876892089844
2014-03-03,33.50373458862305
2014-03-04,34.10957336425781
2014-03-05,34.10957336425781
2014-03-06,34.33074188232422
2014-03-07,34.41729736328125
2014-03-10,34.16727828979492
2014-03-11,33.95570755004883
2014-03-12,34.14803695678711
2014-03-13,33.667213439941406
2014-03-14,33.67683029174805
2014-03-17,33.94609451293945
2014-03-18,34.23457336425781
2014-03-19,33.74415969848633
2014-03-20,33.87876892089844
2014-03-21,33.68645095825195
2014-03-24,33.205623626708984
2014-03-25,33.051761627197266
2014-03-26,32.3978385925293
2014-03-27,32.19589614868164
2014-03-28,32.513248443603516
2014-03-31,32.85942077636719
2014-04-01,33.571048736572266
2014-04-02,33.50373458862305
2014-04-03,33.051761627197266
2014-04-04,32.1478157043457
2014-04-07,31.33041763305664
2014-04-08,31.676605224609375
2014-04-09,32.21513366699219
2014-04-10,31.30156707763672
2014-04-11,31.02268409729004
2014-04-14,31.243864059448242
2014-04-15,31.176549911499023
2014-04-16,31.618913650512695
2014-04-17,31.561206817626953
2014-04-21,31.45543098449707
2014-04-22,32.02280044555664
2014-04-23,31.484281539916992
2014-04-24,31.5804386138916
2014-04-25,30.878446578979492
2014-04-28,30.416854858398438
2014-04-29,30.868818283081055
2014-04-30,31.08039093017578
2014-05-01,31.224634170532227
2014-05-02,31.5804386138916
2014-05-05,31.551593780517578
2014-05-06,31.08039093017578
2014-05-07,30.964988708496094
2014-05-08,30.513017654418945
2014-05-09,30.61879539489746
2014-05-12,31.138086318969727
2014-05-13,30.955373764038086
2014-05-14,30.55147933959961
2014-05-15,30.311071395874023
2014-05-16,30.3687686920166
2014-05-19,30.60918426513672
2014-05-20,30.38800048828125
2014-05-21,30.801509857177734
2014-05-22,31.147708892822266
2014-05-23,31.4073486328125
2014-05-27,31.840084075927734
2014-05-28,31.849708557128906
2014-05-29,31.974712371826172
2014-05-30,31.90740203857422
2014-06-02,32.19589614868164
2014-06-03,31.9266357421875
2014-06-04,32.08049774169922
2014-06-05,32.37861251831055
2014-06-06,32.465152740478516
2014-06-09,32.43629837036133
2014-06-10,32.25359344482422
2014-06-11,32.25359344482422
2014-06-12,31.91701889038086
2014-06-13,31.96509552001953
2014-06-16,32.013179779052734
2014-06-17,32.243980407714844
2014-06-18,32.50362777709961
2014-06-19,32.56132507324219
2014-06-20,32.57769775390625
2014-06-23,32.62586212158203
2014-06-24,32.529537200927734
2014-06-25,32.77997970581055
2014-06-26,32.80888748168945
2014-06-27,32.876312255859375
2014-06-30,32.79924774169922
2014-07-01,33.09785842895508
2014-07-02,32.991905212402344
2014-07-03,33.15565872192383
2014-07-07,32.96300506591797
2014-07-08,32.548797607421875
2014-07-09,32.77997970581055
2014-07-10,32.56806182861328
2014-07-11,32.51990509033203
2014-07-14,32.51990509033203
2014-07-15,32.356143951416016
2014-07-16,32.58732604980469
2014-07-17,32.192386627197266
2014-07-18,32.59697723388672
2014-07-21,32.365779876708984
2014-07-22,32.702919006347656
2014-07-23,32.702919006347656
2014-07-24,32.65475845336914
2014-07-25,32.56806182861328
2014-07-28,32.65475845336914
2014-07-29,32.635498046875
2014-07-30,32.51990509033203
2014-07-31,31.95157241821289
2014-08-01,31.980466842651367
2014-08-04,32.4235725402832
2014-08-05,32.04790115356445
2014-08-06,31.633695602416992
2014-08-07,31.518110275268555
2014-08-08,31.739660263061523
2014-08-11,32.019004821777344
2014-08-12,31.893770217895508
2014-08-13,32.18275833129883
2014-08-14,32.18275833129883
2014-08-15,32.16349792480469
2014-08-18,32.39468002319336
2014-08-19,32.46210479736328
2014-08-20,32.4139404296875
2014-08-21,32.385047912597656
2014-08-22,32.48137283325195
2014-08-25,32.789615631103516
2014-08-26,32.645118713378906
2014-08-27,32.491004943847656
2014-08-28,32.51026916503906
2014-08-29,32.51026916503906
2014-09-02,32.56806182861328
2014-09-03,32.45247268676758
2014-09-04,32.39468002319336
2014-09-05,32.59697723388672
2014-09-08,32.645118713378906
2014-09-09,32.491004943847656
2014-09-10,32.46210479736328
2014-09-11,32.548797607421875
2014-09-12,32.32725524902344
2014-09-15,32.14421463012695
2014-09-16,32.17313003540039
2014-09-17,32.307979583740234
2014-09-18,32.51026916503906
2014-09-19,32.49483871459961
2014-09-22,32.01242446899414
2014-09-23,31.81946563720703
2014-09-24,32.10890579223633
2014-09-25,31.742286682128906
2014-09-26,32.11855697631836
2014-09-29,32.0413703918457
2014-09-30,32.26327896118164
2014-10-01,31.443187713623047
2014-10-02,31.39495086669922
2014-10-03,31.867704391479492
2014-10-06,31.83875274658203
2014-10-07,31.327409744262695
2014-10-08,31.597557067871094
2014-10-09,31.057262420654297
2014-10-10,30.60379981994629
2014-10-13,29.793359756469727
2014-10-14,30.082805633544922
2014-10-15,29.793359756469727
2014-10-16,30.2468204498291
2014-10-17,30.74852752685547
2014-10-20,31.317760467529297
2014-10-21,31.73262596130371
2014-10-22,31.568620681762695
2014-10-23,31.896652221679688
2014-10-24,32.147499084472656
2014-10-27,32.26327896118164
2014-10-28,32.59130859375
2014-10-29,32.581668853759766
2014-10-30,32.851810455322266
2014-10-31,33.015830993652344
2014-11-03,33.044776916503906
2014-11-04,32.74567794799805
2014-11-05,32.54307556152344
2014-11-06,32.65885925292969
2014-11-07,32.54307556152344
2014-11-10,32.784263610839844
2014-11-11,32.86146545410156
2014-11-12,32.96758270263672
2014-11-13,33.035133361816406
2014-11-14,33.035133361816406
2014-11-17,32.71673583984375
2014-11-18,32.87111282348633
2014-11-19,32.784263610839844
2014-11-20,32.68779754638672
2014-11-21,32.72639083862305
2014-11-24,33.17984390258789
2014-11-25,33.26668167114258
2014-11-26,33.28598403930664
2014-11-28,33.71049880981445
2014-12-01,33.28598403930664
2014-12-02,33.53683090209961
2014-12-03,33.53683090209961
2014-12-04,33.40175247192383
2014-12-05,33.720149993896484
2014-12-08,33.51752853393555
2014-12-09,33.53683090209961
2014-12-10,33.26668167114258
2014-12-11,33.66225051879883
2014-12-12,33.66225051879883
2014-12-15,33.09300994873047
2014-12-16,32.6106071472168
2014-12-17,33.45000076293945
2014-12-18,33.79732131958008
2014-12-19,33.9036750793457
2014-12-22,34.106685638427734
2014-12-23,34.271034240722656
2014-12-24,34.358028411865234
2014-12-26,34.53205871582031
2014-12-29,34.83174133300781
2014-12-30,34.58039093017578
2014-12-31,34.541725158691406
2015-01-02,34.3097038269043
2015-01-05,33.69098663330078
2015-01-06,33.5073127746582
2015-01-07,34.36770248413086
2015-01-08,35.063758850097656
2015-01-09,34.822078704833984
2015-01-12,35.063758850097656
2015-01-13,35.295780181884766
2015-01-14,35.112091064453125
2015-01-15,34.63839340209961
2015-01-16,34.91875076293945
2015-01-20,34.79307556152344
2015-01-21,34.66739273071289
2015-01-22,35.23777389526367
2015-01-23,35.15077209472656
2015-01-26,35.469791412353516
2015-01-27,35.305442810058594
2015-01-28,34.812408447265625
2015-01-29,35.02508544921875
2015-01-30,34.34837341308594
2015-02-02,34.25169372558594
2015-02-03,34.73507308959961
2015-02-04,34.706077575683594
2015-02-05,34.773746490478516
2015-02-06,34.754398345947266
2015-02-09,34.3097038269043
2015-02-10,35.092769622802734
2015-02-11,35.334449768066406
2015-02-12,35.75981140136719
2015-02-13,35.7404899597168
2015-02-17,35.89515686035156
2015-02-18,36.40753173828125
2015-02-19,36.726558685302734
2015-02-20,36.765228271484375
2015-02-23,36.745887756347656
2015-02-24,36.726558685302734
2015-02-25,36.95857620239258
2015-02-26,36.75556945800781
2015-02-27,36.64921188354492
2015-03-02,37.2292594909668
2015-03-03,37.026248931884766
2015-03-04,36.726558685302734
2015-03-05,36.75556945800781
2015-03-06,36.14651107788086
2015-03-09,36.513877868652344
2015-03-10,36.04017639160156
2015-03-11,36.02082443237305
2015-03-12,36.939247131347656
2015-03-13,36.85223388671875
2015-03-16,37.23893356323242
2015-03-17,37.53862380981445
2015-03-18,37.567623138427734
2015-03-19,37.97365188598633
2015-03-20,38.064823150634766
2015-03-23,37.83206558227539
2015-03-24,37.851463317871094
2015-03-25,36.668296813964844
2015-03-26,36.51313781738281
2015-03-27,37.10470962524414
2015-03-30,37.337459564208984
2015-03-31,37.153202056884766
2015-04-01,36.55192184448242
2015-04-02,36.464637756347656
2015-04-06,36.115509033203125
2015-04-07,35.81486511230469
2015-04-08,36.55192184448242
2015-04-09,36.35795974731445
2015-04-10,36.4549446105957
2015-04-13,36.42585372924805
2015-04-14,36.18340301513672
2015-04-15,36.1543083190918
2015-04-16,36.40645217895508
2015-04-17,35.96034622192383
2015-04-20,36.26097869873047
2015-04-21,36.44524002075195
2015-04-22,36.396759033203125
2015-04-23,36.67799758911133
2015-04-24,37.10470962524414
2015-04-27,36.6101188659668
2015-04-28,36.668296813964844
2015-04-29,35.81486511230469
2015-04-30,35.26209259033203
2015-05-01,35.91185760498047
2015-05-04,35.96034622192383
2015-05-05,35.349365234375
2015-05-06,35.2426872253418
2015-05-07,35.95064163208008
2015-05-08,36.290061950683594
2015-05-11,36.33856964111328
2015-05-12,36.12520980834961
2015-05-13,35.989437103271484
2015-05-14,36.33856964111328
2015-05-15,36.3288688659668
2015-05-18,36.581016540527344
2015-05-19,36.55192184448242
2015-05-20,35.68880081176758
2015-05-21,35.7178955078125
2015-05-22,35.54332733154297
2015-05-26,35.07781982421875
2015-05-27,35.630611419677734
2015-05-28,35.51423645019531
2015-05-29,35.494834899902344
2015-06-01,35.73728561401367
2015-06-02,35.659698486328125
2015-06-03,35.7178955078125
2015-06-04,35.320274353027344
2015-06-05,35.659698486328125
2015-06-08,34.91295623779297
2015-06-09,34.84507751464844
2015-06-10,35.14570999145508
2015-06-11,35.30087661743164
2015-06-12,35.39786148071289
2015-06-15,35.19419479370117
2015-06-16,35.165103912353516
2015-06-17,35.29117965698242
2015-06-18,35.73728561401367
2015-06-19,36.00883102416992
2015-06-22,36.37736511230469
2015-06-23,36.299774169921875
2015-06-24,35.95064163208008
2015-06-25,36.086421966552734
2015-06-26,36.19308853149414
2015-06-29,35.252384185791016
2015-06-30,35.52393341064453
2015-07-01,35.349365234375
2015-07-02,35.349365234375
2015-07-06,35.48513412475586
2015-07-07,35.87306213378906
2015-07-08,35.21359634399414
2015-07-09,35.320274353027344
2015-07-10,36.202796936035156
2015-07-13,36.82346725463867
2015-07-14,36.8040657043457
2015-07-15,36.581016540527344
2015-07-16,36.77498245239258
2015-07-17,36.77498245239258
2015-07-20,36.63920974731445
2015-07-21,36.755592346191406
2015-07-22,37.07562255859375
2015-07-23,36.62950897216797
2015-07-24,36.086421966552734
2015-07-27,35.756690979003906
2015-07-28,36.067020416259766
2015-07-29,36.1543083190918
2015-07-30,36.24158477783203
2015-07-31,36.63920974731445
2015-08-03,37.0465202331543
2015-08-04,37.14350128173828
2015-08-05,36.930152893066406
2015-08-06,36.202796936035156
2015-08-07,36.13490295410156
2015-08-10,36.18340301513672
2015-08-11,36.26097869873047
2015-08-12,36.03793716430664
2015-08-13,36.33856964111328
2015-08-14,36.435543060302734
2015-08-17,36.91075134277344
2015-08-18,36.62950897216797
2015-08-19,36.47433853149414
2015-08-20,35.349365234375
2015-08-21,34.515342712402344
2015-08-24,33.050926208496094
2015-08-25,33.225494384765625
2015-08-26,34.14680099487305
2015-08-27,34.49593734741211
2015-08-28,34.69959259033203
2015-08-31,34.408660888671875
2015-09-01,33.70071029663086
2015-09-02,34.67050552368164
2015-09-03,34.854766845703125
2015-09-04,34.94204330444336
2015-09-08,35.650001525878906
2015-09-09,35.39786148071289
2015-09-10,35.55302810668945
2015-09-11,35.86336135864258
2015-09-14,35.843971252441406
2015-09-15,35.95064163208008
2015-09-16,36.212493896484375
2015-09-17,36.5907096862793
2015-09-18,36.048954010009766
2015-09-21,36.22372817993164
2015-09-22,35.573219299316406
2015-09-23,35.699440002441406
2015-09-24,35.427589416503906
2015-09-25,35.34992599487305
2015-09-28,34.16545104980469
2015-09-29,34.03923034667969
2015-09-30,34.60234069824219
2015-10-01,34.67030334472656
2015-10-02,35.029537200927734
2015-10-05,35.78682327270508
2015-10-06,34.97128677368164
2015-10-07,35.34021759033203
2015-10-08,35.59264373779297
2015-10-09,36.1169319152832
2015-10-12,36.631492614746094
2015-10-13,36.233428955078125
2015-10-14,35.699440002441406
2015-10-15,36.39847946166992
2015-10-16,36.330509185791016
2015-10-19,36.815956115722656
2015-10-20,36.815956115722656
2015-10-21,36.31110763549805
2015-10-22,36.786834716796875
2015-10-23,37.43733215332031
2015-10-26,37.93247985839844
2015-10-27,37.43733215332031
2015-10-28,37.689762115478516
2015-10-29,37.44703674316406
2015-10-30,37.340248107910156
2015-11-02,37.767425537109375
2015-11-03,37.825679779052734
2015-11-04,37.233436584472656
2015-11-05,37.32081985473633
2015-11-06,37.70917510986328
2015-11-09,37.010135650634766
2015-11-10,37.24314880371094
2015-11-11,37.116943359375
2015-11-12,36.5732307434082
2015-11-13,36.087791442871094
2015-11-16,35.961585998535156
2015-11-17,35.87419509887695
2015-11-18,36.349937438964844
2015-11-19,36.476158142089844
2015-11-20,36.786834716796875
2015-11-23,36.874210357666016
2015-11-24,36.427608489990234
2015-11-25,36.62178039550781
2015-11-27,36.67033386230469
2015-11-30,36.14604949951172
2015-12-01,36.631492614746094
2015-12-02,36.699459075927734
2015-12-03,36.14604949951172
2015-12-04,36.91305160522461
2015-12-07,37.223731994628906
2015-12-08,36.61206817626953
2015-12-09,36.252845764160156
2015-12-10,36.61206817626953
2015-12-11,35.544105529785156
2015-12-14,35.49555587768555
2015-12-15,35.91304016113281
2015-12-16,36.447021484375
2015-12-17,35.883907318115234
2015-12-18,35.297088623046875
2015-12-21,35.79258728027344
2015-12-22,35.85087966918945
2015-12-23,36.054908752441406
2015-12-24,36.1909294128418
2015-12-28,36.14234924316406
2015-12-29,36.530975341796875
2015-12-30,36.122920989990234
2015-12-31,35.7148551940918
2016-01-04,34.665565490722656
2016-01-05,34.43238830566406
2016-01-06,34.39352798461914
2016-01-07,33.402523040771484
2016-01-08,33.081912994384766
2016-01-11,33.315086364746094
2016-01-12,33.52882385253906
2016-01-13,32.27550506591797
2016-01-14,32.634986877441406
2016-01-15,31.848018646240234
2016-01-19,31.857730865478516
2016-01-20,31.71199607849121
2016-01-21,31.993755340576172
2016-01-22,32.52811050415039
2016-01-25,31.799436569213867
2016-01-26,32.30466079711914
2016-01-27,31.916027069091797
2016-01-28,31.459386825561523
2016-01-29,32.35322570800781
2016-02-01,32.7515754699707
2016-02-02,31.770292282104492
2016-02-03,31.566259384155273
2016-02-04,31.828582763671875
2016-02-05,30.312938690185547
2016-02-08,29.807723999023438
2016-02-09,30.002037048339844
2016-02-10,30.312938690185547
2016-02-11,30.293508529663086
2016-02-12,31.002750396728516
2016-02-16,31.780000686645508
2016-02-17,32.61555862426758
2016-02-18,32.625282287597656
2016-02-19,32.88759231567383
2016-02-22,33.49967956542969
2016-02-23,33.33452606201172
2016-02-24,33.6065559387207
2016-02-25,33.97574996948242
2016-02-26,33.956321716308594
2016-02-29,33.86887741088867
2016-03-01,34.51982879638672
2016-03-02,34.40324401855469
2016-03-03,34.597557067871094
2016-03-04,34.548973083496094
2016-03-07,34.48096466064453
2016-03-08,33.96603012084961
2016-03-09,34.25749969482422
2016-03-10,34.16035461425781
2016-03-11,34.76272201538086
2016-03-14,34.85016632080078
2016-03-15,34.61698913574219
2016-03-16,35.0541877746582
2016-03-17,35.01532745361328
2016-03-18,35.358421325683594
2016-03-21,35.3875732421875
2016-03-22,35.183475494384766
2016-03-23,35.03767776489258
2016-03-24,34.8238639831543
2016-03-28,35.17375183105469
2016-03-29,35.74718475341797
2016-03-30,36.077640533447266
2016-03-31,35.93185043334961
2016-04-01,35.93185043334961
2016-04-04,36.135955810546875
2016-04-05,35.82494354248047
2016-04-06,36.0290412902832
2016-04-07,35.65970993041992
2016-04-08,35.854095458984375
2016-04-11,35.77634048461914
2016-04-12,35.99016189575195
2016-04-13,36.446964263916016
2016-04-14,36.58303451538086
2016-04-15,36.62191390991211
2016-04-18,36.69966125488281
2016-04-19,36.680233001708984
2016-04-20,36.58303451538086
2016-04-21,36.03876495361328
2016-04-22,35.55280303955078
2016-04-25,35.48476791381836
2016-04-26,35.533363342285156
2016-04-27,35.45561218261719
2016-04-28,34.78498840332031
2016-04-29,34.668357849121094
2016-05-02,35.04740524291992
2016-05-03,34.92105484008789
2016-05-04,34.454532623291016
2016-05-05,34.36705780029297
2016-05-06,34.39622116088867
2016-05-09,34.736385345458984
2016-05-10,35.04740524291992
2016-05-11,34.425376892089844
2016-05-12,34.182395935058594
2016-05-13,34.04632568359375
2016-05-16,34.2892951965332
2016-05-17,34.09492111206055
2016-05-18,33.93941116333008
2016-05-19,33.71587371826172
2016-05-20,33.803348541259766
2016-05-23,33.70615768432617
2016-05-24,34.192115783691406
2016-05-25,34.1143684387207
2016-05-26,33.93941116333008
2016-05-27,34.23099899291992
2016-05-31,34.065765380859375
2016-06-01,34.25042724609375
2016-06-02,34.3184700012207
2016-06-03,34.007450103759766
2016-06-06,34.026885986328125
2016-06-07,34.32817840576172
2016-06-08,34.39622116088867
2016-06-09,34.56144332885742
2016-06-10,34.182395935058594
2016-06-13,33.51177215576172
2016-06-14,33.18132019042969
2016-06-15,33.18132019042969
2016-06-16,32.986934661865234
2016-06-17,32.99863052368164
2016-06-20,33.23245620727539
2016-06-21,33.25193786621094
2016-06-22,33.173988342285156
2016-06-23,33.349369049072266
2016-06-24,32.08280563354492
2016-06-27,31.205963134765625
2016-06-28,31.66387367248535
2016-06-29,32.35560607910156
2016-06-30,32.71609115600586
2016-07-01,32.91093826293945
2016-07-05,32.569950103759766
2016-07-06,32.59917449951172
2016-07-07,32.90119552612305
2016-07-08,33.44679260253906
2016-07-11,33.826759338378906
2016-07-12,34.567203521728516
2016-07-13,34.48926544189453
2016-07-14,34.986141204833984
2016-07-15,34.72309112548828
2016-07-18,34.65489196777344
2016-07-19,34.6938591003418
2016-07-20,34.6938591003418
2016-07-21,34.23595428466797
2016-07-22,34.77180480957031
2016-07-25,34.6938591003418
2016-07-26,34.64514923095703
2016-07-27,34.440555572509766
2016-07-28,34.684120178222656
2016-07-29,34.313899993896484
2016-08-01,34.35286331176758
2016-08-02,33.417564392089844
2016-08-03,33.49551010131836
2016-08-04,33.56370544433594
2016-08-05,34.10929489135742
2016-08-08,34.1872444152832
2016-08-09,34.06058120727539
2016-08-10,34.03135681152344
2016-08-11,34.38209915161133
2016-08-12,34.26517868041992
2016-08-15,34.518489837646484
2016-08-16,34.35286331176758
2016-08-17,34.38209915161133
2016-08-18,34.440555572509766
2016-08-19,34.20671844482422
2016-08-22,34.177494049072266
2016-08-23,34.40157699584961
2016-08-24,34.30415344238281
2016-08-25,34.26517868041992
2016-08-26,33.982643127441406
2016-08-29,34.09955596923828
2016-08-30,34.362606048583984
2016-08-31,34.20671844482422
2016-09-01,34.09955596923828
2016-09-02,34.33338165283203
2016-09-06,34.362606048583984
2016-09-07,34.88872146606445
2016-09-08,34.84974670410156
2016-09-09,33.93392562866211
2016-09-12,34.40157699584961
2016-09-13,34.04109573364258
2016-09-14,33.85598373413086
2016-09-15,34.10929489135742
2016-09-16,33.88670349121094
2016-09-19,34.06243133544922
2016-09-20,34.10148620605469
2016-09-21,34.345558166503906
2016-09-22,34.77511978149414
2016-09-23,34.91179656982422
2016-09-26,34.394371032714844
2016-09-27,34.697017669677734
2016-09-28,34.6286735534668
2016-09-29,34.462711334228516
2016-09-30,34.7263069152832
2016-10-03,35.009429931640625
2016-10-04,34.98013687133789
2016-10-05,34.92156219482422
2016-10-06,35.019187927246094
2016-10-07,34.83369445800781
2016-10-10,35.22420883178711
2016-10-11,34.84345626831055
2016-10-12,34.999664306640625
2016-10-13,35.15586853027344
2016-10-14,35.0777702331543
2016-10-17,34.882511138916016
2016-10-18,35.18516159057617
2016-10-19,35.5561408996582
2016-10-20,35.73187255859375
2016-10-21,35.9173698425293
2016-10-24,35.88807678222656
2016-10-25,35.49757766723633
2016-10-26,35.1656379699707
2016-10-27,35.107051849365234
2016-10-28,35.26325988769531
2016-10-31,35.604957580566406
2016-11-01,35.28278350830078
2016-11-02,35.126583099365234
2016-11-03,34.882511138916016
2016-11-04,35.03871536254883
2016-11-07,36.01499938964844
2016-11-08,36.23954772949219
2016-11-09,36.69839096069336
2016-11-10,36.932701110839844
2016-11-11,37.225582122802734
2016-11-14,37.76253890991211
2016-11-15,38.01637268066406
2016-11-16,37.967559814453125
2016-11-17,38.524044036865234
2016-11-18,38.67047882080078
2016-11-21,38.77787780761719
2016-11-22,39.129337310791016
2016-11-23,39.373409271240234
2016-11-25,39.38316345214844
2016-11-28,39.06099319458008
2016-11-29,39.187904357910156
2016-11-30,38.74858856201172
2016-12-01,38.70953369140625
2016-12-02,38.56309509277344
2016-12-05,38.89502716064453
2016-12-06,39.3245849609375
2016-12-07,40.06656265258789
2016-12-08,39.910362243652344
2016-12-09,40.154422760009766
2016-12-12,39.36363983154297
2016-12-13,39.666282653808594
2016-12-14,39.666282653808594
2016-12-15,39.80297088623047
2016-12-16,39.651248931884766
2016-12-19,39.73934555053711
2016-12-20,40.0721321105957
2016-12-21,40.27768325805664
2016-12-22,39.827430725097656
2016-12-23,39.827430725097656
2016-12-27,39.915523529052734
2016-12-28,39.524009704589844
2016-12-29,39.48485565185547
2016-12-30,39.171634674072266
2017-01-03,39.435909271240234
2017-01-04,39.94489669799805
2017-01-05,39.71977233886719
2017-01-06,39.60231018066406
2017-01-09,39.37718200683594
2017-01-10,39.7491340637207
2017-01-11,39.925315856933594
2017-01-12,39.69040298461914
2017-01-13,39.85680389404297
2017-01-17,39.68061065673828
2017-01-18,39.807857513427734
2017-01-19,39.60231018066406
2017-01-20,39.915523529052734
2017-01-23,39.70997619628906
2017-01-24,40.11128616333008
2017-01-25,40.25810623168945
2017-01-26,40.385353088378906
2017-01-27,40.062347412109375
2017-01-30,39.651248931884766
2017-01-31,39.60231018066406
2017-02-01,39.465274810791016
2017-02-02,39.45549392700195
2017-02-03,39.612098693847656
2017-02-06,39.73934555053711
2017-02-07,39.533790588378906
2017-02-08,39.56315231323242
2017-02-09,40.140655517578125
2017-02-10,40.2874755859375
2017-02-13,40.37555694580078
2017-02-14,40.248321533203125
2017-02-15,40.678993225097656
2017-02-16,40.238525390625
2017-02-17,40.20916748046875
2017-02-21,40.49301528930664
2017-02-22,40.18959045410156
2017-02-23,40.091705322265625
2017-02-24,40.26789855957031
2017-02-27,40.307044982910156
2017-02-28,40.062347412109375
2017-03-01,40.31683349609375
2017-03-02,39.85680389404297
2017-03-03,40.101505279541016
2017-03-06,39.70018768310547
2017-03-07,39.41633605957031
2017-03-08,39.57294464111328
2017-03-09,39.37718200683594
2017-03-10,39.631675720214844
2017-03-13,39.50443649291992
2017-03-14,39.13248062133789
2017-03-15,39.73934555053711
2017-03-16,39.651248931884766
2017-03-17,39.64146423339844
2017-03-20,39.57294464111328
2017-03-21,38.95630645751953
2017-03-22,39.15205764770508
2017-03-23,39.41633605957031
2017-03-24,39.51422119140625
2017-03-27,39.592529296875
2017-03-28,40.04277038574219
2017-03-29,39.9644660949707
2017-03-30,40.31683349609375
2017-03-31,40.34619903564453
2017-04-03,40.19937515258789
2017-04-04,40.0819206237793
2017-04-05,39.876373291015625
2017-04-06,40.101505279541016
2017-04-07,39.8665885925293
2017-04-10,39.83722686767578
2017-04-11,39.90574264526367
2017-04-12,39.44569396972656
2017-04-13,39.21078872680664
2017-04-17,39.465274810791016
2017-04-18,39.48485565185547
2017-04-19,39.69040298461914
2017-04-20,40.20916748046875
2017-04-21,40.17001724243164
2017-04-24,40.463653564453125
2017-04-25,40.894325256347656
2017-04-26,41.168392181396484
2017-04-27,41.011783599853516
2017-04-28,41.129241943359375
2017-05-01,41.14881896972656
2017-05-02,41.50118637084961
2017-05-03,41.060726165771484
2017-05-04,40.95305633544922
2017-05-05,41.02157211303711
2017-05-08,40.688777923583984
2017-05-09,40.9236946105957
2017-05-10,40.82581329345703
2017-05-11,40.678993225097656
2017-05-12,40.40492248535156
2017-05-15,40.708351135253906
2017-05-16,40.57132339477539
2017-05-17,39.70997619628906
2017-05-18,39.78828430175781
2017-05-19,40.248321533203125
2017-05-22,40.463653564453125
2017-05-23,40.47343826293945
2017-05-24,40.73771667480469
2017-05-25,41.207542419433594
2017-05-26,41.158599853515625
2017-05-30,40.81602096557617
2017-05-31,40.93347930908203
2017-06-01,41.608848571777344
2017-06-02,41.873130798339844
2017-06-05,41.608848571777344
2017-06-06,41.54033279418945
2017-06-07,41.833980560302734
2017-06-08,41.89270782470703
2017-06-09,41.256492614746094
2017-06-12,41.04114532470703
2017-06-13,41.40330123901367
2017-06-14,41.168392181396484
2017-06-15,40.93347930908203
2017-06-16,41.21323013305664
2017-06-19,41.72543716430664
2017-06-20,41.20337677001953
2017-06-21,41.21323013305664
2017-06-22,41.262474060058594
2017-06-23,41.311729431152344
2017-06-26,41.429927825927734
2017-06-27,41.1442756652832
2017-06-28,41.20337677001953
2017-06-29,40.81922149658203
2017-06-30,40.87831497192383
2017-07-03,40.87831497192383
2017-07-05,40.769962310791016
2017-07-06,40.356266021728516
2017-07-07,40.986671447753906
2017-07-10,40.92757034301758
2017-07-11,40.858619689941406
2017-07-12,41.32158279418945
2017-07-13,41.1048698425293
2017-07-14,41.1048698425293
2017-07-17,41.035919189453125
2017-07-18,41.09502410888672
2017-07-19,41.085174560546875
2017-07-20,41.301876068115234
2017-07-21,41.124576568603516
2017-07-24,41.19352722167969
2017-07-25,41.15412521362305
2017-07-26,40.83891677856445
2017-07-27,40.444908142089844
2017-07-28,40.3070068359375
2017-07-31,40.12970733642578
2017-08-01,40.31686019897461
2017-08-02,40.19865798950195
2017-08-03,40.3759651184082
2017-08-04,40.52371597290039
2017-08-07,40.612361907958984
2017-08-08,40.178955078125
2017-08-09,40.07060623168945
2017-08-10,39.71599197387695
2017-08-11,39.834197998046875
2017-08-14,40.11985397338867
2017-08-15,40.21835708618164
2017-08-16,40.15925979614258
2017-08-17,39.617488861083984
2017-08-18,39.32198715209961
2017-08-21,39.410640716552734
2017-08-22,39.73569869995117
2017-08-23,39.351539611816406
2017-08-24,39.0264778137207
2017-08-25,39.32198715209961
2017-08-28,39.21363830566406
2017-08-29,39.0264778137207
2017-08-30,39.193939208984375
2017-08-31,39.71599197387695
2017-09-01,39.90314865112305
2017-09-05,39.39093780517578
2017-09-06,39.243186950683594
2017-09-07,39.203792572021484
2017-09-08,39.1249885559082
2017-09-11,39.73569869995117
2017-09-12,39.88344955444336
2017-09-13,40.07060623168945
2017-09-14,39.873600006103516
2017-09-15,39.844058990478516
2017-09-18,39.85884475708008
2017-09-19,40.05601501464844
2017-09-20,40.125030517578125
2017-09-21,40.25319290161133
2017-09-22,40.22361373901367
2017-09-25,39.95742416381836
2017-09-26,40.213748931884766
2017-09-27,40.588382720947266
2017-09-28,40.46022415161133
2017-09-29,40.726409912109375
2017-10-02,40.706687927246094
2017-10-03,41.08131790161133
2017-10-04,41.16019058227539
2017-10-05,41.544677734375
2017-10-06,41.62355422973633
2017-10-09,41.45595169067383
2017-10-10,41.60382843017578
2017-10-11,41.64326477050781
2017-10-12,41.39680099487305
2017-10-13,41.49538803100586
2017-10-16,41.515106201171875
2017-10-17,41.57425308227539
2017-10-18,41.69255828857422
2017-10-19,41.42637634277344
2017-10-20,41.53482437133789
2017-10-23,41.2094841003418
2017-10-24,41.24891662597656
2017-10-25,40.86442947387695
2017-10-26,41.06160354614258
2017-10-27,41.03202438354492
2017-10-30,40.775699615478516
2017-10-31,41.17990493774414
2017-11-01,41.07146453857422
2017-11-02,41.06160354614258
2017-11-03,41.21934509277344
2017-11-06,41.554542541503906
2017-11-07,41.12075424194336
2017-11-08,41.21934509277344
2017-11-09,41.06160354614258
2017-11-10,41.130611419677734
2017-11-13,41.110897064208984
2017-11-14,41.2587776184082
2017-11-15,41.110897064208984
2017-11-16,41.65312957763672
2017-11-17,41.69255828857422
2017-11-20,41.83058166503906
2017-11-21,42.136207580566406
2017-11-22,42.096771240234375
2017-11-24,42.11648941040039
2017-11-27,42.02776336669922
2017-11-28,42.333377838134766
2017-11-29,42.35309982299805
2017-11-30,42.875606536865234
2017-12-01,42.7080078125
2017-12-04,42.9544792175293
2017-12-05,42.62914276123047
2017-12-06,42.4221076965332
2017-12-07,42.786888122558594
2017-12-08,42.97418975830078
2017-12-11,43.02349090576172
2017-12-12,42.6685791015625
2017-12-13,42.71786880493164
2017-12-14,42.530555725097656
2017-12-15,43.02349090576172
2017-12-18,43.48685073852539
2017-12-19,43.51642608642578
2017-12-20,43.62487030029297
2017-12-21,43.910770416259766
2017-12-22,43.59529495239258
2017-12-26,43.575584411621094
2017-12-27,43.7037467956543
2017-12-28,43.74317932128906
2017-12-29,43.56572341918945
2018-01-02,43.55586242675781
2018-01-03,43.36854553222656
2018-01-04,43.37839889526367
2018-01-05,43.407981872558594
2018-01-08,43.4178466796875
2018-01-09,43.53614807128906
2018-01-10,43.7037467956543
2018-01-11,44.33469772338867
2018-01-12,44.650184631347656
2018-01-16,44.610748291015625
2018-01-17,44.90651321411133
2018-01-18,44.89664840698242
2018-01-19,45.34029006958008
2018-01-22,45.71492385864258
2018-01-23,45.8726692199707
2018-01-24,45.8726692199707
2018-01-25,45.86280059814453
2018-01-26,45.79379653930664
2018-01-29,45.6952018737793
2018-01-30,45.626197814941406
2018-01-31,45.71492385864258
2018-02-01,45.951534271240234
2018-02-02,44.867069244384766
2018-02-05,43.81218719482422
2018-02-06,44.12766647338867
2018-02-07,44.42343521118164
2018-02-08,43.29953384399414
2018-02-09,43.14179611206055
2018-02-12,43.75303649902344
2018-02-13,43.950218200683594
2018-02-14,44.610748291015625
2018-02-15,44.817771911621094
2018-02-16,44.69947052001953
2018-02-20,44.67975997924805
2018-02-21,44.66990280151367
2018-02-22,44.34455871582031
2018-02-23,44.63045883178711
2018-02-26,44.9163703918457
2018-02-27,44.314979553222656
2018-02-28,44.275550842285156
2018-03-01,43.53614807128906
2018-03-02,43.75303649902344
2018-03-05,43.9600715637207
2018-03-06,44.15724182128906
2018-03-07,44.305118560791016
2018-03-08,45.01495361328125
2018-03-09,45.89237976074219
2018-03-12,45.783931732177734
2018-03-13,45.51774597167969
2018-03-14,45.45859909057617
2018-03-15,45.330440521240234
2018-03-16,45.6163330078125
2018-03-19,45.15217590332031
2018-03-20,45.241058349609375
2018-03-21,45.1225471496582
2018-03-22,43.93745040893555
2018-03-23,43.137508392333984
2018-03-26,44.13496780395508
2018-03-27,43.67080307006836
2018-03-28,43.6016731262207
2018-03-29,43.976951599121094
2018-04-02,42.81160354614258
2018-04-03,43.35477828979492
2018-04-04,43.789310455322266
2018-04-05,44.23372268676758
2018-04-06,43.17701721191406
2018-04-09,43.562171936035156
2018-04-10,43.32514953613281
2018-04-11,43.265892028808594
2018-04-12,43.88806915283203
2018-04-13,43.48316192626953
2018-04-16,44.41149139404297
2018-04-17,44.78676986694336
2018-04-18,45.32994079589844
2018-04-19,45.10279083251953
2018-04-20,44.97440719604492
2018-04-23,45.20155715942383
2018-04-24,44.688011169433594
2018-04-25,44.63863754272461
2018-04-26,44.60900115966797
2018-04-27,44.49049377441406
2018-04-30,44.43124008178711
2018-05-01,44.43124008178711
2018-05-02,44.44112014770508
2018-05-03,44.15471267700195
2018-05-04,44.589256286621094
2018-05-07,44.62875747680664
2018-05-08,44.64850616455078
2018-05-09,44.92502975463867
2018-05-10,45.32994079589844
2018-05-11,45.142295837402344
2018-05-14,44.94478225708008
2018-05-15,44.87565231323242
2018-05-16,45.49782943725586
2018-05-17,45.65584182739258
2018-05-18,45.66571044921875
2018-05-21,46.07063293457031
2018-05-22,45.79410171508789
2018-05-23,45.6163330078125
2018-05-24,45.991615295410156
2018-05-25,46.2385139465332
2018-05-29,45.774349212646484
2018-05-30,46.31752014160156
2018-05-31,45.86322784423828
2018-06-01,46.21875762939453
2018-06-04,46.24839401245117
2018-06-05,46.32740020751953
2018-06-06,46.69279861450195
2018-06-07,46.45578384399414
2018-06-08,46.31752014160156
2018-06-11,46.682926177978516
2018-06-12,46.80143356323242
2018-06-13,46.712547302246094
2018-06-14,47.018699645996094
2018-06-15,47.37423324584961
2018-06-18,47.54147720336914
2018-06-19,47.31386947631836
2018-06-20,47.59095764160156
2018-06-21,47.22480392456055
2018-06-22,47.20500183105469
2018-06-25,46.23517608642578
2018-06-26,46.324241638183594
2018-06-27,45.90860366821289
2018-06-28,46.027347564697266
2018-06-29,46.06693649291992
2018-07-02,45.8888053894043
2018-07-03,46.05704116821289
2018-07-05,46.14611053466797
2018-07-06,46.680503845214844
2018-07-09,46.81904983520508
2018-07-10,46.76956558227539
2018-07-11,46.462791442871094
2018-07-12,46.90812301635742
2018-07-13,47.125831604003906
2018-07-16,47.03676986694336
2018-07-17,47.23469161987305
2018-07-18,47.739402770996094
2018-07-19,47.818572998046875
2018-07-20,47.5711669921875
2018-07-23,47.54147720336914
2018-07-24,46.60133743286133
2018-07-25,47.28417205810547
2018-07-26,47.402931213378906
2018-07-27,47.056556701660156
2018-07-30,46.086734771728516
2018-07-31,46.51226806640625
2018-08-01,45.948184967041016
2018-08-02,45.93828582763672
2018-08-03,45.700782775878906
2018-08-06,45.95808029174805
2018-08-07,45.700782775878906
2018-08-08,45.78984451293945
2018-08-09,45.572120666503906
2018-08-10,45.09710693359375
2018-08-13,44.90908432006836
2018-08-14,45.29503631591797
2018-08-15,44.889286041259766
2018-08-16,45.25544738769531
2018-08-17,45.36430740356445
2018-08-20,45.76015853881836
2018-08-21,46.06693649291992
2018-08-22,45.79974365234375
2018-08-23,45.92839050292969
2018-08-24,46.19559097290039
2018-08-27,46.156002044677734
2018-08-28,46.40340805053711
2018-08-29,46.650814056396484
2018-08-30,46.344032287597656
2018-08-31,46.56174850463867
2018-09-04,46.43309783935547
2018-09-05,45.631507873535156
2018-09-06,45.403892517089844
2018-09-07,45.572120666503906
2018-09-10,45.49296188354492
2018-09-11,45.53254318237305
2018-09-12,45.522647857666016
2018-09-13,45.67109298706055
2018-09-14,45.82943344116211
2018-09-17,45.69087600708008
2018-09-18,46.03725051879883
2018-09-19,45.77005386352539
2018-09-20,46.26486587524414
2018-09-21,46.294551849365234
2018-09-24,46.04584503173828
2018-09-25,46.273746490478516
2018-09-26,46.70973205566406
2018-09-27,46.70973205566406
2018-09-28,46.73945617675781
2018-10-01,45.996299743652344
2018-10-02,45.669315338134766
2018-10-03,45.89720916748047
2018-10-04,45.07478713989258
2018-10-05,44.50008010864258
2018-10-08,44.3514518737793
2018-10-09,44.242462158203125
2018-10-10,42.984046936035156
2018-10-11,42.52824783325195
2018-10-12,43.01377487182617
2018-10-15,43.211952209472656
2018-10-16,44.0541877746582
2018-10-17,44.39108657836914
2018-10-18,43.4893913269043
2018-10-19,43.03358840942383
2018-10-22,43.093048095703125
2018-10-23,42.43907165527344
2018-10-24,40.70504379272461
2018-10-25,41.17074966430664
2018-10-26,40.55641174316406
2018-10-29,40.021339416503906
2018-10-30,41.08156967163086
2018-10-31,41.933719635009766
2018-11-01,42.389522552490234
2018-11-02,41.963443756103516
2018-11-05,41.98326873779297
2018-11-06,42.43907165527344
2018-11-07,43.311031341552734
2018-11-08,43.211952209472656
2018-11-09,42.795780181884766
2018-11-12,42.08235549926758
2018-11-13,42.21116256713867
2018-11-14,42.706600189208984
2018-11-15,42.01299285888672
2018-11-16,42.35979461669922
2018-11-19,41.438289642333984
2018-11-20,40.932945251464844
2018-11-21,41.68600845336914
2018-11-23,41.89408874511719
2018-11-26,42.1021728515625
2018-11-27,42.23098373413086
2018-11-28,43.182220458984375
2018-11-29,43.291221618652344
2018-11-30,43.36058044433594
2018-12-03,43.33085250854492
2018-12-04,41.89408874511719
2018-12-06,42.409339904785156
2018-12-07,41.80490493774414
2018-12-10,41.72563934326172
2018-12-11,41.51756286621094
2018-12-12,41.84454345703125
2018-12-13,41.626548767089844
2018-12-14,41.66618347167969
2018-12-17,40.833858489990234
2018-12-18,40.863582611083984
2018-12-19,40.46723556518555
2018-12-20,39.46644973754883
2018-12-21,38.604393005371094
2018-12-24,37.793331146240234
2018-12-26,39.1434440612793
2018-12-27,38.954830169677734
2018-12-28,39.11366271972656
2018-12-31,39.51075744628906
2019-01-02,39.77879333496094
2019-01-03,39.28242874145508
2019-01-04,40.34465026855469
2019-01-07,41.128910064697266
2019-01-08,41.76425552368164
2019-01-09,41.74440383911133
2019-01-10,41.79404067993164
2019-01-11,41.79404067993164
2019-01-14,41.51607894897461
2019-01-15,41.4664421081543
2019-01-16,41.51607894897461
2019-01-17,41.754337310791016
2019-01-18,42.22091293334961
2019-01-22,41.357242584228516
2019-01-23,41.70469284057617
2019-01-24,41.93302536010742
2019-01-25,41.952877044677734
2019-01-28,42.19113540649414
2019-01-29,41.923095703125
2019-01-30,41.87346267700195
2019-01-31,42.08193588256836
2019-02-01,41.79404067993164
2019-02-04,42.11171340942383
2019-02-05,42.42938995361328
2019-02-06,42.310264587402344
2019-02-07,42.151424407958984
2019-02-08,42.340049743652344
2019-02-11,42.19113540649414
2019-02-12,42.27055358886719
2019-02-13,42.43931579589844
2019-02-14,42.82648468017578
2019-02-15,43.12430191040039
2019-02-19,42.88604736328125
2019-02-20,42.975399017333984
2019-02-21,43.06473922729492
2019-02-22,43.283138275146484
2019-02-25,42.78677749633789
2019-02-26,42.74706268310547
2019-02-27,42.49888610839844
2019-02-28,42.52866744995117
2019-03-01,42.90590286254883
2019-03-04,42.49888610839844
2019-03-05,42.5683708190918
2019-03-06,42.10178756713867
2019-03-07,41.823822021484375
2019-03-08,41.79404067993164
2019-03-11,41.97273254394531
2019-03-12,41.913169860839844
2019-03-13,42.10178756713867
2019-03-14,42.290409088134766
2019-03-15,42.27055358886719
2019-03-18,42.290409088134766
2019-03-19,41.962806701660156
2019-03-20,41.64513397216797
2019-03-21,42.161354064941406
2019-03-22,41.53593063354492
2019-03-25,41.76425552368164
2019-03-26,42.04222106933594
2019-03-27,42.13157272338867
2019-03-28,42.36982727050781
2019-03-29,42.60808181762695
2019-04-01,42.925758361816406
2019-04-02,42.84634017944336
2019-04-03,42.99524688720703
2019-04-04,43.16401290893555
2019-04-05,43.34270477294922
2019-04-08,43.461830139160156
2019-04-09,43.37248611450195
2019-04-10,43.71994400024414
2019-04-11,43.848995208740234
2019-04-12,44.39500045776367
2019-04-15,44.32551193237305
2019-04-16,44.36521530151367
2019-04-17,44.424781799316406
2019-04-18,44.52405548095703
2019-04-22,44.06739807128906
2019-04-23,44.553836822509766
2019-04-24,44.63325500488281
2019-04-25,44.087257385253906
2019-04-26,44.514129638671875
2019-04-29,44.6134033203125
2019-04-30,44.424781799316406
2019-05-01,43.98798370361328
2019-05-02,44.047542572021484
2019-05-03,44.21630859375
2019-05-06,44.30565643310547
2019-05-07,43.79936218261719
2019-05-08,43.352630615234375
2019-05-09,43.23350143432617
2019-05-10,43.352630615234375
2019-05-13,42.4095344543457
2019-05-14,42.84634017944336
2019-05-15,42.9654655456543
2019-05-16,43.02503204345703
2019-05-17,42.895973205566406
2019-05-20,42.697425842285156
2019-05-21,43.16401290893555
2019-05-22,42.79670333862305
2019-05-23,42.01244354248047
2019-05-24,41.893314361572266
2019-05-28,41.655059814453125
2019-05-29,41.1884765625
2019-05-30,41.416805267333984
2019-05-31,41.0693473815918
2019-06-03,41.198402404785156
2019-06-04,42.19113540649414
2019-06-05,42.2010612487793
2019-06-06,42.36982727050781
2019-06-07,42.55844497680664
2019-06-10,42.60808181762695
2019-06-11,42.63786697387695
2019-06-12,42.50880813598633
2019-06-13,42.975399017333984
2019-06-14,43.01510238647461
2019-06-17,42.9654655456543
2019-06-18,42.9654655456543
2019-06-19,43.34270477294922
2019-06-20,43.283138275146484
2019-06-21,43.06473922729492
2019-06-24,42.75846862792969
2019-06-25,42.3607177734375
2019-06-26,42.2115592956543
2019-06-27,42.67892074584961
2019-06-28,43.11644744873047
2019-07-01,43.27554702758789
2019-07-02,43.45453643798828
2019-07-03,43.83240509033203
2019-07-05,43.961669921875
2019-07-08,43.56392288208008
2019-07-09,43.63352584838867
2019-07-10,43.81251525878906
2019-07-11,44.04122543334961
2019-07-12,44.349483489990234
2019-07-15,44.40914535522461
2019-07-16,44.48870086669922
2019-07-17,44.0909423828125
2019-07-18,44.02133560180664
2019-07-19,43.663360595703125
2019-07-22,43.4445915222168
2019-07-23,43.713077545166016
2019-07-24,44.160552978515625
2019-07-25,44.170494079589844
2019-07-26,44.787010192871094
2019-07-29,44.65774154663086
2019-07-30,44.478755950927734
2019-07-31,44.24010467529297
2019-08-01,43.89206314086914
2019-08-02,43.75285339355469
2019-08-05,42.7087516784668
2019-08-06,43.235774993896484
2019-08-07,43.235774993896484
2019-08-08,44.11083221435547
2019-08-09,44.130714416503906
2019-08-12,43.345157623291016
2019-08-13,43.62358093261719
2019-08-14,42.38060760498047
2019-08-15,42.33088302612305
2019-08-16,42.808189392089844
2019-08-19,43.29543685913086
2019-08-20,43.01700973510742
2019-08-21,42.97723388671875
2019-08-22,43.06673049926758
2019-08-23,42.102176666259766
2019-08-26,42.46015548706055
2019-08-27,42.122066497802734
2019-08-28,42.58942413330078
2019-08-29,42.9473991394043
2019-08-30,42.97723388671875
2019-09-03,42.410438537597656
2019-09-04,42.808189392089844
2019-09-05,43.29543685913086
2019-09-06,43.13633346557617
2019-09-09,43.27554702758789
2019-09-10,42.967288970947266
2019-09-11,43.24571990966797
2019-09-12,43.38492965698242
2019-09-13,43.424705505371094
2019-09-16,43.01700973510742
2019-09-17,43.27554702758789
2019-09-18,43.19599533081055
2019-09-19,43.11644744873047
2019-09-20,42.8777961730957
2019-09-23,42.9693489074707
2019-09-24,42.680763244628906
2019-09-25,42.77032470703125
2019-09-26,42.52154541015625
2019-09-27,42.08369064331055
2019-09-30,42.34242248535156
2019-10-01,41.924468994140625
2019-10-02,41.31744384765625
2019-10-03,41.54632568359375
2019-10-04,41.815006256103516
2019-10-07,41.665740966796875
2019-10-08,41.26769256591797
2019-10-09,41.536376953125
2019-10-10,41.556270599365234
2019-10-11,42.18320083618164
2019-10-14,41.645835876464844
2019-10-15,41.8448600769043
2019-10-16,41.79510498046875
2019-10-17,41.9941291809082
2019-10-18,42.10359191894531
2019-10-21,42.412078857421875
2019-10-22,42.16329574584961
2019-10-23,41.894615173339844
2019-10-24,41.894615173339844
2019-10-25,42.31256866455078
2019-10-28,42.3026123046875
2019-10-29,42.282718658447266
2019-10-30,42.262813568115234
2019-10-31,42.04388427734375
2019-11-01,41.924468994140625
2019-11-04,41.884666442871094
2019-11-05,42.143394470214844
2019-11-06,42.42203140258789
2019-11-07,42.60115432739258
2019-11-08,42.71061706542969
2019-11-11,42.69071578979492
2019-11-12,42.60115432739258
2019-11-13,42.621055603027344
2019-11-14,42.60115432739258
2019-11-15,42.64095687866211
2019-11-18,42.83003234863281
2019-11-19,42.95939254760742
2019-11-20,42.7603759765625
2019-11-21,42.44193649291992
2019-11-22,42.71061706542969
2019-11-25,43.22807693481445
2019-11-26,43.486812591552734
2019-11-27,43.735591888427734
2019-11-29,43.68584060668945
2019-12-02,43.57637023925781
2019-12-03,43.108665466308594
2019-12-04,43.277835845947266
2019-12-05,43.26788330078125
2019-12-06,43.66593551635742
2019-12-09,43.51666259765625
2019-12-10,43.38729476928711
2019-12-11,43.486812591552734
2019-12-12,43.984375
2019-12-13,43.735591888427734
2019-12-16,44.143592834472656
2019-12-17,44.372467041015625
2019-12-18,44.471981048583984
2019-12-19,44.710811614990234
2019-12-20,44.96954345703125
2019-12-23,45.17087936401367
2019-12-24,45.150943756103516
2019-12-26,45.270545959472656
2019-12-27,45.09114456176758
2019-12-30,44.881832122802734
2019-12-31,44.971534729003906
2020-01-02,45.21074676513672
2020-01-03,44.89179992675781
2020-01-06,44.72235870361328
2020-01-07,44.672523498535156
2020-01-08,44.76222610473633
2020-01-09,44.772193908691406
2020-01-10,44.3934440612793
2020-01-13,44.483150482177734
2020-01-14,44.632652282714844
2020-01-15,44.84196472167969
2020-01-16,45.4200553894043
2020-01-17,45.449954986572266
2020-01-21,44.47317886352539
2020-01-22,44.44327926635742
2020-01-23,44.483150482177734
2020-01-24,43.8851203918457
2020-01-27,43.107688903808594
2020-01-28,43.5661735534668
2020-01-29,43.38676834106445
2020-01-30,43.46650695800781
2020-01-31,42.53956604003906
2020-02-03,42.798709869384766
2020-02-04,43.72564697265625
2020-02-05,44.403411865234375
2020-02-06,43.924991607666016
2020-02-07,43.53627395629883
2020-02-10,43.63594436645508
2020-02-11,44.024662017822266
2020-02-12,44.53298568725586
2020-02-13,44.49311447143555
2020-02-14,44.3934440612793
2020-02-18,44.224002838134766
2020-02-19,44.35357666015625
2020-02-20,44.38347625732422
2020-02-21,43.546241760253906
2020-02-24,41.71229553222656
2020-02-25,39.65907669067383
2020-02-26,37.92479705810547
2020-02-27,36.57924270629883
2020-02-28,36.28023147583008
2020-03-02,36.539371490478516
2020-03-03,35.462928771972656
2020-03-04,36.17059326171875
2020-03-05,33.68878173828125
2020-03-06,33.5293083190918
2020-03-09,30.79832649230957
2020-03-10,32.54256820678711
2020-03-11,29.97105598449707
2020-03-12,25.545665740966797
2020-03-13,27.58892250061035
2020-03-16,23.502412796020508
2020-03-17,22.5555362701416
2020-03-18,19.625211715698242
2020-03-19,20.900999069213867
2020-03-20,20.900999069213867
2020-03-23,21.100000381469727
2020-03-24,24.510000228881836
2020-03-25,25.90999984741211
2020-03-26,26.600000381469727
2020-03-27,24.729999542236328
2020-03-30,24.559999465942383
2020-03-31,24.350000381469727
2020-04-01,22.440000534057617
2020-04-02,21.81999969482422
2020-04-03,21.200000762939453
2020-04-06,23.040000915527344
2020-04-07,23.770000457763672
2020-04-08,24.889999389648438
2020-04-09,25.950000762939453
