Date,PMR
2010-01-04,14.295807838439941
2010-01-05,14.394399642944336
2010-01-06,14.510920524597168
2010-01-07,14.618475914001465
2010-01-08,14.726024627685547
2010-01-11,14.654324531555176
2010-01-12,14.49299430847168
2010-01-13,14.600544929504395
2010-01-14,14.618475914001465
2010-01-15,14.376472473144531
2010-01-19,14.582618713378906
2010-01-20,14.304773330688477
2010-01-21,14.116551399230957
2010-01-22,13.865588188171387
2010-01-25,13.919365882873535
2010-01-26,13.946255683898926
2010-01-27,13.991071701049805
2010-01-28,13.793888092041016
2010-01-29,13.7401123046875
2010-02-01,13.838703155517578
2010-02-02,14.170329093933105
2010-02-03,13.973145484924316
2010-02-04,13.784923553466797
2010-02-05,13.542926788330078
2010-02-08,13.578777313232422
2010-02-09,13.802850723266602
2010-02-10,13.7401123046875
2010-02-11,13.919365882873535
2010-02-12,13.856626510620117
2010-02-16,14.197220802307129
2010-02-17,14.358551979064941
2010-02-18,14.448182106018066
2010-02-19,14.49299430847168
2010-02-22,14.412328720092773
2010-02-23,14.349588394165039
2010-02-24,14.510920524597168
2010-02-25,14.510920524597168
2010-02-26,14.60951042175293
2010-03-01,14.842545509338379
2010-03-02,14.869429588317871
2010-03-03,14.887361526489258
2010-03-04,15.16520881652832
2010-03-05,15.487876892089844
2010-03-08,15.487876892089844
2010-03-09,15.496838569641113
2010-03-10,15.487876892089844
2010-03-11,15.505796432495117
2010-03-12,15.595430374145508
2010-03-15,15.640246391296387
2010-03-16,15.747797012329102
2010-03-17,15.720911979675293
2010-03-18,15.765721321105957
2010-03-19,15.64920711517334
2010-03-22,15.87327766418457
2010-03-23,15.97187614440918
2010-03-24,15.86431884765625
2010-03-25,15.900165557861328
2010-03-26,15.97187614440918
2010-03-29,15.918089866638184
2010-03-30,15.953946113586426
2010-03-31,15.774685859680176
2010-04-01,15.891201972961426
2010-04-05,16.2766056060791
2010-04-06,16.375194549560547
2010-04-07,16.2766056060791
2010-04-08,16.500682830810547
2010-04-09,16.58134651184082
2010-04-12,16.590307235717773
2010-04-13,16.67993927001953
2010-04-14,17.029489517211914
2010-04-15,17.101194381713867
2010-04-16,16.90400505065918
2010-04-19,16.706829071044922
2010-04-20,16.85023307800293
2010-04-21,17.154972076416016
2010-04-22,17.52244758605957
2010-04-23,17.59415054321289
2010-04-26,17.70170783996582
2010-04-27,17.154972076416016
2010-04-28,16.9757137298584
2010-04-29,17.41489601135254
2010-04-30,16.787492752075195
2010-05-03,17.289413452148438
2010-05-04,16.751636505126953
2010-05-05,16.608232498168945
2010-05-06,15.97187614440918
2010-05-07,15.54165267944336
2010-05-10,16.46483039855957
2010-05-11,16.626161575317383
2010-05-12,17.047414779663086
2010-05-13,16.48275375366211
2010-05-14,16.151126861572266
2010-05-17,16.213869094848633
2010-05-18,15.855351448059082
2010-05-19,15.73884105682373
2010-05-20,15.254840850830078
2010-05-21,15.469951629638672
2010-05-24,15.272765159606934
2010-05-25,15.460986137390137
2010-05-26,15.317580223083496
2010-05-27,15.819499015808105
2010-05-28,15.774685859680176
2010-06-01,15.53269100189209
2010-06-02,15.595430374145508
2010-06-03,15.631278038024902
2010-06-04,14.976987838745117
2010-06-07,14.60951042175293
2010-06-08,14.71706771850586
2010-06-09,14.76187801361084
2010-06-10,15.263802528381348
2010-06-11,15.425128936767578
2010-06-14,15.57750415802002
2010-06-15,15.720911979675293
2010-06-16,15.640246391296387
2010-06-17,15.425128936767578
2010-06-18,15.466472625732422
2010-06-21,15.071049690246582
2010-06-22,14.765490531921387
2010-06-23,14.909284591674805
2010-06-24,14.486905097961426
2010-06-25,14.585755348205566
2010-06-28,14.603731155395508
2010-06-29,14.118436813354492
2010-06-30,13.938698768615723
2010-07-01,14.082489013671875
2010-07-02,14.019579887390137
2010-07-06,13.776935577392578
2010-07-07,14.118436813354492
2010-07-08,14.091473579406738
2010-07-09,14.289188385009766
2010-07-12,14.217293739318848
2010-07-13,14.576767921447754
2010-07-14,14.53183650970459
2010-07-15,14.648662567138672
2010-07-16,14.172356605529785
2010-07-19,14.199315071105957
2010-07-20,14.432976722717285
2010-07-21,14.289188385009766
2010-07-22,14.774482727050781
2010-07-23,15.035100936889648
2010-07-26,15.331669807434082
2010-07-27,15.098007202148438
2010-07-28,14.88232421875
2010-07-29,14.81042766571045
2010-07-30,14.86435317993164
2010-08-02,15.106990814208984
2010-08-03,14.792455673217773
2010-08-04,14.93624496459961
2010-08-05,14.96320629119873
2010-08-06,14.846373558044434
2010-08-09,15.053074836730957
2010-08-10,14.927261352539062
2010-08-11,14.379055976867676
2010-08-12,14.423986434936523
2010-08-13,14.226282119750977
2010-08-16,14.262227058410645
2010-08-17,14.495884895324707
2010-08-18,14.711570739746094
2010-08-19,14.5138578414917
2010-08-20,14.432976722717285
2010-08-23,14.262227058410645
2010-08-24,14.073500633239746
2010-08-25,14.163370132446289
2010-08-26,14.154383659362793
2010-08-27,14.298172950744629
2010-08-30,14.037556648254395
2010-08-31,14.019579887390137
2010-09-01,14.423986434936523
2010-09-02,14.756509780883789
2010-09-03,14.88232421875
2010-09-07,14.711570739746094
2010-09-08,14.756509780883789
2010-09-09,14.738533020019531
2010-09-10,14.774482727050781
2010-09-13,15.098007202148438
2010-09-14,15.295721054077148
2010-09-15,15.27774429321289
2010-09-16,15.169902801513672
2010-09-17,15.280595779418945
2010-09-20,15.55057430267334
2010-09-21,15.397583961486816
2010-09-22,15.334590911865234
2010-09-23,15.343585014343262
2010-09-24,15.667558670043945
2010-09-27,15.766550064086914
2010-09-28,15.8655366897583
2010-09-29,15.856548309326172
2010-09-30,15.69455623626709
2010-10-01,15.739550590515137
2010-10-04,15.60456371307373
2010-10-05,15.811543464660645
2010-10-06,15.712553977966309
2010-10-07,15.874541282653809
2010-10-08,15.99152946472168
2010-10-11,16.01852798461914
2010-10-12,16.14451789855957
2010-10-13,16.11751937866211
2010-10-14,16.05452537536621
2010-10-15,16.14451789855957
2010-10-18,16.270505905151367
2010-10-19,15.8655366897583
2010-10-20,16.045522689819336
2010-10-21,15.856548309326172
2010-10-22,15.99152946472168
2010-10-25,16.11751937866211
2010-10-26,16.189512252807617
2010-10-27,16.036521911621094
2010-10-28,16.063520431518555
2010-10-29,16.072521209716797
2010-11-01,15.901535034179688
2010-11-02,16.23451042175293
2010-11-03,16.288501739501953
2010-11-04,16.67547035217285
2010-11-05,16.837453842163086
2010-11-08,16.810453414916992
2010-11-09,16.63946533203125
2010-11-10,16.765457153320312
2010-11-11,16.855451583862305
2010-11-12,16.657470703125
2010-11-15,16.63946533203125
2010-11-16,16.522483825683594
2010-11-17,16.74745750427246
2010-11-18,16.864444732666016
2010-11-19,16.97243881225586
2010-11-22,17.18842124938965
2010-11-23,17.22442054748535
2010-11-24,17.52138900756836
2010-11-26,17.52138900756836
2010-11-29,17.404396057128906
2010-11-30,17.43140411376953
2010-12-01,17.665374755859375
2010-12-02,17.683374404907227
2010-12-03,17.728368759155273
2010-12-06,17.629375457763672
2010-12-07,17.683374404907227
2010-12-08,17.539384841918945
2010-12-09,17.611377716064453
2010-12-10,17.70136833190918
2010-12-13,17.59337615966797
2010-12-14,17.60238265991211
2010-12-15,17.59337615966797
2010-12-16,17.719371795654297
2010-12-17,17.622520446777344
2010-12-20,17.586320877075195
2010-12-21,17.56821632385254
2010-12-22,17.559162139892578
2010-12-23,17.649681091308594
2010-12-27,17.631572723388672
2010-12-28,17.604427337646484
2010-12-29,17.685880661010742
2010-12-30,17.758285522460938
2010-12-31,17.604427337646484
2011-01-03,17.758285522460938
2011-01-04,17.378149032592773
2011-01-05,17.296682357788086
2011-01-06,17.14281463623047
2011-01-07,17.115663528442383
2011-01-10,17.206167221069336
2011-01-11,17.07945442199707
2011-01-12,17.215225219726562
2011-01-13,17.14281463623047
2011-01-14,17.215225219726562
2011-01-18,17.25143051147461
2011-01-19,17.124713897705078
2011-01-20,17.3328914642334
2011-01-21,17.233327865600586
2011-01-24,17.215225219726562
2011-01-25,17.169963836669922
2011-01-26,17.28763198852539
2011-01-27,17.486759185791016
2011-01-28,17.05230712890625
2011-01-31,17.097557067871094
2011-02-01,17.41434669494629
2011-02-02,17.179019927978516
2011-02-03,17.640626907348633
2011-02-04,17.76734161376953
2011-02-07,17.8216495513916
2011-02-08,17.966466903686523
2011-02-09,18.011722564697266
2011-02-10,18.138437271118164
2011-02-11,18.283260345458984
2011-02-14,18.138437271118164
2011-02-15,18.093181610107422
2011-02-16,18.518585205078125
2011-02-17,18.482378005981445
2011-02-18,18.518585205078125
2011-02-22,18.210851669311523
2011-02-23,17.86690330505371
2011-02-24,17.903106689453125
2011-02-25,18.129383087158203
2011-02-28,18.156538009643555
2011-03-01,17.939308166503906
2011-03-02,17.975515365600586
2011-03-03,18.165590286254883
2011-03-04,18.02077293395996
2011-03-07,17.8216495513916
2011-03-08,17.921213150024414
2011-03-09,18.056976318359375
2011-03-10,17.87594985961914
2011-03-11,18.047929763793945
2011-03-14,17.740188598632812
2011-03-15,17.722089767456055
2011-03-16,17.559162139892578
2011-03-17,17.61347198486328
2011-03-18,17.586320877075195
2011-03-21,17.8216495513916
2011-03-22,17.713035583496094
2011-03-23,17.586320877075195
2011-03-24,17.83070182800293
2011-03-25,18.183692932128906
2011-03-28,18.00267219543457
2011-03-29,18.14748764038086
2011-03-30,18.554790496826172
2011-03-31,18.5004825592041
2011-04-01,18.5638427734375
2011-04-04,18.52763557434082
2011-04-05,18.9349422454834
2011-04-06,19.070709228515625
2011-04-07,19.27887725830078
2011-04-08,19.24267578125
2011-04-11,19.206466674804688
2011-04-12,19.296979904174805
2011-04-13,19.21552085876465
2011-04-14,19.251724243164062
2011-04-15,19.45084571838379
2011-04-18,19.134057998657227
2011-04-19,19.251724243164062
2011-04-20,19.568513870239258
2011-04-21,19.613767623901367
2011-04-25,19.62282371520996
2011-04-26,19.785741806030273
2011-04-27,19.903404235839844
2011-04-28,19.89435577392578
2011-04-29,19.89435577392578
2011-05-02,19.659027099609375
2011-05-03,19.713335037231445
2011-05-04,19.568513870239258
2011-05-05,19.5504093170166
2011-05-06,19.613767623901367
2011-05-09,19.722387313842773
2011-05-10,20.09347915649414
2011-05-11,20.01201629638672
2011-05-12,20.310707092285156
2011-05-13,20.17493438720703
2011-05-16,19.921510696411133
2011-05-17,19.74048614501953
2011-05-18,19.97580909729004
2011-05-19,19.812894821166992
2011-05-20,19.33318328857422
2011-05-23,19.251724243164062
2011-05-24,19.206466674804688
2011-05-25,19.152164459228516
2011-05-26,19.36033821105957
2011-05-27,19.405593872070312
2011-05-31,19.568513870239258
2011-06-01,19.106904983520508
2011-06-02,18.77202033996582
2011-06-03,18.54572868347168
2011-06-06,18.183692932128906
2011-06-07,18.26514434814453
2011-06-08,18.219898223876953
2011-06-09,18.49143409729004
2011-06-10,18.093181610107422
2011-06-13,18.183692932128906
2011-06-14,18.482378005981445
2011-06-15,18.210851669311523
2011-06-16,18.238000869750977
2011-06-17,18.388200759887695
2011-06-20,18.624876022338867
2011-06-21,19.016315460205078
2011-06-22,18.888866424560547
2011-06-23,18.97989845275879
2011-06-24,18.725017547607422
2011-06-27,18.888866424560547
2011-06-28,19.20747947692871
2011-06-29,19.225679397583008
2011-06-30,19.316713333129883
2011-07-01,19.617111206054688
2011-07-05,19.70815086364746
2011-07-06,19.717241287231445
2011-07-07,20.208816528320312
2011-07-08,20.081369400024414
2011-07-11,19.699045181274414
2011-07-12,19.653522491455078
2011-07-13,19.87199592590332
2011-07-14,19.662630081176758
2011-07-15,19.589805603027344
2011-07-18,19.39864158630371
2011-07-19,19.85379409790039
2011-07-20,19.6899356842041
2011-07-21,19.589805603027344
2011-07-22,19.653522491455078
2011-07-25,19.48967170715332
2011-07-26,19.371326446533203
2011-07-27,18.907073974609375
2011-07-28,18.861555099487305
2011-07-29,18.870664596557617
2011-08-01,18.797834396362305
2011-08-02,18.233444213867188
2011-08-03,18.470129013061523
2011-08-04,17.641746520996094
2011-08-05,17.632654190063477
2011-08-08,16.376422882080078
2011-08-09,17.095565795898438
2011-08-10,16.540271759033203
2011-08-11,17.213911056518555
2011-08-12,17.186595916748047
2011-08-15,17.3049373626709
2011-08-16,17.3049373626709
2011-08-17,17.004528045654297
2011-08-18,16.376422882080078
2011-08-19,16.29449462890625
2011-08-22,16.503864288330078
2011-08-23,16.97722053527832
2011-08-24,17.277626037597656
2011-08-25,16.94081687927246
2011-08-26,17.213911056518555
2011-08-29,17.869321823120117
2011-08-30,18.014978408813477
2011-08-31,18.042285919189453
2011-09-01,17.97856330871582
2011-09-02,17.38686180114746
2011-09-06,17.578022003173828
2011-09-07,18.106002807617188
2011-09-08,17.933042526245117
2011-09-09,17.523406982421875
2011-09-12,17.54161834716797
2011-09-13,18.05138397216797
2011-09-14,18.34268569946289
2011-09-15,18.643081665039062
2011-09-16,18.701448440551758
2011-09-19,18.80175018310547
2011-09-20,18.500843048095703
2011-09-21,17.98110008239746
2011-09-22,17.424894332885742
2011-09-23,17.671083450317383
2011-09-26,18.199939727783203
2011-09-27,18.28200340270996
2011-09-28,17.98110008239746
2011-09-29,17.7805118560791
2011-09-30,17.333709716796875
2011-10-03,16.722797393798828
2011-10-04,17.142230987548828
2011-10-05,17.54343032836914
2011-10-06,17.917274475097656
2011-10-07,17.807861328125
2011-10-10,18.15435028076172
2011-10-11,18.31847381591797
2011-10-12,18.5282039642334
2011-10-13,18.373191833496094
2011-10-14,18.64673614501953
2011-10-17,18.400537490844727
2011-10-18,18.756149291992188
2011-10-19,18.62849998474121
2011-10-20,18.747032165527344
2011-10-21,19.25765609741211
2011-10-24,19.704439163208008
2011-10-25,19.230295181274414
2011-10-26,19.394424438476562
2011-10-27,20.151243209838867
2011-10-28,19.94152069091797
2011-10-31,19.604148864746094
2011-11-01,19.30324363708496
2011-11-02,19.57678985595703
2011-11-03,19.613264083862305
2011-11-04,19.51296615600586
2011-11-07,19.503847122192383
2011-11-08,19.74091911315918
2011-11-09,19.029693603515625
2011-11-10,19.221181869506836
2011-11-11,19.78651237487793
2011-11-14,19.503847122192383
2011-11-15,19.76827621459961
2011-11-16,19.485614776611328
2011-11-17,18.993223190307617
2011-11-18,18.984107971191406
2011-11-21,18.78350257873535
2011-11-22,18.664966583251953
2011-11-23,18.327592849731445
2011-11-25,18.20905876159668
2011-11-28,18.78350257873535
2011-11-29,18.701448440551758
2011-11-30,19.403541564941406
2011-12-01,19.37619400024414
2011-12-02,19.59502410888672
2011-12-05,19.804750442504883
2011-12-06,19.859458923339844
2011-12-07,19.86857795715332
2011-12-08,19.51296615600586
2011-12-09,19.89592933654785
2011-12-12,19.74091911315918
2011-12-13,19.312360763549805
2011-12-14,19.075292587280273
2011-12-15,19.23941993713379
2011-12-16,19.343732833862305
2011-12-19,19.49928855895996
2011-12-20,20.030004501342773
2011-12-21,20.11235237121582
2011-12-22,19.956796646118164
2011-12-23,20.130659103393555
2011-12-27,20.26791000366211
2011-12-28,20.094053268432617
2011-12-29,20.27705955505371
2011-12-30,20.094053268432617
2012-01-03,20.06660270690918
2012-01-04,20.06660270690918
2012-01-05,20.51496696472168
2012-01-06,20.386869430541992
2012-01-09,20.359416961669922
2012-01-10,20.52411460876465
2012-01-11,20.460065841674805
2012-01-12,20.606468200683594
2012-01-13,20.56987190246582
2012-01-17,20.743728637695312
2012-01-18,21.027385711669922
2012-01-19,21.063987731933594
2012-01-20,20.935882568359375
2012-01-23,21.009084701538086
2012-01-24,21.21954345703125
2012-01-25,21.375099182128906
2012-01-26,21.128047943115234
2012-01-27,21.301898956298828
2012-01-30,21.14634132385254
2012-01-31,21.073143005371094
2012-02-01,21.28359603881836
2012-02-02,21.45745086669922
2012-02-03,21.741111755371094
2012-02-06,21.741111755371094
2012-02-07,21.768558502197266
2012-02-08,21.722808837890625
2012-02-09,22.0064697265625
2012-02-10,21.96072006225586
2012-02-13,22.07052230834961
2012-02-14,22.061370849609375
2012-02-15,21.850914001464844
2012-02-16,22.079669952392578
2012-02-17,22.180328369140625
2012-02-21,22.0064697265625
2012-02-22,22.07052230834961
2012-02-23,22.20777702331543
2012-02-24,22.189470291137695
2012-02-27,22.427385330200195
2012-02-28,22.528034210205078
2012-02-29,22.372482299804688
2012-03-01,22.61953353881836
2012-03-02,22.482282638549805
2012-03-05,22.62868881225586
2012-03-06,22.38163185119629
2012-03-07,22.720191955566406
2012-03-08,23.077058792114258
2012-03-09,23.296659469604492
2012-03-12,23.24176025390625
2012-03-13,23.443069458007812
2012-03-14,23.48881721496582
2012-03-15,23.59862518310547
2012-03-16,23.367053985595703
2012-03-19,23.50434684753418
2012-03-20,23.449434280395508
2012-03-21,23.57756805419922
2012-03-22,23.467735290527344
2012-03-23,23.495195388793945
2012-03-26,23.815540313720703
2012-03-27,23.788082122802734
2012-03-28,23.605031967163086
2012-03-29,23.45857810974121
2012-03-30,23.44027328491211
2012-04-02,23.58672332763672
2012-04-03,23.486045837402344
2012-04-04,23.32129669189453
2012-04-05,23.531803131103516
2012-04-09,23.339595794677734
2012-04-10,22.808732986450195
2012-04-11,23.11993408203125
2012-04-12,23.403663635253906
2012-04-13,23.3487491607666
2012-04-16,23.385358810424805
2012-04-17,23.687400817871094
2012-04-18,23.714859008789062
2012-04-19,23.486045837402344
2012-04-20,23.550111770629883
2012-04-23,23.229761123657227
2012-04-24,23.055858612060547
2012-04-25,23.44027328491211
2012-04-26,23.73316764831543
2012-04-27,24.035207748413086
2012-04-30,23.760623931884766
2012-05-01,23.897916793823242
2012-05-02,24.264026641845703
2012-05-03,24.062665939331055
2012-05-04,23.824697494506836
2012-05-07,23.605031967163086
2012-05-08,23.403663635253906
2012-05-09,23.376211166381836
2012-05-10,23.3487491607666
2012-05-11,23.3487491607666
2012-05-14,22.827043533325195
2012-05-15,22.927722930908203
2012-05-16,22.772119522094727
2012-05-17,21.984981536865234
2012-05-18,21.902605056762695
2012-05-21,22.38770866394043
2012-05-22,22.534151077270508
2012-05-23,22.68059539794922
2012-05-24,22.808732986450195
2012-05-25,22.982637405395508
2012-05-29,23.193153381347656
2012-05-30,22.8544979095459
2012-05-31,22.643980026245117
2012-06-01,21.95752716064453
2012-06-04,21.994136810302734
2012-06-05,22.17719841003418
2012-06-06,22.552461624145508
2012-06-07,22.25041389465332
2012-06-08,22.561607360839844
2012-06-11,22.149734497070312
2012-06-12,22.442625045776367
2012-06-13,22.0124454498291
2012-06-14,22.35109519958496
2012-06-15,22.543004989624023
2012-06-18,22.80011558532715
2012-06-19,22.974586486816406
2012-06-20,22.882766723632812
2012-06-21,22.359355926513672
2012-06-22,22.491594314575195
2012-06-25,22.148164749145508
2012-06-26,22.32262420654297
2012-06-27,22.001243591308594
2012-06-28,21.845142364501953
2012-06-29,22.506277084350586
2012-07-02,22.45118522644043
2012-07-03,22.607290267944336
2012-07-05,23.048049926757812
2012-07-06,22.901132583618164
2012-07-09,22.71747398376465
2012-07-10,22.763391494750977
2012-07-11,22.6102237701416
2012-07-12,22.67156410217285
2012-07-13,22.901132583618164
2012-07-16,22.71747398376465
2012-07-17,22.836843490600586
2012-07-18,22.910314559936523
2012-07-19,22.864398956298828
2012-07-20,22.424741744995117
2012-07-23,22.093069076538086
2012-07-24,21.90941619873047
2012-07-25,21.955333709716797
2012-07-26,22.276716232299805
2012-07-27,22.60361099243164
2012-07-30,22.616472244262695
2012-07-31,22.515460968017578
2012-08-01,22.212440490722656
2012-08-02,22.11143684387207
2012-08-03,22.487913131713867
2012-08-06,22.625648498535156
2012-08-07,22.864398956298828
2012-08-08,22.919492721557617
2012-08-09,22.910314559936523
2012-08-10,22.616558074951172
2012-08-13,22.6531982421875
2012-08-14,22.689926147460938
2012-08-15,22.809303283691406
2012-08-16,22.992956161499023
2012-08-17,23.16741371154785
2012-08-20,22.992956161499023
2012-08-21,23.034090042114258
2012-08-22,23.16741371154785
2012-08-23,22.965408325195312
2012-08-24,23.139873504638672
2012-08-27,23.122421264648438
2012-08-28,23.286787033081055
2012-08-29,23.378616333007812
2012-08-30,23.255571365356445
2012-08-31,23.305156707763672
2012-09-04,23.396987915039062
2012-09-05,23.295974731445312
2012-09-06,23.65409278869629
2012-09-07,23.516357421875
2012-09-10,23.626544952392578
2012-09-11,23.396987915039062
2012-09-12,23.52553939819336
2012-09-13,23.856103897094727
2012-09-14,23.856103897094727
2012-09-17,23.764278411865234
2012-09-18,23.507169723510742
2012-09-19,23.700002670288086
2012-09-20,23.663270950317383
2012-09-21,23.576860427856445
2012-09-24,23.402225494384766
2012-09-25,23.17243003845215
2012-09-26,23.08051300048828
2012-09-27,23.273544311523438
2012-09-28,23.20000648498535
2012-10-01,23.31031036376953
2012-10-02,23.22757911682129
2012-10-03,23.356277465820312
2012-10-04,23.659597396850586
2012-10-05,23.714750289916992
2012-10-08,23.723941802978516
2012-10-09,23.264352798461914
2012-10-10,23.236774444580078
2012-10-11,23.126480102539062
2012-10-12,22.979402542114258
2012-10-15,23.17133331298828
2012-10-16,23.540102005004883
2012-10-17,23.622831344604492
2012-10-18,23.7055606842041
2012-10-19,23.335124969482422
2012-10-22,23.126480102539062
2012-10-23,23.034557342529297
2012-10-24,23.04374885559082
2012-10-25,22.96101951599121
2012-10-26,23.034557342529297
2012-10-31,23.319499969482422
2012-11-01,23.530916213989258
2012-11-02,23.356277465820312
2012-11-05,23.44818687438965
2012-11-06,23.595256805419922
2012-11-07,23.190813064575195
2012-11-08,22.915061950683594
2012-11-09,22.841537475585938
2012-11-12,22.777189254760742
2012-11-13,22.850725173950195
2012-11-14,22.501434326171875
2012-11-15,22.34517478942871
2012-11-16,22.60254669189453
2012-11-19,23.0621280670166
2012-11-20,23.11728286743164
2012-11-21,23.282733917236328
2012-11-23,23.51252555847168
2012-11-26,23.347082138061523
2012-11-27,23.328693389892578
2012-11-28,23.760709762573242
2012-11-29,23.77908706665039
2012-11-30,23.88019561767578
2012-12-03,23.723941802978516
2012-12-04,23.613643646240234
2012-12-05,23.521718978881836
2012-12-06,23.650405883789062
2012-12-07,23.677982330322266
2012-12-10,23.595256805419922
2012-12-11,23.66878890991211
2012-12-12,23.51252555847168
2012-12-13,23.462614059448242
2012-12-14,23.328693389892578
2012-12-17,23.733129501342773
2012-12-18,23.962926864624023
2012-12-19,23.935354232788086
2012-12-20,23.815855026245117
2012-12-21,23.64078712463379
2012-12-24,23.582744598388672
2012-12-26,23.21753692626953
2012-12-27,23.18018341064453
2012-12-28,23.198902130126953
2012-12-31,23.610830307006836
2013-01-02,23.83551025390625
2013-01-03,23.732534408569336
2013-01-04,23.78870391845703
2013-01-07,23.442312240600586
2013-01-08,23.49848747253418
2013-01-09,23.535938262939453
2013-01-10,23.57337760925293
2013-01-11,23.535938262939453
2013-01-14,23.517210006713867
2013-01-15,23.863601684570312
2013-01-16,23.854238510131836
2013-01-17,24.09671401977539
2013-01-18,24.199697494506836
2013-01-22,24.349485397338867
2013-01-23,24.331697463989258
2013-01-24,24.502086639404297
2013-01-25,24.60319709777832
2013-01-28,24.584476470947266
2013-01-29,24.621917724609375
2013-01-30,24.472129821777344
2013-01-31,24.55591583251953
2013-02-01,24.60319709777832
2013-02-04,24.42531394958496
2013-02-05,24.893415451049805
2013-02-06,24.874692916870117
2013-02-07,24.715538024902344
2013-02-08,24.799800872802734
2013-02-11,24.790435791015625
2013-02-12,24.884057998657227
2013-02-13,24.930864334106445
2013-02-14,24.69681739807129
2013-02-15,24.659372329711914
2013-02-19,24.977676391601562
2013-02-20,24.687456130981445
2013-02-21,24.43468475341797
2013-02-22,24.509578704833984
2013-02-25,24.088287353515625
2013-02-26,24.26616859436035
2013-02-27,24.547019958496094
2013-02-28,24.65000343322754
2013-03-01,24.69681739807129
2013-03-04,24.884057998657227
2013-03-05,25.052568435668945
2013-03-06,24.884057998657227
2013-03-07,24.9495906829834
2013-03-08,25.136920928955078
2013-03-11,25.192996978759766
2013-03-12,25.24907684326172
2013-03-13,25.558116912841797
2013-03-14,25.707904815673828
2013-03-15,25.67132568359375
2013-03-18,25.558773040771484
2013-03-19,25.558773040771484
2013-03-20,25.8120174407959
2013-03-21,25.736982345581055
2013-03-22,25.96208953857422
2013-03-25,26.027740478515625
2013-03-26,26.08392906188965
2013-03-27,26.10577964782715
2013-03-28,26.13091468811035
2013-04-01,25.84943389892578
2013-04-02,25.952709197998047
2013-04-03,25.56805419921875
2013-04-04,25.568151473999023
2013-04-05,25.638309478759766
2013-04-08,26.11215591430664
2013-04-09,26.13467025756836
2013-04-10,26.4967098236084
2013-04-11,26.90940284729004
2013-04-12,26.865222930908203
2013-04-15,26.17405891418457
2013-04-16,26.393537521362305
2013-04-17,26.08401870727539
2013-04-18,26.004106521606445
2013-04-19,26.407230377197266
2013-04-22,26.603633880615234
2013-04-23,26.82076644897461
2013-04-24,27.12512969970703
2013-04-25,27.190780639648438
2013-04-26,27.149511337280273
2013-04-29,27.247053146362305
2013-04-30,27.256439208984375
2013-05-01,26.933788299560547
2013-05-02,27.307086944580078
2013-05-03,27.791065216064453
2013-05-06,27.85671615600586
2013-05-07,28.034923553466797
2013-05-08,28.2694091796875
2013-05-09,27.94122886657715
2013-05-10,28.21651268005371
2013-05-13,28.30683135986328
2013-05-14,28.671785354614258
2013-05-15,28.83217430114746
2013-05-16,28.513275146484375
2013-05-17,28.897829055786133
2013-05-20,28.8828182220459
2013-05-21,29.019760131835938
2013-05-22,28.645523071289062
2013-05-23,28.77589225769043
2013-05-24,28.753389358520508
2013-05-28,29.160449981689453
2013-05-29,29.038515090942383
2013-05-30,29.06665802001953
2013-05-31,28.958045959472656
2013-06-03,28.785274505615234
2013-06-04,28.597684860229492
2013-06-05,28.128721237182617
2013-06-06,28.340505599975586
2013-06-07,28.888446807861328
2013-06-10,28.888446807861328
2013-06-11,28.635208129882812
2013-06-12,28.31620979309082
2013-06-13,28.794654846191406
2013-06-14,28.86800193786621
2013-06-17,29.076038360595703
2013-06-18,29.385555267333984
2013-06-19,29.09479331970215
2013-06-20,28.31630516052246
2013-06-21,28.31828498840332
2013-06-24,27.92075538635254
2013-06-25,28.09180450439453
2013-06-26,28.433916091918945
2013-06-27,28.772645950317383
2013-06-28,28.546825408935547
2013-07-01,28.85732078552246
2013-07-02,28.970230102539062
2013-07-03,28.923185348510742
2013-07-05,29.26190948486328
2013-07-08,29.5535888671875
2013-07-09,30.02403450012207
2013-07-10,29.976991653442383
2013-07-11,30.32512092590332
2013-07-12,30.268661499023438
2013-07-15,30.362754821777344
2013-07-16,30.189910888671875
2013-07-17,30.237525939941406
2013-07-18,30.786157608032227
2013-07-19,30.64126205444336
2013-07-22,30.7390193939209
2013-07-23,30.616798400878906
2013-07-24,30.522706985473633
2013-07-25,30.776762008666992
2013-07-26,30.771297454833984
2013-07-29,30.682661056518555
2013-07-30,30.861434936523438
2013-07-31,31.049610137939453
2013-08-01,31.322471618652344
2013-08-02,31.42597198486328
2013-08-05,31.42597198486328
2013-08-06,31.115476608276367
2013-08-07,30.635713577270508
2013-08-08,30.93669891357422
2013-08-09,30.72030258178711
2013-08-12,30.829069137573242
2013-08-13,30.88034439086914
2013-08-14,30.804981231689453
2013-08-15,30.174577713012695
2013-08-16,30.06167221069336
2013-08-19,29.798219680786133
2013-08-20,30.108713150024414
2013-08-21,29.85466957092285
2013-08-22,30.06167221069336
2013-08-23,30.052261352539062
2013-08-26,30.09930419921875
2013-08-27,29.299541473388672
2013-08-28,29.34659194946289
2013-08-29,29.73235511779785
2013-08-30,29.34659194946289
2013-09-03,29.384225845336914
2013-09-04,29.515954971313477
2013-09-05,29.647674560546875
2013-09-06,29.5535888671875
2013-09-09,30.0334415435791
2013-09-10,30.41921615600586
2013-09-11,30.466257095336914
2013-09-12,30.381572723388672
2013-09-13,30.60738754272461
2013-09-16,30.776762008666992
2013-09-17,31.313060760498047
2013-09-18,31.632965087890625
2013-09-19,31.887008666992188
2013-09-20,31.788043975830078
2013-09-23,31.865339279174805
2013-09-24,31.884191513061523
2013-09-25,31.714548110961914
2013-09-26,31.855905532836914
2013-09-27,31.661758422851562
2013-09-30,31.54489517211914
2013-10-01,31.787307739257812
2013-10-02,31.82763671875
2013-10-03,31.4694881439209
2013-10-04,31.76166343688965
2013-10-07,31.224449157714844
2013-10-08,30.63068389892578
2013-10-09,30.730209350585938
2013-10-10,31.42049217224121
2013-10-11,31.92188835144043
2013-10-14,32.01614761352539
2013-10-15,31.855905532836914
2013-10-16,32.20462417602539
2013-10-17,32.45909881591797
2013-10-18,32.59104919433594
2013-10-21,32.6004753112793
2013-10-22,32.544857025146484
2013-10-23,32.59104919433594
2013-10-24,32.79839324951172
2013-10-25,32.66456604003906
2013-10-28,32.685298919677734
2013-10-29,32.854942321777344
2013-10-30,32.54392623901367
2013-10-31,32.734291076660156
2013-11-01,32.845523834228516
2013-11-04,33.184818267822266
2013-11-05,33.38273620605469
2013-11-06,33.071712493896484
2013-11-07,32.54929733276367
2013-11-08,33.071712493896484
2013-11-11,33.29790496826172
2013-11-12,33.38178634643555
2013-11-13,33.73143768310547
2013-11-14,33.79741668701172
2013-11-15,33.84455108642578
2013-11-18,33.31770324707031
2013-11-19,32.94919204711914
2013-11-20,32.6004753112793
2013-11-21,33.06983947753906
2013-11-22,32.96803283691406
2013-11-25,32.82666778564453
2013-11-26,33.05002975463867
2013-11-27,33.13090133666992
2013-11-29,33.17350387573242
2013-12-02,32.69470977783203
2013-12-03,32.700740814208984
2013-12-04,32.196136474609375
2013-12-05,31.81830406188965
2013-12-06,32.0067138671875
2013-12-09,31.92188835144043
2013-12-10,31.771081924438477
2013-12-11,31.780406951904297
2013-12-12,31.740930557250977
2013-12-13,31.714548110961914
2013-12-16,31.8747501373291
2013-12-17,31.818206787109375
2013-12-18,32.30736541748047
2013-12-19,32.21027755737305
2013-12-20,32.57368850708008
2013-12-23,32.678462982177734
2013-12-24,32.801185607910156
2013-12-26,32.83893966674805
2013-12-27,32.68488693237305
2013-12-30,32.82383346557617
2013-12-31,32.93238067626953
2014-01-02,32.77286148071289
2014-01-03,32.946533203125
2014-01-06,32.414161682128906
2014-01-07,32.51044845581055
2014-01-08,32.414161682128906
2014-01-09,32.151756286621094
2014-01-10,31.904443740844727
2014-01-13,31.3758602142334
2014-01-14,31.49856185913086
2014-01-15,31.441944122314453
2014-01-16,31.09267807006836
2014-01-17,30.903898239135742
2014-01-21,30.752878189086914
2014-01-22,30.639596939086914
2014-01-23,30.422504425048828
2014-01-24,29.88541030883789
2014-01-27,29.95988655090332
2014-01-28,29.988296508789062
2014-01-29,29.59185218811035
2014-01-30,29.727209091186523
2014-01-31,29.58241081237793
2014-02-03,28.723541259765625
2014-02-04,28.944982528686523
2014-02-05,28.931110382080078
2014-02-06,29.56353187561035
2014-02-07,29.55409812927246
2014-02-10,29.506898880004883
2014-02-11,29.997739791870117
2014-02-12,30.026052474975586
2014-02-13,30.111005783081055
2014-02-14,30.120445251464844
2014-02-18,30.135555267333984
2014-02-19,30.148765563964844
2014-02-20,30.242307662963867
2014-02-21,30.271472930908203
2014-02-24,30.573530197143555
2014-02-25,30.809507369995117
2014-02-26,31.22285270690918
2014-02-27,31.3475399017334
2014-02-28,31.3900089263916
2014-03-03,31.36642074584961
2014-03-04,31.810068130493164
2014-03-05,31.677921295166016
2014-03-06,31.489124298095703
2014-03-07,31.53631591796875
2014-03-10,31.621286392211914
2014-03-11,31.40418243408203
2014-03-12,31.659029006958008
2014-03-13,31.263538360595703
2014-03-14,31.36642074584961
2014-03-17,31.611845016479492
2014-03-18,31.650543212890625
2014-03-19,31.479690551757812
2014-03-20,31.489124298095703
2014-03-21,31.657222747802734
2014-03-24,31.30088996887207
2014-03-25,31.178863525390625
2014-03-26,30.871810913085938
2014-03-27,30.78062629699707
2014-03-28,31.09268569946289
2014-03-31,31.367107391357422
2014-04-01,31.62251853942871
2014-04-02,31.953577041625977
2014-04-03,31.944124221801758
2014-04-04,31.357646942138672
2014-04-07,30.969816207885742
2014-04-08,31.017108917236328
2014-04-09,31.367107391357422
2014-04-10,30.733333587646484
2014-04-11,30.41171646118164
2014-04-14,30.55360221862793
2014-04-15,30.686031341552734
2014-04-16,30.856300354003906
2014-04-17,30.856300354003906
2014-04-21,30.93198013305664
2014-04-22,31.24687957763672
2014-04-23,31.367107391357422
2014-04-24,31.423856735229492
2014-04-25,31.177919387817383
2014-04-28,31.168460845947266
2014-04-29,31.215755462646484
2014-04-30,31.29143524169922
2014-05-01,31.452239990234375
2014-05-02,31.726463317871094
2014-05-05,31.641427993774414
2014-05-06,31.26304817199707
2014-05-07,30.821304321289062
2014-05-08,30.799537658691406
2014-05-09,30.941438674926758
2014-05-12,31.617687225341797
2014-05-13,31.484590530395508
2014-05-14,31.29143524169922
2014-05-15,30.922521591186523
2014-05-16,31.215755462646484
2014-05-19,31.32926368713379
2014-05-20,30.941438674926758
2014-05-21,31.11161231994629
2014-05-22,31.404939651489258
2014-05-23,31.613040924072266
2014-05-27,31.77385902404785
2014-05-28,31.63196563720703
2014-05-29,31.679264068603516
2014-05-30,31.972496032714844
2014-06-02,31.78341293334961
2014-06-03,31.852468490600586
2014-06-04,32.17966079711914
2014-06-05,32.199520111083984
2014-06-06,32.38870620727539
2014-06-09,32.294212341308594
2014-06-10,32.239253997802734
2014-06-11,32.07655334472656
2014-06-12,31.82115936279297
2014-06-13,31.669801712036133
2014-06-16,31.698171615600586
2014-06-17,32.01033401489258
2014-06-18,32.11439514160156
2014-06-19,32.14276123046875
2014-06-20,32.081886291503906
2014-06-23,32.02491760253906
2014-06-24,32.113563537597656
2014-06-25,31.939313888549805
2014-06-26,31.99629783630371
2014-06-27,32.203636169433594
2014-06-30,32.234073638916016
2014-07-01,32.50514602661133
2014-07-02,32.44789123535156
2014-07-03,32.73827362060547
2014-07-07,32.50038528442383
2014-07-08,32.28496551513672
2014-07-09,32.46235275268555
2014-07-10,32.167503356933594
2014-07-11,32.12944412231445
2014-07-14,32.15799331665039
2014-07-15,31.958242416381836
2014-07-16,31.787038803100586
2014-07-17,31.4826717376709
2014-07-18,31.853618621826172
2014-07-21,31.749004364013672
2014-07-22,31.781335830688477
2014-07-23,31.863128662109375
2014-07-24,32.13905334472656
2014-07-25,31.996484756469727
2014-07-28,31.882539749145508
2014-07-29,31.710956573486328
2014-07-30,31.7299747467041
2014-07-31,31.178314208984375
2014-08-01,31.26201629638672
2014-08-04,31.368921279907227
2014-08-05,31.305763244628906
2014-08-06,31.340003967285156
2014-08-07,31.121246337890625
2014-08-08,31.5882511138916
2014-08-11,31.80606460571289
2014-08-12,31.615833282470703
2014-08-13,31.553733825683594
2014-08-14,31.749004364013672
2014-08-15,31.359027862548828
2014-08-18,31.76801300048828
2014-08-19,32.05336380004883
2014-08-20,32.20555114746094
2014-08-21,32.13896179199219
2014-08-22,32.36723709106445
2014-08-25,32.433815002441406
2014-08-26,32.5289306640625
2014-08-27,32.53464126586914
2014-08-28,32.414798736572266
2014-08-29,32.4243049621582
2014-09-02,32.59550857543945
2014-09-03,32.643062591552734
2014-09-04,32.83833312988281
2014-09-05,32.671607971191406
2014-09-08,32.74769592285156
2014-09-09,32.546043395996094
2014-09-10,32.53939437866211
2014-09-11,32.644012451171875
2014-09-12,32.471858978271484
2014-09-15,32.357723236083984
2014-09-16,32.329193115234375
2014-09-17,32.75606155395508
2014-09-18,32.61452865600586
2014-09-19,32.51826477050781
2014-09-22,31.947021484375
2014-09-23,31.756576538085938
2014-09-24,32.056331634521484
2014-09-25,31.691078186035156
2014-09-26,31.8422794342041
2014-09-29,31.78515625
2014-09-30,31.328079223632812
2014-10-01,31.048131942749023
2014-10-02,31.289987564086914
2014-10-03,31.845136642456055
2014-10-06,31.708972930908203
2014-10-07,31.18524932861328
2014-10-08,31.547094345092773
2014-10-09,31.18524932861328
2014-10-10,31.489961624145508
2014-10-13,30.642480850219727
2014-10-14,31.023374557495117
2014-10-15,30.884723663330078
2014-10-16,30.78684425354004
2014-10-17,30.94052505493164
2014-10-20,31.175729751586914
2014-10-21,31.912752151489258
2014-10-22,31.756576538085938
2014-10-23,31.994632720947266
2014-10-24,32.0422477722168
2014-10-27,32.03273010253906
2014-10-28,32.48027420043945
2014-10-29,32.613582611083984
2014-10-30,32.689762115478516
2014-10-31,32.94685745239258
2014-11-03,33.07064437866211
2014-11-04,33.023033142089844
2014-11-05,33.28013610839844
2014-11-06,33.73244094848633
2014-11-07,33.93906784057617
2014-11-10,33.89527130126953
2014-11-11,33.918121337890625
2014-11-12,34.375186920166016
2014-11-13,34.44184112548828
2014-11-14,34.36566925048828
2014-11-17,34.2437858581543
2014-11-18,34.31881332397461
2014-11-19,34.272342681884766
2014-11-20,34.57420349121094
2014-11-21,34.56563186645508
2014-11-24,34.975093841552734
2014-11-25,35.013179779052734
2014-11-26,35.00555419921875
2014-11-28,35.495567321777344
2014-12-01,34.89891815185547
2014-12-02,34.87986755371094
2014-12-03,35.01851272583008
2014-12-04,35.041748046875
2014-12-05,35.08906936645508
2014-12-08,35.032230377197266
2014-12-09,35.156009674072266
2014-12-10,35.051170349121094
2014-12-11,35.28932189941406
2014-12-12,35.53689956665039
2014-12-15,35.53689956665039
2014-12-16,35.403587341308594
2014-12-17,35.8816032409668
2014-12-18,36.508548736572266
2014-12-19,36.308841705322266
2014-12-22,36.71894073486328
2014-12-23,37.1404914855957
2014-12-24,37.05275344848633
2014-12-26,36.990177154541016
2014-12-29,37.17673873901367
2014-12-30,37.21230697631836
2014-12-31,37.224334716796875
2015-01-02,36.78570556640625
2015-01-05,36.38750457763672
2015-01-06,36.28974914550781
2015-01-07,37.01460266113281
2015-01-08,37.59638214111328
2015-01-09,37.12904739379883
2015-01-12,37.20535659790039
2015-01-13,36.79524612426758
2015-01-14,36.67125701904297
2015-01-15,36.14679718017578
2015-01-16,36.47097396850586
2015-01-20,36.251705169677734
2015-01-21,36.343170166015625
2015-01-22,36.78570556640625
2015-01-23,36.966915130615234
2015-01-26,37.01460266113281
2015-01-27,36.985984802246094
2015-01-28,36.575870513916016
2015-01-29,36.93830108642578
2015-01-30,36.146705627441406
2015-02-02,36.003639221191406
2015-02-03,37.1099739074707
2015-02-04,37.66305160522461
2015-02-05,37.69205093383789
2015-02-06,37.76804733276367
2015-02-09,37.57731246948242
2015-02-10,37.82527542114258
2015-02-11,38.06362533569336
2015-02-12,37.987430572509766
2015-02-13,38.216304779052734
2015-02-17,38.197235107421875
2015-02-18,38.20677947998047
2015-02-19,37.955753326416016
2015-02-20,38.03511047363281
2015-02-23,38.03511047363281
2015-02-24,38.07698059082031
2015-02-25,38.07324981689453
2015-02-26,38.019840240478516
2015-02-27,38.27992248535156
2015-03-02,38.47382736206055
2015-03-03,38.28306579589844
2015-03-04,38.25847244262695
2015-03-05,38.58864974975586
2015-03-06,38.254459381103516
2015-03-09,38.39752960205078
2015-03-10,38.254459381103516
2015-03-11,38.39752960205078
2015-03-12,39.14143753051758
2015-03-13,38.979217529296875
2015-03-16,39.14143753051758
2015-03-17,39.25874710083008
2015-03-18,39.31321334838867
2015-03-19,39.48478317260742
2015-03-20,39.649505615234375
2015-03-23,39.800865173339844
2015-03-24,39.77222442626953
2015-03-25,39.16011428833008
2015-03-26,38.98918914794922
2015-03-27,39.151519775390625
2015-03-30,39.676719665527344
2015-03-31,39.60032653808594
2015-04-01,39.39979553222656
2015-04-02,39.648075103759766
2015-04-06,39.533485412597656
2015-04-07,39.47522735595703
2015-04-08,39.64864730834961
2015-04-09,39.49528503417969
2015-04-10,39.724464416503906
2015-04-13,39.724464416503906
2015-04-14,39.323402404785156
2015-04-15,39.151519775390625
2015-04-16,39.01784133911133
2015-04-17,38.33984375
2015-04-20,38.6358642578125
2015-04-21,38.83639907836914
2015-04-22,38.73135757446289
2015-04-23,38.83639907836914
2015-04-24,38.75208282470703
2015-04-27,38.314537048339844
2015-04-28,38.09156799316406
2015-04-29,37.07936096191406
2015-04-30,36.668739318847656
2015-05-01,37.146202087402344
2015-05-04,37.19395446777344
2015-05-05,36.58088302612305
2015-05-06,36.7833366394043
2015-05-07,37.01671600341797
2015-05-08,37.76698303222656
2015-05-11,38.00562286376953
2015-05-12,37.80910110473633
2015-05-13,37.48996353149414
2015-05-14,37.24169158935547
2015-05-15,37.45186233520508
2015-05-18,37.78694152832031
2015-05-19,37.699092864990234
2015-05-20,37.43267822265625
2015-05-21,37.68095016479492
2015-05-22,37.42322540283203
2015-05-26,37.00296401977539
2015-05-27,37.24169158935547
2015-05-28,37.16529846191406
2015-05-29,36.831077575683594
2015-06-01,37.01251220703125
2015-06-02,36.97431182861328
2015-06-03,37.4517707824707
2015-06-04,37.288482666015625
2015-06-05,37.12700653076172
2015-06-08,36.93612289428711
2015-06-09,36.706939697265625
2015-06-10,37.16529846191406
2015-06-11,37.2894401550293
2015-06-12,37.203487396240234
2015-06-15,36.96476364135742
2015-06-16,37.2933464050293
2015-06-17,37.3372802734375
2015-06-18,37.76249694824219
2015-06-19,37.77838134765625
2015-06-22,38.036746978759766
2015-06-23,38.31242370605469
2015-06-24,37.99847412109375
2015-06-25,37.9601936340332
2015-06-26,38.14650344848633
2015-06-29,37.242515563964844
2015-06-30,37.34681701660156
2015-07-01,37.62527847290039
2015-07-02,37.53915786743164
2015-07-06,37.45515060424805
2015-07-07,37.97358703613281
2015-07-08,37.634849548339844
2015-07-09,37.730533599853516
2015-07-10,38.22814178466797
2015-07-13,38.74494171142578
2015-07-14,38.57261276245117
2015-07-15,38.59175491333008
2015-07-16,38.87882614135742
2015-07-17,38.553466796875
2015-07-20,38.57261276245117
2015-07-21,38.24726104736328
2015-07-22,38.45777130126953
2015-07-23,37.95061492919922
2015-07-24,37.4244270324707
2015-07-27,37.02243423461914
2015-07-28,37.31907653808594
2015-07-29,37.74967956542969
2015-07-30,37.85493469238281
2015-07-31,37.96210861206055
2015-08-03,37.790061950683594
2015-08-04,37.93149948120117
2015-08-05,38.19942092895508
2015-08-06,37.53915786743164
2015-08-07,37.56681823730469
2015-08-10,37.81666564941406
2015-08-11,37.70184326171875
2015-08-12,37.70184326171875
2015-08-13,37.912353515625
2015-08-14,37.9889030456543
2015-08-17,38.342952728271484
2015-08-18,38.323814392089844
2015-08-19,38.060665130615234
2015-08-20,37.57743453979492
2015-08-21,35.90285873413086
2015-08-24,34.917259216308594
2015-08-25,34.4962158203125
2015-08-26,35.39761734008789
2015-08-27,36.29518508911133
2015-08-28,36.209075927734375
2015-08-31,36.15166091918945
2015-09-01,35.65407180786133
2015-09-02,35.9698486328125
2015-09-03,36.294429779052734
2015-09-04,36.23777770996094
2015-09-08,36.71623611450195
2015-09-09,36.85975646972656
2015-09-10,36.54206466674805
2015-09-11,36.57135772705078
2015-09-14,36.505714416503906
2015-09-15,36.71909713745117
2015-09-16,36.99420928955078
2015-09-17,36.94578170776367
2015-09-18,36.26130294799805
2015-09-21,36.41471481323242
2015-09-22,36.04078674316406
2015-09-23,35.8969612121582
2015-09-24,35.83944320678711
2015-09-25,35.81067657470703
2015-09-28,34.85198974609375
2015-09-29,34.63137435913086
2015-09-30,35.024471282958984
2015-10-01,35.19705581665039
2015-10-02,35.2449951171875
2015-10-05,36.232540130615234
2015-10-06,36.079139709472656
2015-10-07,36.213375091552734
2015-10-08,36.711936950683594
2015-10-09,36.826988220214844
2015-10-12,36.94204330444336
2015-10-13,36.5872917175293
2015-10-14,35.81067657470703
2015-10-15,36.28182601928711
2015-10-16,36.6544075012207
2015-10-19,36.769466400146484
2015-10-20,36.92286682128906
2015-10-21,36.826988220214844
2015-10-22,36.846168518066406
2015-10-23,36.376365661621094
2015-10-26,36.425357818603516
2015-10-27,35.85863494873047
2015-10-28,36.3304443359375
2015-10-29,36.328433990478516
2015-10-30,36.127079010009766
2015-11-02,36.5489501953125
2015-11-03,36.96112823486328
2015-11-04,36.57771301269531
2015-11-05,36.5489501953125
2015-11-06,36.673580169677734
2015-11-09,36.29007339477539
2015-11-10,36.606468200683594
2015-11-11,36.0810661315918
2015-11-12,35.97175598144531
2015-11-13,34.88066101074219
2015-11-16,35.32169723510742
2015-11-17,35.54221725463867
2015-11-18,36.03120422363281
2015-11-19,35.82026672363281
2015-11-20,36.02161407470703
2015-11-23,36.29007339477539
2015-11-24,36.165428161621094
2015-11-25,36.884517669677734
2015-11-27,36.80848693847656
2015-11-30,36.27598190307617
2015-12-01,36.23494338989258
2015-12-02,36.18882751464844
2015-12-03,35.68613815307617
2015-12-04,36.41471481323242
2015-12-07,36.30924987792969
2015-12-08,36.24212646484375
2015-12-09,35.79150390625
2015-12-10,35.91939926147461
2015-12-11,35.17787551879883
2015-12-14,35.09158706665039
2015-12-15,35.18506622314453
2015-12-16,35.488525390625
2015-12-17,35.30251693725586
2015-12-18,34.69416809082031
2015-12-21,34.77566909790039
2015-12-22,35.63399124145508
2015-12-23,35.972381591796875
2015-12-24,35.8186149597168
2015-12-28,35.7513427734375
2015-12-29,36.13575744628906
2015-12-30,35.93394088745117
2015-12-31,35.76287078857422
2016-01-04,34.99209976196289
2016-01-05,35.06360626220703
2016-01-06,34.646121978759766
2016-01-07,34.04065704345703
2016-01-08,33.39674377441406
2016-01-11,33.80989456176758
2016-01-12,33.89649963378906
2016-01-13,32.82011413574219
2016-01-14,32.8870964050293
2016-01-15,32.16659164428711
2016-01-19,32.19542694091797
2016-01-20,32.09874725341797
2016-01-21,32.13775634765625
2016-01-22,32.627899169921875
2016-01-25,32.27827072143555
2016-01-26,32.615413665771484
2016-01-27,32.454429626464844
2016-01-28,32.59637451171875
2016-01-29,33.17570495605469
2016-02-01,33.61394500732422
2016-02-02,33.11323547363281
2016-02-03,32.82011413574219
2016-02-04,32.3588981628418
2016-02-05,31.328067779541016
2016-02-08,30.869163513183594
2016-02-09,30.926830291748047
2016-02-10,30.888385772705078
2016-02-11,30.91721534729004
2016-02-12,31.57073974609375
2016-02-16,32.16659164428711
2016-02-17,32.70478439331055
2016-02-18,32.32036209106445
2016-02-19,32.40205383300781
2016-02-22,32.71438980102539
2016-02-23,32.93543243408203
2016-02-24,33.00146484375
2016-02-25,33.60913848876953
2016-02-26,33.77155685424805
2016-02-29,33.66584014892578
2016-03-01,34.05228042602539
2016-03-02,34.16136932373047
2016-03-03,33.91571807861328
2016-03-04,34.38654708862305
2016-03-07,34.11753845214844
2016-03-08,34.27130889892578
2016-03-09,34.299556732177734
2016-03-10,34.290531158447266
2016-03-11,34.72300338745117
2016-03-14,34.981536865234375
2016-03-15,34.886383056640625
2016-03-16,35.04985809326172
2016-03-17,35.33799362182617
2016-03-18,35.70261001586914
2016-03-21,35.61604309082031
2016-03-22,35.519859313964844
2016-03-23,35.31788635253906
2016-03-24,34.962005615234375
2016-03-28,35.183231353759766
2016-03-29,35.28903579711914
2016-03-30,35.9057502746582
2016-03-31,35.971920013427734
2016-04-01,36.01038360595703
2016-04-04,35.61595916748047
2016-04-05,35.25056076049805
2016-04-06,35.48129653930664
2016-04-07,34.827362060546875
2016-04-08,34.71645736694336
2016-04-11,34.548423767089844
2016-04-12,34.51957321166992
2016-04-13,35.1360969543457
2016-04-14,34.88505935668945
2016-04-15,34.976444244384766
2016-04-18,35.2697868347168
2016-04-19,35.15436935424805
2016-04-20,35.221710205078125
2016-04-21,35.14667892456055
2016-04-22,34.990867614746094
2016-04-25,34.64461898803711
2016-04-26,34.978370666503906
2016-04-27,35.06251907348633
2016-04-28,34.606239318847656
2016-04-29,34.317588806152344
2016-05-02,34.510921478271484
2016-05-03,34.42340087890625
2016-05-04,34.47148895263672
2016-05-05,33.846309661865234
2016-05-06,33.99058151245117
2016-05-09,34.40425491333008
2016-05-10,34.317588806152344
2016-05-11,33.65317153930664
2016-05-12,33.54814147949219
2016-05-13,33.105709075927734
2016-05-16,33.51927947998047
2016-05-17,32.653663635253906
2016-05-18,32.39396286010742
2016-05-19,32.81706237792969
2016-05-20,32.931617736816406
2016-05-23,32.73059844970703
2016-05-24,33.124935150146484
2016-05-25,33.124935150146484
2016-05-26,33.20649719238281
2016-05-27,33.42310333251953
2016-05-31,33.38463592529297
2016-06-01,33.5673828125
2016-06-02,33.567955017089844
2016-06-03,33.692420959472656
2016-06-06,33.376644134521484
2016-06-07,33.614013671875
2016-06-08,33.63479995727539
2016-06-09,33.288448333740234
2016-06-10,33.13456726074219
2016-06-13,32.80754470825195
2016-06-14,32.68251037597656
2016-06-15,33.12110137939453
2016-06-16,32.89411163330078
2016-06-17,32.985504150390625
2016-06-20,33.18844985961914
2016-06-21,33.08229064941406
2016-06-22,33.14213180541992
2016-06-23,33.37181854248047
2016-06-24,32.8699836730957
2016-06-27,32.26199722290039
2016-06-28,32.58045959472656
2016-06-29,33.15679931640625
2016-06-30,33.47807312011719
2016-07-01,33.80609893798828
2016-07-05,33.51667404174805
2016-07-06,33.960506439208984
2016-07-07,33.72888946533203
2016-07-08,34.36582565307617
2016-07-11,34.63594436645508
2016-07-12,34.68622589111328
2016-07-13,34.37548065185547
2016-07-14,34.56838607788086
2016-07-15,34.481544494628906
2016-07-18,34.82905197143555
2016-07-19,34.65534973144531
2016-07-20,34.776939392089844
2016-07-21,34.491294860839844
2016-07-22,34.59743881225586
2016-07-25,34.896610260009766
2016-07-26,35.11857223510742
2016-07-27,34.9062614440918
2016-07-28,34.896610260009766
2016-07-29,34.95451354980469
2016-08-01,35.140384674072266
2016-08-02,34.54020309448242
2016-08-03,34.64569854736328
2016-08-04,34.72290802001953
2016-08-05,35.2247314453125
2016-08-08,34.98655700683594
2016-08-09,34.79044723510742
2016-08-10,35.01240921020508
2016-08-11,35.40809631347656
2016-08-12,35.35984420776367
2016-08-15,35.68796157836914
2016-08-16,35.43704605102539
2016-08-17,35.179569244384766
2016-08-18,35.523902893066406
2016-08-19,35.745872497558594
2016-08-22,35.678314208984375
2016-08-23,36.07398986816406
2016-08-24,35.85202407836914
2016-08-25,35.63005065917969
2016-08-26,35.321231842041016
2016-08-29,35.35018539428711
2016-08-30,34.82905197143555
2016-08-31,34.82905197143555
2016-09-01,34.657283782958984
2016-09-02,34.88695526123047
2016-09-06,34.91591262817383
2016-09-07,34.60709762573242
2016-09-08,34.57331466674805
2016-09-09,33.80609893798828
2016-09-12,34.13420486450195
2016-09-13,33.62272644042969
2016-09-14,33.63237380981445
2016-09-15,34.03771209716797
2016-09-16,33.948768615722656
2016-09-19,33.98163604736328
2016-09-20,33.80860900878906
2016-09-21,34.01643753051758
2016-09-22,34.2967643737793
2016-09-23,34.21942901611328
2016-09-26,33.929439544677734
2016-09-27,33.9680061340332
2016-09-28,33.610443115234375
2016-09-29,33.47511291503906
2016-09-30,33.765113830566406
2016-10-03,33.60560607910156
2016-10-04,33.44612121582031
2016-10-05,33.73127365112305
2016-10-06,33.79894256591797
2016-10-07,33.91011428833008
2016-10-10,34.02610397338867
2016-10-11,33.67810821533203
2016-10-12,34.02677536010742
2016-10-13,33.83277893066406
2016-10-14,33.89077377319336
2016-10-17,33.70710754394531
2016-10-18,33.66844940185547
2016-10-19,33.571781158447266
2016-10-20,33.59672164916992
2016-10-21,33.56210708618164
2016-10-24,33.687767028808594
2016-10-25,33.43645095825195
2016-10-26,33.48478317260742
2016-10-27,33.06718826293945
2016-10-28,33.25413131713867
2016-10-31,33.21411895751953
2016-11-01,32.953121185302734
2016-11-02,33.0014533996582
2016-11-03,32.42920684814453
2016-11-04,32.740455627441406
2016-11-07,32.9888801574707
2016-11-08,32.781253814697266
2016-11-09,33.27212142944336
2016-11-10,34.33446502685547
2016-11-11,34.408512115478516
2016-11-14,35.5244140625
2016-11-15,35.50508117675781
2016-11-16,35.44118118286133
2016-11-17,35.727500915527344
2016-11-18,35.418087005615234
2016-11-21,35.514747619628906
2016-11-22,36.20455551147461
2016-11-23,36.03770446777344
2016-11-25,36.16240310668945
2016-11-28,36.03673553466797
2016-11-29,35.9304084777832
2016-11-30,35.569942474365234
2016-12-01,35.766075134277344
2016-12-02,35.79507064819336
2016-12-05,36.08507537841797
2016-12-06,36.510398864746094
2016-12-07,37.08072280883789
2016-12-08,37.5639533996582
2016-12-09,37.300437927246094
2016-12-12,36.95505142211914
2016-12-13,37.16385269165039
2016-12-14,36.853553771972656
2016-12-15,36.96153259277344
2016-12-16,36.9595947265625
2016-12-19,36.71743392944336
2016-12-20,37.00837707519531
2016-12-21,36.707733154296875
2016-12-22,35.53512191772461
2016-12-23,35.29179000854492
2016-12-27,35.38876724243164
2016-12-28,35.1942253112793
2016-12-29,35.233604431152344
2016-12-30,34.865074157714844
2017-01-03,34.855369567871094
2017-01-04,35.456661224365234
2017-01-05,34.71959686279297
2017-01-06,34.69438171386719
2017-01-09,34.5935173034668
2017-01-10,34.96205520629883
2017-01-11,34.71959686279297
2017-01-12,34.66489791870117
2017-01-13,34.583824157714844
2017-01-17,34.865074157714844
2017-01-18,34.700199127197266
2017-01-19,34.31081771850586
2017-01-20,34.2637825012207
2017-01-23,33.846763610839844
2017-01-24,34.045570373535156
2017-01-25,34.244384765625
2017-01-26,33.92434310913086
2017-01-27,33.33274841308594
2017-01-30,33.449134826660156
2017-01-31,33.81766128540039
2017-02-01,33.52671432495117
2017-02-02,33.52671432495117
2017-02-03,33.70128631591797
2017-02-06,33.45882797241211
2017-02-07,33.313358306884766
2017-02-08,33.7098274230957
2017-02-09,34.36076354980469
2017-02-10,34.5450325012207
2017-02-13,34.333412170410156
2017-02-14,34.42865753173828
2017-02-15,34.520782470703125
2017-02-16,34.34136962890625
2017-02-17,34.5062370300293
2017-02-21,34.90386962890625
2017-02-22,34.855369567871094
2017-02-23,34.22499465942383
2017-02-24,34.81415939331055
2017-02-27,34.952362060546875
2017-02-28,34.0892219543457
2017-03-01,34.147403717041016
2017-03-02,34.421382904052734
2017-03-03,33.98738098144531
2017-03-06,33.8178596496582
2017-03-07,33.487918853759766
2017-03-08,33.766258239746094
2017-03-09,33.465431213378906
2017-03-10,33.525367736816406
2017-03-13,33.4686279296875
2017-03-14,33.54611587524414
2017-03-15,33.846763610839844
2017-03-16,34.05527114868164
2017-03-17,34.25712585449219
2017-03-20,33.86904525756836
2017-03-21,33.229122161865234
2017-03-22,33.3314094543457
2017-03-23,33.46134948730469
2017-03-24,33.450965881347656
2017-03-27,33.43223190307617
2017-03-28,33.64573287963867
2017-03-29,34.0532341003418
2017-03-30,34.01450729370117
2017-03-31,34.0339241027832
2017-04-03,33.56810760498047
2017-04-04,33.28667068481445
2017-04-05,33.24882507324219
2017-04-06,33.38343048095703
2017-04-07,33.40312576293945
2017-04-10,33.62147903442383
2017-04-11,33.78257369995117
2017-04-12,33.72822570800781
2017-04-13,33.30607986450195
2017-04-17,33.63603210449219
2017-04-18,33.53578567504883
2017-04-19,33.96599197387695
2017-04-20,34.47063064575195
2017-04-21,34.490028381347656
2017-04-24,34.710716247558594
2017-04-25,34.81998825073242
2017-04-26,35.149940490722656
2017-04-27,35.23243713378906
2017-04-28,35.00437545776367
2017-05-01,34.89762496948242
2017-05-02,34.87821578979492
2017-05-03,34.8491096496582
2017-05-04,34.722938537597656
2017-05-05,35.11113357543945
2017-05-08,34.9267463684082
2017-05-09,34.96555709838867
2017-05-10,35.09171676635742
2017-05-11,34.8491096496582
2017-05-12,34.41511535644531
2017-05-15,34.34446716308594
2017-05-16,34.27653884887695
2017-05-17,33.74278259277344
2017-05-18,33.8010139465332
2017-05-19,33.96599197387695
2017-05-22,34.1697883605957
2017-05-23,33.94658660888672
2017-05-24,33.50017166137695
2017-05-25,34.0533332824707
2017-05-26,34.1115608215332
2017-05-30,34.04420852661133
2017-05-31,33.93309020996094
2017-06-01,34.74235534667969
2017-06-02,34.77729034423828
2017-06-05,34.606483459472656
2017-06-06,34.19889831542969
2017-06-07,34.31535339355469
2017-06-08,34.58708190917969
2017-06-09,34.57737731933594
2017-06-12,34.616188049316406
2017-06-13,34.7326545715332
2017-06-14,34.54826736450195
2017-06-15,33.8010139465332
2017-06-16,33.10273361206055
2017-06-19,33.57019805908203
2017-06-20,33.11246871948242
2017-06-21,32.96638870239258
2017-06-22,32.85926055908203
2017-06-23,32.995601654052734
2017-06-26,33.618896484375
2017-06-27,33.52150344848633
2017-06-28,33.921871185302734
2017-06-29,33.57935333251953
2017-06-30,33.81367492675781
2017-07-03,33.85262680053711
2017-07-05,33.628631591796875
2017-07-06,33.307247161865234
2017-07-07,33.219017028808594
2017-07-10,32.65473556518555
2017-07-11,32.51838684082031
2017-07-12,32.78134536743164
2017-07-13,32.93716049194336
2017-07-14,33.10136413574219
2017-07-17,33.17090606689453
2017-07-18,33.326725006103516
2017-07-19,33.50202941894531
2017-07-20,33.35594177246094
2017-07-21,33.10273361206055
2017-07-24,33.301597595214844
2017-07-25,33.618896484375
2017-07-26,33.609153747558594
2017-07-27,33.706539154052734
2017-07-28,33.99871826171875
2017-07-31,34.04721450805664
2017-08-01,34.10097122192383
2017-08-02,34.04643249511719
2017-08-03,33.81367492675781
2017-08-04,33.95975875854492
2017-08-07,34.16914367675781
2017-08-08,34.22270202636719
2017-08-09,33.307247161865234
2017-08-10,32.96638870239258
2017-08-11,33.10759353637695
2017-08-14,33.27803039550781
2017-08-15,32.78134536743164
2017-08-16,32.88846969604492
2017-08-17,32.88846969604492
2017-08-18,32.26517868041992
2017-08-21,32.123966217041016
2017-08-22,32.20674514770508
2017-08-23,32.20674514770508
2017-08-24,32.099613189697266
2017-08-25,31.54448890686035
2017-08-28,31.612667083740234
2017-08-29,31.16574478149414
2017-08-30,31.330232620239258
2017-08-31,31.466585159301758
2017-09-01,31.466585159301758
2017-09-05,31.93492889404297
2017-09-06,32.26030731201172
2017-09-07,32.693695068359375
2017-09-08,32.62785720825195
2017-09-11,32.60603713989258
2017-09-12,33.09035873413086
2017-09-13,33.34620666503906
2017-09-14,33.34620666503906
2017-09-15,33.219600677490234
2017-09-18,33.15166473388672
2017-09-19,32.82275390625
2017-09-20,32.82275390625
2017-09-21,32.68590545654297
2017-09-22,32.783260345458984
2017-09-25,32.94590759277344
2017-09-26,33.025474548339844
2017-09-27,33.428768157958984
2017-09-28,33.214805603027344
2017-09-29,33.20767593383789
2017-10-02,33.20767593383789
2017-10-03,33.365234375
2017-10-04,33.3847770690918
2017-10-05,33.47764587402344
2017-10-06,33.37012481689453
2017-10-09,32.60771560668945
2017-10-10,32.70643615722656
2017-10-11,32.729896545410156
2017-10-12,32.68590545654297
2017-10-13,32.857547760009766
2017-10-16,32.59793472290039
2017-10-17,32.59402847290039
2017-10-18,32.89605712890625
2017-10-19,32.84229278564453
2017-10-20,33.20640182495117
2017-10-23,33.555843353271484
2017-10-24,33.34080123901367
2017-10-25,32.88139343261719
2017-10-26,33.228389739990234
2017-10-27,32.60771560668945
2017-10-30,32.549068450927734
2017-10-31,32.53440475463867
2017-11-01,32.65658950805664
2017-11-02,32.648765563964844
2017-11-03,32.648765563964844
2017-11-06,32.53166961669922
2017-11-07,32.188087463378906
2017-11-08,32.49745559692383
2017-11-09,32.49745559692383
2017-11-10,32.79343032836914
2017-11-13,32.94982147216797
2017-11-14,32.73204803466797
2017-11-15,32.49041748046875
2017-11-16,33.44831848144531
2017-11-17,33.844181060791016
2017-11-20,33.81974792480469
2017-11-21,33.858848571777344
2017-11-22,34.044464111328125
2017-11-24,33.89208221435547
2017-11-27,33.89208221435547
2017-11-28,33.89208221435547
2017-11-29,35.188175201416016
2017-11-30,35.44720458984375
2017-12-01,34.86758041381836
2017-12-04,35.91149139404297
2017-12-05,35.47163772583008
2017-12-06,35.481414794921875
2017-12-07,35.52403259277344
2017-12-08,35.95547866821289
2017-12-11,35.79419708251953
2017-12-12,35.848934173583984
2017-12-13,35.87239456176758
2017-12-14,35.461856842041016
2017-12-15,35.87239456176758
2017-12-18,36.717220306396484
2017-12-19,36.795719146728516
2017-12-20,36.646671295166016
2017-12-21,36.721439361572266
2017-12-22,36.54060745239258
2017-12-26,36.84478759765625
2017-12-27,36.63166046142578
2017-12-28,36.648536682128906
2017-12-29,36.50450134277344
2018-01-02,36.84478759765625
2018-01-03,36.903656005859375
2018-01-04,36.90856170654297
2018-01-05,37.23727035522461
2018-01-08,37.38445281982422
2018-01-09,37.404075622558594
2018-01-10,37.207828521728516
2018-01-11,38.01605987548828
2018-01-12,38.450347900390625
2018-01-16,38.330047607421875
2018-01-17,38.13017654418945
2018-01-18,38.247928619384766
2018-01-19,38.56191635131836
2018-01-22,39.38613510131836
2018-01-23,39.366512298583984
2018-01-24,39.199710845947266
2018-01-25,39.578453063964844
2018-01-26,39.578453063964844
2018-01-29,39.96514892578125
2018-01-30,39.06380844116211
2018-01-31,39.06380844116211
2018-02-01,38.40492248535156
2018-02-02,37.423702239990234
2018-02-05,36.13829803466797
2018-02-06,36.530792236328125
2018-02-07,36.92327880859375
2018-02-08,35.55447769165039
2018-02-09,35.500511169433594
2018-02-12,35.84884262084961
2018-02-13,36.0892448425293
2018-02-14,36.570037841796875
2018-02-15,37.001773834228516
2018-02-16,37.37464141845703
2018-02-20,36.3443603515625
2018-02-21,36.040184020996094
2018-02-22,36.246437072753906
2018-02-23,36.51253890991211
2018-02-26,36.61733627319336
2018-02-27,36.069618225097656
2018-02-28,36.31099319458008
2018-03-01,35.48088455200195
2018-03-02,35.94775390625
2018-03-05,36.06471633911133
2018-03-06,36.5209846496582
2018-03-07,36.118682861328125
2018-03-08,36.118682861328125
2018-03-09,35.81449890136719
2018-03-12,35.976402282714844
2018-03-13,36.157920837402344
2018-03-14,36.157920837402344
2018-03-15,36.157920837402344
2018-03-16,35.61030960083008
2018-03-19,35.2912712097168
2018-03-20,35.350189208984375
2018-03-21,35.11452102661133
2018-03-22,34.9083137512207
2018-03-23,34.270042419433594
2018-03-26,34.270042419433594
2018-03-27,34.988834381103516
2018-03-28,34.71192169189453
2018-03-29,35.4901237487793
2018-04-02,34.25040817260742
2018-04-03,34.91813278198242
2018-04-04,35.3109130859375
2018-04-05,35.78224563598633
2018-04-06,35.48766326904297
2018-04-09,35.30600357055664
2018-04-10,35.2912712097168
2018-04-11,35.271629333496094
2018-04-12,35.37964630126953
2018-04-13,34.888671875
2018-04-16,35.46802520751953
2018-04-17,35.693878173828125
2018-04-18,36.04738235473633
2018-04-19,35.47784423828125
2018-04-20,35.0899772644043
2018-04-23,35.128662109375
2018-04-24,35.128662109375
2018-04-25,35.128662109375
2018-04-26,35.929542541503906
2018-04-27,35.929542541503906
2018-04-30,36.312503814697266
2018-05-01,35.7527961730957
2018-05-02,35.67423629760742
2018-05-03,35.67423629760742
2018-05-04,35.87062454223633
2018-05-07,35.45820617675781
2018-05-08,35.59567642211914
2018-05-09,35.7135124206543
2018-05-10,35.777339935302734
2018-05-11,35.95899963378906
2018-05-14,36.278133392333984
2018-05-15,36.16520690917969
2018-05-16,36.16520690917969
2018-05-17,36.93113708496094
2018-05-18,36.891456604003906
2018-05-21,36.891456604003906
2018-05-22,36.33214569091797
2018-05-23,36.28304672241211
2018-05-24,36.42051315307617
2018-05-25,36.38124084472656
2018-05-29,36.27322769165039
2018-05-30,36.27322769165039
2018-05-31,36.27322769165039
2018-06-01,36.557987213134766
2018-06-04,37.314090728759766
2018-06-05,38.1389274597168
2018-06-06,38.1389274597168
2018-06-07,38.296043395996094
2018-06-08,38.38932800292969
2018-06-11,39.032501220703125
2018-06-12,39.47438049316406
2018-06-13,39.30744552612305
2018-06-14,39.17980194091797
2018-06-15,39.032501220703125
2018-06-18,39.44862365722656
2018-06-19,39.30630111694336
2018-06-20,39.30630111694336
2018-06-21,39.30630111694336
2018-06-22,39.30630111694336
2018-06-25,39.45335006713867
2018-06-26,39.59133529663086
2018-06-27,39.19709396362305
2018-06-28,38.99012756347656
2018-06-29,39.22666549682617
2018-07-02,39.22666549682617
2018-07-03,38.852134704589844
2018-07-05,38.852134704589844
2018-07-06,39.28580093383789
2018-07-09,39.54205322265625
2018-07-10,39.19709396362305
2018-07-11,39.19709396362305
2018-07-12,39.19709396362305
2018-07-13,38.948429107666016
2018-07-16,38.71908187866211
2018-07-17,39.157676696777344
2018-07-18,39.157676696777344
2018-07-19,39.52727508544922
2018-07-20,39.52727508544922
2018-07-23,39.271018981933594
2018-07-24,38.66487503051758
2018-07-25,39.019691467285156
2018-07-26,39.25623321533203
2018-07-27,39.25623321533203
2018-07-30,39.25623321533203
2018-07-31,38.595882415771484
2018-08-01,38.595882415771484
2018-08-02,38.709228515625
2018-08-03,38.953948974609375
2018-08-06,38.953948974609375
2018-08-07,39.798309326171875
2018-08-08,39.87617111206055
2018-08-09,39.87617111206055
2018-08-10,39.87617111206055
2018-08-13,40.330528259277344
2018-08-14,40.330528259277344
2018-08-15,40.330528259277344
2018-08-16,40.438941955566406
2018-08-17,40.94160079956055
2018-08-20,41.47126007080078
2018-08-21,41.5723762512207
2018-08-22,41.59209442138672
2018-08-23,42.183448791503906
2018-08-24,41.79088592529297
2018-08-27,41.59209442138672
2018-08-28,41.720218658447266
2018-08-29,41.60194778442383
2018-08-30,41.33573532104492
2018-08-31,41.66689682006836
2018-09-04,42.43970489501953
2018-09-05,42.43970489501953
2018-09-06,41.6118049621582
2018-09-07,41.339195251464844
2018-09-10,41.759639739990234
2018-09-11,41.77935028076172
2018-09-12,41.429473876953125
2018-09-13,41.20277786254883
2018-09-14,40.93174362182617
2018-09-17,40.93174362182617
2018-09-18,41.05001449584961
2018-09-19,40.854373931884766
2018-09-20,40.774044036865234
2018-09-21,40.94160079956055
2018-09-24,40.42162322998047
2018-09-25,40.33265686035156
2018-09-26,40.82268142700195
2018-09-27,40.49081802368164
2018-09-28,40.33720397949219
2018-10-01,40.569908142089844
2018-10-02,38.928924560546875
2018-10-03,39.041316986083984
2018-10-04,38.592811584472656
2018-10-05,38.19818878173828
2018-10-08,38.54140853881836
2018-10-09,38.1578483581543
2018-10-10,38.11396026611328
2018-10-11,37.01114273071289
2018-10-12,37.01114273071289
2018-10-15,37.75067138671875
2018-10-16,38.108428955078125
2018-10-17,37.729515075683594
2018-10-18,36.923160552978516
2018-10-19,36.923160552978516
2018-10-22,37.267173767089844
2018-10-23,37.267173767089844
2018-10-24,37.35051345825195
2018-10-25,36.96171188354492
2018-10-26,36.714576721191406
2018-10-29,37.04079818725586
2018-10-30,38.20728302001953
2018-10-31,37.61415481567383
2018-11-01,38.0748176574707
2018-11-02,38.029441833496094
2018-11-05,38.47013854980469
2018-11-06,38.83006286621094
2018-11-07,39.21223449707031
2018-11-08,39.45986557006836
2018-11-09,38.7806396484375
2018-11-12,38.246822357177734
2018-11-13,38.35556411743164
2018-11-14,37.7130126953125
2018-11-15,37.07045364379883
2018-11-16,36.70963668823242
2018-11-19,36.111568450927734
2018-11-20,35.024166107177734
2018-11-21,35.29107666015625
2018-11-23,34.92531204223633
2018-11-26,35.84455871582031
2018-11-27,35.911285400390625
2018-11-28,36.667720794677734
2018-11-29,36.70775604248047
2018-11-30,36.4281005859375
2018-12-03,36.856536865234375
2018-12-04,35.56786346435547
2018-12-06,35.37015914916992
2018-12-07,34.470577239990234
2018-12-10,34.59394836425781
2018-12-11,34.67975997924805
2018-12-12,34.976417541503906
2018-12-13,34.233333587646484
2018-12-14,33.81814193725586
2018-12-17,33.01742172241211
2018-12-18,33.39078903198242
2018-12-19,32.98697280883789
2018-12-20,32.231624603271484
2018-12-21,31.62356948852539
2018-12-24,31.533924102783203
2018-12-26,33.247737884521484
2018-12-27,33.00947189331055
2018-12-28,33.15838623046875
2018-12-31,33.48599624633789
2019-01-02,33.53563690185547
2019-01-03,33.575347900390625
2019-01-04,33.90296173095703
2019-01-07,34.69717788696289
2019-01-08,34.99500274658203
2019-01-09,35.0843505859375
2019-01-10,34.79644775390625
2019-01-11,34.77659606933594
2019-01-14,34.508541107177734
2019-01-15,34.64753341674805
2019-01-16,34.84608459472656
2019-01-17,35.13399124145508
2019-01-18,35.41196060180664
2019-01-22,34.9891471862793
2019-01-23,35.089111328125
2019-01-24,34.97018051147461
2019-01-25,35.13399124145508
2019-01-28,35.00055694580078
2019-01-29,35.04960632324219
2019-01-30,35.25758743286133
2019-01-31,35.394691467285156
2019-02-01,35.16020202636719
2019-02-04,35.576866149902344
2019-02-05,35.8686408996582
2019-02-06,35.654396057128906
2019-02-07,35.615482330322266
2019-02-08,35.39706802368164
2019-02-11,35.699867248535156
2019-02-12,36.22027587890625
2019-02-13,36.48911666870117
2019-02-14,36.53815460205078
2019-02-15,36.945884704589844
2019-02-19,37.099666595458984
2019-02-20,36.97924041748047
2019-02-21,36.63138198852539
2019-02-22,36.84541320800781
2019-02-25,36.781978607177734
2019-02-26,37.15675354003906
2019-02-27,37.38260269165039
2019-02-28,37.40742492675781
2019-03-01,37.51662826538086
2019-03-04,36.96067810058594
2019-03-05,37.217010498046875
2019-03-06,37.16896057128906
2019-03-07,36.538753509521484
2019-03-08,36.02251434326172
2019-03-11,36.50897216796875
2019-03-12,36.33027267456055
2019-03-13,36.50897216796875
2019-03-14,36.05467987060547
2019-03-15,35.888492584228516
2019-03-18,36.32033920288086
2019-03-19,36.08872985839844
2019-03-20,35.928993225097656
2019-03-21,36.44940185546875
2019-03-22,35.73461151123047
2019-03-25,36.216697692871094
2019-03-26,36.24777603149414
2019-03-27,36.54371643066406
2019-03-28,37.08477020263672
2019-03-29,36.949363708496094
2019-04-01,37.18345260620117
2019-04-02,37.02024459838867
2019-04-03,37.27985382080078
2019-04-04,37.36771011352539
2019-04-05,37.52158737182617
2019-04-08,37.383697509765625
2019-04-09,37.10472869873047
2019-04-10,37.621360778808594
2019-04-11,37.70524978637695
2019-04-12,37.80949401855469
2019-04-15,37.99812316894531
2019-04-16,38.05659484863281
2019-04-17,38.047760009765625
2019-04-18,37.85337448120117
2019-04-22,37.22376251220703
2019-04-23,37.77653503417969
2019-04-24,38.29267501831055
2019-04-25,38.24611282348633
2019-04-26,38.077537536621094
2019-04-29,38.23320770263672
2019-04-30,38.201637268066406
2019-05-01,37.76482009887695
2019-05-02,38.01152420043945
2019-05-03,38.38043212890625
2019-05-06,38.192501068115234
2019-05-07,37.4901237487793
2019-05-08,37.406429290771484
2019-05-09,37.17412567138672
2019-05-10,37.14940643310547
2019-05-13,35.82743835449219
2019-05-14,36.23059844970703
2019-05-15,36.206573486328125
2019-05-16,36.3104133605957
2019-05-17,36.116729736328125
2019-05-20,36.007625579833984
2019-05-21,36.37425231933594
2019-05-22,36.0274772644043
2019-05-23,35.57993698120117
2019-05-24,35.780181884765625
2019-05-28,35.51094436645508
2019-05-29,34.44898223876953
2019-05-30,34.858497619628906
2019-05-31,34.563148498535156
2019-06-03,34.68595504760742
2019-06-04,35.42189025878906
2019-06-05,35.33273696899414
2019-06-06,35.44770431518555
2019-06-07,35.67246627807617
2019-06-10,35.99184036254883
2019-06-11,36.305450439453125
2019-06-12,36.41962432861328
2019-06-13,36.68826675415039
2019-06-14,36.64508056640625
2019-06-17,36.66770935058594
2019-06-18,36.796871185302734
2019-06-19,36.67853927612305
2019-06-20,36.74226760864258
2019-06-21,36.434513092041016
2019-06-24,36.17869186401367
2019-06-25,35.90494155883789
2019-06-26,35.90813446044922
2019-06-27,36.233436584472656
2019-06-28,36.33805465698242
2019-07-01,36.57188034057617
2019-07-02,36.59676742553711
2019-07-03,36.90534973144531
2019-07-05,36.88563537597656
2019-07-08,36.93669891357422
2019-07-09,36.82223129272461
2019-07-10,36.79157257080078
2019-07-11,36.89131546020508
2019-07-12,37.450538635253906
2019-07-15,37.502601623535156
2019-07-16,37.62762451171875
2019-07-17,37.1959114074707
2019-07-18,37.31346893310547
2019-07-19,37.32024002075195
2019-07-22,37.060035705566406
2019-07-23,37.14067077636719
2019-07-24,37.870906829833984
2019-07-25,37.537437438964844
2019-07-26,37.86593246459961
2019-07-29,37.84612274169922
2019-07-30,37.51155471801758
2019-07-31,37.388526916503906
2019-08-01,36.72119140625
2019-08-02,36.33177947998047
2019-08-05,35.63568115234375
2019-08-06,36.234832763671875
2019-08-07,36.41261291503906
2019-08-08,36.92028045654297
2019-08-09,36.494834899902344
2019-08-12,35.97372817993164
2019-08-13,36.542015075683594
2019-08-14,35.44705581665039
2019-08-15,35.4913444519043
2019-08-16,36.001502990722656
2019-08-19,36.33576202392578
2019-08-20,36.02439880371094
2019-08-21,36.8107795715332
2019-08-22,37.208953857421875
2019-08-23,36.05426025390625
2019-08-26,36.56690216064453
2019-08-27,36.36283874511719
2019-08-28,37.027488708496094
2019-08-29,37.35308837890625
2019-08-30,37.00986862182617
2019-09-03,36.561927795410156
2019-09-04,37.111000061035156
2019-09-05,38.06003952026367
2019-09-06,38.24419021606445
2019-09-09,38.76479721069336
2019-09-10,39.246482849121094
2019-09-11,39.47941589355469
2019-09-12,39.38295364379883
2019-09-13,39.422874450683594
2019-09-16,38.96308898925781
2019-09-17,39.06700897216797
2019-09-18,38.87131118774414
2019-09-19,38.6414680480957
2019-09-20,38.65301513671875
2019-09-23,39.0093879699707
2019-09-24,38.65131759643555
2019-09-25,38.78372573852539
2019-09-26,38.711097717285156
2019-09-27,38.56304931640625
2019-09-30,39.08470916748047
2019-10-01,38.55168914794922
2019-10-02,37.784542083740234
2019-10-03,37.775672912597656
2019-10-04,38.167720794677734
2019-10-07,38.18296432495117
2019-10-08,37.8094482421875
2019-10-09,38.188045501708984
2019-10-10,38.76091384887695
2019-10-11,39.59321594238281
2019-10-14,39.326904296875
2019-10-15,39.52806091308594
2019-10-16,39.70241165161133
2019-10-17,40.08100509643555
2019-10-18,40.10431671142578
2019-10-21,40.49934768676758
2019-10-22,40.399818420410156
2019-10-23,40.648895263671875
2019-10-24,40.682769775390625
2019-10-25,40.843170166015625
2019-10-28,41.208614349365234
2019-10-29,41.06734085083008
2019-10-30,40.823246002197266
2019-10-31,40.307762145996094
2019-11-01,40.46458435058594
2019-11-04,40.68376159667969
2019-11-05,40.761474609375
2019-11-06,41.049903869628906
2019-11-07,40.89298629760742
2019-11-08,40.85472869873047
2019-11-11,40.90793228149414
2019-11-12,40.95276641845703
2019-11-13,40.99968719482422
2019-11-14,41.455894470214844
2019-11-15,41.8145637512207
2019-11-18,41.695003509521484
2019-11-19,41.166969299316406
2019-11-20,41.31641387939453
2019-11-21,41.03286361694336
2019-11-22,41.1392707824707
2019-11-25,41.595375061035156
2019-11-26,42.31270980834961
2019-11-27,42.46713638305664
2019-11-29,42.22902297973633
2019-12-02,41.76982498168945
2019-12-03,41.28154373168945
2019-12-04,41.48219299316406
2019-12-05,41.54127502441406
2019-12-06,42.043907165527344
2019-12-09,42.13775634765625
2019-12-10,41.98392868041992
2019-12-11,42.14333724975586
2019-12-12,42.40237808227539
2019-12-13,41.89456558227539
2019-12-16,42.018802642822266
2019-12-17,42.33732223510742
2019-12-18,42.40237808227539
2019-12-19,42.49702072143555
2019-12-20,42.55431365966797
2019-12-23,42.102481842041016
2019-12-24,42.24077606201172
2019-12-26,42.2772216796875
2019-12-27,42.09249496459961
2019-12-30,42.292198181152344
2019-12-31,42.04756164550781
2020-01-02,41.84785842895508
2020-01-03,41.683101654052734
2020-01-06,41.69308853149414
2020-01-07,41.608211517333984
2020-01-08,41.6781120300293
2020-01-09,41.643165588378906
2020-01-10,41.52793502807617
2020-01-13,42.027591705322266
2020-01-14,42.09748840332031
2020-01-15,41.724639892578125
2020-01-16,41.96767807006836
2020-01-17,42.08750534057617
2020-01-21,42.052555084228516
2020-01-22,42.04756164550781
2020-01-23,42.35710144042969
2020-01-24,41.62319564819336
2020-01-27,41.63567352294922
2020-01-28,41.75299835205078
2020-01-29,41.70646667480469
2020-01-30,41.5283317565918
2020-01-31,40.34498977661133
2020-02-03,40.629268646240234
2020-02-04,40.689579010009766
2020-02-05,41.24375534057617
2020-02-06,40.87031173706055
2020-02-07,40.35537338256836
2020-02-10,40.556278228759766
2020-02-11,41.07899856567383
2020-02-12,41.45000076293945
2020-02-13,41.32500076293945
2020-02-14,41.369598388671875
2020-02-18,41.369598388671875
2020-02-19,41.369598388671875
2020-02-20,41.369598388671875
2020-02-21,41.369598388671875
2020-02-24,41.369598388671875
2020-02-25,41.369598388671875
2020-02-26,41.369598388671875
2020-02-27,41.369598388671875
