Date,PNQI
2010-01-04,26.220048904418945
2010-01-05,26.309982299804688
2010-01-06,26.030193328857422
2010-01-07,25.720430374145508
2010-01-08,25.890300750732422
2010-01-11,25.800369262695312
2010-01-12,25.230802536010742
2010-01-13,25.75040626525879
2010-01-14,25.850332260131836
2010-01-15,25.440641403198242
2010-01-19,25.53057289123535
2010-01-20,25.210817337036133
2010-01-21,25.260780334472656
2010-01-22,24.321495056152344
2010-01-25,24.281524658203125
2010-01-26,24.3015079498291
2010-01-27,24.33148765563965
2010-01-28,24.25154685974121
2010-01-29,23.851852416992188
2010-02-01,24.011730194091797
2010-02-02,24.201583862304688
2010-02-03,24.481372833251953
2010-02-04,23.75192642211914
2010-02-05,23.84185791015625
2010-02-08,23.771913528442383
2010-02-09,23.95177459716797
2010-02-10,24.0217227935791
2010-02-11,24.461387634277344
2010-02-12,24.501358032226562
2010-02-16,24.711196899414062
2010-02-17,24.731182098388672
2010-02-18,25.110891342163086
2010-02-19,25.27077293395996
2010-02-22,25.28076171875
2010-02-23,24.970998764038086
2010-02-24,25.170848846435547
2010-02-25,25.04094696044922
2010-02-26,25.210817337036133
2010-03-01,25.860322952270508
2010-03-02,25.850332260131836
2010-03-03,25.790374755859375
2010-03-04,26.100141525268555
2010-03-05,26.54979705810547
2010-03-08,26.669708251953125
2010-03-09,27.06940269470215
2010-03-10,27.38916015625
2010-03-11,27.289236068725586
2010-03-12,27.409143447875977
2010-03-15,27.259260177612305
2010-03-16,27.519062042236328
2010-03-17,27.79884910583496
2010-03-18,27.678939819335938
2010-03-19,27.399152755737305
2010-03-22,27.529052734375
2010-03-23,27.489084243774414
2010-03-24,27.42913055419922
2010-03-25,27.54903793334961
2010-03-26,27.47909164428711
2010-03-29,27.599000930786133
2010-03-30,27.68893051147461
2010-03-31,27.589008331298828
2010-04-01,27.509069442749023
2010-04-05,27.92875099182129
2010-04-06,28.2984676361084
2010-04-07,28.058650970458984
2010-04-08,28.198543548583984
2010-04-09,28.3684139251709
2010-04-12,28.61822509765625
2010-04-13,28.66818618774414
2010-04-14,29.0079288482666
2010-04-15,29.287715911865234
2010-04-16,28.408384323120117
2010-04-19,28.148582458496094
2010-04-20,28.66818618774414
2010-04-21,28.638208389282227
2010-04-22,28.80807876586914
2010-04-23,28.638208389282227
2010-04-26,28.878026962280273
2010-04-27,28.098621368408203
2010-04-28,27.758880615234375
2010-04-29,28.768110275268555
2010-04-30,28.058650970458984
2010-05-03,28.3684139251709
2010-05-04,27.449111938476562
2010-05-05,27.169328689575195
2010-05-06,26.56978416442871
2010-05-07,25.78038215637207
2010-05-10,27.349191665649414
2010-05-11,27.29922866821289
2010-05-12,27.828824996948242
2010-05-13,27.878787994384766
2010-05-14,27.259260177612305
2010-05-17,27.089387893676758
2010-05-18,27.13934898376465
2010-05-19,26.729660034179688
2010-05-20,25.75040626525879
2010-05-21,26.16009521484375
2010-05-24,26.16009521484375
2010-05-25,25.98023223876953
2010-05-26,26.07016372680664
2010-05-27,26.829586029052734
2010-05-28,26.859561920166016
2010-06-01,26.429889678955078
2010-06-02,26.769630432128906
2010-06-03,27.359180450439453
2010-06-04,26.529813766479492
2010-06-07,25.970239639282227
2010-06-08,25.810361862182617
2010-06-09,26.25002670288086
2010-06-10,26.6896915435791
2010-06-11,26.97947120666504
2010-06-14,27.259260177612305
2010-06-15,27.56902313232422
2010-06-16,27.788854598999023
2010-06-17,27.49907684326172
2010-06-18,27.608991622924805
2010-06-21,27.309221267700195
2010-06-22,27.029434204101562
2010-06-23,26.969478607177734
2010-06-24,26.51982307434082
2010-06-25,26.849571228027344
2010-06-28,26.6197452545166
2010-06-29,25.25078773498535
2010-06-30,25.090909957885742
2010-07-01,25.03095245361328
2010-07-02,24.871076583862305
2010-07-06,24.831106185913086
2010-07-07,25.580535888671875
2010-07-08,25.96024513244629
2010-07-09,26.23004150390625
2010-07-12,26.289995193481445
2010-07-13,27.109371185302734
2010-07-14,27.04941749572754
2010-07-15,27.179319381713867
2010-07-16,26.309982299804688
2010-07-19,26.499835968017578
2010-07-20,26.809600830078125
2010-07-21,26.33995819091797
2010-07-22,26.809600830078125
2010-07-23,27.249267578125
2010-07-26,27.36917495727539
2010-07-27,27.4591064453125
2010-07-28,26.97947120666504
2010-07-29,26.809600830078125
2010-07-30,26.899532318115234
2010-08-02,27.15933609008789
2010-08-03,27.319211959838867
2010-08-04,28.11860466003418
2010-08-05,27.93874168395996
2010-08-06,28.12859535217285
2010-08-09,28.488323211669922
2010-08-10,28.488323211669922
2010-08-11,27.599000930786133
2010-08-12,27.808839797973633
2010-08-13,27.788854598999023
2010-08-16,27.808839797973633
2010-08-17,28.11860466003418
2010-08-18,27.97871208190918
2010-08-19,28.02867317199707
2010-08-20,28.148582458496094
2010-08-23,27.858800888061523
2010-08-24,27.359180450439453
2010-08-25,27.648962020874023
2010-08-26,27.49907684326172
2010-08-27,28.108612060546875
2010-08-30,27.599000930786133
2010-08-31,27.61898422241211
2010-09-01,28.638208389282227
2010-09-02,29.137828826904297
2010-09-03,29.39763069152832
2010-09-07,29.137828826904297
2010-09-08,29.547517776489258
2010-09-09,29.587488174438477
2010-09-10,29.677419662475586
2010-09-13,30.177040100097656
2010-09-14,30.177040100097656
2010-09-15,30.23699378967285
2010-09-16,30.34691047668457
2010-09-17,30.456825256347656
2010-09-20,31.146299362182617
2010-09-21,31.39611053466797
2010-09-22,31.266210556030273
2010-09-23,31.496036529541016
2010-09-24,32.255455017089844
2010-09-27,32.57521438598633
2010-09-28,32.53524398803711
2010-09-29,32.57521438598633
2010-09-30,32.26544952392578
2010-10-01,31.935699462890625
2010-10-04,31.526010513305664
2010-10-05,32.43531799316406
2010-10-06,31.16628646850586
2010-10-07,31.19626235961914
2010-10-08,31.545997619628906
2010-10-11,31.416095733642578
2010-10-12,31.496036529541016
2010-10-13,31.925708770751953
2010-10-14,31.91571617126465
2010-10-15,32.64516067504883
2010-10-18,32.73508834838867
2010-10-19,31.885738372802734
2010-10-20,32.22547912597656
2010-10-21,32.8050422668457
2010-10-22,33.464542388916016
2010-10-25,33.94417190551758
2010-10-26,34.25393295288086
2010-10-27,34.503746032714844
2010-10-28,34.43379592895508
2010-10-29,34.563697814941406
2010-11-01,33.99413299560547
2010-11-02,34.53372573852539
2010-11-03,34.73357009887695
2010-11-04,34.78353500366211
2010-11-05,34.89344787597656
2010-11-08,35.253173828125
2010-11-09,35.033348083496094
2010-11-10,35.42304992675781
2010-11-11,35.33311462402344
2010-11-12,34.74356460571289
2010-11-15,34.293907165527344
2010-11-16,33.45454406738281
2010-11-17,33.954166412353516
2010-11-18,34.573692321777344
2010-11-19,34.45378494262695
2010-11-22,34.99337387084961
2010-11-23,34.323883056640625
2010-11-24,35.163246154785156
2010-11-26,35.22319793701172
2010-11-29,35.17323684692383
2010-11-30,34.53372573852539
2010-12-01,35.033348083496094
2010-12-02,35.11328125
2010-12-03,35.43303680419922
2010-12-06,35.76279067993164
2010-12-07,35.83273696899414
2010-12-08,35.84272766113281
2010-12-09,35.792762756347656
2010-12-10,36.08254623413086
2010-12-13,35.62289810180664
2010-12-14,35.3231201171875
2010-12-15,35.0433349609375
2010-12-16,35.06332015991211
2010-12-17,35.09329605102539
2010-12-20,35.06332015991211
2010-12-21,35.42304992675781
2010-12-22,35.303138732910156
2010-12-23,35.06332015991211
2010-12-27,35.01335906982422
2010-12-28,34.84348678588867
2010-12-29,35.033348083496094
2010-12-30,34.92342758178711
2010-12-31,34.66362380981445
2011-01-03,35.14325714111328
2011-01-04,35.01335906982422
2011-01-05,35.67285919189453
2011-01-06,35.7527961730957
2011-01-07,35.70283508300781
2011-01-10,35.84272766113281
2011-01-11,36.03258514404297
2011-01-12,36.20245361328125
2011-01-13,36.32236099243164
2011-01-14,36.742042541503906
2011-01-18,36.93190002441406
2011-01-19,36.22243881225586
2011-01-20,35.77277755737305
2011-01-21,35.393070220947266
2011-01-24,35.60291290283203
2011-01-25,35.56293869018555
2011-01-26,35.63288879394531
2011-01-27,36.23242950439453
2011-01-28,35.692840576171875
2011-01-31,35.922664642333984
2011-02-01,36.7920036315918
2011-02-02,36.96187973022461
2011-02-03,37.16172409057617
2011-02-04,37.41153335571289
2011-02-07,37.56142044067383
2011-02-08,37.79124450683594
2011-02-09,37.84120559692383
2011-02-10,38.35082244873047
2011-02-11,38.520687103271484
2011-02-14,38.74052429199219
2011-02-15,38.66058349609375
2011-02-16,38.72053527832031
2011-02-17,38.68056869506836
2011-02-18,38.40078353881836
2011-02-22,36.96187973022461
2011-02-23,36.36233139038086
2011-02-24,36.84196472167969
2011-02-25,37.031822204589844
2011-02-28,36.65211486816406
2011-03-01,36.03258514404297
2011-03-02,36.392311096191406
2011-03-03,36.811988830566406
2011-03-04,36.802001953125
2011-03-07,36.31237030029297
2011-03-08,36.692081451416016
2011-03-09,36.70207595825195
2011-03-10,36.45226287841797
2011-03-11,36.78201675415039
2011-03-14,36.47224807739258
2011-03-15,36.14249801635742
2011-03-16,35.522972106933594
2011-03-17,35.60291290283203
2011-03-18,35.78277587890625
2011-03-21,36.34234619140625
2011-03-22,36.47224807739258
2011-03-23,37.06180191040039
2011-03-24,37.73128890991211
2011-03-25,37.971107482910156
2011-03-28,38.081024169921875
2011-03-29,38.56066131591797
2011-03-30,39.150211334228516
2011-03-31,39.210166931152344
2011-04-01,39.469966888427734
2011-04-04,39.86966323852539
2011-04-05,39.86966323852539
2011-04-06,39.50993728637695
2011-04-07,39.66981506347656
2011-04-08,39.83968734741211
2011-04-11,39.52992248535156
2011-04-12,39.16020202636719
2011-04-13,39.479957580566406
2011-04-14,39.78972625732422
2011-04-15,39.71977615356445
2011-04-18,39.54991149902344
2011-04-19,39.87965393066406
2011-04-20,40.4592170715332
2011-04-21,40.68904113769531
2011-04-25,41.118717193603516
2011-04-26,40.639076232910156
2011-04-27,41.2186393737793
2011-04-28,41.17866516113281
2011-04-29,41.378517150878906
2011-05-02,41.26860046386719
2011-05-03,40.07950210571289
2011-05-04,40.01955032348633
2011-05-05,39.91962814331055
2011-05-06,40.049530029296875
2011-05-09,40.41924285888672
2011-05-10,40.559139251708984
2011-05-11,40.029541015625
2011-05-12,39.959598541259766
2011-05-13,39.310089111328125
2011-05-16,38.16096115112305
2011-05-17,38.44075012207031
2011-05-18,38.960357666015625
2011-05-19,39.479957580566406
2011-05-20,39.45997619628906
2011-05-23,38.51069641113281
2011-05-24,38.170955657958984
2011-05-25,38.47072982788086
2011-05-26,38.780494689941406
2011-05-27,39.00032424926758
2011-05-31,39.519927978515625
2011-06-01,38.940372467041016
2011-06-02,39.43999099731445
2011-06-03,38.65059280395508
2011-06-06,37.62137222290039
2011-06-07,37.56142044067383
2011-06-08,36.98186111450195
2011-06-09,37.17171859741211
2011-06-10,36.712066650390625
2011-06-13,36.24242401123047
2011-06-14,37.0018424987793
2011-06-15,36.07255172729492
2011-06-16,35.77277755737305
2011-06-17,35.67285919189453
2011-06-20,35.59291458129883
2011-06-21,37.12175750732422
2011-06-22,36.7920036315918
2011-06-23,37.09177780151367
2011-06-24,36.7220573425293
2011-06-27,37.361568450927734
2011-06-28,37.84120559692383
2011-06-29,38.2109260559082
2011-06-30,38.780494689941406
2011-07-01,39.519927978515625
2011-07-05,40.28934097290039
2011-07-06,40.449222564697266
2011-07-07,40.928855895996094
2011-07-08,40.838924407958984
2011-07-11,39.769737243652344
2011-07-12,39.61985397338867
2011-07-13,39.98957443237305
2011-07-14,39.340065002441406
2011-07-15,40.19941329956055
2011-07-18,39.559898376464844
2011-07-19,40.5991096496582
2011-07-20,40.15943908691406
2011-07-21,39.80971145629883
2011-07-22,40.309329986572266
2011-07-25,40.26935958862305
2011-07-26,40.609100341796875
2011-07-27,39.96958923339844
2011-07-28,39.6798095703125
2011-07-29,39.310089111328125
2011-08-01,39.06027603149414
2011-08-02,37.761268615722656
2011-08-03,37.971107482910156
2011-08-04,35.742801666259766
2011-08-05,35.77277755737305
2011-08-08,33.184749603271484
2011-08-09,35.20321273803711
2011-08-10,34.20397186279297
2011-08-11,35.572933197021484
2011-08-12,36.07255172729492
2011-08-15,36.43227767944336
2011-08-16,35.36309051513672
2011-08-17,34.9034423828125
2011-08-18,32.495277404785156
2011-08-19,32.15553665161133
2011-08-22,32.40534210205078
2011-08-23,34.09405517578125
2011-08-24,34.114044189453125
2011-08-25,33.674381256103516
2011-08-26,34.61366271972656
2011-08-29,35.99261474609375
2011-08-30,36.802001953125
2011-08-31,36.78201675415039
2011-09-01,36.28239440917969
2011-09-02,35.33311462402344
2011-09-06,35.532962799072266
2011-09-07,36.532203674316406
2011-09-08,36.522212982177734
2011-09-09,35.1832275390625
2011-09-12,35.49299621582031
2011-09-13,35.872703552246094
2011-09-14,36.36233139038086
2011-09-15,36.61214065551758
2011-09-16,36.802001953125
2011-09-19,36.572174072265625
2011-09-20,35.62289810180664
2011-09-21,35.133270263671875
2011-09-22,33.324642181396484
2011-09-23,33.86423110961914
2011-09-26,34.134029388427734
2011-09-27,34.513736724853516
2011-09-28,33.59444046020508
2011-09-29,32.36537551879883
2011-09-30,31.78581428527832
2011-10-03,30.586727142333984
2011-10-04,31.476049423217773
2011-10-05,32.395347595214844
2011-10-06,33.58444595336914
2011-10-07,33.414573669433594
2011-10-10,34.283912658691406
2011-10-11,34.92342758178711
2011-10-12,35.12327575683594
2011-10-13,35.48299789428711
2011-10-14,36.3023796081543
2011-10-17,35.692840576171875
2011-10-18,35.71282958984375
2011-10-19,34.82350158691406
2011-10-20,34.91343307495117
2011-10-21,35.36309051513672
2011-10-24,36.762027740478516
2011-10-25,35.512977600097656
2011-10-26,35.083309173583984
2011-10-27,36.40230178833008
2011-10-28,37.081783294677734
2011-10-31,35.952640533447266
2011-11-01,34.85348129272461
2011-11-02,35.60291290283203
2011-11-03,36.70207595825195
2011-11-04,36.712066650390625
2011-11-07,36.692081451416016
2011-11-08,37.391544342041016
2011-11-09,35.77277755737305
2011-11-10,35.66286087036133
2011-11-11,36.49223327636719
2011-11-14,36.31237030029297
2011-11-15,36.572174072265625
2011-11-16,36.11252212524414
2011-11-17,35.01335906982422
2011-11-18,34.65363311767578
2011-11-21,33.65439224243164
2011-11-22,33.63440704345703
2011-11-23,32.94493103027344
2011-11-25,32.47528839111328
2011-11-28,33.7743034362793
2011-11-29,33.5744514465332
2011-11-30,34.66362380981445
2011-12-01,35.02334976196289
2011-12-02,35.11328125
2011-12-05,35.37308883666992
2011-12-06,35.24318313598633
2011-12-07,35.303138732910156
2011-12-08,34.73357009887695
2011-12-09,35.393070220947266
2011-12-12,34.87346649169922
2011-12-13,34.164005279541016
2011-12-14,33.68436813354492
2011-12-15,33.75431442260742
2011-12-16,34.04409408569336
2011-12-19,33.54447555541992
2011-12-20,34.693603515625
2011-12-21,34.064083099365234
2011-12-22,34.693603515625
2011-12-23,34.9034423828125
2011-12-27,34.92342758178711
2011-12-28,34.42380905151367
2011-12-29,34.573692321777344
2011-12-30,34.513736724853516
2012-01-03,35.40306091308594
2012-01-04,35.00336456298828
2012-01-05,35.21321105957031
2012-01-06,35.09329605102539
2012-01-09,34.87346649169922
2012-01-10,35.293148040771484
2012-01-11,35.572933197021484
2012-01-12,35.65287399291992
2012-01-13,35.48299789428711
2012-01-17,35.71282958984375
2012-01-18,36.15249252319336
2012-01-19,36.63212585449219
2012-01-20,36.15249252319336
2012-01-23,36.04257583618164
2012-01-24,36.06256103515625
2012-01-25,36.3023796081543
2012-01-26,36.38231658935547
2012-01-27,37.35158157348633
2012-01-30,37.031822204589844
2012-01-31,36.98186111450195
2012-02-01,37.32160186767578
2012-02-02,38.01108169555664
2012-02-03,38.72053527832031
2012-02-06,38.27088165283203
2012-02-07,38.200931549072266
2012-02-08,38.390785217285156
2012-02-09,38.79048538208008
2012-02-10,38.520687103271484
2012-02-13,39.220157623291016
2012-02-14,39.30009841918945
2012-02-15,39.07027053833008
2012-02-16,39.350059509277344
2012-02-17,39.24014663696289
2012-02-21,38.72053527832031
2012-02-22,38.62061309814453
2012-02-23,38.84044647216797
2012-02-24,39.050289154052734
2012-02-27,39.190181732177734
2012-02-28,39.80971145629883
2012-02-29,39.220157623291016
2012-03-01,39.6798095703125
2012-03-02,39.78972625732422
2012-03-05,39.24014663696289
2012-03-06,38.35082244873047
2012-03-07,38.88041305541992
2012-03-08,39.49994659423828
2012-03-09,39.609859466552734
2012-03-12,39.469966888427734
2012-03-13,40.06951141357422
2012-03-14,39.82969284057617
2012-03-15,40.10947799682617
2012-03-16,40.439231872558594
2012-03-19,40.90887451171875
2012-03-20,40.7390022277832
2012-03-21,41.12870407104492
2012-03-22,40.998802185058594
2012-03-23,41.17866516113281
2012-03-26,42.18790054321289
2012-03-27,42.18790054321289
2012-03-28,41.738243103027344
2012-03-29,41.578365325927734
2012-03-30,41.59834671020508
2012-04-02,41.28858184814453
2012-04-03,41.20864486694336
2012-04-04,40.519168853759766
2012-04-05,40.719017028808594
2012-04-09,40.699031829833984
2012-04-10,39.699790954589844
2012-04-11,40.01955032348633
2012-04-12,40.90887451171875
2012-04-13,40.54914474487305
2012-04-16,39.6798095703125
2012-04-17,40.469207763671875
2012-04-18,40.68904113769531
2012-04-19,40.609100341796875
2012-04-20,40.379276275634766
2012-04-23,39.82969284057617
2012-04-24,39.23014831542969
2012-04-25,39.99956130981445
2012-04-26,40.329315185546875
2012-04-27,41.43846893310547
2012-04-30,41.05875778198242
2012-05-01,41.1586799621582
2012-05-02,41.05875778198242
2012-05-03,40.5291633605957
2012-05-04,39.96958923339844
2012-05-07,39.87965393066406
2012-05-08,39.519927978515625
2012-05-09,39.469966888427734
2012-05-10,39.220157623291016
2012-05-11,39.1102409362793
2012-05-14,39.080265045166016
2012-05-15,39.07027053833008
2012-05-16,39.210166931152344
2012-05-17,38.150970458984375
2012-05-18,37.311607360839844
2012-05-21,38.4907112121582
2012-05-22,38.24090576171875
2012-05-23,38.74052429199219
2012-05-24,38.260887145996094
2012-05-25,38.22092056274414
2012-05-29,38.81047058105469
2012-05-30,37.95112228393555
2012-05-31,37.77125930786133
2012-06-01,36.602149963378906
2012-06-04,36.742042541503906
2012-06-05,36.971866607666016
2012-06-06,38.02106857299805
2012-06-07,37.991092681884766
2012-06-08,38.2109260559082
2012-06-11,37.89116668701172
2012-06-12,37.63136672973633
2012-06-13,37.12175750732422
2012-06-14,37.2916259765625
2012-06-15,38.1409797668457
2012-06-18,38.7605094909668
2012-06-19,39.270118713378906
2012-06-20,38.84044647216797
2012-06-21,37.901161193847656
2012-06-22,38.27088165283203
2012-06-25,37.551429748535156
2012-06-26,38.09101867675781
2012-06-27,38.11100387573242
2012-06-28,37.46149826049805
2012-06-29,38.780494689941406
2012-07-02,38.58064651489258
2012-07-03,38.95036315917969
2012-07-05,39.270118713378906
2012-07-06,38.40078353881836
2012-07-09,38.2109260559082
2012-07-10,37.46149826049805
2012-07-11,37.33159637451172
2012-07-12,37.21168518066406
2012-07-13,37.52145004272461
2012-07-16,37.16172409057617
2012-07-17,36.951881408691406
2012-07-18,37.40154266357422
2012-07-19,38.29086685180664
2012-07-20,38.23090744018555
2012-07-23,37.63136672973633
2012-07-24,37.48147964477539
2012-07-25,37.09177780151367
2012-07-26,37.801239013671875
2012-07-27,39.6798095703125
2012-07-30,39.210166931152344
2012-07-31,38.79048538208008
2012-08-01,38.56066131591797
2012-08-02,38.11100387573242
2012-08-03,39.14021682739258
2012-08-06,39.939613342285156
2012-08-07,40.399261474609375
2012-08-08,39.609859466552734
2012-08-09,39.539913177490234
2012-08-10,39.559898376464844
2012-08-13,39.489952087402344
2012-08-14,39.200172424316406
2012-08-15,39.609859466552734
2012-08-16,40.01955032348633
2012-08-17,40.169437408447266
2012-08-20,39.96958923339844
2012-08-21,39.519927978515625
2012-08-22,39.979576110839844
2012-08-23,39.64982986450195
2012-08-24,39.78972625732422
2012-08-27,39.6798095703125
2012-08-28,39.979576110839844
2012-08-29,40.119476318359375
2012-08-30,39.699790954589844
2012-08-31,39.87965393066406
2012-09-04,40.099491119384766
2012-09-05,39.90963363647461
2012-09-06,40.82893371582031
2012-09-07,41.04876708984375
2012-09-10,40.649070739746094
2012-09-11,40.70902633666992
2012-09-12,40.7390022277832
2012-09-13,41.588356018066406
2012-09-14,42.17790603637695
2012-09-17,41.84815979003906
2012-09-18,41.85814666748047
2012-09-19,42.36776351928711
2012-09-20,42.00803756713867
2012-09-21,42.14793014526367
2012-09-24,42.03800964355469
2012-09-25,41.558380126953125
2012-09-26,41.1486930847168
2012-09-27,41.96806716918945
2012-09-28,41.948081970214844
2012-10-01,41.75822830200195
2012-10-02,41.538394927978516
2012-10-03,42.14793014526367
2012-10-04,42.4876708984375
2012-10-05,42.31779861450195
2012-10-08,42.26783752441406
2012-10-09,41.24861526489258
2012-10-10,40.89888000488281
2012-10-11,41.10871887207031
2012-10-12,40.95883560180664
2012-10-15,41.2286262512207
2012-10-16,41.378517150878906
2012-10-17,41.448463439941406
2012-10-18,40.818939208984375
2012-10-19,39.96958923339844
2012-10-22,40.029541015625
2012-10-23,40.099491119384766
2012-10-24,39.57988739013672
2012-10-25,39.77973556518555
2012-10-26,39.98957443237305
2012-10-31,39.49994659423828
2012-11-01,40.12946701049805
2012-11-02,40.03953552246094
2012-11-05,40.12946701049805
2012-11-06,40.519168853759766
2012-11-07,39.569889068603516
2012-11-08,38.9803352355957
2012-11-09,38.81047058105469
2012-11-12,39.010318756103516
2012-11-13,38.65059280395508
2012-11-14,37.86119079589844
2012-11-15,37.84120559692383
2012-11-16,37.961116790771484
2012-11-19,38.51069641113281
2012-11-20,38.84044647216797
2012-11-21,39.06027603149414
2012-11-23,39.350059509277344
2012-11-26,39.43999099731445
2012-11-27,39.479957580566406
2012-11-28,39.979576110839844
2012-11-29,40.329315185546875
2012-11-30,40.06951141357422
2012-12-03,39.92961502075195
2012-12-04,39.519927978515625
2012-12-05,39.310089111328125
2012-12-06,39.70978927612305
2012-12-07,39.77973556518555
2012-12-10,39.469966888427734
2012-12-11,40.01955032348633
2012-12-12,40.31932067871094
2012-12-13,39.979576110839844
2012-12-14,40.15943908691406
2012-12-17,40.699031829833984
2012-12-18,41.38850402832031
2012-12-19,41.458457946777344
2012-12-20,41.68828201293945
2012-12-21,41.17040252685547
2012-12-24,40.99044418334961
2012-12-26,40.89046859741211
2012-12-27,40.80048751831055
2012-12-28,40.73050308227539
2012-12-31,41.45033264160156
2013-01-02,42.56007766723633
2013-01-03,42.550079345703125
2013-01-04,42.8700065612793
2013-01-07,43.059959411621094
2013-01-08,42.68004608154297
2013-01-09,42.81001663208008
2013-01-10,43.149940490722656
2013-01-11,43.35988998413086
2013-01-14,43.479862213134766
2013-01-15,43.299903869628906
2013-01-16,43.159934997558594
2013-01-17,43.229923248291016
2013-01-18,43.329898834228516
2013-01-22,43.12994384765625
2013-01-23,43.509857177734375
2013-01-24,44.57960510253906
2013-01-25,45.57937240600586
2013-01-28,45.43940734863281
2013-01-29,44.98950958251953
2013-01-30,44.849544525146484
2013-01-31,44.869537353515625
2013-02-01,45.33942794799805
2013-02-04,44.64958953857422
2013-02-05,44.75956344604492
2013-02-06,44.93952178955078
2013-02-07,44.539615631103516
2013-02-08,45.049495697021484
2013-02-11,44.919525146484375
2013-02-12,45.079490661621094
2013-02-13,44.93952178955078
2013-02-14,45.649356842041016
2013-02-15,45.379417419433594
2013-02-19,45.5893669128418
2013-02-20,44.69957733154297
2013-02-21,44.589603424072266
2013-02-22,44.67958068847656
2013-02-25,43.84977722167969
2013-02-26,44.05972671508789
2013-02-27,44.569610595703125
2013-02-28,44.639591217041016
2013-03-01,44.849544525146484
2013-03-04,45.11948013305664
2013-03-05,45.83930969238281
2013-03-06,45.57937240600586
2013-03-07,45.649356842041016
2013-03-08,45.829315185546875
2013-03-11,45.63935852050781
2013-03-12,45.2994384765625
2013-03-13,45.199459075927734
2013-03-14,45.06949234008789
2013-03-15,44.589603424072266
2013-03-18,44.2796745300293
2013-03-19,44.12971115112305
2013-03-20,44.569610595703125
2013-03-21,44.3796501159668
2013-03-22,44.659584045410156
2013-03-25,44.439640045166016
2013-03-26,44.75956344604492
2013-03-27,45.00950622558594
2013-03-28,45.049495697021484
2013-04-01,44.769561767578125
2013-04-02,44.899532318115234
2013-04-03,44.36965560913086
2013-04-04,44.33966064453125
2013-04-05,44.36965560913086
2013-04-08,44.189697265625
2013-04-09,44.489627838134766
2013-04-10,45.43940734863281
2013-04-11,45.929290771484375
2013-04-12,45.78932189941406
2013-04-15,44.769561767578125
2013-04-16,45.34942626953125
2013-04-17,44.3996467590332
2013-04-18,43.55984115600586
2013-04-19,43.87976837158203
2013-04-22,44.19969177246094
2013-04-23,45.25944900512695
2013-04-24,45.40940856933594
2013-04-25,46.38918685913086
2013-04-26,45.68934631347656
2013-04-29,45.81931686401367
2013-04-30,46.09925079345703
2013-05-01,45.83930969238281
2013-05-02,46.65911865234375
2013-05-03,47.20899200439453
2013-05-06,47.24898147583008
2013-05-07,47.448936462402344
2013-05-08,47.82884979248047
2013-05-09,47.67888259887695
2013-05-10,48.28873825073242
2013-05-13,48.47869873046875
2013-05-14,49.24851608276367
2013-05-15,49.568443298339844
2013-05-16,49.04856491088867
2013-05-17,49.57844161987305
2013-05-20,49.90835952758789
2013-05-21,49.7284049987793
2013-05-22,48.56867599487305
2013-05-23,48.39871597290039
2013-05-24,48.35872268676758
2013-05-28,48.51868438720703
2013-05-29,47.94881820678711
2013-05-30,48.69864273071289
2013-05-31,48.48869323730469
2013-06-03,48.03879928588867
2013-06-04,47.788856506347656
2013-06-05,47.19899368286133
2013-06-06,47.6288948059082
2013-06-07,48.40871047973633
2013-06-10,48.90859603881836
2013-06-11,48.248748779296875
2013-06-12,47.5089225769043
2013-06-13,48.08878707885742
2013-06-14,48.02880096435547
2013-06-17,48.798622131347656
2013-06-18,49.258514404296875
2013-06-19,49.14854049682617
2013-06-20,47.6288948059082
2013-06-21,47.57890701293945
2013-06-24,46.939056396484375
2013-06-25,47.57890701293945
2013-06-26,48.098785400390625
2013-06-27,48.658653259277344
2013-06-28,48.88860321044922
2013-07-01,49.22852325439453
2013-07-02,49.01856994628906
2013-07-03,49.16853713989258
2013-07-05,49.64842224121094
2013-07-08,50.27827835083008
2013-07-09,50.818153381347656
2013-07-10,50.85813903808594
2013-07-11,51.56797790527344
2013-07-12,52.407779693603516
2013-07-15,52.36779022216797
2013-07-16,52.1578369140625
2013-07-17,53.097618103027344
2013-07-18,52.67771530151367
2013-07-19,52.36779022216797
2013-07-22,52.31780242919922
2013-07-23,51.9578857421875
2013-07-24,51.89789962768555
2013-07-25,54.357322692871094
2013-07-26,54.33732986450195
2013-07-29,54.04739761352539
2013-07-30,54.56727981567383
2013-07-31,54.357322692871094
2013-08-01,55.507057189941406
2013-08-02,55.607032775878906
2013-08-05,56.03693389892578
2013-08-06,55.87697219848633
2013-08-07,55.4970588684082
2013-08-08,56.07692337036133
2013-08-09,56.47683334350586
2013-08-12,56.53681564331055
2013-08-13,56.51681900024414
2013-08-14,55.89696502685547
2013-08-15,54.73723602294922
2013-08-16,55.087154388427734
2013-08-19,54.99717330932617
2013-08-20,55.34709548950195
2013-08-21,55.19712829589844
2013-08-22,55.88697052001953
2013-08-23,56.3868522644043
2013-08-26,56.5868034362793
2013-08-27,55.207130432128906
2013-08-28,55.67701721191406
2013-08-29,56.35685729980469
2013-08-30,55.4970588684082
2013-09-03,56.2868766784668
2013-09-04,56.896732330322266
2013-09-05,57.42660903930664
2013-09-06,57.7165412902832
2013-09-09,58.42637634277344
2013-09-10,59.13621139526367
2013-09-11,59.70608139038086
2013-09-12,59.48612976074219
2013-09-13,59.226192474365234
2013-09-16,58.75630187988281
2013-09-17,59.66608810424805
2013-09-18,60.59587097167969
2013-09-19,61.19572830200195
2013-09-20,61.32570266723633
2013-09-23,60.7258415222168
2013-09-24,61.185733795166016
2013-09-25,61.17573547363281
2013-09-26,62.17550277709961
2013-09-27,62.01553726196289
2013-09-30,61.56564712524414
2013-10-01,62.855342864990234
2013-10-02,63.17526626586914
2013-10-03,61.89556884765625
2013-10-04,62.74536895751953
2013-10-07,61.53565216064453
2013-10-08,58.98624801635742
2013-10-09,58.57634353637695
2013-10-10,60.47589874267578
2013-10-11,60.89580154418945
2013-10-14,61.22572708129883
2013-10-15,60.955787658691406
2013-10-16,61.61563491821289
2013-10-17,61.515655517578125
2013-10-18,63.74513626098633
2013-10-21,63.915096282958984
2013-10-22,63.36522674560547
2013-10-23,62.96531677246094
2013-10-24,63.21525955200195
2013-10-25,63.205265045166016
2013-10-28,62.295475006103516
2013-10-29,63.255252838134766
2013-10-30,62.475433349609375
2013-10-31,62.63539505004883
2013-11-01,62.9453239440918
2013-11-04,62.9453239440918
2013-11-05,63.255252838134766
2013-11-06,62.68538284301758
2013-11-07,60.96578598022461
2013-11-08,62.115516662597656
2013-11-11,62.48543167114258
2013-11-12,62.13551330566406
2013-11-13,63.685150146484375
2013-11-14,64.41497802734375
2013-11-15,64.70491790771484
2013-11-18,63.64516067504883
2013-11-19,63.0552978515625
2013-11-20,62.63539505004883
2013-11-21,63.425209045410156
2013-11-22,63.2652473449707
2013-11-25,62.79536056518555
2013-11-26,63.71514129638672
2013-11-27,64.42498016357422
2013-11-29,64.88487243652344
2013-12-02,64.43497467041016
2013-12-03,64.08505249023438
2013-12-04,64.4849624633789
2013-12-05,64.63493347167969
2013-12-06,64.66492462158203
2013-12-09,64.78489685058594
2013-12-10,65.91463470458984
2013-12-11,64.43497467041016
2013-12-12,64.96485900878906
2013-12-13,65.06483459472656
2013-12-16,65.50472259521484
2013-12-17,65.50472259521484
2013-12-18,66.56448364257812
2013-12-19,66.79442596435547
2013-12-20,67.6942138671875
2013-12-23,68.65399169921875
2013-12-24,68.4240493774414
2013-12-26,68.59400939941406
2013-12-27,68.09412384033203
2013-12-30,67.5142593383789
2013-12-31,68.45404052734375
2014-01-02,67.71421813964844
2014-01-03,67.36428833007812
2014-01-06,67.63423156738281
2014-01-07,68.76396179199219
2014-01-08,68.94392395019531
2014-01-09,68.14411163330078
2014-01-10,68.2041015625
2014-01-13,66.83441162109375
2014-01-14,68.3840560913086
2014-01-15,68.77396392822266
2014-01-16,69.05390167236328
2014-01-17,68.3040771484375
2014-01-21,69.13388061523438
2014-01-22,69.25384521484375
2014-01-23,68.74397277832031
2014-01-24,66.81442260742188
2014-01-27,65.50472259521484
2014-01-28,67.25431823730469
2014-01-29,65.35476684570312
2014-01-30,67.84418487548828
2014-01-31,67.3143081665039
2014-02-03,65.30477142333984
2014-02-04,66.2645492553711
2014-02-05,65.88463592529297
2014-02-06,66.8044204711914
2014-02-07,68.66399383544922
2014-02-10,68.84394836425781
2014-02-11,69.29383850097656
2014-02-12,69.23385620117188
2014-02-13,70.63352966308594
2014-02-14,70.58354187011719
2014-02-18,71.66329193115234
2014-02-19,71.10342407226562
2014-02-20,71.69328308105469
2014-02-21,71.18340301513672
2014-02-24,71.86324310302734
2014-02-25,72.18316650390625
2014-02-26,72.56307983398438
2014-02-27,73.25291442871094
2014-02-28,72.843017578125
2014-03-03,71.9132308959961
2014-03-04,73.70281982421875
2014-03-05,74.26268005371094
2014-03-06,74.44264221191406
2014-03-07,73.80278778076172
2014-03-10,73.19293212890625
2014-03-11,71.96322631835938
2014-03-12,72.49309539794922
2014-03-13,70.6435317993164
2014-03-14,70.44357299804688
2014-03-17,71.23339080810547
2014-03-18,71.98321533203125
2014-03-19,71.07342529296875
2014-03-20,70.423583984375
2014-03-21,69.813720703125
2014-03-24,67.99414825439453
2014-03-25,67.71421813964844
2014-03-26,66.2045669555664
2014-03-27,65.46473693847656
2014-03-28,65.55471801757812
2014-03-31,65.91463470458984
2014-04-01,67.794189453125
2014-04-02,67.42427825927734
2014-04-03,65.85464477539062
2014-04-04,63.455204010009766
2014-04-07,62.165504455566406
2014-04-08,64.02507019042969
2014-04-09,65.66468811035156
2014-04-10,62.955322265625
2014-04-11,61.6356315612793
2014-04-14,62.07552719116211
2014-04-15,62.41544723510742
2014-04-16,64.01507568359375
2014-04-17,64.0650634765625
2014-04-21,64.4849624633789
2014-04-22,65.38475799560547
2014-04-23,64.25501251220703
2014-04-24,64.0650634765625
2014-04-25,61.235721588134766
2014-04-28,60.00600814819336
2014-04-29,61.47566604614258
2014-04-30,61.55564498901367
2014-05-01,62.60540008544922
2014-05-02,62.37545394897461
2014-05-05,62.59540557861328
2014-05-06,60.9257926940918
2014-05-07,59.226192474365234
2014-05-08,58.93626022338867
2014-05-09,59.7160758972168
2014-05-12,61.815589904785156
2014-05-13,61.57564163208008
2014-05-14,61.02577209472656
2014-05-15,60.535884857177734
2014-05-16,60.80582046508789
2014-05-19,61.9355583190918
2014-05-20,61.49565887451172
2014-05-21,62.64539337158203
2014-05-22,62.91532897949219
2014-05-23,63.9750862121582
2014-05-27,64.69491577148438
2014-05-28,64.55494689941406
2014-05-29,65.04483032226562
2014-05-30,64.39498901367188
2014-06-02,64.12504577636719
2014-06-03,63.69514846801758
2014-06-04,63.82511901855469
2014-06-05,64.76490020751953
2014-06-06,65.20479583740234
2014-06-09,65.35476684570312
2014-06-10,65.61470031738281
2014-06-11,66.18456268310547
2014-06-12,65.51472473144531
2014-06-13,65.76466369628906
2014-06-16,65.92462921142578
2014-06-17,66.46450805664062
2014-06-18,67.28431701660156
2014-06-19,66.78443145751953
2014-06-20,66.4045181274414
2014-06-23,67.06436157226562
2014-06-24,66.91439819335938
2014-06-25,67.71421813964844
2014-06-26,67.77420043945312
2014-06-27,67.87417602539062
2014-06-30,68.00414276123047
2014-07-01,69.25384521484375
2014-07-02,68.99391174316406
2014-07-03,69.45380401611328
2014-07-07,68.32406616210938
2014-07-08,66.33453369140625
2014-07-09,67.02437591552734
2014-07-10,66.47449493408203
2014-07-11,67.12435150146484
2014-07-14,67.85417938232422
2014-07-15,67.60424041748047
2014-07-16,67.32429504394531
2014-07-17,65.94462585449219
2014-07-18,67.48426818847656
2014-07-21,67.71421813964844
2014-07-22,68.14411163330078
2014-07-23,68.37405395507812
2014-07-24,69.29383850097656
2014-07-25,68.99391174316406
2014-07-28,69.02391052246094
2014-07-29,68.7239761352539
2014-07-30,69.34383392333984
2014-07-31,67.93415832519531
2014-08-01,67.33429718017578
2014-08-04,68.51402282714844
2014-08-05,67.4942626953125
2014-08-06,67.44427490234375
2014-08-07,67.80419158935547
2014-08-08,68.06413269042969
2014-08-11,68.66399383544922
2014-08-12,68.06413269042969
2014-08-13,69.04389953613281
2014-08-14,69.30384063720703
2014-08-15,69.10388946533203
2014-08-18,70.00367736816406
2014-08-19,70.37358856201172
2014-08-20,70.06366729736328
2014-08-21,70.07365417480469
2014-08-22,70.28361511230469
2014-08-25,70.12364959716797
2014-08-26,70.35359954833984
2014-08-27,69.80372619628906
2014-08-28,69.37382507324219
2014-08-29,69.7337417602539
2014-09-02,70.71351623535156
2014-09-03,70.26361846923828
2014-09-04,70.18363189697266
2014-09-05,70.68351745605469
2014-09-08,70.96345520019531
2014-09-09,69.67375946044922
2014-09-10,69.84371185302734
2014-09-11,69.96369171142578
2014-09-12,70.07365417480469
2014-09-15,68.56401824951172
2014-09-16,69.40381622314453
2014-09-17,69.20386505126953
2014-09-18,69.84371185302734
2014-09-19,69.6337661743164
2014-09-22,68.27407836914062
2014-09-23,68.25408172607422
2014-09-24,68.92393493652344
2014-09-25,67.70421600341797
2014-09-26,68.2041015625
2014-09-29,67.89417266845703
2014-09-30,68.36405944824219
2014-10-01,67.01437377929688
2014-10-02,67.19432830810547
2014-10-03,67.76419830322266
2014-10-06,67.63423156738281
2014-10-07,66.39452362060547
2014-10-08,67.66422271728516
2014-10-09,66.32453155517578
2014-10-10,64.2850112915039
2014-10-13,63.1652717590332
2014-10-14,63.53518295288086
2014-10-15,63.785125732421875
2014-10-16,62.69538116455078
2014-10-17,63.2452507019043
2014-10-20,63.965084075927734
2014-10-21,65.55471801757812
2014-10-22,64.78489685058594
2014-10-23,65.67469024658203
2014-10-24,65.86463928222656
2014-10-27,65.63469696044922
2014-10-28,66.92440032958984
2014-10-29,65.81465911865234
2014-10-30,66.51448822021484
2014-10-31,68.22409057617188
2014-11-03,67.84418487548828
2014-11-04,67.78419494628906
2014-11-05,66.66445922851562
2014-11-06,66.5044937133789
2014-11-07,66.8044204711914
2014-11-10,67.77420043945312
2014-11-11,68.23409271240234
2014-11-12,68.4840316772461
2014-11-13,67.96415710449219
2014-11-14,68.92393493652344
2014-11-17,68.2840805053711
2014-11-18,68.57400512695312
2014-11-19,67.71421813964844
2014-11-20,68.04412841796875
2014-11-21,68.17410278320312
2014-11-24,68.56401824951172
2014-11-25,68.97391510009766
2014-11-26,68.99391174316406
2014-11-28,68.95392608642578
2014-12-01,67.394287109375
2014-12-02,67.83418273925781
2014-12-03,67.5142593383789
2014-12-04,67.4942626953125
2014-12-05,67.42427825927734
2014-12-08,66.384521484375
2014-12-09,67.13434600830078
2014-12-10,65.98461151123047
2014-12-11,66.47449493408203
2014-12-12,66.12458038330078
2014-12-15,65.45474243164062
2014-12-16,64.02507019042969
2014-12-17,65.41474914550781
2014-12-18,66.51448822021484
2014-12-19,67.394287109375
2014-12-22,67.89417266845703
2014-12-23,67.88417053222656
2014-12-24,67.8141860961914
2014-12-26,68.26408386230469
2014-12-29,67.84418487548828
2014-12-30,67.54425048828125
2014-12-31,67.07435607910156
2015-01-02,67.0043716430664
2015-01-05,65.5947036743164
2015-01-06,64.77489471435547
2015-01-07,64.79489135742188
2015-01-08,66.03460693359375
2015-01-09,65.29476928710938
2015-01-12,64.55494689941406
2015-01-13,64.65492248535156
2015-01-14,64.32499694824219
2015-01-15,63.19526290893555
2015-01-16,64.13504791259766
2015-01-20,64.4849624633789
2015-01-21,65.57470703125
2015-01-22,67.24432373046875
2015-01-23,67.86417388916016
2015-01-26,67.63423156738281
2015-01-27,66.69445037841797
2015-01-28,65.54471588134766
2015-01-29,66.08458709716797
2015-01-30,66.43450927734375
2015-02-02,66.6044692993164
2015-02-03,67.4942626953125
2015-02-04,67.2743148803711
2015-02-05,67.97415161132812
2015-02-06,67.19432830810547
2015-02-09,66.86441040039062
2015-02-10,67.76419830322266
2015-02-11,67.71421813964844
2015-02-12,68.85395050048828
2015-02-13,69.76373291015625
2015-02-17,69.64376831054688
2015-02-18,69.66375732421875
2015-02-19,70.39359283447266
2015-02-20,70.65352630615234
2015-02-23,70.15364074707031
2015-02-24,70.16364288330078
2015-02-25,70.45357513427734
2015-02-26,70.9234619140625
2015-02-27,70.423583984375
2015-03-02,71.18340301513672
2015-03-03,70.95346069335938
2015-03-04,70.77349853515625
2015-03-05,71.34336853027344
2015-03-06,70.75350189208984
2015-03-09,70.4335708618164
2015-03-10,69.30384063720703
2015-03-11,68.97391510009766
2015-03-12,69.58377075195312
2015-03-13,68.92393493652344
2015-03-16,69.35382843017578
2015-03-17,69.45380401611328
2015-03-18,70.20362854003906
2015-03-19,70.16364288330078
2015-03-20,71.0034408569336
2015-03-23,71.2134017944336
2015-03-24,71.48332977294922
2015-03-25,70.13365173339844
2015-03-26,69.813720703125
2015-03-27,70.16364288330078
2015-03-30,70.41358184814453
2015-03-31,70.19363403320312
2015-04-01,69.7137451171875
2015-04-02,70.05366516113281
2015-04-06,70.58354187011719
2015-04-07,70.7035140991211
2015-04-08,71.833251953125
2015-04-09,71.98321533203125
2015-04-10,72.19316864013672
2015-04-13,72.55308532714844
2015-04-14,72.30313873291016
2015-04-15,72.6230697631836
2015-04-16,73.2629165649414
2015-04-17,72.06320190429688
2015-04-20,72.91300201416016
2015-04-21,73.13294982910156
2015-04-22,73.65282440185547
2015-04-23,73.9527587890625
2015-04-24,74.82254791259766
2015-04-27,74.99251556396484
2015-04-28,74.10272216796875
2015-04-29,73.33290100097656
2015-04-30,72.34313201904297
2015-05-01,72.67305755615234
2015-05-04,72.9629898071289
2015-05-05,71.9332275390625
2015-05-06,71.70328521728516
2015-05-07,72.12318420410156
2015-05-08,72.83301544189453
2015-05-11,72.73303985595703
2015-05-12,72.21316528320312
2015-05-13,72.37312316894531
2015-05-14,73.47286987304688
2015-05-15,73.47286987304688
2015-05-18,73.71281433105469
2015-05-19,73.48286437988281
2015-05-20,73.39289093017578
2015-05-21,73.77279663085938
2015-05-22,74.19270324707031
2015-05-26,73.2629165649414
2015-05-27,73.81278991699219
2015-05-28,73.5428466796875
2015-05-29,73.03297424316406
2015-06-01,73.57283782958984
2015-06-02,73.74280548095703
2015-06-03,74.04273223876953
2015-06-04,73.50286102294922
2015-06-05,74.20269775390625
2015-06-08,73.35289764404297
2015-06-09,73.15293884277344
2015-06-10,74.12271881103516
2015-06-11,74.09272766113281
2015-06-12,74.1527099609375
2015-06-15,73.56285095214844
2015-06-16,73.78279876708984
2015-06-17,74.1327133178711
2015-06-18,74.8425521850586
2015-06-19,74.3726577758789
2015-06-22,74.82254791259766
2015-06-23,75.37242126464844
2015-06-24,74.97251892089844
2015-06-25,74.73257446289062
2015-06-26,73.97274780273438
2015-06-29,72.21316528320312
2015-06-30,73.31290435791016
2015-07-01,73.18292999267578
2015-07-02,73.1229476928711
2015-07-06,72.22315979003906
2015-07-07,72.22315979003906
2015-07-08,70.93345642089844
2015-07-09,72.12318420410156
2015-07-10,72.9629898071289
2015-07-13,74.51262664794922
2015-07-14,75.03250885009766
2015-07-15,73.99275207519531
2015-07-16,76.01227569580078
2015-07-17,78.04180145263672
2015-07-20,78.25174713134766
2015-07-21,78.5916748046875
2015-07-22,78.36172485351562
2015-07-23,77.9018325805664
2015-07-24,77.62190246582031
2015-07-27,76.1522445678711
2015-07-28,76.272216796875
2015-07-29,76.36219024658203
2015-07-30,76.71212005615234
2015-07-31,76.73210906982422
2015-08-03,76.11225128173828
2015-08-04,76.98204803466797
2015-08-05,78.03180694580078
2015-08-06,77.03204345703125
2015-08-07,76.29220581054688
2015-08-10,76.70211791992188
2015-08-11,75.83231353759766
2015-08-12,75.29244232177734
2015-08-13,75.62236785888672
2015-08-14,75.62236785888672
2015-08-17,75.94229125976562
2015-08-18,75.3624267578125
2015-08-19,75.02250671386719
2015-08-20,72.26315307617188
2015-08-21,69.97367858886719
2015-08-24,66.71444702148438
2015-08-25,66.98438262939453
2015-08-26,69.86370849609375
2015-08-27,71.96322631835938
2015-08-28,72.38312530517578
2015-08-31,71.47333526611328
2015-09-01,69.28385162353516
2015-09-02,70.32360076904297
2015-09-03,70.23362731933594
2015-09-04,69.30384063720703
2015-09-08,70.34359741210938
2015-09-09,70.53355407714844
2015-09-10,70.86347198486328
2015-09-11,71.01344299316406
2015-09-14,70.5235595703125
2015-09-15,71.55331420898438
2015-09-16,72.99298095703125
2015-09-17,73.15293884277344
2015-09-18,72.20316314697266
2015-09-21,72.24315643310547
2015-09-22,70.9434585571289
2015-09-23,70.32360076904297
2015-09-24,70.46357727050781
2015-09-25,69.7137451171875
2015-09-28,67.33429718017578
2015-09-29,67.16433715820312
2015-09-30,69.06389617919922
2015-10-01,69.18386840820312
2015-10-02,71.33336639404297
2015-10-05,73.1629409790039
2015-10-06,72.63306427001953
2015-10-07,73.13294982910156
2015-10-08,73.43287658691406
2015-10-09,73.92276763916016
2015-10-12,74.16270446777344
2015-10-13,73.76280212402344
2015-10-14,73.29290771484375
2015-10-15,74.29267120361328
2015-10-16,74.91253662109375
2015-10-19,75.62236785888672
2015-10-20,74.90253448486328
2015-10-21,73.74280548095703
2015-10-22,74.49263000488281
2015-10-23,76.58214569091797
2015-10-26,78.03180694580078
2015-10-27,77.93182373046875
2015-10-28,78.24176025390625
2015-10-29,77.91183471679688
2015-10-30,78.9115982055664
2015-11-02,79.91136932373047
2015-11-03,79.97135162353516
2015-11-04,80.58120727539062
2015-11-05,81.27104949951172
2015-11-06,81.40101623535156
2015-11-09,79.5814437866211
2015-11-10,80.07132720947266
2015-11-11,80.40125274658203
2015-11-12,79.74140930175781
2015-11-13,77.49193572998047
2015-11-16,78.56168365478516
2015-11-17,78.7916259765625
2015-11-18,80.18130493164062
2015-11-19,80.57121276855469
2015-11-20,81.57097625732422
2015-11-23,81.6209716796875
2015-11-24,80.98111724853516
2015-11-25,81.39102935791016
2015-11-27,81.28105163574219
2015-11-30,81.65096282958984
2015-12-01,82.6307373046875
2015-12-02,82.7107162475586
2015-12-03,81.79092407226562
2015-12-04,82.94065856933594
2015-12-07,82.14085388183594
2015-12-08,82.4407730102539
2015-12-09,81.1310806274414
2015-12-10,81.30104064941406
2015-12-11,79.20153045654297
2015-12-14,80.06133270263672
2015-12-15,80.56121826171875
2015-12-16,81.98088836669922
2015-12-17,81.19107055664062
2015-12-18,80.1213150024414
2015-12-21,80.2113037109375
2015-12-22,80.66119384765625
2015-12-23,80.88114166259766
2015-12-24,80.82115173339844
2015-12-28,80.67119598388672
2015-12-29,81.83091735839844
2015-12-30,80.92113494873047
2015-12-31,80.2113037109375
2016-01-04,77.27198028564453
2016-01-05,77.31197357177734
2016-01-06,77.0620346069336
2016-01-07,74.07272338867188
2016-01-08,73.33290100097656
2016-01-11,73.1229476928711
2016-01-12,73.86277770996094
2016-01-13,70.97344970703125
2016-01-14,72.64306640625
2016-01-15,70.09365844726562
2016-01-19,70.31360626220703
2016-01-20,69.8337173461914
2016-01-21,70.44357299804688
2016-01-22,71.63330078125
2016-01-25,70.73350524902344
2016-01-26,71.03343963623047
2016-01-27,68.94392395019531
2016-01-28,70.26361846923828
2016-01-29,71.0034408569336
2016-02-01,71.41334533691406
2016-02-02,69.90370178222656
2016-02-03,68.55401611328125
2016-02-04,68.95392608642578
2016-02-05,65.35476684570312
2016-02-08,63.2652473449707
2016-02-09,62.885337829589844
2016-02-10,64.33499908447266
2016-02-11,64.46497344970703
2016-02-12,65.85464477539062
2016-02-16,68.19409942626953
2016-02-17,70.57353973388672
2016-02-18,69.95368957519531
2016-02-19,70.75350189208984
2016-02-22,72.06320190429688
2016-02-23,70.71351623535156
2016-02-24,71.30337524414062
2016-02-25,71.14341735839844
2016-02-26,71.86324310302734
2016-02-29,71.84324645996094
2016-03-01,73.48286437988281
2016-03-02,73.56285095214844
2016-03-03,73.70281982421875
2016-03-04,74.19270324707031
2016-03-07,73.13294982910156
2016-03-08,72.70304870605469
2016-03-09,72.53308868408203
2016-03-10,72.18316650390625
2016-03-11,74.22269439697266
2016-03-14,74.54261779785156
2016-03-15,73.84278106689453
2016-03-16,74.72257232666016
2016-03-17,74.7825698852539
2016-03-18,74.8425521850586
2016-03-21,75.13248443603516
2016-03-22,75.18246459960938
2016-03-23,74.31267547607422
2016-03-24,74.40264892578125
2016-03-28,74.1527099609375
2016-03-29,75.69235229492188
2016-03-30,75.94229125976562
2016-03-31,75.72234344482422
2016-04-01,76.07225799560547
2016-04-04,75.63236999511719
2016-04-05,74.89253997802734
2016-04-06,76.07225799560547
2016-04-07,75.05249786376953
2016-04-08,74.90253448486328
2016-04-11,74.56261444091797
2016-04-12,75.50239562988281
2016-04-13,77.3019790649414
2016-04-14,77.5819091796875
2016-04-15,77.44194030761719
2016-04-18,77.97181701660156
2016-04-19,76.93206024169922
2016-04-20,77.45194244384766
2016-04-21,77.34196472167969
2016-04-22,76.53215789794922
2016-04-25,76.14225006103516
2016-04-26,75.72234344482422
2016-04-27,75.49240112304688
2016-04-28,75.30244445800781
2016-04-29,76.42218017578125
2016-05-02,76.5721435546875
2016-05-03,75.55238342285156
2016-05-04,75.13248443603516
2016-05-05,74.77256774902344
2016-05-06,75.33243560791016
2016-05-09,74.86254119873047
2016-05-10,76.12225341796875
2016-05-11,75.64236450195312
2016-05-12,75.10249328613281
2016-05-13,74.95252227783203
2016-05-16,75.90229797363281
2016-05-17,75.3624267578125
2016-05-18,75.32243347167969
2016-05-19,74.6426010131836
2016-05-20,75.47239685058594
2016-05-23,75.2824478149414
2016-05-24,76.93206024169922
2016-05-25,77.09202575683594
2016-05-26,77.59191131591797
2016-05-27,78.70165252685547
2016-05-31,78.75163269042969
2016-06-01,78.44171142578125
2016-06-02,78.80162811279297
2016-06-03,78.24176025390625
2016-06-06,78.92160034179688
2016-06-07,78.56168365478516
2016-06-08,78.4117202758789
2016-06-09,78.23175811767578
2016-06-10,76.54215240478516
2016-06-13,76.01227569580078
2016-06-14,76.32219696044922
2016-06-15,76.23222351074219
2016-06-16,76.4921646118164
2016-06-17,75.60237121582031
2016-06-20,76.74211120605469
2016-06-21,76.74211120605469
2016-06-22,76.66212463378906
2016-06-23,77.97181701660156
2016-06-24,74.76256561279297
2016-06-27,72.43310546875
2016-06-28,74.09272766113281
2016-06-29,75.72234344482422
2016-06-30,76.53215789794922
2016-07-01,77.14201354980469
2016-07-05,76.5921401977539
2016-07-06,76.7920913696289
2016-07-07,77.04203033447266
2016-07-08,78.03180694580078
2016-07-11,79.2815170288086
2016-07-12,79.78140258789062
2016-07-13,79.23152923583984
2016-07-14,79.78140258789062
2016-07-15,79.33149719238281
2016-07-18,80.2113037109375
2016-07-19,79.47146606445312
2016-07-20,80.36125946044922
2016-07-21,80.08132934570312
2016-07-22,80.42124938964844
2016-07-25,80.23129272460938
2016-07-26,81.1310806274414
2016-07-27,80.77116394042969
2016-07-28,81.30104064941406
2016-07-29,81.04109954833984
2016-08-01,81.76093292236328
2016-08-02,80.78116607666016
2016-08-03,81.00110626220703
2016-08-04,81.21106719970703
2016-08-05,82.58074188232422
2016-08-08,82.5407485961914
2016-08-09,82.9506607055664
2016-08-10,83.17060852050781
2016-08-11,83.9204330444336
2016-08-12,84.1603775024414
2016-08-15,84.78023529052734
2016-08-16,84.25035095214844
2016-08-17,84.0204086303711
2016-08-18,83.95042419433594
2016-08-19,84.07039642333984
2016-08-22,83.68048858642578
2016-08-23,84.03041076660156
2016-08-24,83.28058624267578
2016-08-25,83.73047637939453
2016-08-26,84.34033203125
2016-08-29,84.51029205322266
2016-08-30,84.41031646728516
2016-08-31,84.61026763916016
2016-09-01,85.3301010131836
2016-09-02,85.72000885009766
2016-09-06,87.08969116210938
2016-09-07,86.9497299194336
2016-09-08,86.69978332519531
2016-09-09,84.64026641845703
2016-09-12,85.69001770019531
2016-09-13,84.56028747558594
2016-09-14,84.67025756835938
2016-09-15,85.61003875732422
2016-09-16,85.40008544921875
2016-09-19,85.49006652832031
2016-09-20,85.61003875732422
2016-09-21,86.65979766845703
2016-09-22,87.57957458496094
2016-09-23,87.5495834350586
2016-09-26,86.759765625
2016-09-27,87.92949676513672
2016-09-28,88.04946899414062
2016-09-29,87.41961669921875
2016-09-30,87.65956115722656
2016-10-03,88.10945129394531
2016-10-04,88.46936798095703
2016-10-05,89.38916015625
2016-10-06,88.22943115234375
2016-10-07,87.55958557128906
2016-10-10,88.08946228027344
2016-10-11,86.63980102539062
2016-10-12,86.64979553222656
2016-10-13,85.81998443603516
2016-10-14,85.86997985839844
2016-10-17,85.54005432128906
2016-10-18,87.23966217041016
2016-10-19,87.85951232910156
2016-10-20,87.27965545654297
2016-10-21,88.28941345214844
2016-10-24,89.15921020507812
2016-10-25,88.56934356689453
2016-10-26,87.83951568603516
2016-10-27,87.05970001220703
2016-10-28,87.24964904785156
2016-10-31,86.83975219726562
2016-11-01,85.77000427246094
2016-11-02,84.17037963867188
2016-11-03,83.52052307128906
2016-11-04,83.35057067871094
2016-11-07,85.36009216308594
2016-11-08,86.07992553710938
2016-11-09,85.4500732421875
2016-11-10,83.1506118774414
2016-11-11,83.10062408447266
2016-11-14,81.4310073852539
2016-11-15,83.21060180664062
2016-11-16,83.6504898071289
2016-11-17,84.29034423828125
2016-11-18,84.0604019165039
2016-11-21,84.9501953125
2016-11-22,85.31011199951172
2016-11-23,84.91020202636719
2016-11-25,85.10015869140625
2016-11-28,85.09015655517578
2016-11-29,85.30010986328125
2016-11-30,84.31034088134766
2016-12-01,82.26081848144531
2016-12-02,82.42078399658203
2016-12-05,83.57051086425781
2016-12-06,83.85044860839844
2016-12-07,85.08016204833984
2016-12-08,85.71002197265625
2016-12-09,86.0599365234375
2016-12-12,84.98018646240234
2016-12-13,86.12992095947266
2016-12-14,85.2701187133789
2016-12-15,84.41031646728516
2016-12-16,83.9204330444336
2016-12-19,84.0404052734375
2016-12-20,84.50029754638672
2016-12-21,84.29034423828125
2016-12-22,83.35057067871094
2016-12-23,83.59050750732422
2016-12-27,84.27035522460938
2016-12-28,83.58051300048828
2016-12-29,83.47053527832031
2016-12-30,82.62073516845703
2017-01-03,83.68048858642578
2017-01-04,84.73023986816406
2017-01-05,86.2798843383789
2017-01-06,86.88973999023438
2017-01-09,87.29964447021484
2017-01-10,87.57957458496094
2017-01-11,87.77953338623047
2017-01-12,87.71954345703125
2017-01-13,88.53935241699219
2017-01-17,88.26941680908203
2017-01-18,88.43937683105469
2017-01-19,88.6993179321289
2017-01-20,88.52935791015625
2017-01-23,89.15921020507812
2017-01-24,89.99900817871094
2017-01-25,90.68885040283203
2017-01-26,90.50889587402344
2017-01-27,90.73884582519531
2017-01-30,90.05900573730469
2017-01-31,89.92903137207031
2017-02-01,90.0689926147461
2017-02-02,90.01901245117188
2017-02-03,90.07899475097656
2017-02-06,90.30894470214844
2017-02-07,90.86881256103516
2017-02-08,91.30870819091797
2017-02-09,91.16874694824219
2017-02-10,91.57864379882812
2017-02-13,91.6886215209961
2017-02-14,91.34870147705078
2017-02-15,92.21849822998047
2017-02-16,92.51842498779297
2017-02-17,92.46843719482422
2017-02-21,92.95832824707031
2017-02-22,93.32823944091797
2017-02-23,92.34847259521484
2017-02-24,92.21849822998047
2017-02-27,92.54842376708984
2017-02-28,92.2884750366211
2017-03-01,93.2382583618164
2017-03-02,92.36846160888672
2017-03-03,92.53842163085938
2017-03-06,92.4284439086914
2017-03-07,92.46843719482422
2017-03-08,92.62840270996094
2017-03-09,92.87834167480469
2017-03-10,92.97831726074219
2017-03-13,93.91810607910156
2017-03-14,93.64816284179688
2017-03-15,93.87811279296875
2017-03-16,94.19803619384766
2017-03-17,94.43798065185547
2017-03-20,94.67791748046875
2017-03-21,92.40845489501953
2017-03-22,92.74836730957031
2017-03-23,92.8383560180664
2017-03-24,93.15827941894531
2017-03-27,93.26825714111328
2017-03-28,93.89810180664062
2017-03-29,94.5479507446289
2017-03-30,94.52796173095703
2017-03-31,94.37799835205078
2017-04-03,94.5479507446289
2017-04-04,94.35799407958984
2017-04-05,93.91810607910156
2017-04-06,94.25801849365234
2017-04-07,94.0480728149414
2017-04-10,94.31800079345703
2017-04-11,94.26802062988281
2017-04-12,94.05806732177734
2017-04-13,93.49819946289062
2017-04-17,94.70792388916016
2017-04-18,94.61793518066406
2017-04-19,94.34800720214844
2017-04-20,95.16780853271484
2017-04-21,95.12782287597656
2017-04-24,96.3275375366211
2017-04-25,97.68722534179688
2017-04-26,97.69721984863281
2017-04-27,98.7869644165039
2017-04-28,99.17687225341797
2017-05-01,100.61653900146484
2017-05-02,100.87648010253906
2017-05-03,100.35659790039062
2017-05-04,100.6665267944336
2017-05-05,101.18640899658203
2017-05-08,101.72628021240234
2017-05-09,102.35613250732422
2017-05-10,102.63607025146484
2017-05-11,102.37612915039062
2017-05-12,102.89600372314453
2017-05-15,103.2859115600586
2017-05-16,104.35566711425781
2017-05-17,101.19640350341797
2017-05-18,101.88624572753906
2017-05-19,102.93599700927734
2017-05-22,103.76580810546875
2017-05-23,103.46587371826172
2017-05-24,103.8957748413086
2017-05-25,105.20547485351562
2017-05-26,104.99551391601562
2017-05-30,104.82555389404297
2017-05-31,104.05574035644531
2017-06-01,105.06549835205078
2017-06-02,105.68535614013672
2017-06-05,106.07526397705078
2017-06-06,105.50540161132812
2017-06-07,106.19523620605469
2017-06-08,107.07503509521484
2017-06-09,103.52586364746094
2017-06-12,102.34613800048828
2017-06-13,103.16594696044922
2017-06-14,102.54608917236328
2017-06-15,101.80626678466797
2017-06-16,102.10618591308594
2017-06-19,104.11572265625
2017-06-20,103.62583923339844
2017-06-21,105.16548156738281
2017-06-22,105.41542053222656
2017-06-23,106.71511840820312
2017-06-26,105.72534942626953
2017-06-27,103.27592468261719
2017-06-28,104.82555389404297
2017-06-29,103.06596374511719
2017-06-30,103.11595916748047
2017-07-03,101.7962646484375
2017-07-05,102.86601257324219
2017-07-06,102.0162124633789
2017-07-07,103.17594146728516
2017-07-10,104.51563262939453
2017-07-11,105.28544616699219
2017-07-12,107.19500732421875
2017-07-13,107.15501403808594
2017-07-14,108.0647964477539
2017-07-17,107.8648452758789
2017-07-18,110.24429321289062
2017-07-19,110.8741455078125
2017-07-20,110.73418426513672
2017-07-21,110.73418426513672
2017-07-24,111.62397766113281
2017-07-25,111.71395111083984
2017-07-26,112.43378448486328
2017-07-27,110.68418884277344
2017-07-28,111.75394439697266
2017-07-31,110.84415435791016
2017-08-01,110.64420318603516
2017-08-02,109.90437316894531
2017-08-03,110.16431427001953
2017-08-04,110.44425201416016
2017-08-07,111.25405883789062
2017-08-08,110.95413208007812
2017-08-09,110.07433319091797
2017-08-10,106.40518951416016
2017-08-11,107.17501068115234
2017-08-14,107.99481201171875
2017-08-15,107.38496398925781
2017-08-16,107.83485412597656
2017-08-17,105.60537719726562
2017-08-18,105.71534729003906
2017-08-21,106.13525390625
2017-08-22,107.31497192382812
2017-08-23,107.3249740600586
2017-08-24,107.25498962402344
2017-08-25,106.22523498535156
2017-08-28,105.84532165527344
2017-08-29,106.47517395019531
2017-08-30,108.00481414794922
2017-08-31,109.364501953125
2017-09-01,109.43447875976562
2017-09-05,108.5346908569336
2017-09-06,109.02458190917969
2017-09-07,110.00434875488281
2017-09-08,109.0745620727539
2017-09-11,110.8941421508789
2017-09-12,111.50399780273438
2017-09-13,111.55399322509766
2017-09-14,111.00411987304688
2017-09-15,110.84415435791016
2017-09-18,111.32404327392578
2017-09-19,111.43401336669922
2017-09-20,111.49400329589844
2017-09-21,111.20407104492188
2017-09-22,111.09410095214844
2017-09-25,108.28475189208984
2017-09-26,108.22476196289062
2017-09-27,109.43447875976562
2017-09-28,109.12455749511719
2017-09-29,110.0643310546875
2017-10-02,110.53422546386719
2017-10-03,111.32404327392578
2017-10-04,111.52400207519531
2017-10-05,113.05364227294922
2017-10-06,113.53352355957031
2017-10-09,113.42355346679688
2017-10-10,113.27359008789062
2017-10-11,113.67349243164062
2017-10-12,113.54352569580078
2017-10-13,114.31333923339844
2017-10-16,114.67325592041016
2017-10-17,114.40332794189453
2017-10-18,114.6332778930664
2017-10-19,113.24359130859375
2017-10-20,113.2136001586914
2017-10-23,112.1038589477539
2017-10-24,112.52376556396484
2017-10-25,111.37403106689453
2017-10-26,111.84392547607422
2017-10-27,113.24359130859375
2017-10-30,112.9736557006836
2017-10-31,113.92343139648438
2017-11-01,114.05340576171875
2017-11-02,113.45355224609375
2017-11-03,114.03340911865234
2017-11-06,115.02318572998047
2017-11-07,112.9736557006836
2017-11-08,113.47354125976562
2017-11-09,112.86368560791016
2017-11-10,112.42378234863281
2017-11-13,113.05364227294922
2017-11-14,112.5737533569336
2017-11-15,112.31380462646484
2017-11-16,114.34333801269531
2017-11-17,115.00318145751953
2017-11-20,114.93319702148438
2017-11-21,116.4428482055664
2017-11-22,116.75277709960938
2017-11-24,117.32263946533203
2017-11-27,116.96272277832031
2017-11-28,116.67279052734375
2017-11-29,113.34357452392578
2017-11-30,113.63350677490234
2017-12-01,112.84368896484375
2017-12-04,111.13409423828125
2017-12-05,111.41402435302734
2017-12-06,111.7639389038086
2017-12-07,112.64373016357422
2017-12-08,112.82369232177734
2017-12-11,113.77347564697266
2017-12-12,113.34357452392578
2017-12-13,114.68325805664062
2017-12-14,115.09317016601562
2017-12-15,115.8030014038086
2017-12-18,117.9000015258789
2017-12-19,117.41000366210938
2017-12-20,116.8499984741211
2017-12-21,117.16999816894531
2017-12-22,116.72000122070312
2017-12-26,116.30999755859375
2017-12-27,116.38999938964844
2017-12-28,116.58999633789062
2017-12-29,115.70999908447266
2018-01-02,118.23999786376953
2018-01-03,119.83999633789062
2018-01-04,119.81999969482422
2018-01-05,121.55000305175781
2018-01-08,122.83999633789062
2018-01-09,122.62999725341797
2018-01-10,122.11000061035156
2018-01-11,122.9800033569336
2018-01-12,123.7699966430664
2018-01-16,123.23999786376953
2018-01-17,123.94000244140625
2018-01-18,123.77999877929688
2018-01-19,124.18000030517578
2018-01-22,125.48999786376953
2018-01-23,127.91000366210938
2018-01-24,128.02999877929688
2018-01-25,128.9199981689453
2018-01-26,131.33999633789062
2018-01-29,131.0399932861328
2018-01-30,129.8699951171875
2018-01-31,129.97999572753906
2018-02-01,130.19000244140625
2018-02-02,127.97000122070312
2018-02-05,123.86000061035156
2018-02-06,126.02999877929688
2018-02-07,125.62999725341797
2018-02-08,120.61000061035156
2018-02-09,121.05000305175781
2018-02-12,123.29000091552734
2018-02-13,125.01000213623047
2018-02-14,128.35000610351562
2018-02-15,130.5
2018-02-16,129.22999572753906
2018-02-20,129.61000061035156
2018-02-21,129.8000030517578
2018-02-22,129.4499969482422
2018-02-23,132.07000732421875
2018-02-26,132.92999267578125
2018-02-27,130.66000366210938
2018-02-28,131.52000427246094
2018-03-01,129.9199981689453
2018-03-02,131.5500030517578
2018-03-05,134.11000061035156
2018-03-06,135.77999877929688
2018-03-07,137.1999969482422
2018-03-08,137.4499969482422
2018-03-09,139.80999755859375
2018-03-12,139.82000732421875
2018-03-13,137.60000610351562
2018-03-14,139.3300018310547
2018-03-15,139.36000061035156
2018-03-16,138.83999633789062
2018-03-19,135.5500030517578
2018-03-20,136.72000122070312
2018-03-21,136.1699981689453
2018-03-22,131.89999389648438
2018-03-23,128.94000244140625
2018-03-26,132.42999267578125
2018-03-27,127.25
2018-03-28,125.13999938964844
2018-03-29,127.81999969482422
2018-04-02,123.83999633789062
2018-04-03,124.38999938964844
2018-04-04,125.75
2018-04-05,127.19999694824219
2018-04-06,124.4800033569336
2018-04-09,124.9800033569336
2018-04-10,127.83000183105469
2018-04-11,127.94999694824219
2018-04-12,128.24000549316406
2018-04-13,126.91000366210938
2018-04-16,127.36000061035156
2018-04-17,131.83999633789062
2018-04-18,132.2100067138672
2018-04-19,131.9499969482422
2018-04-20,130.64999389648438
2018-04-23,129.77999877929688
2018-04-24,126.69000244140625
2018-04-25,125.80000305175781
2018-04-26,128.44000244140625
2018-04-27,128.91000366210938
2018-04-30,129.30999755859375
2018-05-01,129.5500030517578
2018-05-02,128.97999572753906
2018-05-03,128.60000610351562
2018-05-04,130.08999633789062
2018-05-07,131.86000061035156
2018-05-08,131.82000732421875
2018-05-09,133.07000732421875
2018-05-10,133.66000366210938
2018-05-11,133.6300048828125
2018-05-14,133.5
2018-05-15,132.02000427246094
2018-05-16,132.85000610351562
2018-05-17,132.39999389648438
2018-05-18,131.66000366210938
2018-05-21,132.22000122070312
2018-05-22,131.75999450683594
2018-05-23,133.19000244140625
2018-05-24,133.38999938964844
2018-05-25,133.82000732421875
2018-05-29,133.4600067138672
2018-05-30,134.4600067138672
2018-05-31,135.11000061035156
2018-06-01,137.47000122070312
2018-06-04,139.57000732421875
2018-06-05,140.9199981689453
2018-06-06,141.38999938964844
2018-06-07,140.02000427246094
2018-06-08,140.8300018310547
2018-06-11,141.5
2018-06-12,143.27999877929688
2018-06-13,143.38999938964844
2018-06-14,146.0500030517578
2018-06-15,145.86000061035156
2018-06-18,146.5
2018-06-19,145.4499969482422
2018-06-20,146.8800048828125
2018-06-21,145.05999755859375
2018-06-22,144.35000610351562
2018-06-25,139.52999877929688
2018-06-26,140.72000122070312
2018-06-27,137.52999877929688
2018-06-28,139.36000061035156
2018-06-29,139.24000549316406
2018-07-02,140.5500030517578
2018-07-03,139.22000122070312
2018-07-05,140.97000122070312
2018-07-06,143.25999450683594
2018-07-09,144.4499969482422
2018-07-10,143.52000427246094
2018-07-11,143.25999450683594
2018-07-12,145.8000030517578
2018-07-13,144.6199951171875
2018-07-16,144.60000610351562
2018-07-17,145.41000366210938
2018-07-18,144.72000122070312
2018-07-19,142.6999969482422
2018-07-20,142.35000610351562
2018-07-23,142.42999267578125
2018-07-24,142.25999450683594
2018-07-25,145.3699951171875
2018-07-26,142.16000366210938
2018-07-27,139.00999450683594
2018-07-30,134.83999633789062
2018-07-31,135.0
2018-08-01,134.92999267578125
2018-08-02,136.5399932861328
2018-08-03,136.1300048828125
2018-08-06,137.8800048828125
2018-08-07,138.07000732421875
2018-08-08,137.14999389648438
2018-08-09,137.22999572753906
2018-08-10,136.64999389648438
2018-08-13,135.5
2018-08-14,135.08999633789062
2018-08-15,132.86000061035156
2018-08-16,132.6300048828125
2018-08-17,132.4499969482422
2018-08-20,133.22999572753906
2018-08-21,134.32000732421875
2018-08-22,135.2899932861328
2018-08-23,134.6300048828125
2018-08-24,136.77000427246094
2018-08-27,138.8699951171875
2018-08-28,138.72000122070312
2018-08-29,139.47999572753906
2018-08-30,138.38999938964844
2018-08-31,138.3800048828125
2018-09-04,137.07000732421875
2018-09-05,132.86000061035156
2018-09-06,131.9600067138672
2018-09-07,132.14999389648438
2018-09-10,132.1199951171875
2018-09-11,133.4499969482422
2018-09-12,133.75
2018-09-13,134.85000610351562
2018-09-14,134.74000549316406
2018-09-17,131.72999572753906
2018-09-18,133.13999938964844
2018-09-19,133.74000549316406
2018-09-20,135.00999450683594
2018-09-21,133.61000061035156
2018-09-24,133.32000732421875
2018-09-25,133.94000244140625
2018-09-26,134.49000549316406
2018-09-27,135.61000061035156
2018-09-28,134.6699981689453
2018-10-01,133.86000061035156
2018-10-02,132.0
2018-10-03,132.6300048828125
2018-10-04,129.41000366210938
2018-10-05,127.5999984741211
2018-10-08,126.3499984741211
2018-10-09,125.70999908447266
2018-10-10,119.41000366210938
2018-10-11,119.16000366210938
2018-10-12,122.63999938964844
2018-10-15,121.63999938964844
2018-10-16,125.41999816894531
2018-10-17,125.52999877929688
2018-10-18,121.56999969482422
2018-10-19,119.95999908447266
2018-10-22,121.33999633789062
2018-10-23,120.47000122070312
2018-10-24,114.45999908447266
2018-10-25,118.69999694824219
2018-10-26,115.6500015258789
2018-10-29,112.87999725341797
2018-10-30,115.2300033569336
2018-10-31,119.52999877929688
2018-11-01,122.58000183105469
2018-11-02,121.7699966430664
2018-11-05,120.87000274658203
2018-11-06,121.44999694824219
2018-11-07,124.5
2018-11-08,122.26000213623047
2018-11-09,119.3499984741211
2018-11-12,116.2699966430664
2018-11-13,116.6500015258789
2018-11-14,116.5
2018-11-15,118.69000244140625
2018-11-16,117.43000030517578
2018-11-19,112.4000015258789
2018-11-20,110.79000091552734
2018-11-21,112.66000366210938
2018-11-23,111.6500015258789
2018-11-26,114.77999877929688
2018-11-27,114.76000213623047
2018-11-28,118.4800033569336
2018-11-29,118.37000274658203
2018-11-30,119.36000061035156
2018-12-03,121.95999908447266
2018-12-04,117.55000305175781
2018-12-06,118.72000122070312
2018-12-07,115.69000244140625
2018-12-10,116.47000122070312
2018-12-11,117.1500015258789
2018-12-12,118.87000274658203
2018-12-13,118.12000274658203
2018-12-14,116.13999938964844
2018-12-17,112.04000091552734
2018-12-18,112.94000244140625
2018-12-19,110.26000213623047
2018-12-20,108.05000305175781
2018-12-21,104.06999969482422
2018-12-24,102.97000122070312
2018-12-26,108.9800033569336
2018-12-27,109.44999694824219
2018-12-28,109.48999786376953
2018-12-31,109.83000183105469
2019-01-02,110.58999633789062
2019-01-03,107.62000274658203
2019-01-04,113.05999755859375
2019-01-07,115.5
2019-01-08,116.95999908447266
2019-01-09,118.0
2019-01-10,118.58999633789062
2019-01-11,118.25
2019-01-14,117.55999755859375
2019-01-15,120.37999725341797
2019-01-16,120.38999938964844
2019-01-17,121.41000366210938
2019-01-18,122.68000030517578
2019-01-22,119.44000244140625
2019-01-23,119.11000061035156
2019-01-24,120.62999725341797
2019-01-25,123.05999755859375
2019-01-28,122.45999908447266
2019-01-29,120.62999725341797
2019-01-30,123.80999755859375
2019-01-31,126.66000366210938
2019-02-01,126.33999633789062
2019-02-04,127.8499984741211
2019-02-05,129.6300048828125
2019-02-06,128.64999389648438
2019-02-07,126.33000183105469
2019-02-08,126.7300033569336
2019-02-11,126.83000183105469
2019-02-12,129.1199951171875
2019-02-13,129.08999633789062
2019-02-14,129.52999877929688
2019-02-15,129.07000732421875
2019-02-19,130.3000030517578
2019-02-20,129.8000030517578
2019-02-21,128.67999267578125
2019-02-22,130.64999389648438
2019-02-25,131.22999572753906
2019-02-26,131.27999877929688
2019-02-27,131.9600067138672
2019-02-28,130.8300018310547
2019-03-01,131.50999450683594
2019-03-04,131.22999572753906
2019-03-05,133.08999633789062
2019-03-06,132.5500030517578
2019-03-07,130.14999389648438
2019-03-08,129.77000427246094
2019-03-11,132.5800018310547
2019-03-12,133.05999755859375
2019-03-13,134.0500030517578
2019-03-14,133.55999755859375
2019-03-15,133.88999938964844
2019-03-18,133.99000549316406
2019-03-19,134.24000549316406
2019-03-20,135.57000732421875
2019-03-21,137.10000610351562
2019-03-22,133.30999755859375
2019-03-25,133.8300018310547
2019-03-26,134.22000122070312
2019-03-27,132.7899932861328
2019-03-28,133.39999389648438
2019-03-29,134.74000549316406
2019-04-01,136.91000366210938
2019-04-02,137.35000610351562
2019-04-03,138.22000122070312
2019-04-04,137.94000244140625
2019-04-05,138.9199981689453
2019-04-08,139.16000366210938
2019-04-09,139.0800018310547
2019-04-10,139.16000366210938
2019-04-11,138.91000366210938
2019-04-12,139.19000244140625
2019-04-15,138.64999389648438
2019-04-16,139.16000366210938
2019-04-17,138.64999389648438
2019-04-18,138.66000366210938
2019-04-22,139.86000061035156
2019-04-23,142.47999572753906
2019-04-24,141.5500030517578
2019-04-25,141.88999938964844
2019-04-26,142.8800048828125
2019-04-29,143.67999267578125
2019-04-30,142.49000549316406
2019-05-01,142.08999633789062
2019-05-02,141.49000549316406
2019-05-03,144.1699981689453
2019-05-06,142.33999633789062
2019-05-07,138.77999877929688
2019-05-08,138.19000244140625
2019-05-09,137.47999572753906
2019-05-10,137.1999969482422
2019-05-13,132.30999755859375
2019-05-14,134.19000244140625
2019-05-15,136.39999389648438
2019-05-16,138.0500030517578
2019-05-17,134.9600067138672
2019-05-20,132.3300018310547
2019-05-21,134.02999877929688
2019-05-22,133.75999450683594
2019-05-23,131.05999755859375
2019-05-24,131.14999389648438
2019-05-28,131.3300018310547
2019-05-29,129.89999389648438
2019-05-30,130.27000427246094
2019-05-31,128.38999938964844
2019-06-03,124.52999877929688
2019-06-04,128.49000549316406
2019-06-05,128.92999267578125
2019-06-06,129.64999389648438
2019-06-07,132.00999450683594
2019-06-10,133.4600067138672
2019-06-11,133.92999267578125
2019-06-12,133.4199981689453
2019-06-13,133.89999389648438
2019-06-14,133.07000732421875
2019-06-17,134.47000122070312
2019-06-18,136.38999938964844
2019-06-19,137.3300018310547
2019-06-20,138.05999755859375
2019-06-21,137.6999969482422
2019-06-24,137.5800018310547
2019-06-25,134.4499969482422
2019-06-26,135.38999938964844
2019-06-27,136.7100067138672
2019-06-28,136.86000061035156
2019-07-01,138.92999267578125
2019-07-02,139.9499969482422
2019-07-03,140.8300018310547
2019-07-05,140.64999389648438
2019-07-08,139.02999877929688
2019-07-09,140.7100067138672
2019-07-10,141.22999572753906
2019-07-11,140.9199981689453
2019-07-12,141.75999450683594
2019-07-15,142.13999938964844
2019-07-16,141.58999633789062
2019-07-17,140.80999755859375
2019-07-18,139.49000549316406
2019-07-19,138.61000061035156
2019-07-22,139.35000610351562
2019-07-23,140.2899932861328
2019-07-24,142.35000610351562
2019-07-25,141.11000061035156
2019-07-26,143.3300018310547
2019-07-29,141.97000122070312
2019-07-30,140.47000122070312
2019-07-31,139.32000732421875
2019-08-01,137.75
2019-08-02,135.41000366210938
2019-08-05,129.44000244140625
2019-08-06,131.25
2019-08-07,132.10000610351562
2019-08-08,135.92999267578125
2019-08-09,134.0800018310547
2019-08-12,132.0
2019-08-13,134.97999572753906
2019-08-14,130.57000732421875
2019-08-15,131.33999633789062
2019-08-16,133.72999572753906
2019-08-19,135.9199981689453
2019-08-20,135.17999267578125
2019-08-21,135.7899932861328
2019-08-22,134.47999572753906
2019-08-23,130.82000732421875
2019-08-26,132.2100067138672
2019-08-27,132.10000610351562
2019-08-28,132.44000244140625
2019-08-29,134.41000366210938
2019-08-30,134.4199981689453
2019-09-03,132.6199951171875
2019-09-04,134.30999755859375
2019-09-05,136.8699951171875
2019-09-06,136.16000366210938
2019-09-09,135.77999877929688
2019-09-10,134.60000610351562
2019-09-11,135.82000732421875
2019-09-12,136.5399932861328
2019-09-13,136.3800048828125
2019-09-16,135.8699951171875
2019-09-17,136.94000244140625
2019-09-18,136.3800048828125
2019-09-19,136.33999633789062
2019-09-20,135.41000366210938
2019-09-23,134.00999450683594
2019-09-24,130.64999389648438
2019-09-25,132.91000366210938
2019-09-26,132.13999938964844
2019-09-27,129.0399932861328
2019-09-30,130.05999755859375
2019-10-01,129.3000030517578
2019-10-02,127.69000244140625
2019-10-03,129.39999389648438
2019-10-04,130.7899932861328
2019-10-07,130.4499969482422
2019-10-08,127.73999786376953
2019-10-09,128.7899932861328
2019-10-10,129.60000610351562
2019-10-11,132.19000244140625
2019-10-14,131.7100067138672
2019-10-15,133.8699951171875
2019-10-16,133.69000244140625
2019-10-17,134.05999755859375
2019-10-18,130.6999969482422
2019-10-21,132.69000244140625
2019-10-22,131.05999755859375
2019-10-23,131.13999938964844
2019-10-24,130.86000061035156
2019-10-25,131.97999572753906
2019-10-28,133.60000610351562
2019-10-29,131.89999389648438
2019-10-30,132.6199951171875
2019-10-31,131.61000061035156
2019-11-01,131.47000122070312
2019-11-04,133.3300018310547
2019-11-05,132.6199951171875
2019-11-06,131.97000122070312
2019-11-07,131.8800048828125
2019-11-08,132.3699951171875
2019-11-11,132.42999267578125
2019-11-12,132.69000244140625
2019-11-13,131.50999450683594
2019-11-14,131.99000549316406
2019-11-15,133.05999755859375
2019-11-18,133.77000427246094
2019-11-19,134.00999450683594
2019-11-20,133.1999969482422
2019-11-21,133.77000427246094
2019-11-22,134.69000244140625
2019-11-25,136.41000366210938
2019-11-26,137.24000549316406
2019-11-27,138.4499969482422
2019-11-29,137.77000427246094
2019-12-02,135.55999755859375
2019-12-03,135.16000366210938
2019-12-04,135.22999572753906
2019-12-05,135.8800048828125
2019-12-06,136.75999450683594
2019-12-09,136.0
2019-12-10,135.44000244140625
2019-12-11,136.41000366210938
2019-12-12,136.52999877929688
2019-12-13,136.8000030517578
2019-12-16,138.49000549316406
2019-12-17,138.88999938964844
2019-12-18,139.6199951171875
2019-12-19,141.11000061035156
2019-12-20,141.99000549316406
2019-12-23,142.39999389648438
2019-12-24,142.2100067138672
2019-12-26,143.52000427246094
2019-12-27,143.22000122070312
2019-12-30,141.35000610351562
2019-12-31,141.4199981689453
2020-01-02,145.77999877929688
2020-01-03,144.7899932861328
2020-01-06,146.11000061035156
2020-01-07,146.80999755859375
2020-01-08,147.9199981689453
2020-01-09,149.35000610351562
2020-01-10,149.58999633789062
2020-01-13,152.0500030517578
2020-01-14,150.9199981689453
2020-01-15,151.1199951171875
2020-01-16,152.0
2020-01-17,152.60000610351562
2020-01-21,151.3300018310547
2020-01-22,151.0
2020-01-23,151.22999572753906
2020-01-24,149.60000610351562
2020-01-27,146.5
2020-01-28,148.89999389648438
2020-01-29,148.89999389648438
2020-01-30,147.8000030517578
2020-01-31,145.80999755859375
2020-02-03,149.0
2020-02-04,152.66000366210938
2020-02-05,150.86000061035156
2020-02-06,152.72999572753906
2020-02-07,151.39999389648438
2020-02-10,152.0
2020-02-11,152.63999938964844
2020-02-12,155.63999938964844
2020-02-13,155.36000061035156
2020-02-14,155.97000122070312
2020-02-18,156.4600067138672
2020-02-19,157.42999267578125
2020-02-20,156.3300018310547
2020-02-21,153.32000732421875
2020-02-24,147.39999389648438
2020-02-25,143.8699951171875
2020-02-26,144.5399932861328
2020-02-27,139.42999267578125
2020-02-28,138.8300018310547
2020-03-02,143.94000244140625
2020-03-03,140.27000427246094
2020-03-04,145.02000427246094
2020-03-05,142.08999633789062
2020-03-06,138.7100067138672
2020-03-09,130.32000732421875
2020-03-10,135.74000549316406
2020-03-11,129.5800018310547
2020-03-12,117.94999694824219
2020-03-13,124.75
2020-03-16,111.98999786376953
2020-03-17,117.16000366210938
2020-03-18,112.94999694824219
2020-03-19,115.58999633789062
2020-03-20,113.66999816894531
2020-03-23,115.31999969482422
2020-03-24,121.8499984741211
2020-03-25,121.8499984741211
2020-03-26,126.87000274658203
2020-03-27,122.5199966430664
2020-03-30,125.83000183105469
2020-03-31,125.75
2020-04-01,121.01000213623047
2020-04-02,121.5199966430664
2020-04-03,120.25
2020-04-06,128.38999938964844
2020-04-07,128.9499969482422
2020-04-08,131.14999389648438
2020-04-09,132.19000244140625
2020-04-13,134.24000549316406
2020-04-14,138.69000244140625
2020-04-15,139.50999450683594
2020-04-16,142.4199981689453
