Date,PSI
2010-01-04,12.891389846801758
2010-01-05,12.872627258300781
2010-01-06,12.806950569152832
2010-01-07,12.76942253112793
2010-01-08,12.853862762451172
2010-01-11,12.76942253112793
2010-01-12,12.39412784576416
2010-01-13,12.600540161132812
2010-01-14,12.544244766235352
2010-01-15,12.159564971923828
2010-01-19,12.29092025756836
2010-01-20,12.234626770019531
2010-01-21,12.159564971923828
2010-01-22,11.624770164489746
2010-01-25,11.756122589111328
2010-01-26,11.681066513061523
2010-01-27,11.718595504760742
2010-01-28,11.42773723602295
2010-01-29,11.033679008483887
2010-02-01,11.42773723602295
2010-02-02,11.568474769592285
2010-02-03,11.502799034118652
2010-02-04,11.099357604980469
2010-02-05,11.230711936950684
2010-02-08,11.380825996398926
2010-02-09,11.493417739868164
2010-02-10,11.615388870239258
2010-02-11,11.784272193908691
2010-02-12,11.89686107635498
2010-02-16,12.140804290771484
2010-02-17,12.16894817352295
2010-02-18,12.281537055969238
2010-02-19,12.37536334991455
2010-02-22,12.300300598144531
2010-02-23,12.028213500976562
2010-02-24,12.29092025756836
2010-02-25,12.225241661071777
2010-02-26,12.215862274169922
2010-03-01,12.55362606048584
2010-03-02,12.581775665283203
2010-03-03,12.506714820861816
2010-03-04,12.450422286987305
2010-03-05,12.675599098205566
2010-03-08,12.684982299804688
2010-03-09,12.656831741333008
2010-03-10,12.844480514526367
2010-03-11,12.760038375854492
2010-03-12,12.760038375854492
2010-03-15,12.581775665283203
2010-03-16,12.86324691772461
2010-03-17,13.116569519042969
2010-03-18,12.985214233398438
2010-03-19,12.731890678405762
2010-03-22,13.032126426696777
2010-03-23,13.304217338562012
2010-03-24,13.003979682922363
2010-03-25,13.003979682922363
2010-03-26,12.91015625
2010-03-29,12.985214233398438
2010-03-30,13.088420867919922
2010-03-31,12.994600296020508
2010-04-01,12.947686195373535
2010-04-05,13.304217338562012
2010-04-06,13.210394859313965
2010-04-07,13.285449981689453
2010-04-08,13.201009750366211
2010-04-09,13.276069641113281
2010-04-12,13.491866111755371
2010-04-13,13.520011901855469
2010-04-14,14.270602226257324
2010-04-15,14.242456436157227
2010-04-16,13.932838439941406
2010-04-19,13.829631805419922
2010-04-20,14.054805755615234
2010-04-21,13.90468692779541
2010-04-22,14.12986946105957
2010-04-23,14.148632049560547
2010-04-26,14.204925537109375
2010-04-27,13.810867309570312
2010-04-28,13.848394393920898
2010-04-29,13.989130973815918
2010-04-30,13.398039817810059
2010-05-03,13.76395320892334
2010-05-04,13.191627502441406
2010-05-05,13.003979682922363
2010-05-06,12.55362606048584
2010-05-07,12.234626770019531
2010-05-10,12.844480514526367
2010-05-11,12.778803825378418
2010-05-12,13.135334014892578
2010-05-13,12.86324691772461
2010-05-14,12.412891387939453
2010-05-17,12.55362606048584
2010-05-18,12.206480026245117
2010-05-19,12.234626770019531
2010-05-20,11.8687105178833
2010-05-21,12.046976089477539
2010-05-24,11.962536811828613
2010-05-25,11.878096580505371
2010-05-26,11.934389114379883
2010-05-27,12.563008308410645
2010-05-28,12.403509140014648
2010-06-01,12.046976089477539
2010-06-02,12.384744644165039
2010-06-03,12.534862518310547
2010-06-04,11.89686107635498
2010-06-07,11.408974647521973
2010-06-08,11.29638957977295
2010-06-09,11.287005424499512
2010-06-10,11.746742248535156
2010-06-11,11.990684509277344
2010-06-14,12.150185585021973
2010-06-15,12.741275787353516
2010-06-16,12.741275787353516
2010-06-17,12.797568321228027
2010-06-18,12.809776306152344
2010-06-21,12.65012264251709
2010-06-22,12.405949592590332
2010-06-23,12.509254455566406
2010-06-24,12.114818572998047
2010-06-25,12.049079895019531
2010-06-28,12.283862113952637
2010-06-29,11.635862350463867
2010-06-30,11.45742416381836
2010-07-01,11.429250717163086
2010-07-02,11.344730377197266
2010-07-06,11.241424560546875
2010-07-07,11.851860046386719
2010-07-08,11.964558601379395
2010-07-09,12.180556297302246
2010-07-12,12.265081405639648
2010-07-13,12.659515380859375
2010-07-14,12.574994087219238
2010-07-15,12.434123039245605
2010-07-16,12.152382850646973
2010-07-19,12.283862113952637
2010-07-20,12.321428298950195
2010-07-21,12.114818572998047
2010-07-22,12.584385871887207
2010-07-23,12.70647144317627
2010-07-26,12.941254615783691
2010-07-27,12.790992736816406
2010-07-28,12.4810791015625
2010-07-29,12.31203556060791
2010-07-30,12.14299201965332
2010-08-02,12.377775192260742
2010-08-03,12.274471282958984
2010-08-04,12.36838436126709
2010-08-05,12.396556854248047
2010-08-06,12.274471282958984
2010-08-09,12.31203556060791
2010-08-10,11.964558601379395
2010-08-11,11.494988441467285
2010-08-12,11.30716323852539
2010-08-13,11.222641944885254
2010-08-16,11.222641944885254
2010-08-17,11.391687393188477
2010-08-18,11.55134105682373
2010-08-19,11.344730377197266
2010-08-20,11.354120254516602
2010-08-23,11.213248252868652
2010-08-24,11.062990188598633
2010-08-25,11.16629409790039
2010-08-26,10.969077110290527
2010-08-27,11.19446849822998
2010-08-30,10.884554862976074
2010-08-31,10.72490406036377
2010-09-01,10.997248649597168
2010-09-02,11.222641944885254
2010-09-03,11.45742416381836
2010-09-07,11.081774711608887
2010-09-08,11.100554466247559
2010-09-09,11.119338989257812
2010-09-10,10.912728309631348
2010-09-13,11.325946807861328
2010-09-14,11.494988441467285
2010-09-15,11.513772964477539
2010-09-16,11.579514503479004
2010-09-17,11.664034843444824
2010-09-20,11.880034446716309
2010-09-21,11.861251831054688
2010-09-22,11.55134105682373
2010-09-23,11.588902473449707
2010-09-24,12.096035957336426
2010-09-27,12.114818572998047
2010-09-28,12.358993530273438
2010-09-29,12.4153413772583
2010-09-30,12.321428298950195
2010-10-01,12.349600791931152
2010-10-04,12.255688667297363
2010-10-05,12.565605163574219
2010-10-06,12.396556854248047
2010-10-07,12.5562105178833
2010-10-08,12.528038024902344
2010-10-11,12.659515380859375
2010-10-12,12.800386428833008
2010-10-13,12.734647750854492
2010-10-14,12.678299903869629
2010-10-15,12.800386428833008
2010-10-18,12.781603813171387
2010-10-19,12.546820640563965
2010-10-20,12.725255966186523
2010-10-21,12.565605163574219
2010-10-22,12.97882080078125
2010-10-25,13.157258033752441
2010-10-26,13.166646003723145
2010-10-27,13.457779884338379
2010-10-28,13.448390007019043
2010-10-29,13.608041763305664
2010-11-01,13.457779884338379
2010-11-02,13.645604133605957
2010-11-03,13.758302688598633
2010-11-04,14.274824142456055
2010-11-05,14.312389373779297
2010-11-08,14.415693283081055
2010-11-09,14.17152214050293
2010-11-10,14.17152214050293
2010-11-11,14.011870384216309
2010-11-12,13.946126937866211
2010-11-15,13.917954444885254
2010-11-16,13.608041763305664
2010-11-17,13.654996871948242
2010-11-18,14.03065013885498
2010-11-19,14.180912971496582
2010-11-22,14.34056568145752
2010-11-23,14.190305709838867
2010-11-24,14.6786527633667
2010-11-26,14.565958023071289
2010-11-29,14.453259468078613
2010-11-30,14.284214973449707
2010-12-01,14.744391441345215
2010-12-02,15.05430793762207
2010-12-03,15.232738494873047
2010-12-06,15.195174217224121
2010-12-07,15.26091480255127
2010-12-08,15.429959297180176
2010-12-09,15.580221176147461
2010-12-10,15.589612007141113
2010-12-13,15.467523574829102
2010-12-14,15.298479080200195
2010-12-15,15.157609939575195
2010-12-16,15.3172607421875
2010-12-17,15.306920051574707
2010-12-20,15.325722694396973
2010-12-21,15.438553810119629
2010-12-22,15.410346031188965
2010-12-23,15.335126876831055
2010-12-27,15.400943756103516
2010-12-28,15.344528198242188
2010-12-29,15.3821382522583
2010-12-30,15.400943756103516
2010-12-31,15.306920051574707
2011-01-03,15.466761589050293
2011-01-04,15.457356452941895
2011-01-05,15.541977882385254
2011-01-06,15.748830795288086
2011-01-07,15.71121883392334
2011-01-10,15.795839309692383
2011-01-11,15.871057510375977
2011-01-12,15.965076446533203
2011-01-13,16.021495819091797
2011-01-14,16.482206344604492
2011-01-18,16.566829681396484
2011-01-19,16.181333541870117
2011-01-20,15.889860153198242
2011-01-21,15.805242538452148
2011-01-24,16.124923706054688
2011-01-25,16.03089141845703
2011-01-26,16.049699783325195
2011-01-27,16.36937713623047
2011-01-28,15.871057510375977
2011-01-31,15.965076446533203
2011-02-01,16.529218673706055
2011-02-02,16.501012802124023
2011-02-03,16.463403701782227
2011-02-04,16.811281204223633
2011-02-07,16.886503219604492
2011-02-08,16.848896026611328
2011-02-09,16.971126556396484
2011-02-10,17.12156105041504
2011-02-11,17.243791580200195
2011-02-14,17.535263061523438
2011-02-15,17.347217559814453
2011-02-16,17.525859832763672
2011-02-17,17.582273483276367
2011-02-18,17.46944236755371
2011-02-22,16.717260360717773
2011-02-23,16.32236671447754
2011-02-24,16.566829681396484
2011-02-25,16.98052215576172
2011-02-28,16.764272689819336
2011-03-01,16.491609573364258
2011-03-02,16.77367401123047
2011-03-03,17.112163543701172
2011-03-04,16.98992156982422
2011-03-07,16.57622718811035
2011-03-08,16.566829681396484
2011-03-09,16.021495819091797
2011-03-10,15.57958698272705
2011-03-11,15.71121883392334
2011-03-14,15.645403861999512
2011-03-15,15.504369735717773
2011-03-16,15.10007095336914
2011-03-17,15.26931095123291
2011-03-18,15.344528198242188
2011-03-21,15.758233070373535
2011-03-22,15.645403861999512
2011-03-23,15.795839309692383
2011-03-24,16.16252899169922
2011-03-25,16.190731048583984
2011-03-28,16.171932220458984
2011-03-29,16.350574493408203
2011-03-30,16.510412216186523
2011-03-31,16.510412216186523
2011-04-01,16.331768035888672
2011-04-04,16.16252899169922
2011-04-05,16.58562469482422
2011-04-06,16.632644653320312
2011-04-07,16.45400047302246
2011-04-08,16.4163875579834
2011-04-11,16.21893882751465
2011-04-12,15.889860153198242
2011-04-13,15.974478721618652
2011-04-14,15.965076446533203
2011-04-15,16.087312698364258
2011-04-18,15.814641952514648
2011-04-19,15.918067932128906
2011-04-20,16.595035552978516
2011-04-21,16.689058303833008
2011-04-25,16.698453903198242
2011-04-26,16.933515548706055
2011-04-27,17.09335708618164
2011-04-28,17.046342849731445
2011-04-29,17.09335708618164
2011-05-02,16.848896026611328
2011-05-03,16.595035552978516
2011-05-04,16.82068634033203
2011-05-05,16.877103805541992
2011-05-06,17.046342849731445
2011-05-09,17.12156105041504
2011-05-10,17.309606552124023
2011-05-11,17.140363693237305
2011-05-12,17.33781623840332
2011-05-13,17.196779251098633
2011-05-16,16.858301162719727
2011-05-17,16.717260360717773
2011-05-18,16.99933433532715
2011-05-19,16.914710998535156
2011-05-20,16.848896026611328
2011-05-23,16.529218673706055
2011-05-24,16.341175079345703
2011-05-25,16.604434967041016
2011-05-26,16.632644653320312
2011-05-27,16.642045974731445
2011-05-31,16.830087661743164
2011-06-01,16.529218673706055
2011-06-02,16.463403701782227
2011-06-03,16.04029655456543
2011-06-06,15.90866470336914
2011-06-07,16.124923706054688
2011-06-08,15.636000633239746
2011-06-09,15.645403861999512
2011-06-10,15.541977882385254
2011-06-13,15.212898254394531
2011-06-14,15.654804229736328
2011-06-15,15.306920051574707
2011-06-16,14.987241744995117
2011-06-17,14.855609893798828
2011-06-20,14.80859661102295
2011-06-21,15.250506401062012
2011-06-22,15.194091796875
2011-06-23,15.457356452941895
2011-06-24,15.175288200378418
2011-06-27,15.278711318969727
2011-06-28,15.485562324523926
2011-06-29,15.504369735717773
2011-06-30,15.852252960205078
2011-07-01,16.16252899169922
2011-07-05,16.03089141845703
2011-07-06,15.889860153198242
2011-07-07,16.30356216430664
2011-07-08,16.0120906829834
2011-07-11,15.607795715332031
2011-07-12,14.959033966064453
2011-07-13,14.959033966064453
2011-07-14,14.742782592773438
2011-07-15,14.780393600463867
2011-07-18,14.601750373840332
2011-07-19,15.015450477600098
2011-07-20,14.902623176574707
2011-07-21,15.10007095336914
2011-07-22,15.541977882385254
2011-07-25,15.259906768798828
2011-07-26,15.212898254394531
2011-07-27,14.5735445022583
2011-07-28,14.50772476196289
2011-07-29,14.291472434997559
2011-08-01,14.235060691833496
2011-08-02,13.689728736877441
2011-08-03,13.896575927734375
2011-08-04,12.99395751953125
2011-08-05,12.711891174316406
2011-08-08,11.950303077697754
2011-08-09,12.354601860046387
2011-08-10,12.1853609085083
2011-08-11,12.9845552444458
2011-08-12,12.815313339233398
2011-08-15,13.182003021240234
2011-08-16,12.796509742736816
2011-08-17,12.796509742736816
2011-08-18,11.978510856628418
2011-08-19,11.70584774017334
2011-08-22,11.790467262268066
2011-08-23,12.46743106842041
2011-08-24,12.411016464233398
2011-08-25,12.091339111328125
2011-08-26,12.251177787780762
2011-08-29,12.815313339233398
2011-08-30,12.758902549743652
2011-08-31,12.561452865600586
2011-09-01,12.326394081115723
2011-09-02,11.978510856628418
2011-09-06,11.912694931030273
2011-09-07,12.316994667053223
2011-09-08,12.138352394104004
2011-09-09,11.978510856628418
2011-09-12,12.11014175415039
2011-09-13,12.3828125
2011-09-14,12.899934768676758
2011-09-15,12.95634937286377
2011-09-16,12.975153923034668
2011-09-19,12.82471752166748
2011-09-20,12.561452865600586
2011-09-21,12.3828125
2011-09-22,11.837477684020996
2011-09-23,12.034927368164062
2011-09-26,12.016121864318848
2011-09-27,12.23237419128418
2011-09-28,11.818671226501465
2011-09-29,11.611821174621582
2011-09-30,11.339156150817871
2011-10-03,10.850237846374512
2011-10-04,11.480189323425293
2011-10-05,11.781060218811035
2011-10-06,11.959707260131836
2011-10-07,12.091339111328125
2011-10-10,12.326394081115723
2011-10-11,12.345202445983887
2011-10-12,12.646075248718262
2011-10-13,12.937545776367188
2011-10-14,13.040970802307129
2011-10-17,12.66487979888916
2011-10-18,12.937545776367188
2011-10-19,12.68368148803711
2011-10-20,12.580259323120117
2011-10-21,12.87172794342041
2011-10-24,13.46407413482666
2011-10-25,13.276025772094727
2011-10-26,13.454668998718262
2011-10-27,14.047011375427246
2011-10-28,13.990601539611816
2011-10-31,13.68032455444336
2011-11-01,13.30423355102539
2011-11-02,13.332443237304688
2011-11-03,13.830764770507812
2011-11-04,13.896575927734375
2011-11-07,13.840164184570312
2011-11-08,13.990601539611816
2011-11-09,13.229016304016113
2011-11-10,13.332443237304688
2011-11-11,13.811957359313965
2011-11-14,13.623908996582031
2011-11-15,13.858967781066895
2011-11-16,13.67092227935791
2011-11-17,13.10678768157959
2011-11-18,13.02216625213623
2011-11-21,12.693083763122559
2011-11-22,12.458028793334961
2011-11-23,12.11014175415039
2011-11-25,11.978510856628418
2011-11-28,12.260579109191895
2011-11-29,12.30759048461914
2011-11-30,13.097382545471191
2011-12-01,13.125592231750488
2011-12-02,13.266624450683594
2011-12-05,13.360647201538086
2011-12-06,13.42646312713623
2011-12-07,13.294832229614258
2011-12-08,12.95634937286377
2011-12-09,13.323038101196289
2011-12-12,12.87172794342041
2011-12-13,12.627269744873047
2011-12-14,12.411016464233398
2011-12-15,12.505041122436523
2011-12-16,12.583272933959961
2011-12-19,12.3570556640625
2011-12-20,13.035704612731934
2011-12-21,12.91317081451416
2011-12-22,13.243069648742676
2011-12-23,13.261920928955078
2011-12-27,13.309048652648926
2011-12-28,13.016854286193848
2011-12-29,13.214791297912598
2011-12-30,13.092259407043457
2012-01-03,13.252495765686035
2012-01-04,13.186515808105469
2012-01-05,13.431583404541016
2012-01-06,13.318474769592285
2012-01-09,13.516414642333984
2012-01-10,13.629522323608398
2012-01-11,13.714351654052734
2012-01-12,13.855737686157227
2012-01-13,13.563542366027832
2012-01-17,13.629522323608398
2012-01-18,14.289318084716797
2012-01-19,14.383575439453125
2012-01-20,14.515534400939941
2012-01-23,14.47783374786377
2012-01-24,14.581515312194824
2012-01-25,14.656920433044434
2012-01-26,14.628643989562988
2012-01-27,14.67577075958252
2012-01-30,14.515534400939941
2012-01-31,14.47783374786377
2012-02-01,14.685197830200195
2012-02-02,14.817159652709961
2012-02-03,15.109352111816406
2012-02-06,14.939691543579102
2012-02-07,15.024520874023438
2012-02-08,15.062224388122559
2012-02-09,15.052797317504883
2012-02-10,14.798308372497559
2012-02-13,14.930267333984375
2012-02-14,14.854860305786133
2012-02-15,14.930267333984375
2012-02-16,15.241311073303223
2012-02-17,15.081075668334961
2012-02-21,14.854860305786133
2012-02-22,14.741752624511719
2012-02-23,14.854860305786133
2012-02-24,14.854860305786133
2012-02-27,14.7888765335083
2012-02-28,14.883136749267578
2012-02-29,14.71347427368164
2012-03-01,14.647494316101074
2012-03-02,14.421279907226562
2012-03-05,14.091379165649414
2012-03-06,13.940567970275879
2012-03-07,14.185637474060059
2012-03-08,14.458980560302734
2012-03-09,14.609794616699219
2012-03-12,14.562663078308105
2012-03-13,14.770029067993164
2012-03-14,14.949117660522461
2012-03-15,15.015097618103027
2012-03-16,14.977392196655273
2012-03-19,15.118779182434082
2012-03-20,14.996243476867676
2012-03-21,15.052797317504883
2012-03-22,14.883136749267578
2012-03-23,14.986817359924316
2012-03-26,15.316715240478516
2012-03-27,15.32614517211914
2012-03-28,15.024520874023438
2012-03-29,15.118779182434082
2012-03-30,15.279012680053711
2012-04-02,15.250739097595215
2012-04-03,14.949117660522461
2012-04-04,14.694622993469238
2012-04-05,14.751176834106445
2012-04-09,14.53438663482666
2012-04-10,14.308172225952148
2012-04-11,14.619218826293945
2012-04-12,14.939691543579102
2012-04-13,14.685197830200195
2012-04-16,14.647494316101074
2012-04-17,14.930267333984375
2012-04-18,14.760603904724121
2012-04-19,14.619218826293945
2012-04-20,14.402426719665527
2012-04-23,14.147933959960938
2012-04-24,14.157360076904297
2012-04-25,14.47783374786377
2012-04-26,14.779452323913574
2012-04-27,14.864285469055176
2012-04-30,14.807731628417969
2012-05-01,14.901988983154297
2012-05-02,15.015097618103027
2012-05-03,14.864285469055176
2012-05-04,14.393003463745117
2012-05-07,14.35529899597168
2012-05-08,14.261039733886719
2012-05-09,14.1762113571167
2012-05-10,14.195066452026367
2012-05-11,14.383575439453125
2012-05-14,14.119656562805176
2012-05-15,14.04425048828125
2012-05-16,13.78975772857666
2012-05-17,13.554116249084473
2012-05-18,13.46928596496582
2012-05-21,13.488138198852539
2012-05-22,13.544692993164062
2012-05-23,13.497563362121582
2012-05-24,13.337326049804688
2012-05-25,13.47871208190918
2012-05-29,13.704926490783691
2012-05-30,13.516414642333984
2012-05-31,13.488138198852539
2012-06-01,12.950873374938965
2012-06-04,12.96030044555664
2012-06-05,13.111112594604492
2012-06-06,13.667224884033203
2012-06-07,13.629522323608398
2012-06-08,13.67664909362793
2012-06-11,13.46928596496582
2012-06-12,13.582393646240234
2012-06-13,13.431583404541016
2012-06-14,13.356178283691406
2012-06-15,13.680461883544922
2012-06-18,13.831731796264648
2012-06-19,14.001911163330078
2012-06-20,13.97354793548584
2012-06-21,13.444104194641113
2012-06-22,13.623737335205078
2012-06-25,13.188836097717285
2012-06-26,13.169928550720215
2012-06-27,13.415739059448242
2012-06-28,13.273923873901367
2012-06-29,13.74664306640625
2012-07-02,13.718279838562012
2012-07-03,13.89791202545166
2012-07-05,13.82227897644043
2012-07-06,13.623737335205078
2012-07-09,13.434649467468262
2012-07-10,13.207744598388672
2012-07-11,13.141563415527344
2012-07-12,12.914661407470703
2012-07-13,13.113200187683105
2012-07-16,12.990294456481934
2012-07-17,12.895751953125
2012-07-18,13.33065128326416
2012-07-19,13.538646697998047
2012-07-20,13.311742782592773
2012-07-23,13.122653007507324
2012-07-24,12.810662269592285
2012-07-25,13.21719741821289
2012-07-26,13.529193878173828
2012-07-27,13.841185569763184
2012-07-30,13.671008110046387
2012-07-31,13.91682243347168
2012-08-01,13.756096839904785
2012-08-02,13.718279838562012
2012-08-03,14.049182891845703
2012-08-06,14.153181076049805
2012-08-07,14.323359489440918
2012-08-08,14.342269897460938
2012-08-09,14.417902946472168
2012-08-10,14.389537811279297
2012-08-13,14.323359489440918
2012-08-14,14.313905715942383
2012-08-15,14.408447265625
2012-08-16,14.588081359863281
2012-08-17,14.512445449829102
2012-08-20,14.323359489440918
2012-08-21,14.313905715942383
2012-08-22,14.21936321258545
2012-08-23,14.105908393859863
2012-08-24,14.105908393859863
2012-08-27,14.011363983154297
2012-08-28,14.001911163330078
2012-08-29,14.039726257324219
2012-08-30,13.812819480895996
2012-08-31,13.93572998046875
2012-09-04,13.775005340576172
2012-09-05,13.907368659973145
2012-09-06,14.257179260253906
2012-09-07,14.172090530395508
2012-09-10,14.115362167358398
2012-09-11,14.030274391174316
2012-09-12,14.124815940856934
2012-09-13,14.18154239654541
2012-09-14,14.417902946472168
2012-09-17,14.172090530395508
2012-09-18,14.105908393859863
2012-09-19,14.049182891845703
2012-09-20,13.74664306640625
2012-09-21,13.74664306640625
2012-09-24,13.463013648986816
2012-09-25,13.151019096374512
2012-09-26,13.018658638000488
2012-09-27,13.321197509765625
2012-09-28,13.321197509765625
2012-10-01,13.08483600616455
2012-10-02,13.141563415527344
2012-10-03,13.047019958496094
2012-10-04,13.132109642028809
2012-10-05,13.179383277893066
2012-10-08,12.999748229980469
2012-10-09,12.782299041748047
2012-10-10,12.545938491821289
2012-10-11,12.593213081359863
2012-10-12,12.460848808288574
2012-10-15,12.583756446838379
2012-10-16,12.895751953125
2012-10-17,13.047019958496094
2012-10-18,12.914661407470703
2012-10-19,12.564849853515625
2012-10-22,12.612120628356934
2012-10-23,12.687753677368164
2012-10-24,12.63102912902832
2012-10-25,12.687753677368164
2012-10-26,12.70666217803955
2012-10-31,12.791751861572266
2012-11-01,13.160470962524414
2012-11-02,12.952476501464844
2012-11-05,13.113200187683105
2012-11-06,13.292834281921387
2012-11-07,12.895751953125
2012-11-08,12.772841453552246
2012-11-09,12.810662269592285
2012-11-12,12.810662269592285
2012-11-13,12.810662269592285
2012-11-14,12.517576217651367
2012-11-15,12.328486442565918
2012-11-16,12.404122352600098
2012-11-19,12.649935722351074
2012-11-20,12.649935722351074
2012-11-21,12.716118812561035
2012-11-23,12.716118812561035
2012-11-26,12.943021774291992
2012-11-27,12.952476501464844
2012-11-28,13.113200187683105
2012-11-29,13.255016326904297
2012-11-30,13.264472007751465
2012-12-03,13.264472007751465
2012-12-04,13.264472007751465
2012-12-05,13.292834281921387
2012-12-06,13.302288055419922
2012-12-07,13.396831512451172
2012-12-10,13.529193878173828
2012-12-11,13.765552520751953
2012-12-12,13.737188339233398
2012-12-13,13.529193878173828
2012-12-14,13.42519474029541
2012-12-17,13.463013648986816
2012-12-18,13.671008110046387
2012-12-19,13.74664306640625
2012-12-20,13.775005340576172
2012-12-21,13.601073265075684
2012-12-24,13.572556495666504
2012-12-26,13.52503490447998
2012-12-27,13.506024360656738
2012-12-28,13.382468223571777
2012-12-31,13.686612129211426
2013-01-02,14.180852890014648
2013-01-03,14.171344757080078
2013-01-04,14.152336120605469
2013-01-07,14.066797256469727
2013-01-08,13.933732032775879
2013-01-09,13.943238258361816
2013-01-10,14.028779029846191
2013-01-11,14.066797256469727
2013-01-14,14.028779029846191
2013-01-15,13.905219078063965
2013-01-16,14.11431884765625
2013-01-17,14.247385025024414
2013-01-18,14.199861526489258
2013-01-22,14.218871116638184
2013-01-23,14.38995361328125
2013-01-24,14.323421478271484
2013-01-25,14.532522201538086
2013-01-28,14.589548110961914
2013-01-29,14.361440658569336
2013-01-30,14.29490852355957
2013-01-31,14.29490852355957
2013-02-01,14.627569198608398
2013-02-04,14.46599006652832
2013-02-05,14.542027473449707
2013-02-06,14.589548110961914
2013-02-07,14.370944023132324
2013-02-08,14.504007339477539
2013-02-11,14.551529884338379
2013-02-12,14.589548110961914
2013-02-13,14.608558654785156
2013-02-14,14.732120513916016
2013-02-15,14.627569198608398
2013-02-19,14.836670875549316
2013-02-20,14.51351547241211
2013-02-21,14.180852890014648
2013-02-22,14.332926750183105
2013-02-25,14.237878799438477
2013-02-26,14.171344757080078
2013-02-27,14.285401344299316
2013-02-28,14.4564847946167
2013-03-01,14.275899887084961
2013-03-04,14.26639175415039
2013-03-05,14.608558654785156
2013-03-06,14.608558654785156
2013-03-07,14.627569198608398
2013-03-08,14.732120513916016
2013-03-11,14.855680465698242
2013-03-12,14.836670875549316
2013-03-13,14.836670875549316
2013-03-14,15.026762008666992
2013-03-15,14.732120513916016
2013-03-18,14.484997749328613
2013-03-19,14.475495338439941
2013-03-20,14.713109016418457
2013-03-21,14.46599006652832
2013-03-22,14.6655855178833
2013-03-25,14.608558654785156
2013-03-26,14.779641151428223
2013-03-27,14.798651695251465
2013-03-28,14.874689102172852
2013-04-01,14.646576881408691
2013-04-02,14.351935386657715
2013-04-03,14.066797256469727
2013-04-04,14.190356254577637
2013-04-05,14.104815483093262
2013-04-08,14.247385025024414
2013-04-09,14.4564847946167
2013-04-10,14.694099426269531
2013-04-11,14.68459701538086
2013-04-12,14.504007339477539
2013-04-15,14.228375434875488
2013-04-16,14.408961296081543
2013-04-17,13.857697486877441
2013-04-18,13.857697486877441
2013-04-19,13.696118354797363
2013-04-22,13.895715713500977
2013-04-23,14.171344757080078
2013-04-24,14.228375434875488
2013-04-25,14.418469429016113
2013-04-26,14.199861526489258
2013-04-29,14.351935386657715
2013-04-30,14.43747615814209
2013-05-01,14.190356254577637
2013-05-02,14.370944023132324
2013-05-03,14.675091743469238
2013-05-06,14.798651695251465
2013-05-07,14.722614288330078
2013-05-08,14.722614288330078
2013-05-09,14.941219329833984
2013-05-10,15.026762008666992
2013-05-13,14.893696784973145
2013-05-14,14.96022891998291
2013-05-15,15.102800369262695
2013-05-16,15.064781188964844
2013-05-17,15.169330596923828
2013-05-20,15.245366096496582
2013-05-21,15.349915504455566
2013-05-22,15.045770645141602
2013-05-23,15.064781188964844
2013-05-24,15.055275917053223
2013-05-28,15.216853141784668
2013-05-29,15.216853141784668
2013-05-30,15.530500411987305
2013-05-31,15.387933731079102
2013-06-03,15.25487232208252
2013-06-04,15.387933731079102
2013-06-05,15.045770645141602
2013-06-06,14.903203010559082
2013-06-07,15.245366096496582
2013-06-10,15.30239486694336
2013-06-11,15.121807098388672
2013-06-12,14.836670875549316
2013-06-13,15.093291282653809
2013-06-14,15.112302780151367
2013-06-17,15.235862731933594
2013-06-18,15.52099895477295
2013-06-19,15.425951957702637
2013-06-20,15.026762008666992
2013-06-21,14.904470443725586
2013-06-24,14.6942777633667
2013-06-25,14.923576354980469
2013-06-26,15.028671264648438
2013-06-27,15.17198371887207
2013-06-28,15.17198371887207
2013-07-01,15.21020221710205
2013-07-02,15.124216079711914
2013-07-03,15.17198371887207
2013-07-05,15.372621536254883
2013-07-08,15.20064640045166
2013-07-09,15.429945945739746
2013-07-10,15.429945945739746
2013-07-11,15.745230674743652
2013-07-12,15.888544082641602
2013-07-15,16.060516357421875
2013-07-16,16.146507263183594
2013-07-17,16.194278717041016
2013-07-18,16.232492446899414
2013-07-19,16.079627990722656
2013-07-22,16.24205207824707
2013-07-23,16.347143173217773
2013-07-24,16.02230453491211
2013-07-25,16.098737716674805
2013-07-26,15.974534034729004
2013-07-29,15.917207717895508
2013-07-30,16.00319480895996
2013-07-31,16.15606117248535
2013-08-01,16.48090362548828
2013-08-02,16.38536262512207
2013-08-05,16.356698989868164
2013-08-06,16.1751651763916
2013-08-07,16.146507263183594
2013-08-08,16.098737716674805
2013-08-09,15.926766395568848
2013-08-12,16.079627990722656
2013-08-13,16.24205207824707
2013-08-14,16.184722900390625
2013-08-15,15.687909126281738
2013-08-16,15.735679626464844
2013-08-19,15.621031761169434
2013-08-20,15.659245491027832
2013-08-21,15.554149627685547
2013-08-22,15.458608627319336
2013-08-23,15.458608627319336
2013-08-26,15.70701789855957
2013-08-27,15.372621536254883
2013-08-28,15.46816349029541
2013-08-29,15.61147403717041
2013-08-30,15.401284217834473
2013-09-03,15.506378173828125
2013-09-04,15.984089851379395
2013-09-05,16.05096435546875
2013-09-06,16.0318603515625
2013-09-09,16.24205207824707
2013-09-10,16.500015258789062
2013-09-11,16.414026260375977
2013-09-12,16.328035354614258
2013-09-13,16.28981590270996
2013-09-16,16.43313217163086
2013-09-17,16.500015258789062
2013-09-18,16.48090362548828
2013-09-19,16.5668888092041
2013-09-20,16.486513137817383
2013-09-23,16.486513137817383
2013-09-24,16.706586837768555
2013-09-25,16.63961410522461
2013-09-26,16.572628021240234
2013-09-27,16.543930053710938
2013-09-30,16.56306266784668
2013-10-01,16.56306266784668
2013-10-02,16.601335525512695
2013-10-03,16.38125991821289
2013-10-04,16.68745231628418
2013-10-07,16.63961410522461
2013-10-08,16.362119674682617
2013-10-09,16.323850631713867
2013-10-10,16.744861602783203
2013-10-11,16.64917755126953
2013-10-14,17.051055908203125
2013-10-15,16.907527923583984
2013-10-16,16.974506378173828
2013-10-17,16.945798873901367
2013-10-18,16.964935302734375
2013-10-21,17.031919479370117
2013-10-22,17.00320816040039
2013-10-23,16.53435707092285
2013-10-24,16.51521873474121
2013-10-25,16.55349349975586
2013-10-28,16.53435707092285
2013-10-29,16.53435707092285
2013-10-30,16.830976486206055
2013-10-31,17.051055908203125
2013-11-01,16.859689712524414
2013-11-04,16.850114822387695
2013-11-05,17.041486740112305
2013-11-06,17.041486740112305
2013-11-07,16.620479583740234
2013-11-08,16.936235427856445
2013-11-11,16.811847686767578
2013-11-12,16.869251251220703
2013-11-13,17.089332580566406
2013-11-14,16.945798873901367
2013-11-15,17.00320816040039
2013-11-18,17.00320816040039
2013-11-19,16.64917755126953
2013-11-20,16.65874481201172
2013-11-21,16.945798873901367
2013-11-22,17.031919479370117
2013-11-25,17.0701904296875
2013-11-26,17.194583892822266
2013-11-27,17.22329330444336
2013-11-29,17.33811378479004
2013-12-02,17.23285675048828
2013-12-03,17.204153060913086
2013-12-04,17.16588020324707
2013-12-05,17.290266036987305
2013-12-06,17.35724449157715
2013-12-09,17.472068786621094
2013-12-10,17.462499618530273
2013-12-11,17.25199317932129
2013-12-12,17.156314849853516
2013-12-13,17.108463287353516
2013-12-16,17.17544937133789
2013-12-17,17.48164176940918
2013-12-18,17.424230575561523
2013-12-19,17.25199317932129
2013-12-20,17.577320098876953
2013-12-23,17.577320098876953
2013-12-24,17.768693923950195
2013-12-26,17.78782844543457
2013-12-27,17.883514404296875
2013-12-30,17.92178726196289
2013-12-31,18.065319061279297
2014-01-02,17.768693923950195
2014-01-03,17.80696678161621
2014-01-06,17.739988327026367
2014-01-07,17.80696678161621
2014-01-08,17.768693923950195
2014-01-09,17.673006057739258
2014-01-10,17.701711654663086
2014-01-13,17.586889266967773
2014-01-14,17.998332977294922
2014-01-15,18.170568466186523
2014-01-16,18.007905960083008
2014-01-17,17.988767623901367
2014-01-21,17.979198455810547
2014-01-22,18.25668716430664
2014-01-23,18.017471313476562
2014-01-24,17.586889266967773
2014-01-27,17.519914627075195
2014-01-28,17.519914627075195
2014-01-29,17.462499618530273
2014-01-30,17.625164031982422
2014-01-31,17.529478073120117
2014-02-03,17.17544937133789
2014-02-04,17.261566162109375
2014-02-05,17.108463287353516
2014-02-06,17.41465950012207
2014-02-07,17.634735107421875
2014-02-10,17.74955177307129
2014-02-11,18.017471313476562
2014-02-12,18.170568466186523
2014-02-13,18.381071090698242
2014-02-14,18.505464553833008
2014-02-18,18.610721588134766
2014-02-19,18.5628719329834
2014-02-20,18.677696228027344
2014-02-21,18.69683837890625
2014-02-24,19.03173828125
2014-02-25,18.859500885009766
2014-02-26,19.07957649230957
2014-02-27,19.165695190429688
2014-02-28,19.24224281311035
2014-03-03,19.003028869628906
2014-03-04,19.462316513061523
2014-03-05,19.471885681152344
2014-03-06,19.500591278076172
2014-03-07,19.558002471923828
2014-03-10,19.48145294189453
2014-03-11,19.385772705078125
2014-03-12,19.548429489135742
2014-03-13,19.270946502685547
2014-03-14,19.280513763427734
2014-03-17,19.424043655395508
2014-03-18,19.778072357177734
2014-03-19,19.720666885375977
2014-03-20,20.045995712280273
2014-03-21,19.92160415649414
2014-03-24,19.902462005615234
2014-03-25,19.940738677978516
2014-03-26,19.58670997619629
2014-03-27,19.37619972229004
2014-03-28,19.443178176879883
2014-03-31,19.854623794555664
2014-04-01,20.151248931884766
2014-04-02,20.313907623291016
2014-04-03,20.246931076049805
2014-04-04,19.71109962463379
2014-04-07,19.57714080810547
2014-04-08,19.73979949951172
2014-04-09,19.950307846069336
2014-04-10,19.567569732666016
2014-04-11,19.050874710083008
2014-04-14,19.09870719909668
2014-04-15,19.270946502685547
2014-04-16,19.18482780456543
2014-04-17,19.510156631469727
2014-04-21,19.6536865234375
2014-04-22,20.07469940185547
2014-04-23,19.959877014160156
2014-04-24,20.151248931884766
2014-04-25,19.538864135742188
2014-04-28,19.433605194091797
2014-04-29,19.624980926513672
2014-04-30,19.615413665771484
2014-05-01,19.682388305664062
2014-05-02,19.778072357177734
2014-05-05,19.7302303314209
2014-05-06,19.48145294189453
2014-05-07,19.395336151123047
2014-05-08,19.500591278076172
2014-05-09,19.510156631469727
2014-05-12,19.931177139282227
2014-05-13,19.778072357177734
2014-05-14,19.49102020263672
2014-05-15,19.251811981201172
2014-05-16,19.347496032714844
2014-05-19,19.74936866760254
2014-05-20,19.567569732666016
2014-05-21,19.71109962463379
2014-05-22,19.806781768798828
2014-05-23,19.979015350341797
2014-05-27,20.323482513427734
2014-05-28,20.36175537109375
2014-05-29,20.438302993774414
2014-05-30,20.51485252380371
2014-06-02,20.42873191833496
2014-06-03,20.591400146484375
2014-06-04,20.801904678344727
2014-06-05,20.945432662963867
2014-06-06,21.03154945373535
2014-06-09,21.1942138671875
2014-06-10,21.35687828063965
2014-06-11,21.490835189819336
2014-06-12,21.28989601135254
2014-06-13,21.509971618652344
2014-06-16,21.61522674560547
2014-06-17,21.864011764526367
2014-06-18,21.6917781829834
2014-06-19,21.653499603271484
2014-06-20,21.713979721069336
2014-06-23,21.675580978393555
2014-06-24,21.39719581604004
2014-06-25,21.51239013671875
2014-06-26,21.36839485168457
2014-06-27,21.377994537353516
2014-06-30,21.64678192138672
2014-07-01,21.92516326904297
2014-07-02,21.90596580505371
2014-07-03,22.11715316772461
2014-07-07,21.809968948364258
2014-07-08,21.6851806640625
2014-07-09,21.87717056274414
2014-07-10,21.713979721069336
2014-07-11,21.733177185058594
2014-07-14,21.886770248413086
2014-07-15,21.78117561340332
2014-07-16,22.021163940429688
2014-07-17,21.5795841217041
2014-07-18,21.934768676757812
2014-07-21,22.049955368041992
2014-07-22,22.251544952392578
2014-07-23,21.598783493041992
2014-07-24,21.464391708374023
2014-07-25,20.898025512695312
2014-07-28,20.974822998046875
2014-07-29,20.946020126342773
2014-07-30,21.1284122467041
2014-07-31,20.533246994018555
2014-08-01,20.66763687133789
2014-08-04,20.744430541992188
2014-08-05,20.581241607666016
2014-08-06,20.744430541992188
2014-08-07,20.331655502319336
2014-08-08,20.57164764404297
2014-08-11,20.86922836303711
2014-08-12,20.744430541992188
2014-08-13,21.070812225341797
2014-08-14,21.099611282348633
2014-08-15,21.214807510375977
2014-08-18,21.4739933013916
2014-08-19,21.704381942749023
2014-08-20,22.165149688720703
2014-08-21,22.222747802734375
2014-08-22,22.270748138427734
2014-08-25,22.184350967407227
2014-08-26,22.21314811706543
2014-08-27,22.193950653076172
2014-08-28,22.318744659423828
2014-08-29,22.53952980041504
2014-09-02,22.568328857421875
2014-09-03,22.501136779785156
2014-09-04,22.5107364654541
2014-09-05,22.769916534423828
2014-09-08,22.779516220092773
2014-09-09,22.54913330078125
2014-09-10,22.501136779785156
2014-09-11,22.61632537841797
2014-09-12,22.328346252441406
2014-09-15,21.982759475708008
2014-09-16,22.366743087768555
2014-09-17,22.52992820739746
2014-09-18,22.933107376098633
2014-09-19,22.69852638244629
2014-09-22,22.33319854736328
2014-09-23,22.313968658447266
2014-09-24,22.45818519592285
2014-09-25,22.083232879638672
2014-09-26,22.313968658447266
2014-09-29,22.323585510253906
2014-09-30,22.11208152770996
2014-10-01,21.487171173095703
2014-10-02,21.55447006225586
2014-10-03,21.660221099853516
2014-10-06,21.467947006225586
2014-10-07,21.01608657836914
2014-10-08,21.34296226501465
2014-10-09,20.85264778137207
2014-10-10,19.18943214416504
2014-10-13,18.80488395690918
2014-10-14,18.987545013427734
2014-10-15,19.333648681640625
2014-10-16,19.60283851623535
2014-10-17,19.718202590942383
2014-10-20,19.987398147583008
2014-10-21,20.612302780151367
2014-10-22,20.43924903869629
2014-10-23,20.90072250366211
2014-10-24,21.0449275970459
2014-10-27,20.98724937438965
2014-10-28,21.42949104309082
2014-10-29,21.564083099365234
2014-10-30,21.169912338256836
2014-10-31,22.188989639282227
2014-11-03,22.313968658447266
2014-11-04,22.237060546875
2014-11-05,22.487024307250977
2014-11-06,22.285131454467773
2014-11-07,22.131305694580078
2014-11-10,22.294740676879883
2014-11-11,22.313968658447266
2014-11-12,22.294740676879883
2014-11-13,22.131305694580078
2014-11-14,22.35242462158203
2014-11-17,22.169761657714844
2014-11-18,22.660070419311523
2014-11-19,22.410112380981445
2014-11-20,22.592777252197266
2014-11-21,22.756216049194336
2014-11-24,23.10231590270996
2014-11-25,23.140769958496094
2014-11-26,23.650312423706055
2014-11-28,23.640697479248047
2014-12-01,23.2657527923584
2014-12-02,23.602237701416016
2014-12-03,24.102161407470703
2014-12-04,24.179075241088867
2014-12-05,24.505950927734375
2014-12-08,24.073326110839844
2014-12-09,24.39058494567871
2014-12-10,23.881046295166016
2014-12-11,24.034868240356445
2014-12-12,23.717609405517578
2014-12-15,23.83297348022461
2014-12-16,23.90988540649414
2014-12-17,24.111778259277344
2014-12-18,24.630935668945312
2014-12-19,24.54518699645996
2014-12-22,25.032390594482422
2014-12-23,25.022642135620117
2014-12-24,25.100595474243164
2014-12-26,25.16880226135254
2014-12-29,25.071361541748047
2014-12-30,24.993410110473633
2014-12-31,24.808273315429688
2015-01-02,24.730321884155273
2015-01-05,24.233375549316406
2015-01-06,23.58052635192871
2015-01-07,23.911823272705078
2015-01-08,24.61338996887207
2015-01-09,24.74980926513672
2015-01-12,24.41851043701172
2015-01-13,24.194398880004883
2015-01-14,24.009260177612305
2015-01-15,23.658475875854492
2015-01-16,24.106704711914062
2015-01-20,24.389280319213867
2015-01-21,24.61338996887207
2015-01-22,24.876480102539062
2015-01-23,24.895967483520508
2015-01-26,24.97391700744629
2015-01-27,24.701087951660156
2015-01-28,24.63288688659668
2015-01-29,24.944690704345703
2015-01-30,24.29184341430664
2015-02-02,24.34056282043457
2015-02-03,24.662113189697266
2015-02-04,24.740066528320312
2015-02-05,24.818017959594727
2015-02-06,24.866735458374023
2015-02-09,24.63288688659668
2015-02-10,25.422142028808594
2015-02-11,25.539072036743164
2015-02-12,25.80216407775879
2015-02-13,25.626768112182617
2015-02-17,25.69498062133789
2015-02-18,25.753440856933594
2015-02-19,25.948318481445312
2015-02-20,26.036020278930664
2015-02-23,25.958070755004883
2015-02-24,26.41603660583496
2015-02-25,26.162691116333008
2015-02-26,26.3185977935791
2015-02-27,26.29910659790039
2015-03-02,27.185813903808594
2015-03-03,26.718097686767578
2015-03-04,26.718097686767578
2015-03-05,26.63040542602539
2015-03-06,26.396547317504883
2015-03-09,26.562196731567383
2015-03-10,26.221155166625977
2015-03-11,26.29910659790039
2015-03-12,26.3673152923584
2015-03-13,26.396547317504883
2015-03-16,26.912982940673828
2015-03-17,26.727846145629883
2015-03-18,26.757076263427734
2015-03-19,27.049396514892578
2015-03-20,27.487876892089844
2015-03-23,27.263761520385742
2015-03-24,27.078632354736328
2015-03-25,25.79241943359375
2015-03-26,25.480609893798828
2015-03-27,26.162691116333008
2015-03-30,26.62065887451172
2015-03-31,26.30885124206543
2015-04-01,26.016530990600586
2015-04-02,26.045766830444336
2015-04-06,26.123714447021484
2015-04-07,26.06525421142578
2015-04-08,26.279619216918945
2015-04-09,26.53296661376953
2015-04-10,26.649892807006836
2015-04-13,26.552452087402344
2015-04-14,26.19192123413086
2015-04-15,26.698612213134766
2015-04-16,26.66938591003418
2015-04-17,26.19192123413086
2015-04-20,26.523218154907227
2015-04-21,26.757076263427734
2015-04-22,26.94221305847168
2015-04-23,26.474502563476562
2015-04-24,25.811908721923828
2015-04-27,25.91909408569336
2015-04-28,26.00678825378418
2015-04-29,25.96781349182129
2015-04-30,25.617029190063477
2015-05-01,26.33808708190918
2015-05-04,26.406293869018555
2015-05-05,25.73395347595215
2015-05-06,25.724206924438477
2015-05-07,26.00678825378418
2015-05-08,26.240642547607422
2015-05-11,26.29910659790039
2015-05-12,26.094482421875
2015-05-13,26.162691116333008
2015-05-14,26.552452087402344
2015-05-15,26.552452087402344
2015-05-18,26.874008178710938
2015-05-19,26.83502960205078
2015-05-20,26.932472229003906
2015-05-21,27.059139251708984
2015-05-22,27.224794387817383
2015-05-26,26.97144889831543
2015-05-27,28.053035736083984
2015-05-28,28.1309814453125
2015-05-29,28.208934783935547
2015-06-01,28.286888122558594
2015-06-02,27.90686798095703
2015-06-03,27.848407745361328
2015-06-04,27.73147964477539
2015-06-05,27.780202865600586
2015-06-08,27.263761520385742
2015-06-09,27.312488555908203
2015-06-10,27.72174072265625
2015-06-11,27.61454963684082
2015-06-12,27.52685546875
2015-06-15,27.458642959594727
2015-06-16,27.47813606262207
2015-06-17,27.624296188354492
2015-06-18,27.984825134277344
2015-06-19,27.858150482177734
2015-06-22,27.711990356445312
2015-06-23,27.61454963684082
2015-06-24,27.40018081665039
2015-06-25,27.487876892089844
2015-06-26,26.727846145629883
2015-06-29,25.987302780151367
2015-06-30,26.11397361755371
2015-07-01,26.026275634765625
2015-07-02,26.11397361755371
2015-07-06,25.665746688842773
2015-07-07,25.539072036743164
2015-07-08,24.983665466308594
2015-07-09,24.57441520690918
2015-07-10,24.97391700744629
2015-07-13,25.16880226135254
2015-07-14,25.568309783935547
2015-07-15,25.324703216552734
2015-07-16,25.275983810424805
2015-07-17,25.275983810424805
2015-07-20,25.04213523864746
2015-07-21,25.139572143554688
2015-07-22,24.515953063964844
2015-07-23,24.886228561401367
2015-07-24,24.369794845581055
2015-07-27,24.087217330932617
2015-07-28,24.506208419799805
2015-07-29,24.60365104675293
2015-07-30,24.769298553466797
2015-07-31,24.564672470092773
2015-08-03,24.360050201416016
2015-08-04,24.14567756652832
2015-08-05,24.554929733276367
2015-08-06,24.311330795288086
2015-08-07,24.54518699645996
2015-08-10,25.100595474243164
2015-08-11,24.506208419799805
2015-08-12,24.535442352294922
2015-08-13,24.330814361572266
2015-08-14,24.27235221862793
2015-08-17,24.438003540039062
2015-08-18,23.804643630981445
2015-08-19,23.76566505432129
2015-08-20,22.830238342285156
2015-08-21,22.391754150390625
2015-08-24,21.894813537597656
2015-08-25,21.69993019104004
2015-08-26,22.635356903076172
2015-08-27,23.29795265197754
2015-08-28,23.57077980041504
2015-08-31,23.45384979248047
2015-09-01,22.68407440185547
2015-09-02,23.064090728759766
2015-09-03,23.38564682006836
2015-09-04,22.986143112182617
2015-09-08,23.736434936523438
2015-09-09,23.629247665405273
2015-09-10,23.35641098022461
2015-09-11,23.336931228637695
2015-09-14,23.35641098022461
2015-09-15,23.629247665405273
2015-09-16,23.658475875854492
2015-09-17,23.66822624206543
2015-09-18,23.18423843383789
2015-09-21,23.057388305664062
2015-09-22,22.57926368713379
2015-09-23,22.41338348388672
2015-09-24,22.24750518798828
2015-09-25,22.54023551940918
2015-09-28,22.15968132019043
2015-09-29,22.296297073364258
2015-09-30,22.98908805847168
2015-10-01,22.686603546142578
2015-10-02,23.154970169067383
2015-10-05,23.574548721313477
2015-10-06,23.711158752441406
2015-10-07,24.06243133544922
2015-10-08,24.150253295898438
2015-10-09,23.945344924926758
2015-10-12,23.964853286743164
2015-10-13,23.769702911376953
2015-10-14,24.491769790649414
2015-10-15,24.813777923583984
2015-10-16,24.755229949951172
2015-10-19,24.764986038208008
2015-10-20,24.55031394958496
2015-10-21,24.442981719970703
2015-10-22,24.882076263427734
2015-10-23,25.18456268310547
2015-10-26,24.69668197631836
2015-10-27,24.71619987487793
2015-10-28,25.204082489013672
2015-10-29,24.306379318237305
2015-10-30,24.67716407775879
2015-11-02,24.921113967895508
2015-11-03,25.126020431518555
2015-11-04,25.174808502197266
2015-11-05,25.067476272583008
2015-11-06,25.506567001342773
2015-11-09,25.291898727416992
2015-11-10,24.891836166381836
2015-11-11,24.979658126831055
2015-11-12,24.579593658447266
2015-11-13,24.384435653686523
2015-11-16,24.540557861328125
2015-11-17,24.657649993896484
2015-11-18,25.145538330078125
2015-11-19,25.233356475830078
2015-11-20,25.233356475830078
2015-11-23,24.99917221069336
2015-11-24,25.340688705444336
2015-11-25,25.448022842407227
2015-11-27,25.672449111938477
2015-11-30,25.965177536010742
2015-12-01,26.218881607055664
2015-12-02,26.013965606689453
2015-12-03,25.721240997314453
2015-12-04,26.23839569091797
2015-12-07,25.838329315185547
2015-12-08,25.672449111938477
2015-12-09,25.272390365600586
2015-12-10,25.506567001342773
2015-12-11,24.94062614440918
2015-12-14,24.71619987487793
2015-12-15,24.91135025024414
2015-12-16,25.086984634399414
2015-12-17,24.94062614440918
2015-12-18,24.54631996154785
2015-12-21,24.87816047668457
2015-12-22,24.966001510620117
2015-12-23,25.102638244628906
2015-12-24,25.297842025756836
2015-12-28,25.053842544555664
2015-12-29,25.36615753173828
2015-12-30,25.034317016601562
2015-12-31,24.624401092529297
2016-01-04,24.146162033081055
2016-01-05,24.05832290649414
2016-01-06,23.492244720458984
2016-01-07,22.828567504882812
2016-01-08,22.360084533691406
2016-01-11,22.52600860595703
2016-01-12,22.7407283782959
2016-01-13,22.067285537719727
2016-01-14,22.40888786315918
2016-01-15,21.51097297668457
2016-01-19,21.403614044189453
2016-01-20,21.725692749023438
2016-01-21,22.086807250976562
2016-01-22,22.52600860595703
2016-01-25,22.1063289642334
2016-01-26,22.379610061645508
2016-01-27,22.067285537719727
2016-01-28,22.272249221801758
2016-01-29,23.1506404876709
2016-02-01,23.25800895690918
2016-02-02,22.1258487701416
2016-02-03,22.184410095214844
2016-02-04,22.340566635131836
2016-02-05,21.686649322509766
2016-02-08,21.159610748291016
2016-02-09,21.14008903503418
2016-02-10,21.14008903503418
2016-02-11,20.866811752319336
2016-02-12,20.87657356262207
2016-02-16,21.569530487060547
2016-02-17,22.135608673095703
2016-02-18,22.16489028930664
2016-02-19,22.135608673095703
2016-02-22,22.565046310424805
2016-02-23,22.25272560119629
2016-02-24,22.535768508911133
2016-02-25,22.760244369506836
2016-02-26,22.896886825561523
2016-02-29,22.896886825561523
2016-03-01,23.433685302734375
2016-03-02,23.492244720458984
2016-03-03,23.68744468688965
2016-03-04,23.785045623779297
2016-03-07,23.86312484741211
2016-03-08,23.22872543334961
2016-03-09,23.47272300720215
2016-03-10,23.502002716064453
2016-03-11,23.960721969604492
2016-03-14,23.921680450439453
2016-03-15,23.765522003173828
2016-03-16,24.08760643005371
2016-03-17,24.34136390686035
2016-03-18,24.556079864501953
2016-03-21,24.634159088134766
2016-03-22,24.77079963684082
2016-03-23,24.52680206298828
2016-03-24,24.47800064086914
2016-03-28,24.507282257080078
2016-03-29,24.975759506225586
2016-03-30,25.219757080078125
2016-03-31,25.20023536682129
2016-04-01,25.327117919921875
2016-04-04,25.12215805053711
2016-04-05,24.95624351501465
2016-04-06,25.053842544555664
2016-04-07,24.741519927978516
2016-04-08,24.839120864868164
2016-04-11,24.800081253051758
2016-04-12,24.741519927978516
2016-04-13,25.219757080078125
2016-04-14,25.219757080078125
2016-04-15,25.044078826904297
2016-04-18,25.044078826904297
2016-04-19,24.673200607299805
2016-04-20,24.848876953125
2016-04-21,24.712238311767578
2016-04-22,24.829362869262695
2016-04-25,24.682960510253906
2016-04-26,24.985519409179688
2016-04-27,25.249040603637695
2016-04-28,24.536561965942383
2016-04-29,23.843605041503906
2016-05-02,23.980243682861328
2016-05-03,23.970483779907227
2016-05-04,23.619125366210938
2016-05-05,23.62887954711914
2016-05-06,23.648399353027344
2016-05-09,23.658164978027344
2016-05-10,24.019285202026367
2016-05-11,24.068077087402344
2016-05-12,23.609365463256836
2016-05-13,23.70696258544922
2016-05-16,24.11688232421875
2016-05-17,23.794803619384766
2016-05-18,24.09736442565918
2016-05-19,23.843605041503906
2016-05-20,24.692720413208008
2016-05-23,24.936717987060547
2016-05-24,25.571115493774414
2016-05-25,25.65896224975586
2016-05-26,25.80535888671875
2016-05-27,26.04935646057129
2016-05-31,26.156715393066406
2016-06-01,26.273836135864258
2016-06-02,26.22504234313965
2016-06-03,26.215272903442383
2016-06-06,26.342151641845703
2016-06-07,26.527597427368164
2016-06-08,26.634950637817383
2016-06-09,26.693513870239258
2016-06-10,26.244556427001953
2016-06-13,26.185993194580078
2016-06-14,26.254316329956055
2016-06-15,26.342151641845703
2016-06-16,26.19575309753418
2016-06-17,26.014690399169922
2016-06-20,26.35724449157715
2016-06-21,26.386608123779297
2016-06-22,26.239795684814453
2016-06-23,26.758525848388672
2016-06-24,25.358938217163086
2016-06-27,24.1746768951416
2016-06-28,24.850000381469727
2016-06-29,25.2806396484375
2016-06-30,25.877668380737305
2016-07-01,25.740644454956055
2016-07-05,25.368728637695312
2016-07-06,25.368728637695312
2016-07-07,25.6134090423584
2016-07-08,26.435546875
2016-07-11,26.807458877563477
2016-07-12,27.208742141723633
2016-07-13,27.27725601196289
2016-07-14,27.443639755249023
2016-07-15,27.35555076599121
2016-07-18,27.590450286865234
2016-07-19,27.570873260498047
2016-07-20,27.913427352905273
2016-07-21,27.472999572753906
2016-07-22,27.74704360961914
2016-07-25,28.040664672851562
2016-07-26,29.156415939331055
2016-07-27,29.283653259277344
2016-07-28,29.273866653442383
2016-07-29,29.107479095458984
2016-08-01,29.156415939331055
2016-08-02,28.72577476501465
2016-08-03,28.78449821472168
2016-08-04,29.07811737060547
2016-08-05,29.528335571289062
2016-08-08,29.64578628540039
2016-08-09,29.82195472717285
2016-08-10,29.479398727416992
2016-08-11,29.64578628540039
2016-08-12,29.939403533935547
2016-08-15,30.262386322021484
2016-08-16,30.086214065551758
2016-08-17,30.037281036376953
2016-08-18,30.1840877532959
2016-08-19,30.69302749633789
2016-08-22,30.888774871826172
2016-08-23,31.113882064819336
2016-08-24,30.790897369384766
2016-08-25,30.898561477661133
2016-08-26,31.064945220947266
2016-08-29,31.064945220947266
2016-08-30,30.92792320251465
2016-08-31,31.03558349609375
2016-09-01,31.358570098876953
2016-09-02,31.358570098876953
2016-09-06,31.18239402770996
2016-09-07,31.02579689025879
2016-09-08,30.91813850402832
2016-09-09,29.851316452026367
2016-09-12,30.272172927856445
2016-09-13,30.04706573486328
2016-09-14,30.193876266479492
2016-09-15,30.859411239624023
2016-09-16,30.869199752807617
2016-09-19,31.08452033996582
2016-09-20,31.006221771240234
2016-09-21,31.46622657775879
2016-09-22,31.642398834228516
2016-09-23,31.319414138793945
2016-09-26,30.92792320251465
2016-09-27,31.43686294555664
2016-09-28,31.59345817565918
2016-09-29,31.671756744384766
2016-09-30,32.1024055480957
2016-10-03,31.926233291625977
2016-10-04,31.955585479736328
2016-10-05,32.21005630493164
2016-10-06,32.42538833618164
2016-10-07,32.33729553222656
2016-10-10,32.19048309326172
2016-10-11,31.41728973388672
2016-10-12,31.309627532958984
2016-10-13,30.878984451293945
2016-10-14,31.133455276489258
2016-10-17,30.95728302001953
2016-10-18,31.241121292114258
2016-10-19,31.192182540893555
2016-10-20,31.22154426574707
2016-10-21,31.25090789794922
2016-10-24,31.769630432128906
2016-10-25,31.80877685546875
2016-10-26,31.613035202026367
2016-10-27,31.46622657775879
2016-10-28,31.3389892578125
2016-10-31,31.476011276245117
2016-11-01,31.3389892578125
2016-11-02,31.3389892578125
2016-11-03,31.23133087158203
2016-11-04,31.133455276489258
2016-11-07,32.12198257446289
2016-11-08,32.35686492919922
2016-11-09,32.38623046875
2016-11-10,31.75005340576172
2016-11-11,32.70921325683594
2016-11-14,32.63090896606445
2016-11-15,33.21815490722656
2016-11-16,33.599857330322266
2016-11-17,34.13816833496094
2016-11-18,34.294761657714844
2016-11-21,34.519866943359375
2016-11-22,34.979881286621094
2016-11-23,34.95050811767578
2016-11-25,35.01902389526367
2016-11-28,34.9211540222168
2016-11-29,34.91136169433594
2016-11-30,34.67646789550781
2016-12-01,32.748374938964844
2016-12-02,33.27688217163086
2016-12-05,33.7662467956543
2016-12-06,34.25560760498047
2016-12-07,34.98965835571289
2016-12-08,35.43987274169922
2016-12-09,35.156044006347656
2016-12-12,34.89179229736328
2016-12-13,35.136474609375
2016-12-14,35.07774353027344
2016-12-15,35.67477035522461
2016-12-16,35.24114227294922
2016-12-19,35.66395950317383
2016-12-20,35.98844528198242
2016-12-21,36.03761291503906
2016-12-22,36.214595794677734
2016-12-23,36.34242248535156
2016-12-27,36.853736877441406
2016-12-28,36.11626434326172
2016-12-29,36.00811004638672
2016-12-30,35.486968994140625
2017-01-03,35.65412139892578
2017-01-04,35.70328903198242
2017-01-05,35.31979751586914
2017-01-06,35.45746612548828
2017-01-09,35.85078048706055
2017-01-10,36.135929107666016
2017-01-11,36.38175964355469
2017-01-12,36.076934814453125
2017-01-13,36.44075393676758
2017-01-17,35.67378616333008
2017-01-18,36.03761291503906
2017-01-19,35.81144332885742
2017-01-20,36.1949348449707
2017-01-23,36.076934814453125
2017-01-24,36.95207214355469
2017-01-25,37.50270462036133
2017-01-26,37.325721740722656
2017-01-27,37.80752944946289
2017-01-30,37.53220748901367
2017-01-31,37.14872360229492
2017-02-01,37.9255256652832
2017-02-02,38.043521881103516
2017-02-03,38.4466667175293
2017-02-06,38.55483627319336
2017-02-07,38.7809944152832
2017-02-08,38.75149154663086
2017-02-09,38.56467056274414
2017-02-10,38.48599624633789
2017-02-13,38.65315628051758
2017-02-14,38.45650100708008
2017-02-15,38.85965347290039
2017-02-16,38.84981155395508
2017-02-17,39.06614685058594
2017-02-21,39.66594696044922
2017-02-22,39.715110778808594
2017-02-23,39.17430114746094
2017-02-24,39.09564208984375
2017-02-27,39.36112976074219
2017-02-28,38.712154388427734
2017-03-01,39.44962692260742
2017-03-02,39.09564208984375
2017-03-03,38.997310638427734
2017-03-06,39.09564208984375
2017-03-07,39.13496398925781
2017-03-08,39.17430114746094
2017-03-09,39.164466857910156
2017-03-10,39.67578887939453
2017-03-13,40.07892608642578
2017-03-14,39.95109558105469
2017-03-15,40.36408615112305
2017-03-16,40.393577575683594
2017-03-17,40.678733825683594
2017-03-20,40.91472625732422
2017-03-21,39.80360412597656
2017-03-22,40.167423248291016
2017-03-23,40.20676040649414
2017-03-24,40.58041000366211
2017-03-27,40.65906524658203
2017-03-28,40.7475700378418
2017-03-29,40.619747161865234
2017-03-30,40.99339294433594
2017-03-31,41.07205581665039
2017-04-03,40.767234802246094
2017-04-04,40.64924240112305
2017-04-05,40.22642517089844
2017-04-06,40.40341567993164
2017-04-07,40.60990905761719
2017-04-10,40.29525375366211
2017-04-11,39.99043273925781
2017-04-12,39.400455474853516
2017-04-13,39.056304931640625
2017-04-17,39.646278381347656
2017-04-18,39.83311080932617
2017-04-19,40.37391662597656
2017-04-20,41.19987869262695
2017-04-21,40.95405578613281
2017-04-24,41.59320068359375
2017-04-25,42.134010314941406
2017-04-26,41.927513122558594
2017-04-27,42.61581802368164
2017-04-28,41.78985595703125
2017-05-01,42.43882369995117
2017-05-02,41.819358825683594
2017-05-03,41.58336639404297
2017-05-04,41.77018737792969
2017-05-05,41.85868835449219
2017-05-08,41.65220260620117
2017-05-09,42.124176025390625
2017-05-10,42.92063903808594
2017-05-11,43.02880096435547
2017-05-12,42.999305725097656
2017-05-15,43.69744110107422
2017-05-16,44.297245025634766
2017-05-17,42.01601791381836
2017-05-18,42.753482818603516
2017-05-19,43.048465728759766
2017-05-22,43.520442962646484
2017-05-23,43.461448669433594
2017-05-24,43.72693634033203
2017-05-25,43.93342590332031
2017-05-26,44.20875549316406
2017-05-30,44.513572692871094
2017-05-31,44.513572692871094
2017-06-01,44.562740325927734
2017-06-02,45.05438232421875
2017-06-05,45.05438232421875
2017-06-06,45.30020523071289
2017-06-07,45.89018249511719
2017-06-08,46.77513885498047
2017-06-09,44.52339553833008
2017-06-12,43.903934478759766
2017-06-13,44.20875549316406
2017-06-14,43.471282958984375
2017-06-15,42.79281997680664
2017-06-16,42.85286331176758
2017-06-19,43.650264739990234
2017-06-20,42.941463470458984
2017-06-21,43.276180267333984
2017-06-22,43.0694465637207
2017-06-23,43.315547943115234
2017-06-26,42.911930084228516
2017-06-27,41.66169357299805
2017-06-28,42.57722473144531
2017-06-29,41.3958854675293
2017-06-30,41.080867767333984
2017-07-03,40.657554626464844
2017-07-05,41.28759765625
2017-07-06,41.29745101928711
2017-07-07,42.07515335083008
2017-07-10,42.626441955566406
2017-07-11,43.20726013183594
2017-07-12,43.87668991088867
2017-07-13,43.79793167114258
2017-07-14,44.329524993896484
2017-07-17,44.329524993896484
2017-07-18,44.7036247253418
2017-07-19,45.373046875
2017-07-20,45.5699348449707
2017-07-21,45.136775970458984
2017-07-24,45.11708068847656
2017-07-25,45.06786346435547
2017-07-26,45.68806076049805
2017-07-27,45.038333892822266
2017-07-28,44.467350006103516
2017-07-31,44.18186569213867
2017-08-01,44.211395263671875
2017-08-02,43.33525085449219
2017-08-03,42.783958435058594
2017-08-04,42.85286331176758
2017-08-07,43.837303161621094
2017-08-08,43.72901916503906
2017-08-09,43.561668395996094
2017-08-10,42.311424255371094
2017-08-11,42.86270523071289
2017-08-14,43.89638137817383
2017-08-15,43.82746505737305
2017-08-16,44.093265533447266
2017-08-17,42.81349182128906
2017-08-18,43.02022171020508
2017-08-21,42.66581726074219
2017-08-22,43.52228927612305
2017-08-23,43.54197692871094
2017-08-24,43.47306442260742
2017-08-25,43.20726013183594
2017-08-28,43.44353485107422
2017-08-29,43.71917724609375
2017-08-30,44.60517883300781
2017-08-31,44.86113357543945
2017-09-01,45.205684661865234
2017-09-05,44.644554138183594
2017-09-06,44.67408752441406
2017-09-07,44.870975494384766
2017-09-08,44.16217041015625
2017-09-11,45.254913330078125
2017-09-12,45.53055953979492
2017-09-13,45.60931396484375
2017-09-14,46.02277374267578
2017-09-15,46.623291015625
2017-09-18,47.2210578918457
2017-09-19,47.37862777709961
2017-09-20,46.758201599121094
2017-09-21,46.57109069824219
2017-09-22,47.02409744262695
2017-09-25,46.098384857177734
2017-09-26,46.068843841552734
2017-09-27,47.67406463623047
2017-09-28,48.20586395263672
2017-09-29,48.65886306762695
2017-10-02,49.20050048828125
2017-10-03,49.20050048828125
2017-10-04,49.348228454589844
2017-10-05,49.24974060058594
2017-10-06,49.55502700805664
2017-10-09,49.8504638671875
2017-10-10,50.13605880737305
2017-10-11,50.45119857788086
2017-10-12,50.510284423828125
2017-10-13,50.864810943603516
2017-10-16,51.16025161743164
2017-10-17,51.23903274536133
2017-10-18,51.59355926513672
2017-10-19,51.32766342163086
2017-10-20,51.50493240356445
2017-10-23,51.67234420776367
2017-10-24,52.007171630859375
2017-10-25,51.613258361816406
2017-10-26,51.810218811035156
2017-10-27,52.5488166809082
2017-10-30,52.61775207519531
2017-10-31,53.277565002441406
2017-11-01,52.19429016113281
2017-11-02,52.60790252685547
2017-11-03,52.94272994995117
2017-11-06,53.53361511230469
2017-11-07,53.24802017211914
2017-11-08,53.47452163696289
2017-11-09,52.282920837402344
2017-11-10,52.430641174316406
2017-11-13,52.50942611694336
2017-11-14,52.696529388427734
2017-11-15,51.849613189697266
2017-11-16,53.03136444091797
2017-11-17,52.77531814575195
2017-11-20,53.60255432128906
2017-11-21,54.459327697753906
2017-11-22,53.769962310791016
2017-11-24,54.16387939453125
2017-11-27,53.33665084838867
2017-11-28,53.30710983276367
2017-11-29,50.32316970825195
2017-11-30,50.48073959350586
2017-12-01,49.781532287597656
2017-12-04,48.35357666015625
2017-12-05,48.62932205200195
2017-12-06,48.77703857421875
2017-12-07,49.62396240234375
2017-12-08,49.358062744140625
2017-12-11,49.41715621948242
2017-12-12,48.75734329223633
2017-12-13,48.816429138183594
2017-12-14,48.90507125854492
2017-12-15,49.97848892211914
2017-12-18,51.01133728027344
2017-12-19,50.912776947021484
2017-12-20,51.267574310302734
2017-12-21,50.59740447998047
2017-12-22,50.51856231689453
2017-12-26,49.877967834472656
2017-12-27,50.084930419921875
2017-12-28,50.14406204223633
2017-12-29,49.73999786376953
2018-01-02,51.06061553955078
2018-01-03,51.858890533447266
2018-01-04,52.21369552612305
2018-01-05,52.62761306762695
2018-01-08,53.07110595703125
2018-01-09,52.331947326660156
2018-01-10,51.65192413330078
2018-01-11,51.9771614074707
2018-01-12,52.2728271484375
2018-01-16,52.28267288208008
2018-01-17,53.59343338012695
2018-01-18,53.84967803955078
2018-01-19,54.33258819580078
2018-01-22,54.48041534423828
2018-01-23,54.91405487060547
2018-01-24,53.573726654052734
2018-01-25,52.568477630615234
2018-01-26,54.03693389892578
2018-01-29,53.84967803955078
2018-01-30,52.66703796386719
2018-01-31,52.70645523071289
2018-02-01,52.60790252685547
2018-02-02,51.09017562866211
2018-02-05,48.83330154418945
2018-02-06,50.15391540527344
2018-02-07,48.97127151489258
2018-02-08,46.91150665283203
2018-02-09,47.99559020996094
2018-02-12,48.82344055175781
2018-02-13,48.705177307128906
2018-02-14,50.065216064453125
2018-02-15,50.912776947021484
2018-02-16,50.87335968017578
2018-02-20,52.19397735595703
2018-02-21,51.58294677734375
2018-02-22,51.415401458740234
2018-02-23,52.30238342285156
2018-02-26,53.2386474609375
2018-02-27,52.98240280151367
2018-02-28,52.61775207519531
2018-03-01,51.927886962890625
2018-03-02,52.92327117919922
2018-03-05,53.20907974243164
2018-03-06,54.342445373535156
2018-03-07,54.54940414428711
2018-03-08,54.61838912963867
2018-03-09,55.95872116088867
2018-03-12,56.540191650390625
2018-03-13,55.64335250854492
2018-03-14,55.692626953125
2018-03-15,55.70248794555664
2018-03-16,55.889732360839844
2018-03-19,54.95347595214844
2018-03-20,55.40682601928711
2018-03-21,55.840457916259766
2018-03-22,54.174903869628906
2018-03-23,52.243247985839844
2018-03-26,54.27345657348633
2018-03-27,52.13484573364258
2018-03-28,51.00148391723633
2018-03-29,52.08556365966797
2018-04-02,50.17362594604492
2018-04-03,51.05075454711914
2018-04-04,51.740631103515625
2018-04-05,51.080322265625
2018-04-06,49.779415130615234
2018-04-09,49.98638153076172
2018-04-10,51.6420783996582
2018-04-11,51.72092056274414
2018-04-12,52.54876708984375
2018-04-13,52.2728271484375
2018-04-16,52.420650482177734
2018-04-17,53.40618133544922
2018-04-18,52.77544021606445
2018-04-19,50.34117126464844
2018-04-20,49.76955795288086
2018-04-23,49.18809509277344
2018-04-24,48.64604568481445
2018-04-25,48.586910247802734
2018-04-26,49.66114807128906
2018-04-27,48.82344055175781
2018-04-30,48.30110549926758
2018-05-01,48.951560974121094
2018-05-02,49.109249114990234
2018-05-03,49.217655181884766
2018-05-04,50.45943069458008
2018-05-07,50.85364532470703
2018-05-08,51.198585510253906
2018-05-09,52.203834533691406
2018-05-10,52.97254943847656
2018-05-11,52.40093994140625
2018-05-14,53.25836181640625
2018-05-15,52.85428237915039
2018-05-16,53.5343017578125
2018-05-17,53.2780647277832
2018-05-18,52.2333984375
2018-05-21,52.95284652709961
2018-05-22,53.356910705566406
2018-05-23,53.721553802490234
2018-05-24,53.94823455810547
2018-05-25,54.43113708496094
2018-05-29,54.490272521972656
2018-05-30,54.8352165222168
2018-05-31,54.46071243286133
2018-06-01,55.52508544921875
2018-06-04,55.90944290161133
2018-06-05,56.34307861328125
2018-06-06,56.688018798828125
2018-06-07,55.889732360839844
2018-06-08,55.44624328613281
2018-06-11,55.16044235229492
2018-06-12,55.544795989990234
2018-06-13,55.53493881225586
2018-06-14,55.682769775390625
2018-06-15,55.75176239013672
2018-06-18,55.327911376953125
2018-06-19,54.784507751464844
2018-06-20,55.12042999267578
2018-06-21,54.57703399658203
2018-06-22,53.885433197021484
2018-06-25,52.21571350097656
2018-06-26,52.620792388916016
2018-06-27,51.19807052612305
2018-06-28,51.46483612060547
2018-06-29,51.55375671386719
2018-07-02,52.13667297363281
2018-07-03,51.19807052612305
2018-07-05,52.581275939941406
2018-07-06,53.282752990722656
2018-07-09,53.73723220825195
2018-07-10,54.2509880065918
2018-07-11,52.67019271850586
2018-07-12,53.8162727355957
2018-07-13,53.8162727355957
2018-07-16,53.638431549072266
2018-07-17,54.48811340332031
2018-07-18,55.01175308227539
2018-07-19,54.65607452392578
2018-07-20,54.29051208496094
2018-07-23,54.1225471496582
2018-07-24,53.470481872558594
2018-07-25,53.19382858276367
2018-07-26,54.379432678222656
2018-07-27,54.349788665771484
2018-07-30,53.53963088989258
2018-07-31,53.90519714355469
2018-08-01,53.75699234008789
2018-08-02,54.547393798828125
2018-08-03,54.53750991821289
2018-08-06,55.03150939941406
2018-08-07,55.30814743041992
2018-08-08,55.565032958984375
2018-08-09,54.95246887207031
2018-08-10,53.67795181274414
2018-08-13,53.87554931640625
2018-08-14,53.83603286743164
2018-08-15,52.79863357543945
2018-08-16,52.551631927490234
2018-08-17,52.027992248535156
2018-08-20,52.077396392822266
2018-08-21,53.18395233154297
2018-08-22,53.31239318847656
2018-08-23,53.411197662353516
2018-08-24,54.09291076660156
2018-08-27,55.01175308227539
2018-08-28,55.49586868286133
2018-08-29,55.35755157470703
2018-08-30,55.278507232666016
2018-08-31,55.594669342041016
2018-09-04,55.762630462646484
2018-09-05,55.33778762817383
2018-09-06,53.82615280151367
2018-09-07,53.095035552978516
2018-09-10,53.39143371582031
2018-09-11,53.11478805541992
2018-09-12,52.37379455566406
2018-09-13,52.65043640136719
2018-09-14,53.36178970336914
2018-09-17,52.620792388916016
2018-09-18,52.936954498291016
2018-09-19,52.89743423461914
2018-09-20,53.648311614990234
2018-09-21,53.36178970336914
2018-09-24,53.66559600830078
2018-09-25,52.735382080078125
2018-09-26,52.141624450683594
2018-09-27,52.349449157714844
2018-09-28,52.63642120361328
2018-10-01,52.48798751831055
2018-10-02,52.438507080078125
2018-10-03,52.517669677734375
2018-10-04,51.45880889892578
2018-10-05,50.013999938964844
2018-10-08,49.370765686035156
2018-10-09,49.3311767578125
2018-10-10,47.272830963134766
2018-10-11,47.07491683959961
2018-10-12,47.93585968017578
2018-10-15,47.71814727783203
2018-10-16,49.30149459838867
2018-10-17,49.004615783691406
2018-10-18,47.74782943725586
2018-10-19,46.80772399902344
2018-10-22,47.223350524902344
2018-10-23,46.93637466430664
2018-10-24,43.66081619262695
2018-10-25,44.848331451416016
2018-10-26,43.928009033203125
2018-10-29,43.69050216674805
2018-10-30,45.60042190551758
2018-10-31,46.32282257080078
2018-11-01,48.32180404663086
2018-11-02,47.95564651489258
2018-11-05,47.4311637878418
2018-11-06,47.78742218017578
2018-11-07,48.35149002075195
2018-11-08,48.1337776184082
2018-11-09,47.10459899902344
2018-11-12,44.93739318847656
2018-11-13,45.620216369628906
2018-11-14,45.9368782043457
2018-11-15,47.40148162841797
2018-11-16,47.06501388549805
2018-11-19,45.15510940551758
2018-11-20,45.32333755493164
2018-11-21,45.659793853759766
2018-11-23,45.71916580200195
2018-11-26,46.3821907043457
2018-11-27,46.42177963256836
2018-11-28,47.678565979003906
2018-11-29,47.411376953125
2018-11-30,48.21294403076172
2018-12-03,49.39055633544922
2018-12-04,47.1243896484375
2018-12-06,46.64938735961914
2018-12-07,45.026458740234375
2018-12-10,45.34312438964844
2018-12-11,45.659793853759766
2018-12-12,46.362403869628906
2018-12-13,45.917091369628906
2018-12-14,45.19468307495117
2018-12-17,44.47228240966797
2018-12-18,45.214473724365234
2018-12-19,43.21549987792969
2018-12-20,42.78997802734375
2018-12-21,41.9983024597168
2018-12-24,40.825748443603516
2018-12-26,43.129154205322266
2018-12-27,43.48657989501953
2018-12-28,43.843997955322266
2018-12-31,43.9929313659668
2019-01-02,44.41985321044922
2019-01-03,41.917884826660156
2019-01-04,43.55607223510742
2019-01-07,44.39006423950195
2019-01-08,44.4397087097168
2019-01-09,45.54176330566406
2019-01-10,46.127540588378906
2019-01-11,46.68353271484375
2019-01-14,45.879329681396484
2019-01-15,46.13747787475586
2019-01-16,45.93890380859375
2019-01-17,46.15732955932617
2019-01-18,47.070743560791016
2019-01-22,45.63111877441406
2019-01-23,45.283626556396484
2019-01-24,47.69623947143555
2019-01-25,49.076290130615234
2019-01-28,48.58979415893555
2019-01-29,48.123165130615234
2019-01-30,49.016719818115234
2019-01-31,49.10607147216797
2019-02-01,49.711708068847656
2019-02-04,49.87055969238281
2019-02-05,50.30741500854492
2019-02-06,51.389617919921875
2019-02-07,50.24784469604492
2019-02-08,50.15849304199219
2019-02-11,50.45634078979492
2019-02-12,51.5484733581543
2019-02-13,51.85625457763672
2019-02-14,52.25339126586914
2019-02-15,52.72995376586914
2019-02-19,52.392391204833984
2019-02-20,53.00794982910156
2019-02-21,52.70017623901367
2019-02-22,53.22637939453125
2019-02-25,53.76251220703125
2019-02-26,53.256160736083984
2019-02-27,52.571102142333984
2019-02-28,52.68031692504883
2019-03-01,53.14695358276367
2019-03-04,53.12709426879883
2019-03-05,52.84909439086914
2019-03-06,51.97539138793945
2019-03-07,51.3995475769043
2019-03-08,51.240692138671875
2019-03-11,52.48173904418945
2019-03-12,52.49167251586914
2019-03-13,52.51152801513672
2019-03-14,52.11439514160156
2019-03-15,53.335594177246094
2019-03-18,52.7287483215332
2019-03-19,53.22534942626953
2019-03-20,52.7287483215332
2019-03-21,54.238407135009766
2019-03-22,52.53010940551758
2019-03-25,52.1030387878418
2019-03-26,52.63935852050781
2019-03-27,51.89446258544922
2019-03-28,51.98385238647461
2019-03-29,52.66915512084961
2019-04-01,53.880855560302734
2019-04-02,53.95037841796875
2019-04-03,55.17201232910156
2019-04-04,55.21173858642578
2019-04-05,55.5494270324707
2019-04-08,55.57921600341797
2019-04-09,54.95351028442383
2019-04-10,55.559356689453125
2019-04-11,55.47990417480469
2019-04-12,56.20493698120117
2019-04-15,55.89704513549805
2019-04-16,57.48615646362305
2019-04-17,57.88343811035156
2019-04-18,57.764251708984375
2019-04-22,57.64506912231445
2019-04-23,58.21118927001953
2019-04-24,58.99581527709961
2019-04-25,57.674861907958984
2019-04-26,57.45635986328125
2019-04-29,57.22792053222656
2019-04-30,57.66493606567383
2019-05-01,57.26765441894531
2019-05-02,57.59540939331055
2019-05-03,58.58860397338867
2019-05-06,57.59540939331055
2019-05-07,56.6717414855957
2019-05-08,56.1552734375
2019-05-09,55.42030715942383
2019-05-10,55.62887954711914
2019-05-13,52.73868179321289
2019-05-14,53.990108489990234
2019-05-15,54.496639251708984
2019-05-16,53.24521255493164
2019-05-17,51.66603088378906
2019-05-20,49.759098052978516
2019-05-21,50.60331344604492
2019-05-22,49.69950866699219
2019-05-23,48.626853942871094
2019-05-24,48.388484954833984
2019-05-28,47.95147705078125
2019-05-29,48.22957229614258
2019-05-30,48.51759719848633
2019-05-31,47.79256820678711
2019-06-03,47.91175079345703
2019-06-04,50.13650894165039
2019-06-05,49.818687438964844
2019-06-06,50.16630172729492
2019-06-07,50.52385330200195
2019-06-10,52.013648986816406
2019-06-11,52.11296844482422
2019-06-12,50.93106460571289
2019-06-13,51.31841278076172
2019-06-14,49.97760009765625
2019-06-17,49.79882049560547
2019-06-18,51.834869384765625
2019-06-19,51.94412612915039
2019-06-20,52.54004669189453
2019-06-21,52.202354431152344
2019-06-24,52.15555191040039
2019-06-25,51.458412170410156
2019-06-26,52.93235778808594
2019-06-27,53.90834426879883
2019-06-28,54.097564697265625
2019-07-01,55.41215515136719
2019-07-02,54.565643310546875
2019-07-03,54.476009368896484
2019-07-05,54.207115173339844
2019-07-08,53.69919967651367
2019-07-09,54.14735794067383
2019-07-10,54.53575897216797
2019-07-11,54.45608901977539
2019-07-12,55.59142303466797
2019-07-15,55.890193939208984
2019-07-16,55.183101654052734
2019-07-17,55.17314147949219
2019-07-18,55.93998718261719
2019-07-19,56.009700775146484
2019-07-22,57.075321197509766
2019-07-23,57.73262023925781
2019-07-24,60.04311752319336
2019-07-25,59.02729415893555
2019-07-26,59.12688446044922
2019-07-29,59.017330169677734
2019-07-30,59.43561553955078
2019-07-31,58.220611572265625
2019-08-01,57.633026123046875
2019-08-02,56.8363037109375
2019-08-05,54.57559585571289
2019-08-06,54.9640007019043
2019-08-07,55.03371047973633
2019-08-08,56.28855514526367
2019-08-09,55.24285888671875
2019-08-12,54.64531326293945
2019-08-13,56.169044494628906
2019-08-14,54.57559585571289
2019-08-15,54.57559585571289
2019-08-16,55.890193939208984
2019-08-19,56.517616271972656
2019-08-20,56.28855514526367
2019-08-21,56.5972900390625
2019-08-22,56.49769592285156
2019-08-23,54.21706771850586
2019-08-26,54.35649871826172
2019-08-27,54.04777145385742
2019-08-28,54.446128845214844
2019-08-29,55.720890045166016
2019-08-30,56.278594970703125
2019-09-03,55.33248519897461
2019-09-04,56.686912536621094
2019-09-05,58.160858154296875
2019-09-06,58.26044464111328
2019-09-09,58.5890998840332
2019-09-10,58.599056243896484
2019-09-11,59.70450973510742
2019-09-12,59.89373016357422
2019-09-13,59.86385726928711
2019-09-16,59.48541259765625
2019-09-17,59.634796142578125
2019-09-18,59.71446990966797
2019-09-19,59.425655364990234
2019-09-20,58.579132080078125
2019-09-23,58.93627166748047
2019-09-24,57.88882064819336
2019-09-25,58.92628860473633
2019-09-26,58.76667785644531
2019-09-27,57.2503776550293
2019-09-30,57.66935729980469
2019-10-01,57.03091049194336
2019-10-02,56.32263946533203
2019-10-03,57.220455169677734
2019-10-04,58.34770584106445
2019-10-07,57.91875076293945
2019-10-08,56.05329895019531
2019-10-09,56.871299743652344
2019-10-10,57.38006591796875
2019-10-11,58.56716537475586
2019-10-14,58.33772659301758
2019-10-15,59.6445426940918
2019-10-16,58.87641525268555
2019-10-17,59.27544021606445
2019-10-18,58.577144622802734
2019-10-21,59.335296630859375
2019-10-22,58.76667785644531
2019-10-23,57.729209899902344
2019-10-24,59.2155876159668
2019-10-25,60.26303482055664
2019-10-28,61.360355377197266
2019-10-29,61.5798225402832
2019-10-30,61.50001907348633
2019-10-31,61.08103561401367
2019-11-01,62.36790084838867
2019-11-04,63.10609436035156
2019-11-05,63.255733489990234
2019-11-06,62.69709396362305
2019-11-07,62.90658950805664
2019-11-08,63.06619644165039
2019-11-11,63.0362663269043
2019-11-12,63.45524978637695
2019-11-13,63.43529510498047
2019-11-14,63.2158317565918
2019-11-15,63.7944221496582
2019-11-18,63.315589904785156
2019-11-19,62.8966064453125
2019-11-20,62.158409118652344
2019-11-21,61.20074462890625
2019-11-22,61.16084289550781
2019-11-25,62.916561126708984
2019-11-26,62.467655181884766
2019-11-27,62.92654037475586
2019-11-29,62.16838455200195
2019-12-02,61.17081832885742
2019-12-03,60.30293273925781
2019-12-04,61.120941162109375
2019-12-05,61.21072006225586
2019-12-06,62.248191833496094
2019-12-09,61.719478607177734
2019-12-10,62.128482818603516
2019-12-11,63.40536880493164
2019-12-12,64.94161987304688
2019-12-13,64.69223022460938
2019-12-16,65.52021789550781
2019-12-17,65.95913696289062
2019-12-18,65.85938262939453
2019-12-19,66.42799377441406
2019-12-20,67.13627624511719
2019-12-23,67.3759994506836
2019-12-24,67.67567443847656
2019-12-26,67.95536804199219
2019-12-27,67.45591735839844
2019-12-30,66.92649841308594
2019-12-31,67.0863265991211
2020-01-02,68.27501678466797
2020-01-03,67.57579040527344
2020-01-06,66.79664611816406
2020-01-07,67.95536804199219
2020-01-08,68.17512512207031
2020-01-09,68.57469177246094
2020-01-10,68.19510650634766
2020-01-13,69.29389953613281
2020-01-14,69.60356140136719
2020-01-15,68.80443572998047
2020-01-16,70.29280853271484
2020-01-17,70.98204040527344
2020-01-21,70.8621826171875
2020-01-22,71.56140899658203
2020-01-23,72.29061126708984
2020-01-24,70.98204040527344
2020-01-27,68.1651382446289
2020-01-28,69.54362487792969
2020-01-29,68.84439086914062
2020-01-30,68.94428253173828
2020-01-31,66.3770980834961
2020-02-03,67.14625549316406
2020-02-04,69.31387329101562
2020-02-05,70.60246276855469
2020-02-06,70.45262908935547
2020-02-07,69.26393127441406
2020-02-10,70.31278228759766
2020-02-11,71.95098114013672
2020-02-12,73.15965270996094
2020-02-13,73.08972930908203
2020-02-14,72.64022827148438
2020-02-18,71.52145385742188
2020-02-19,73.23956298828125
2020-02-20,72.35054016113281
2020-02-21,69.98313903808594
2020-02-24,66.45701599121094
2020-02-25,64.22946166992188
2020-02-26,64.19949340820312
2020-02-27,61.40256881713867
2020-02-28,62.63121795654297
2020-03-02,64.4392318725586
2020-03-03,62.58127212524414
2020-03-04,65.32825469970703
2020-03-05,63.27051544189453
2020-03-06,61.38258743286133
2020-03-09,55.938568115234375
2020-03-10,59.5046501159668
2020-03-11,56.378082275390625
2020-03-12,50.075008392333984
2020-03-13,54.9296760559082
2020-03-16,47.3380126953125
2020-03-17,51.77314376831055
2020-03-18,46.63877868652344
2020-03-19,47.99728775024414
2020-03-20,46.43899917602539
2020-03-23,47.9900016784668
2020-03-24,53.119998931884766
2020-03-25,52.9900016784668
2020-03-26,56.72999954223633
2020-03-27,53.91999816894531
2020-03-30,55.70000076293945
2020-03-31,54.34000015258789
2020-04-01,51.58000183105469
2020-04-02,52.529998779296875
2020-04-03,51.52000045776367
2020-04-06,57.400001525878906
2020-04-07,57.470001220703125
2020-04-08,59.290000915527344
2020-04-09,58.369998931884766
2020-04-13,58.81999969482422
2020-04-14,61.38999938964844
2020-04-15,59.66999816894531
2020-04-16,61.310001373291016
