Date,PXJ
2010-01-04,15.610212326049805
2010-01-05,15.867133140563965
2010-01-06,16.14177131652832
2010-01-07,16.10633659362793
2010-01-08,16.389835357666016
2010-01-11,16.203786849975586
2010-01-12,15.822833061218262
2010-01-13,15.9734468460083
2010-01-14,16.035465240478516
2010-01-15,15.840554237365723
2010-01-19,16.04432487487793
2010-01-20,15.725384712219238
2010-01-21,15.415301322937012
2010-01-22,14.830586433410645
2010-01-25,14.954619407653809
2010-01-26,14.866024017333984
2010-01-27,14.883740425109863
2010-01-28,14.564805030822754
2010-01-29,14.281306266784668
2010-02-01,14.688836097717285
2010-02-02,14.839444160461426
2010-02-03,14.777430534362793
2010-02-04,14.033243179321289
2010-02-05,13.92693042755127
2010-02-08,13.802900314331055
2010-02-09,14.139554023742676
2010-02-10,14.183853149414062
2010-02-11,14.449631690979004
2010-02-12,14.369897842407227
2010-02-16,14.706555366516113
2010-02-17,14.768568992614746
2010-02-18,14.919179916381836
2010-02-19,15.034353256225586
2010-02-22,14.92803955078125
2010-02-23,14.591382026672363
2010-02-24,14.60910415649414
2010-02-25,14.777430534362793
2010-02-26,14.653400421142578
2010-03-01,14.839444160461426
2010-03-02,14.97233772277832
2010-03-03,15.238116264343262
2010-03-04,15.131805419921875
2010-03-05,15.291272163391113
2010-03-08,15.353289604187012
2010-03-09,15.344429969787598
2010-03-10,15.424165725708008
2010-03-11,15.32671070098877
2010-03-12,15.397589683532715
2010-03-15,15.18496322631836
2010-03-16,15.37100601196289
2010-03-17,15.548192977905273
2010-03-18,15.105225563049316
2010-03-19,14.750853538513184
2010-03-22,14.839444160461426
2010-03-23,14.990057945251465
2010-03-24,14.874882698059082
2010-03-25,14.396476745605469
2010-03-26,14.316741943359375
2010-03-29,14.582524299621582
2010-03-30,14.671117782592773
2010-03-31,14.75971508026123
2010-04-01,15.140665054321289
2010-04-05,15.46845817565918
2010-04-06,15.654508590698242
2010-04-07,15.477317810058594
2010-04-08,15.503898620605469
2010-04-09,15.565913200378418
2010-04-12,15.619072914123535
2010-04-13,15.477317810058594
2010-04-14,15.840554237365723
2010-04-15,15.902570724487305
2010-04-16,15.610212326049805
2010-04-19,15.512758255004883
2010-04-20,16.07975959777832
2010-04-21,16.186073303222656
2010-04-22,16.487289428710938
2010-04-23,16.832807540893555
2010-04-26,16.770788192749023
2010-04-27,16.09747886657715
2010-04-28,16.310100555419922
2010-04-29,16.398696899414062
2010-04-30,15.946868896484375
2010-05-03,16.194929122924805
2010-05-04,15.610212326049805
2010-05-05,15.273554801940918
2010-05-06,14.60910415649414
2010-05-07,13.891494750976562
2010-05-10,14.679974555969238
2010-05-11,14.715415954589844
2010-05-12,15.202682495117188
2010-05-13,15.060929298400879
2010-05-14,14.679974555969238
2010-05-17,14.405339241027832
2010-05-18,14.183853149414062
2010-05-19,13.900352478027344
2010-05-20,13.067573547363281
2010-05-21,13.439664840698242
2010-05-24,13.067573547363281
2010-05-25,13.200460433959961
2010-05-26,13.404228210449219
2010-05-27,14.006668090820312
2010-05-28,13.4662446975708
2010-06-01,12.323384284973145
2010-06-02,12.952402114868164
2010-06-03,13.138446807861328
2010-06-04,12.757494926452637
2010-06-07,12.482852935791016
2010-06-08,12.6511812210083
2010-06-09,12.668900489807129
2010-06-10,13.510540962219238
2010-06-11,13.616852760314941
2010-06-14,13.554839134216309
2010-06-15,14.112979888916016
2010-06-16,14.095258712768555
2010-06-17,14.050963401794434
2010-06-18,14.219292640686035
2010-06-21,14.068679809570312
2010-06-22,13.590275764465332
2010-06-23,13.492820739746094
2010-06-24,13.173884391784668
2010-06-25,13.404228210449219
2010-06-28,13.280197143554688
2010-06-29,12.784073829650879
2010-06-30,12.792930603027344
2010-07-01,12.83722972869873
2010-07-02,12.987838745117188
2010-07-06,12.987838745117188
2010-07-07,13.545978546142578
2010-07-08,13.785183906555176
2010-07-09,13.838336944580078
2010-07-12,13.687728881835938
2010-07-13,13.900352478027344
2010-07-14,13.92693042755127
2010-07-15,13.944648742675781
2010-07-16,13.45738410949707
2010-07-19,13.705446243286133
2010-07-20,14.183853149414062
2010-07-21,14.006668090820312
2010-07-22,14.352180480957031
2010-07-23,14.529369354248047
2010-07-26,14.688836097717285
2010-07-27,14.564805030822754
2010-07-28,14.431914329528809
2010-07-29,14.564805030822754
2010-07-30,14.573664665222168
2010-08-02,15.016633033752441
2010-08-03,14.919179916381836
2010-08-04,15.016633033752441
2010-08-05,14.830586433410645
2010-08-06,14.644538879394531
2010-08-09,14.697697639465332
2010-08-10,14.50279426574707
2010-08-11,13.873773574829102
2010-08-12,13.785183906555176
2010-08-13,13.740884780883789
2010-08-16,13.802900314331055
2010-08-17,14.183853149414062
2010-08-18,14.050963401794434
2010-08-19,13.732024192810059
2010-08-20,13.519401550292969
2010-08-23,13.475101470947266
2010-08-24,13.377650260925293
2010-08-25,13.324493408203125
2010-08-26,13.22704029083252
2010-08-27,13.749743461608887
2010-08-30,13.563697814941406
2010-08-31,13.44852352142334
2010-09-01,14.024385452270508
2010-09-02,14.174993515014648
2010-09-03,14.307884216308594
2010-09-07,14.121835708618164
2010-09-08,14.245869636535645
2010-09-09,14.334461212158203
2010-09-10,14.688836097717285
2010-09-13,14.883740425109863
2010-09-14,14.804008483886719
2010-09-15,14.919179916381836
2010-09-16,14.741992950439453
2010-09-17,14.768568992614746
2010-09-20,15.131805419921875
2010-09-21,15.122946739196777
2010-09-22,15.025494575500488
2010-09-23,14.839444160461426
2010-09-24,15.202682495117188
2010-09-27,15.131805419921875
2010-09-28,15.32671070098877
2010-09-29,15.592495918273926
2010-09-30,15.48617935180664
2010-10-01,15.565913200378418
2010-10-04,15.300132751464844
2010-10-05,15.69880199432373
2010-10-06,15.68994426727295
2010-10-07,15.548192977905273
2010-10-08,15.929145812988281
2010-10-11,15.89371109008789
2010-10-12,16.07089614868164
2010-10-13,16.389835357666016
2010-10-14,16.3189640045166
2010-10-15,16.487289428710938
2010-10-18,16.35439682006836
2010-10-19,15.911430358886719
2010-10-20,16.132909774780273
2010-10-21,16.026596069335938
2010-10-22,16.292383193969727
2010-10-25,16.2746639251709
2010-10-26,16.398696899414062
2010-10-27,16.5050048828125
2010-10-28,16.265810012817383
2010-10-29,16.22150993347168
2010-11-01,16.239227294921875
2010-11-02,16.478431701660156
2010-11-03,16.602458953857422
2010-11-04,17.10744285583496
2010-11-05,17.169458389282227
2010-11-08,17.39094352722168
2010-11-09,17.31121063232422
2010-11-10,17.798473358154297
2010-11-11,17.869352340698242
2010-11-12,17.399803161621094
2010-11-15,17.337791442871094
2010-11-16,17.063148498535156
2010-11-17,17.373228073120117
2010-11-18,17.851634979248047
2010-11-19,17.97566032409668
2010-11-22,17.95794677734375
2010-11-23,17.568130493164062
2010-11-24,18.01110076904297
2010-11-26,17.78075408935547
2010-11-29,18.05539894104004
2010-11-30,18.002239227294922
2010-12-01,18.551523208618164
2010-12-02,18.888181686401367
2010-12-03,19.04764747619629
2010-12-06,19.153963088989258
2010-12-07,18.967914581298828
2010-12-08,18.87932014465332
2010-12-09,18.967914581298828
2010-12-10,19.083086013793945
2010-12-13,19.233686447143555
2010-12-14,19.04764747619629
2010-12-15,18.737567901611328
2010-12-16,18.914758682250977
2010-12-17,18.948549270629883
2010-12-20,19.090816497802734
2010-12-21,19.4287109375
2010-12-22,19.384246826171875
2010-12-23,19.41092300415039
2010-12-27,19.188629150390625
2010-12-28,19.13527488708496
2010-12-29,19.384246826171875
2010-12-30,19.366466522216797
2010-12-31,19.41092300415039
2011-01-03,19.464279174804688
2011-01-04,18.993003845214844
2011-01-05,19.144161224365234
2011-01-06,18.655115127563477
2011-01-07,18.77959632873535
2011-01-10,18.735139846801758
2011-01-11,19.188629150390625
2011-01-12,19.535411834716797
2011-01-13,19.437597274780273
2011-01-14,19.775493621826172
2011-01-18,19.882192611694336
2011-01-19,19.49094581604004
2011-01-20,19.393136978149414
2011-01-21,19.259763717651367
2011-01-24,19.34868049621582
2011-01-25,19.339784622192383
2011-01-26,20.086708068847656
2011-01-27,20.24675750732422
2011-01-28,20.14894676208496
2011-01-31,20.65578269958496
2011-02-01,20.94921112060547
2011-02-02,21.055917739868164
2011-02-03,21.06480598449707
2011-02-04,20.81583595275879
2011-02-07,21.16261863708496
2011-02-08,21.055917739868164
2011-02-09,20.682458877563477
2011-02-10,20.958105087280273
2011-02-11,21.029237747192383
2011-02-14,21.527185440063477
2011-02-15,21.32267189025879
2011-02-16,21.80282974243164
2011-02-17,22.345232009887695
2011-02-18,22.24742317199707
2011-02-22,21.713911056518555
2011-02-23,21.74059295654297
2011-02-24,21.42937660217285
2011-02-25,22.19407081604004
2011-02-28,22.24742317199707
2011-03-01,21.713911056518555
2011-03-02,22.1851806640625
2011-03-03,22.665346145629883
2011-03-04,22.665346145629883
2011-03-07,22.478614807128906
2011-03-08,22.300777435302734
2011-03-09,22.131826400756836
2011-03-10,21.091480255126953
2011-03-11,21.518293380737305
2011-03-14,21.660564422607422
2011-03-15,21.447158813476562
2011-03-16,20.940322875976562
2011-03-17,21.731698989868164
2011-03-18,21.731698989868164
2011-03-21,22.60309600830078
2011-03-22,22.505287170410156
2011-03-23,22.567533493041992
2011-03-24,22.763153076171875
2011-03-25,22.9143123626709
2011-03-28,22.932098388671875
2011-03-29,23.35890769958496
2011-03-30,23.465606689453125
2011-03-31,23.456714630126953
2011-04-01,23.518957138061523
2011-04-04,23.679012298583984
2011-04-05,23.616769790649414
2011-04-06,23.074369430541992
2011-04-07,23.065473556518555
2011-04-08,23.083261489868164
2011-04-11,22.55864143371582
2011-04-12,21.78504753112793
2011-04-13,21.962881088256836
2011-04-14,22.167396545410156
2011-04-15,22.478614807128906
2011-04-18,22.158504486083984
2011-04-19,22.523075103759766
2011-04-20,22.949880599975586
2011-04-21,23.323339462280273
2011-04-25,23.189958572387695
2011-04-26,23.438934326171875
2011-04-27,23.24331283569336
2011-04-28,23.216642379760742
2011-04-29,23.474498748779297
2011-05-02,22.887638092041016
2011-05-03,22.158504486083984
2011-05-04,21.616100311279297
2011-05-05,21.144834518432617
2011-05-06,21.109268188476562
2011-05-09,21.74947738647461
2011-05-10,21.891752243041992
2011-05-11,21.109268188476562
2011-05-12,21.082592010498047
2011-05-13,20.93143081665039
2011-05-16,20.629106521606445
2011-05-17,20.477949142456055
2011-05-18,21.109268188476562
2011-05-19,21.15372657775879
2011-05-20,21.18039894104004
2011-05-23,20.673568725585938
2011-05-24,20.92254066467285
2011-05-25,21.64278221130371
2011-05-26,21.847291946411133
2011-05-27,21.93621063232422
2011-05-31,22.060691833496094
2011-06-01,21.34934425354004
2011-06-02,21.500511169433594
2011-06-03,21.464942932128906
2011-06-06,20.744701385498047
2011-06-07,20.798049926757812
2011-06-08,20.762481689453125
2011-06-09,21.06480598449707
2011-06-10,20.6113224029541
2011-06-13,20.131166458129883
2011-06-14,20.637998580932617
2011-06-15,20.220083236694336
2011-06-16,20.1044864654541
2011-06-17,19.9888916015625
2011-06-20,20.095598220825195
2011-06-21,20.593538284301758
2011-06-22,20.72691535949707
2011-06-23,20.602428436279297
2011-06-24,20.228973388671875
2011-06-27,20.273435592651367
2011-06-28,21.06480598449707
2011-06-29,21.464942932128906
2011-06-30,21.83839988708496
2011-07-01,22.034019470214844
2011-07-05,22.256317138671875
2011-07-06,22.300777435302734
2011-07-07,22.63866424560547
2011-07-08,22.594207763671875
2011-07-11,21.962881088256836
2011-07-12,21.847291946411133
2011-07-13,22.300777435302734
2011-07-14,21.93621063232422
2011-07-15,22.594207763671875
2011-07-18,22.354127883911133
2011-07-19,22.887638092041016
2011-07-20,22.79871368408203
2011-07-21,23.012123107910156
2011-07-22,23.421154022216797
2011-07-25,23.394479751586914
2011-07-26,23.385581970214844
2011-07-27,22.73647689819336
2011-07-28,22.86985206604004
2011-07-29,22.754262924194336
2011-08-01,22.496397018432617
2011-08-02,21.74947738647461
2011-08-03,21.633886337280273
2011-08-04,19.686574935913086
2011-08-05,19.117490768432617
2011-08-08,17.0634708404541
2011-08-09,18.157169342041016
2011-08-10,17.588090896606445
2011-08-11,18.646223068237305
2011-08-12,18.86851692199707
2011-08-15,19.695459365844727
2011-08-16,19.081926345825195
2011-08-17,19.17083740234375
2011-08-18,17.694793701171875
2011-08-19,17.00123405456543
2011-08-22,16.75225830078125
2011-08-23,17.774816513061523
2011-08-24,17.943769454956055
2011-08-25,17.38357925415039
2011-08-26,17.95265769958496
2011-08-29,18.83295249938965
2011-08-30,19.073030471801758
2011-08-31,19.144161224365234
2011-09-01,18.850736618041992
2011-09-02,18.121606826782227
2011-09-06,17.890417098999023
2011-09-07,18.77959632873535
2011-09-08,18.54841423034668
2011-09-09,17.792606353759766
2011-09-12,17.997119903564453
2011-09-13,18.148284912109375
2011-09-14,18.361684799194336
2011-09-15,18.690685272216797
2011-09-16,18.47728157043457
2011-09-19,18.148284912109375
2011-09-20,17.792606353759766
2011-09-21,16.805606842041016
2011-09-22,15.542964935302734
2011-09-23,15.125049591064453
2011-09-26,15.765259742736816
2011-09-27,15.907535552978516
2011-09-28,15.018342971801758
2011-09-29,15.045022964477539
2011-09-30,14.378132820129395
2011-10-03,13.471162796020508
2011-10-04,14.164728164672852
2011-10-05,14.893857955932617
2011-10-06,15.534070014953613
2011-10-07,15.213968276977539
2011-10-10,16.192066192626953
2011-10-11,16.467721939086914
2011-10-12,16.627769470214844
2011-10-13,16.654447555541992
2011-10-14,17.401363372802734
2011-10-17,16.66333770751953
2011-10-18,17.365795135498047
2011-10-19,16.894529342651367
2011-10-20,16.95676612854004
2011-10-21,17.125715255737305
2011-10-24,17.89930534362793
2011-10-25,17.410255432128906
2011-10-26,17.95265769958496
2011-10-27,19.206409454345703
2011-10-28,19.250869750976562
2011-10-31,18.31722068786621
2011-11-01,17.49917221069336
2011-11-02,18.130496978759766
2011-11-03,18.930768966674805
2011-11-04,18.90408706665039
2011-11-07,19.081926345825195
2011-11-08,19.40203285217285
2011-11-09,18.272764205932617
2011-11-10,18.672901153564453
2011-11-11,19.23308753967285
2011-11-14,18.993003845214844
2011-11-15,19.161949157714844
2011-11-16,19.21530532836914
2011-11-17,18.423927307128906
2011-11-18,18.361684799194336
2011-11-21,17.73925018310547
2011-11-22,17.525850296020508
2011-11-23,16.707799911499023
2011-11-25,16.672231674194336
2011-11-28,17.436931610107422
2011-11-29,17.5703125
2011-11-30,18.815170288085938
2011-12-01,18.744029998779297
2011-12-02,18.8062744140625
2011-12-05,19.19751739501953
2011-12-06,18.993003845214844
2011-12-07,18.646223068237305
2011-12-08,18.09493064880371
2011-12-09,18.699573516845703
2011-12-12,17.997119903564453
2011-12-13,17.66811752319336
2011-12-14,16.947879791259766
2011-12-15,16.75225830078125
2011-12-16,17.180885314941406
2011-12-19,16.66510581970215
2011-12-20,17.6433162689209
2011-12-21,17.874526977539062
2011-12-22,18.105745315551758
2011-12-23,18.176883697509766
2011-12-27,18.167993545532227
2011-12-28,17.70556640625
2011-12-29,17.918991088867188
2011-12-30,17.927888870239258
2012-01-03,18.532596588134766
2012-01-04,18.51480484008789
2012-01-05,18.42588233947754
2012-01-06,18.45256233215332
2012-01-09,18.479238510131836
2012-01-10,18.879417419433594
2012-01-11,18.461454391479492
2012-01-12,18.23023796081543
2012-01-13,17.910099029541016
2012-01-17,17.81228256225586
2012-01-18,18.399208068847656
2012-01-19,18.559280395507812
2012-01-20,18.532596588134766
2012-01-23,18.461454391479492
2012-01-24,18.577062606811523
2012-01-25,18.808277130126953
2012-01-26,18.248023986816406
2012-01-27,18.497026443481445
2012-01-30,18.336956024169922
2012-01-31,18.345848083496094
2012-02-01,18.568164825439453
2012-02-02,18.74602508544922
2012-02-03,19.16398811340332
2012-02-06,19.519695281982422
2012-02-07,19.501909255981445
2012-02-08,19.430768966674805
2012-02-09,19.33294677734375
2012-02-10,19.18177032470703
2012-02-13,19.33294677734375
2012-02-14,19.252912521362305
2012-02-15,19.003917694091797
2012-02-16,19.475234985351562
2012-02-17,19.67976951599121
2012-02-21,19.67976951599121
2012-02-22,20.035478591918945
2012-02-23,20.106624603271484
2012-02-24,20.1955509185791
2012-02-27,19.973224639892578
2012-02-28,19.910982131958008
2012-02-29,19.519695281982422
2012-03-01,19.777587890625
2012-03-02,19.510805130004883
2012-03-05,19.17287826538086
2012-03-06,18.70155906677246
2012-03-07,18.950557708740234
2012-03-08,19.341842651367188
2012-03-09,19.457447052001953
2012-03-12,19.07505989074707
2012-03-13,19.386302947998047
2012-03-14,19.039485931396484
2012-03-15,19.155092239379883
2012-03-16,19.644197463989258
2012-03-19,19.724231719970703
2012-03-20,19.30626678466797
2012-03-21,19.021697998046875
2012-03-22,18.532596588134766
2012-03-23,18.923879623413086
2012-03-26,19.066160202026367
2012-03-27,18.70155906677246
2012-03-28,18.461454391479492
2012-03-29,18.40809440612793
2012-03-30,18.541486740112305
2012-04-02,18.728239059448242
2012-04-03,18.69266700744629
2012-04-04,18.319164276123047
2012-04-05,18.256921768188477
2012-04-09,18.025707244873047
2012-04-10,17.581064224243164
2012-04-11,17.67888832092285
2012-04-12,18.20355987548828
2012-04-13,17.73224449157715
2012-04-16,17.385421752929688
2012-04-17,17.669998168945312
2012-04-18,17.67888832092285
2012-04-19,17.687782287597656
2012-04-20,17.634422302246094
2012-04-23,17.57217788696289
2012-04-24,17.723352432250977
2012-04-25,18.07016944885254
2012-04-26,18.176883697509766
2012-04-27,18.09684944152832
2012-04-30,18.20355987548828
2012-05-01,18.372528076171875
2012-05-02,18.274703979492188
2012-05-03,17.830062866210938
2012-05-04,17.225357055664062
2012-05-07,17.207569122314453
2012-05-08,17.385421752929688
2012-05-09,17.252031326293945
2012-05-10,17.29650115966797
2012-05-11,17.100854873657227
2012-05-14,16.771818161010742
2012-05-15,16.407217025756836
2012-05-16,16.21156883239746
2012-05-17,16.051504135131836
2012-05-18,15.864758491516113
2012-05-21,16.407217025756836
2012-05-22,16.336076736450195
2012-05-23,16.61174774169922
2012-05-24,16.362754821777344
2012-05-25,16.371644973754883
2012-05-29,16.736251831054688
2012-05-30,16.131542205810547
2012-05-31,15.829185485839844
2012-06-01,15.357865333557129
2012-06-04,15.242260932922363
2012-06-05,15.535723686218262
2012-06-06,15.838074684143066
2012-06-07,15.74914836883545
2012-06-08,15.615756034851074
2012-06-11,15.233367919921875
2012-06-12,15.509044647216797
2012-06-13,15.17111873626709
2012-06-14,15.357865333557129
2012-06-15,15.66911792755127
2012-06-18,15.411222457885742
2012-06-19,15.882543563842773
2012-06-20,15.864758491516113
2012-06-21,15.002156257629395
2012-06-22,15.04662036895752
2012-06-25,14.504155158996582
2012-06-26,14.513049125671387
2012-06-27,15.002156257629395
2012-06-28,15.268939018249512
2012-06-29,15.838074684143066
2012-07-02,15.900324821472168
2012-07-03,16.433889389038086
2012-07-05,16.21156883239746
2012-07-06,16.007038116455078
2012-07-09,16.060401916503906
2012-07-10,15.66911792755127
2012-07-11,15.864758491516113
2012-07-12,15.72247314453125
2012-07-13,15.998148918151855
2012-07-16,16.033720016479492
2012-07-17,16.344966888427734
2012-07-18,16.66510581970215
2012-07-19,16.66510581970215
2012-07-20,16.771818161010742
2012-07-23,16.620647430419922
2012-07-24,16.27382469177246
2012-07-25,16.19379234313965
2012-07-26,16.92300033569336
2012-07-27,17.46546173095703
2012-07-30,17.527708053588867
2012-07-31,17.100854873657227
2012-08-01,17.136428833007812
2012-08-02,16.8162841796875
2012-08-03,17.349851608276367
2012-08-06,17.46546173095703
2012-08-07,17.750028610229492
2012-08-08,17.723352432250977
2012-08-09,18.016813278198242
2012-08-10,17.999027252197266
2012-08-13,17.892316818237305
2012-08-14,17.785600662231445
2012-08-15,17.81228256225586
2012-08-16,18.105745315551758
2012-08-17,18.20355987548828
2012-08-20,18.132421493530273
2012-08-21,18.105745315551758
2012-08-22,18.043489456176758
2012-08-23,17.794496536254883
2012-08-24,17.785600662231445
2012-08-27,17.723352432250977
2012-08-28,17.661102294921875
2012-08-29,17.492137908935547
2012-08-30,17.163103103637695
2012-08-31,17.456565856933594
2012-09-04,17.29650115966797
2012-09-05,17.42989158630371
2012-09-06,17.830062866210938
2012-09-07,18.283597946166992
2012-09-10,18.20355987548828
2012-09-11,18.488134384155273
2012-09-12,18.61263084411621
2012-09-13,19.030593872070312
2012-09-14,19.519695281982422
2012-09-17,19.16398811340332
2012-09-18,18.923879623413086
2012-09-19,18.74602508544922
2012-09-20,18.61263084411621
2012-09-21,18.674882888793945
2012-09-24,18.577062606811523
2012-09-25,18.08795928955078
2012-09-26,17.73224449157715
2012-09-27,18.09684944152832
2012-09-28,17.963455200195312
2012-10-01,17.927888870239258
2012-10-02,17.874526977539062
2012-10-03,17.438785552978516
2012-10-04,17.696670532226562
2012-10-05,17.57217788696289
2012-10-08,17.545494079589844
2012-10-09,17.714458465576172
2012-10-10,17.39432144165039
2012-10-11,17.70556640625
2012-10-12,17.598852157592773
2012-10-15,17.714458465576172
2012-10-16,17.95456314086914
2012-10-17,18.26581573486328
2012-10-18,18.434772491455078
2012-10-19,17.981239318847656
2012-10-22,17.767812728881836
2012-10-23,17.474353790283203
2012-10-24,17.225357055664062
2012-10-25,17.403209686279297
2012-10-26,17.26093292236328
2012-10-31,17.1097469329834
2012-11-01,17.447675704956055
2012-11-02,17.08306884765625
2012-11-05,17.29650115966797
2012-11-06,17.527708053588867
2012-11-07,16.92300033569336
2012-11-08,16.54060935974121
2012-11-09,16.505035400390625
2012-11-12,16.638425827026367
2012-11-13,16.398324966430664
2012-11-14,16.2204647064209
2012-11-15,16.336076736450195
2012-11-16,16.487253189086914
2012-11-19,17.01192855834961
2012-11-20,16.905216217041016
2012-11-21,16.97635269165039
2012-11-23,17.145320892333984
2012-11-26,17.07417869567871
2012-11-27,17.056394577026367
2012-11-28,17.180885314941406
2012-11-29,17.385421752929688
2012-11-30,17.581064224243164
2012-12-03,17.545494079589844
2012-12-04,17.634422302246094
2012-12-05,17.776708602905273
2012-12-06,17.741132736206055
2012-12-07,17.767812728881836
2012-12-10,17.80338478088379
2012-12-11,17.856748580932617
2012-12-12,17.750028610229492
2012-12-13,17.438785552978516
2012-12-14,17.349851608276367
2012-12-17,17.50992202758789
2012-12-18,18.09684944152832
2012-12-19,18.12352752685547
2012-12-20,18.372528076171875
2012-12-21,18.06622886657715
2012-12-24,17.932666778564453
2012-12-26,17.870342254638672
2012-12-27,17.825820922851562
2012-12-28,17.61212158203125
2012-12-31,18.110750198364258
2013-01-02,18.59156608581543
2013-01-03,18.76073455810547
2013-01-04,19.099092483520508
2013-01-07,19.018957138061523
2013-01-08,18.858686447143555
2013-01-09,18.938819885253906
2013-01-10,19.16142463684082
2013-01-11,19.04566764831543
2013-01-14,18.78745460510254
2013-01-15,19.090190887451172
2013-01-16,19.116901397705078
2013-01-17,19.28607749938965
2013-01-18,19.62442970275879
2013-01-22,19.89154815673828
2013-01-23,19.90936279296875
2013-01-24,19.953876495361328
2013-01-25,20.283327102661133
2013-01-28,20.336746215820312
2013-01-29,20.390174865722656
2013-01-30,20.176475524902344
2013-01-31,20.381271362304688
2013-02-01,20.61277198791504
2013-02-04,20.399078369140625
2013-02-05,20.532636642456055
2013-02-06,20.532636642456055
2013-02-07,20.817567825317383
2013-02-08,21.102493286132812
2013-02-11,20.951126098632812
2013-02-12,20.968935012817383
2013-02-13,21.18263053894043
2013-02-14,21.859336853027344
2013-02-15,21.65454864501953
2013-02-19,21.761388778686523
2013-02-20,21.129207611083984
2013-02-21,20.65729331970215
2013-02-22,20.83537483215332
2013-02-25,20.034013748168945
2013-02-26,20.22989845275879
2013-02-27,20.675098419189453
2013-02-28,20.781949996948242
2013-03-01,20.47921371459961
2013-03-04,20.131959915161133
2013-03-05,20.425790786743164
2013-03-06,20.425790786743164
2013-03-07,20.586063385009766
2013-03-08,20.773048400878906
2013-03-11,20.799760818481445
2013-03-12,20.817567825317383
2013-03-13,20.808664321899414
2013-03-14,21.18263053894043
2013-03-15,21.38742446899414
2013-03-18,20.99564552307129
2013-03-19,20.603870391845703
2013-03-20,20.568254470825195
2013-03-21,20.488121032714844
2013-03-22,20.559350967407227
2013-03-25,20.63058090209961
2013-03-26,20.879892349243164
2013-03-27,20.915508270263672
2013-03-28,20.808664321899414
2013-04-01,20.22989845275879
2013-04-02,20.114152908325195
2013-04-03,19.562101364135742
2013-04-04,19.508678436279297
2013-04-05,19.766897201538086
2013-04-08,19.98949432373047
2013-04-09,20.15867042541504
2013-04-10,20.541542053222656
2013-04-11,20.66619873046875
2013-04-12,20.22100257873535
2013-04-15,19.090190887451172
2013-04-16,19.384021759033203
2013-04-17,18.662797927856445
2013-04-18,18.90320587158203
2013-04-19,18.840877532958984
2013-04-22,19.2059383392334
2013-04-23,19.481966018676758
2013-04-24,19.75798797607422
2013-04-25,19.490873336791992
2013-04-26,19.455259323120117
2013-04-29,19.79360580444336
2013-04-30,20.01620101928711
2013-05-01,19.633331298828125
2013-05-02,19.93606948852539
2013-05-03,20.41688346862793
2013-05-06,20.50592613220215
2013-05-07,20.826467514038086
2013-05-08,21.013456344604492
2013-05-09,20.986743927001953
2013-05-10,20.96002769470215
2013-05-13,20.862089157104492
2013-05-14,20.96002769470215
2013-05-15,20.924413681030273
2013-05-16,20.879892349243164
2013-05-17,21.289478302001953
2013-05-20,21.574405670166016
2013-05-21,21.503173828125
2013-05-22,21.06688117980957
2013-05-23,20.968935012817383
2013-05-24,20.915508270263672
2013-05-28,21.227149963378906
2013-05-29,21.102493286132812
2013-05-30,20.933317184448242
2013-05-31,20.550445556640625
2013-06-03,20.621673583984375
2013-06-04,20.372364044189453
2013-06-05,20.23880386352539
2013-06-06,20.372364044189453
2013-06-07,20.68400764465332
2013-06-10,20.568254470825195
2013-06-11,20.247709274291992
2013-06-12,20.07853126525879
2013-06-13,20.577157974243164
2013-06-14,20.46140480041504
2013-06-17,20.906612396240234
2013-06-18,21.093591690063477
2013-06-19,20.879892349243164
2013-06-20,20.363466262817383
2013-06-21,20.340290069580078
2013-06-24,20.10854148864746
2013-06-25,20.384857177734375
2013-06-26,20.482898712158203
2013-06-27,20.5452938079834
2013-06-28,20.527467727661133
2013-07-01,20.72356605529785
2013-07-02,20.777040481567383
2013-07-03,20.794870376586914
2013-07-05,21.22270965576172
2013-07-08,21.436628341674805
2013-07-09,21.677291870117188
2013-07-10,21.463369369506836
2013-07-11,21.534677505493164
2013-07-12,21.605985641479492
2013-07-15,21.543590545654297
2013-07-16,21.392061233520508
2013-07-17,21.561418533325195
2013-07-18,21.900129318237305
2013-07-19,22.087305068969727
2013-07-22,22.051645278930664
2013-07-23,21.980344772338867
2013-07-24,21.552505493164062
2013-07-25,21.516849517822266
2013-07-26,21.356412887573242
2013-07-29,21.053354263305664
2013-07-30,21.053354263305664
2013-07-31,21.16031265258789
2013-08-01,21.686206817626953
2013-08-02,21.810989379882812
2013-08-05,21.819904327392578
2013-08-06,21.454456329345703
2013-08-07,21.579240798950195
2013-08-08,21.72186279296875
2013-08-09,21.739683151245117
2013-08-12,21.659465789794922
2013-08-13,21.66837501525879
2013-08-14,21.579240798950195
2013-08-15,21.436628341674805
2013-08-16,21.302928924560547
2013-08-19,21.080093383789062
2013-08-20,21.36532211303711
2013-08-21,21.071178436279297
2013-08-22,21.445545196533203
2013-08-23,21.605985641479492
2013-08-26,21.58815574645996
2013-08-27,21.311840057373047
2013-08-28,21.561418533325195
2013-08-29,21.356412887573242
2013-08-30,21.062271118164062
2013-09-03,21.124664306640625
2013-09-04,21.40989112854004
2013-09-05,21.712940216064453
2013-09-06,21.810989379882812
2013-09-09,22.18535041809082
2013-09-10,22.247745513916016
2013-09-11,22.301223754882812
2013-09-12,22.06056785583496
2013-09-13,22.016000747680664
2013-09-16,22.17643928527832
2013-09-17,22.319055557250977
2013-09-18,22.479494094848633
2013-09-19,22.524066925048828
2013-09-20,22.268795013427734
2013-09-23,22.17061424255371
2013-09-24,22.197391510009766
2013-09-25,22.24201774597168
2013-09-26,22.21523666381836
2013-09-27,22.16168975830078
2013-09-30,22.018884658813477
2013-10-01,22.313425064086914
2013-10-02,22.447301864624023
2013-10-03,22.295568466186523
2013-10-04,22.607959747314453
2013-10-07,22.358049392700195
2013-10-08,22.16168975830078
2013-10-09,21.947481155395508
2013-10-10,22.483003616333008
2013-10-11,22.688291549682617
2013-10-14,22.93819808959961
2013-10-15,22.688291549682617
2013-10-16,22.95604705810547
2013-10-17,23.04530143737793
2013-10-18,23.509422302246094
2013-10-21,23.313064575195312
2013-10-22,23.54511833190918
2013-10-23,23.04530143737793
2013-10-24,23.07207679748535
2013-10-25,23.17025375366211
2013-10-28,23.30413818359375
2013-10-29,23.589750289916992
2013-10-30,23.39339256286621
2013-10-31,23.34876823425293
2013-11-01,23.286287307739258
2013-11-04,23.589750289916992
2013-11-05,23.384464263916016
2013-11-06,23.509422302246094
2013-11-07,23.214881896972656
2013-11-08,23.92891502380371
2013-11-11,24.14312171936035
2013-11-12,23.812883377075195
2013-11-13,24.04494285583496
2013-11-14,24.14312171936035
2013-11-15,24.214523315429688
2013-11-18,23.741479873657227
2013-11-19,23.509422302246094
2013-11-20,23.473718643188477
2013-11-21,23.598674774169922
2013-11-22,23.598674774169922
2013-11-25,22.97390365600586
2013-11-26,23.098852157592773
2013-11-27,22.875715255737305
2013-11-29,22.97390365600586
2013-12-02,22.911422729492188
2013-12-03,22.929271697998047
2013-12-04,22.95604705810547
2013-12-05,22.795391082763672
2013-12-06,22.768613815307617
2013-12-09,22.750768661499023
2013-12-10,22.500852584838867
2013-12-11,22.17061424255371
2013-12-12,22.36697006225586
2013-12-13,22.30449676513672
2013-12-16,22.634733200073242
2013-12-17,22.45622444152832
2013-12-18,22.590105056762695
2013-12-19,22.411603927612305
2013-12-20,22.67877769470215
2013-12-23,22.625165939331055
2013-12-24,22.848552703857422
2013-12-26,22.902164459228516
2013-12-27,23.116628646850586
2013-12-30,22.928972244262695
2013-12-31,23.089824676513672
2014-01-02,22.705583572387695
2014-01-03,22.78600311279297
2014-01-06,22.643033981323242
2014-01-07,22.580488204956055
2014-01-08,22.303476333618164
2014-01-09,22.285608291625977
2014-01-10,22.598356246948242
2014-01-13,22.089019775390625
2014-01-14,22.482189178466797
2014-01-15,22.491130828857422
2014-01-16,22.40177345275879
2014-01-17,22.491130828857422
2014-01-21,22.63409996032715
2014-01-22,22.839616775512695
2014-01-23,22.383899688720703
2014-01-24,21.892440795898438
2014-01-27,21.686914443969727
2014-01-28,21.713722229003906
2014-01-29,21.427780151367188
2014-01-30,21.64223861694336
2014-01-31,21.490327835083008
2014-02-03,21.0078067779541
2014-02-04,21.311613082885742
2014-02-05,21.088224411010742
2014-02-06,21.570749282836914
2014-02-07,21.686914443969727
2014-02-10,21.5439453125
2014-02-11,22.133699417114258
2014-02-12,22.044343948364258
2014-02-13,22.330286026000977
2014-02-14,22.34815788269043
2014-02-18,22.598356246948242
2014-02-19,22.741329193115234
2014-02-20,22.928972244262695
2014-02-21,22.732389450073242
2014-02-24,23.28640365600586
2014-02-25,23.16130828857422
2014-02-26,23.0987548828125
2014-02-27,23.143434524536133
2014-02-28,23.420438766479492
2014-03-03,23.143434524536133
2014-03-04,23.536605834960938
2014-03-05,23.322147369384766
2014-03-06,23.55447769165039
2014-03-07,23.51873016357422
2014-03-10,23.45618438720703
2014-03-11,22.955781936645508
2014-03-12,22.89323616027832
2014-03-13,22.562612533569336
2014-03-14,22.589420318603516
2014-03-17,22.955781936645508
2014-03-18,23.241724014282227
2014-03-19,23.205982208251953
2014-03-20,23.322147369384766
2014-03-21,23.599153518676758
2014-03-24,23.420438766479492
2014-03-25,23.71531867980957
2014-03-26,23.447248458862305
2014-03-27,23.65276336669922
2014-03-28,24.081676483154297
2014-03-31,24.10848617553711
2014-04-01,24.206777572631836
2014-04-02,24.37656021118164
2014-04-03,24.15316390991211
2014-04-04,24.054868698120117
2014-04-07,23.51873016357422
2014-04-08,23.92977523803711
2014-04-09,24.12635612487793
2014-04-10,23.71531867980957
2014-04-11,23.61702537536621
2014-04-14,23.983388900756836
2014-04-15,24.242521286010742
2014-04-16,24.537397384643555
2014-04-17,24.725048065185547
2014-04-21,25.010988235473633
2014-04-22,25.07354164123535
2014-04-23,25.27012825012207
2014-04-24,24.984182357788086
2014-04-25,24.859088897705078
2014-04-28,24.805471420288086
2014-04-29,24.859088897705078
2014-04-30,25.03780174255371
2014-05-01,24.60888671875
2014-05-02,24.850143432617188
2014-05-05,24.89482879638672
2014-05-06,24.885892868041992
2014-05-07,25.118223190307617
2014-05-08,24.6982421875
2014-05-09,24.510591506958008
2014-05-12,24.760787963867188
2014-05-13,24.733983993530273
2014-05-14,24.67143440246582
2014-05-15,24.179969787597656
2014-05-16,24.251455307006836
2014-05-19,24.448041915893555
2014-05-20,24.34081268310547
2014-05-21,24.653568267822266
2014-05-22,24.689302444458008
2014-05-23,24.653568267822266
2014-05-27,24.805471420288086
2014-05-28,24.75185775756836
2014-05-29,24.975248336791992
2014-05-30,24.993122100830078
2014-06-02,24.930570602416992
2014-06-03,25.002052307128906
2014-06-04,25.064603805541992
2014-06-05,25.279064178466797
2014-06-06,25.663291931152344
2014-06-09,25.806262969970703
2014-06-10,25.61861801147461
2014-06-11,25.556066513061523
2014-06-12,25.654361724853516
2014-06-13,25.842010498046875
2014-06-16,25.868820190429688
2014-06-17,25.868820190429688
2014-06-18,26.092208862304688
2014-06-19,26.163700103759766
2014-06-20,26.49624252319336
2014-06-23,26.478315353393555
2014-06-24,25.87775993347168
2014-06-25,26.25422477722168
2014-06-26,26.36178970336914
2014-06-27,26.550024032592773
2014-06-30,26.792034149169922
2014-07-01,26.765148162841797
2014-07-02,26.783077239990234
2014-07-03,26.836856842041016
2014-07-07,26.41556739807129
2014-07-08,26.370756149291992
2014-07-09,26.469350814819336
2014-07-10,26.065994262695312
2014-07-11,25.761232376098633
2014-07-14,26.164592742919922
2014-07-15,25.985322952270508
2014-07-16,26.45142364501953
2014-07-17,26.065994262695312
2014-07-18,25.97635269165039
2014-07-21,26.003250122070312
2014-07-22,26.2631893157959
2014-07-23,26.39764404296875
2014-07-24,26.281116485595703
2014-07-25,26.128734588623047
2014-07-28,25.9494686126709
2014-07-29,25.80605125427246
2014-07-30,25.564035415649414
2014-07-31,24.739389419555664
2014-08-01,24.551151275634766
2014-08-04,24.918659210205078
2014-08-05,24.398771286010742
2014-08-06,24.497373580932617
2014-08-07,24.219499588012695
2014-08-08,24.667678833007812
2014-08-11,24.712495803833008
2014-08-12,24.578046798706055
2014-08-13,24.72146224975586
2014-08-14,24.24639320373535
2014-08-15,24.48841094970703
2014-08-18,24.63182258605957
2014-08-19,24.757312774658203
2014-08-20,24.78420639038086
2014-08-21,24.811094284057617
2014-08-22,24.65871810913086
2014-08-25,24.891765594482422
2014-08-26,25.178604125976562
2014-08-27,25.277202606201172
2014-08-28,25.196531295776367
2014-08-29,25.384763717651367
2014-09-02,25.115859985351562
2014-09-03,25.151708602905273
2014-09-04,24.569080352783203
2014-09-05,24.685606002807617
2014-09-08,24.20157241821289
2014-09-09,24.031269073486328
2014-09-10,24.174684524536133
2014-09-11,24.353954315185547
2014-09-12,23.825109481811523
2014-09-15,23.860960006713867
2014-09-16,24.031269073486328
2014-09-17,23.83407211303711
2014-09-18,23.843032836914062
2014-09-19,23.528066635131836
2014-09-22,23.079402923583984
2014-09-23,23.16016387939453
2014-09-24,23.20503044128418
2014-09-25,22.81917381286621
2014-09-26,23.16016387939453
2014-09-29,22.92685890197754
2014-09-30,22.70252227783203
2014-10-01,22.08336067199707
2014-10-02,21.77827262878418
2014-10-03,21.527015686035156
2014-10-06,21.518041610717773
2014-10-07,21.40138816833496
2014-10-08,21.32063102722168
2014-10-09,20.378429412841797
2014-10-10,19.902847290039062
2014-10-13,19.077295303344727
2014-10-14,18.682472229003906
2014-10-15,19.04140281677246
2014-10-16,19.472126007080078
2014-10-17,19.525962829589844
2014-10-20,19.768245697021484
2014-10-21,20.48611068725586
2014-10-22,19.88489532470703
2014-10-23,20.35150718688965
2014-10-24,20.163066864013672
2014-10-27,19.36444091796875
2014-10-28,19.84900665283203
2014-10-29,19.93873405456543
2014-10-30,19.750301361083984
2014-10-31,19.992578506469727
2014-11-03,19.65159034729004
2014-11-04,18.628637313842773
2014-11-05,19.05935287475586
2014-11-06,19.31060791015625
2014-11-07,19.723379135131836
2014-11-10,19.525962829589844
2014-11-11,19.516990661621094
2014-11-12,19.346498489379883
2014-11-13,19.202926635742188
2014-11-14,19.3734188079834
2014-11-17,19.319578170776367
2014-11-18,19.184982299804688
2014-11-19,19.068323135375977
2014-11-20,19.4093074798584
2014-11-21,19.866952896118164
2014-11-24,19.678508758544922
2014-11-25,19.22087287902832
2014-11-26,18.691442489624023
2014-11-28,16.789098739624023
2014-12-01,16.277618408203125
2014-12-02,16.19685935974121
2014-12-03,16.49298095703125
2014-12-04,16.31351661682129
2014-12-05,16.062265396118164
2014-12-08,15.27260684967041
2014-12-09,15.67640209197998
2014-12-10,15.111085891723633
2014-12-11,14.994433403015137
2014-12-12,14.6444730758667
2014-12-15,14.509875297546387
2014-12-16,14.770099639892578
2014-12-17,15.55975341796875
2014-12-18,15.766136169433594
2014-12-19,16.39339828491211
2014-12-22,16.068950653076172
2014-12-23,16.068950653076172
2014-12-24,15.978827476501465
2014-12-26,16.00586700439453
2014-12-29,16.059938430786133
2014-12-30,15.94278335571289
2014-12-31,15.789573669433594
2015-01-02,15.771544456481934
2015-01-05,15.11365032196045
2015-01-06,14.780194282531738
2015-01-07,14.681057929992676
2015-01-08,14.897353172302246
2015-01-09,14.635994911193848
2015-01-12,14.077231407165527
2015-01-13,14.032170295715332
2015-01-14,14.05920696258545
2015-01-15,13.7167387008667
2015-01-16,14.33858871459961
2015-01-20,14.230441093444824
2015-01-21,14.699081420898438
2015-01-22,14.708094596862793
2015-01-23,14.527847290039062
2015-01-26,14.744145393371582
2015-01-27,14.93340015411377
2015-01-28,14.122293472290039
2015-01-29,14.01414680480957
2015-01-30,14.392663955688477
2015-02-02,14.978464126586914
2015-02-03,15.501180648803711
2015-02-04,15.059572219848633
2015-02-05,15.483152389526367
2015-02-06,15.501180648803711
2015-02-09,15.771544456481934
2015-02-10,15.320932388305664
2015-02-11,15.176733016967773
2015-02-12,15.176733016967773
2015-02-13,15.726487159729004
2015-02-17,15.996854782104492
2015-02-18,15.8796968460083
2015-02-19,15.789573669433594
2015-02-20,15.582290649414062
2015-02-23,15.329944610595703
2015-02-24,15.239819526672363
2015-02-25,15.375004768371582
2015-02-26,15.149694442749023
2015-02-27,15.302903175354004
2015-03-02,15.203771591186523
2015-03-03,15.239819526672363
2015-03-04,15.266858100891113
2015-03-05,15.239819526672363
2015-03-06,14.906365394592285
2015-03-09,14.663033485412598
2015-03-10,14.383650779724121
2015-03-11,14.446738243103027
2015-03-12,14.293526649475098
2015-03-13,14.023158073425293
2015-03-16,14.032170295715332
2015-03-17,13.969085693359375
2015-03-18,14.45574951171875
2015-03-19,14.194393157958984
2015-03-20,14.455827713012695
2015-03-23,14.537243843078613
2015-03-24,14.546289443969727
2015-03-25,14.78149127960205
2015-03-26,14.763398170471191
2015-03-27,14.600566864013672
2015-03-30,14.718168258666992
2015-03-31,14.627705574035645
2015-04-01,14.718168258666992
2015-04-02,14.853858947753906
2015-04-06,15.459957122802734
2015-04-07,15.478049278259277
2015-04-08,15.360444068908691
2015-04-09,15.867035865783691
2015-04-10,15.93035888671875
2015-04-13,15.722293853759766
2015-04-14,16.147470474243164
2015-04-15,16.907346725463867
2015-04-16,16.654056549072266
2015-04-17,16.265066146850586
2015-04-20,16.34648323059082
2015-04-21,15.885126113891602
2015-04-22,16.11128044128418
2015-04-23,16.46408462524414
2015-04-24,16.16556167602539
2015-04-27,16.32839012145996
2015-04-28,16.32839012145996
2015-04-29,16.853069305419922
2015-04-30,17.106365203857422
2015-05-01,17.070180892944336
2015-05-04,16.943531036376953
2015-05-05,16.98876190185547
2015-05-06,16.907346725463867
2015-05-07,16.391712188720703
2015-05-08,16.78070068359375
2015-05-11,16.46408462524414
2015-05-12,16.681190490722656
2015-05-13,16.69928550720215
2015-05-14,16.45503807067871
2015-05-15,16.47313117980957
2015-05-18,16.427900314331055
2015-05-19,16.020814895629883
2015-05-20,16.16556167602539
2015-05-21,16.563594818115234
2015-05-22,16.47313117980957
2015-05-26,16.038915634155273
2015-05-27,16.075098037719727
2015-05-28,15.93035888671875
2015-05-29,15.857986450195312
2015-06-01,15.767523765563965
2015-06-02,16.138418197631836
2015-06-03,15.993682861328125
2015-06-04,15.686110496520996
2015-06-05,15.93035888671875
2015-06-08,15.81275463104248
2015-06-09,15.749432563781738
2015-06-10,16.156513214111328
2015-06-11,15.903217315673828
2015-06-12,15.740388870239258
2015-06-15,15.604695320129395
2015-06-16,15.6318359375
2015-06-17,15.604695320129395
2015-06-18,15.315217018127441
2015-06-19,15.112445831298828
2015-06-22,15.2670259475708
2015-06-23,15.367045402526855
2015-06-24,15.23065185546875
2015-06-25,14.939680099487305
2015-06-26,15.021513938903809
2015-06-29,14.766913414001465
2015-06-30,14.8123779296875
2015-07-01,14.36682415008545
2015-07-02,14.421380996704102
2015-07-06,14.057663917541504
2015-07-07,14.303173065185547
2015-07-08,13.939457893371582
2015-07-09,14.075849533081055
2015-07-10,14.003108024597168
2015-07-13,14.157686233520508
2015-07-14,14.36682415008545
2015-07-15,13.857620239257812
2015-07-16,13.77578353881836
2015-07-17,13.46662425994873
2015-07-20,13.321137428283691
2015-07-21,13.393879890441895
2015-07-22,13.03016471862793
2015-07-23,13.257486343383789
2015-07-24,12.884678840637207
2015-07-27,12.666447639465332
2015-07-28,13.048349380493164
2015-07-29,13.412066459655762
2015-07-30,13.184743881225586
2015-07-31,12.921049118041992
2015-08-03,12.584611892700195
2015-08-04,12.520959854125977
2015-08-05,12.520959854125977
2015-08-06,12.993792533874512
2015-08-07,12.62098217010498
2015-08-10,13.202929496765137
2015-08-11,12.984700202941895
2015-08-12,13.175649642944336
2015-08-13,12.721003532409668
2015-08-14,12.557332038879395
2015-08-17,12.493680953979492
2015-08-18,12.484587669372559
2015-08-19,12.048127174377441
2015-08-20,11.657133102416992
2015-08-21,11.338879585266113
2015-08-24,10.775117874145508
2015-08-25,10.875141143798828
2015-08-26,11.366157531738281
2015-08-27,12.220892906188965
2015-08-28,12.602795600891113
2015-08-31,13.002884864807129
2015-09-01,12.51186752319336
2015-09-02,12.402752876281738
2015-09-03,12.51186752319336
2015-09-04,12.311823844909668
2015-09-08,12.484587669372559
2015-09-09,12.175429344177246
2015-09-10,12.21180248260498
2015-09-11,11.939013481140137
2015-09-14,11.911733627319336
2015-09-15,12.202707290649414
2015-09-16,12.757376670837402
2015-09-17,12.739191055297852
2015-09-18,12.107344627380371
2015-09-21,11.98864459991455
2015-09-22,11.970381736755371
2015-09-23,11.73298454284668
2015-09-24,11.678199768066406
2015-09-25,11.532108306884766
2015-09-28,11.102964401245117
2015-09-29,11.157748222351074
2015-09-30,11.176008224487305
2015-10-01,11.06644058227539
2015-10-02,11.669068336486816
2015-10-05,12.289958000183105
2015-10-06,12.919977188110352
2015-10-07,13.047809600830078
2015-10-08,13.294337272644043
2015-10-09,13.312599182128906
2015-10-12,12.883454322814941
2015-10-13,12.74649429321289
2015-10-14,12.892586708068848
2015-10-15,13.093461990356445
2015-10-16,12.819539070129395
2015-10-19,12.554749488830566
2015-10-20,12.79214859008789
2015-10-21,12.582143783569336
2015-10-22,12.865195274353027
2015-10-23,12.837804794311523
2015-10-26,12.426919937133789
2015-10-27,12.061689376831055
2015-10-28,12.49996566772461
2015-10-29,12.289958000183105
2015-10-30,12.417789459228516
2015-11-02,12.919977188110352
2015-11-03,13.376514434814453
2015-11-04,13.111723899841309
2015-11-05,12.801279067993164
2015-11-06,12.901717185974121
2015-11-09,12.79214859008789
2015-11-10,12.828672409057617
2015-11-11,12.417789459228516
2015-11-12,12.198651313781738
2015-11-13,12.235175132751465
2015-11-16,12.53648853302002
2015-11-17,12.253436088562012
2015-11-18,12.600403785705566
2015-11-19,12.253436088562012
2015-11-20,12.107344627380371
2015-11-23,12.235175132751465
2015-11-24,12.69171142578125
2015-11-25,12.627796173095703
2015-11-27,12.436050415039062
2015-11-30,12.57301139831543
2015-12-01,12.655187606811523
2015-12-02,12.244306564331055
2015-12-03,12.207781791687012
2015-12-04,11.888206481933594
2015-12-07,11.395147323608398
2015-12-08,11.276447296142578
2015-12-09,11.431673049926758
2015-12-10,11.504716873168945
2015-12-11,11.029918670654297
2015-12-14,11.03904914855957
2015-12-15,11.422539710998535
2015-12-16,11.340362548828125
2015-12-17,10.874696731567383
2015-12-18,10.548500061035156
2015-12-21,10.502559661865234
2015-12-22,10.833348274230957
2015-12-23,11.311155319213867
2015-12-24,11.219266891479492
2015-12-28,10.833348274230957
2015-12-29,10.925233840942383
2015-12-30,10.759838104248047
2015-12-31,10.870102882385254
2016-01-04,10.934423446655273
2016-01-05,10.631196975708008
2016-01-06,10.144204139709473
2016-01-07,9.795036315917969
2016-01-08,9.611266136169434
2016-01-11,9.27128791809082
2016-01-12,9.243721961975098
2016-01-13,8.903743743896484
2016-01-14,9.262099266052246
2016-01-15,8.912932395935059
2016-01-19,8.655651092529297
2016-01-20,8.40755844116211
2016-01-21,8.765914916992188
2016-01-22,8.98643970489502
2016-01-25,8.481067657470703
2016-01-26,8.775102615356445
2016-01-27,8.876177787780762
2016-01-28,9.179403305053711
2016-01-29,9.556133270263672
2016-02-01,9.29885196685791
2016-02-02,8.839425086975098
2016-02-03,9.115081787109375
2016-02-04,9.473435401916504
2016-02-05,9.326416969299316
2016-02-08,9.142646789550781
2016-02-09,8.710782051086426
2016-02-10,8.527010917663574
2016-02-11,8.453502655029297
2016-02-12,8.72916030883789
2016-02-16,8.876177787780762
2016-02-17,9.3080415725708
2016-02-18,9.216156005859375
2016-02-19,9.124269485473633
2016-02-22,9.491813659667969
2016-02-23,9.16102409362793
2016-02-24,9.142646789550781
2016-02-25,9.09670352935791
2016-02-26,9.473435401916504
2016-02-29,9.565321922302246
2016-03-01,9.684772491455078
2016-03-02,10.024750709533691
2016-03-03,10.548500061035156
2016-03-04,11.237646102905273
2016-03-07,11.494924545288086
2016-03-08,10.65876579284668
2016-03-09,10.640385627746582
2016-03-10,10.603631973266602
2016-03-11,11.109004974365234
2016-03-14,10.906854629516602
2016-03-15,10.73227310180664
2016-03-16,10.943610191345215
2016-03-17,11.283588409423828
2016-03-18,11.026307106018066
2016-03-21,11.06306266784668
2016-03-22,10.888480186462402
2016-03-23,10.493369102478027
2016-03-24,10.594443321228027
2016-03-28,10.576066017150879
2016-03-29,10.539312362670898
2016-03-30,10.484182357788086
2016-03-31,10.713896751403809
2016-04-01,10.364728927612305
2016-04-04,10.190145492553711
2016-04-05,10.153389930725098
2016-04-06,10.337163925170898
2016-04-07,10.061505317687988
2016-04-08,10.410673141479492
2016-04-11,10.493369102478027
2016-04-12,10.961986541748047
2016-04-13,11.182514190673828
2016-04-14,10.998744010925293
2016-04-15,10.897665977478027
2016-04-18,11.118192672729492
2016-04-19,11.540868759155273
2016-04-20,11.605188369750977
2016-04-21,11.550055503845215
2016-04-22,11.798149108886719
2016-04-25,11.46735954284668
2016-04-26,11.559246063232422
2016-04-27,11.945167541503906
2016-04-28,11.90841293334961
2016-04-29,12.138126373291016
2016-05-02,11.945167541503906
2016-05-03,11.522493362426758
2016-05-04,11.256020545959473
2016-05-05,11.06306266784668
2016-05-06,11.228456497192383
2016-05-09,10.769027709960938
2016-05-10,11.007930755615234
2016-05-11,11.053873062133789
2016-05-12,10.961986541748047
2016-05-13,10.704706192016602
2016-05-16,10.952797889709473
2016-05-17,11.109004974365234
2016-05-18,10.759838104248047
2016-05-19,10.603631973266602
2016-05-20,10.750648498535156
2016-05-23,10.704706192016602
2016-05-24,10.73227310180664
2016-05-25,11.191701889038086
2016-05-26,10.989553451538086
2016-05-27,11.072251319885254
2016-05-31,11.099815368652344
2016-06-01,10.980363845825195
2016-06-02,10.833348274230957
2016-06-03,10.879290580749512
2016-06-06,11.733830451965332
2016-06-07,12.08299446105957
2016-06-08,12.211637496948242
2016-06-09,12.00948715209961
2016-06-10,11.504115104675293
2016-06-13,11.357097625732422
2016-06-14,11.256020545959473
2016-06-15,11.421418190002441
2016-06-16,10.971175193786621
2016-06-17,11.442895889282227
2016-06-20,11.424468994140625
2016-06-21,11.498176574707031
2016-06-22,11.470535278320312
2016-06-23,11.774575233459473
2016-06-24,11.194137573242188
2016-06-27,10.41100788116455
2016-06-28,10.80717945098877
2016-06-29,11.083579063415527
2016-06-30,11.212564468383789
2016-07-01,11.590309143066406
2016-07-05,10.92695140838623
2016-07-06,10.853245735168457
2016-07-07,10.779539108276367
2016-07-08,11.009871482849121
2016-07-11,10.908525466918945
2016-07-12,11.507389068603516
2016-07-13,11.129645347595215
2016-07-14,11.194137573242188
2016-07-15,11.120431900024414
2016-07-18,11.111218452453613
2016-07-19,10.936164855957031
2016-07-20,10.982233047485352
2016-07-21,10.844033241271973
2016-07-22,10.641341209411621
2016-07-25,10.364943504333496
2016-07-26,10.493927955627441
2016-07-27,10.309660911560059
2016-07-28,10.143823623657227
2016-07-29,10.346513748168945
2016-08-01,9.895065307617188
2016-08-02,9.812145233154297
2016-08-03,10.060904502868652
2016-08-04,10.162248611450195
2016-08-05,10.392581939697266
2016-08-08,10.80717945098877
2016-08-09,10.576848030090332
2016-08-10,10.272809028625488
2016-08-11,10.484713554382324
2016-08-12,10.18989086151123
2016-08-15,10.530781745910645
2016-08-16,10.438648223876953
2016-08-17,10.337301254272461
2016-08-18,10.733471870422363
2016-08-19,10.604486465454102
2016-08-22,10.328089714050293
2016-08-23,10.438648223876953
2016-08-24,10.171462059020996
2016-08-25,10.125396728515625
2016-08-26,10.005622863769531
2016-08-29,10.097756385803223
2016-08-30,10.03326416015625
2016-08-31,9.885851860046387
2016-09-01,9.729226112365723
2016-09-02,9.885851860046387
2016-09-06,10.014837265014648
2016-09-07,10.014837265014648
2016-09-08,10.309660911560059
2016-09-09,9.821359634399414
2016-09-12,9.867424964904785
2016-09-13,9.508108139038086
2016-09-14,9.406759262084961
2016-09-15,9.498894691467285
2016-09-16,9.480466842651367
2016-09-19,9.462039947509766
2016-09-20,9.379122734069824
2016-09-21,9.673946380615234
2016-09-22,9.885851860046387
2016-09-23,9.61866569519043
2016-09-26,9.683159828186035
2016-09-27,9.544960021972656
2016-09-28,10.097756385803223
2016-09-29,10.420222282409668
2016-09-30,10.576848030090332
2016-10-03,10.475502014160156
2016-10-04,10.392581939697266
2016-10-05,10.742687225341797
2016-10-06,10.81639289855957
2016-10-07,10.751899719238281
2016-10-10,11.009871482849121
2016-10-11,10.779539108276367
2016-10-12,10.733471870422363
2016-10-13,10.715045928955078
2016-10-14,10.62291431427002
2016-10-17,10.521568298339844
2016-10-18,10.613701820373535
2016-10-19,10.834820747375488
2016-10-20,10.834820747375488
2016-10-21,10.761114120483398
2016-10-24,10.62291431427002
2016-10-25,10.447861671447754
2016-10-26,10.41100788116455
2016-10-27,10.364943504333496
2016-10-28,10.18067741394043
2016-10-31,9.913491249084473
2016-11-01,9.802932739257812
2016-11-02,9.756865501403809
2016-11-03,9.812145233154297
2016-11-04,9.738439559936523
2016-11-07,9.848999977111816
2016-11-08,9.839784622192383
2016-11-09,10.162248611450195
2016-11-10,10.364943504333496
2016-11-11,10.282022476196289
2016-11-14,10.466288566589355
2016-11-15,10.825605392456055
2016-11-16,10.742687225341797
2016-11-17,10.733471870422363
2016-11-18,10.770326614379883
2016-11-21,11.046725273132324
2016-11-22,11.028299331665039
2016-11-23,11.157283782958984
2016-11-25,10.982233047485352
2016-11-28,10.834820747375488
2016-11-29,10.503141403198242
2016-11-30,11.590309143066406
2016-12-01,11.719294548034668
2016-12-02,11.82064151763916
2016-12-05,12.115466117858887
2016-12-06,12.179959297180176
2016-12-07,12.078612327575684
2016-12-08,12.345797538757324
2016-12-09,12.483996391296387
2016-12-12,12.576128959655762
2016-12-13,12.493210792541504
2016-12-14,12.078612327575684
2016-12-15,12.198383331298828
2016-12-16,12.142601013183594
2016-12-19,12.142601013183594
2016-12-20,12.207683563232422
2016-12-21,12.161194801330566
2016-12-22,12.086813926696777
2016-12-23,12.040327072143555
2016-12-27,12.216979026794434
2016-12-28,11.975242614746094
2016-12-29,11.91945743560791
2016-12-30,11.872971534729004
2017-01-03,12.254169464111328
2017-01-04,12.495905876159668
2017-01-05,12.54239273071289
2017-01-06,12.681859016418457
2017-01-09,12.495905876159668
2017-01-10,12.384336471557617
2017-01-11,12.635370254516602
2017-01-12,12.59817886352539
2017-01-13,12.43082332611084
2017-01-17,12.495905876159668
2017-01-18,12.384336471557617
2017-01-19,12.309954643249512
2017-01-20,12.449419975280762
2017-01-23,12.142601013183594
2017-01-24,12.365741729736328
2017-01-25,12.616775512695312
2017-01-26,12.449419975280762
2017-01-27,12.282063484191895
2017-01-30,11.854375839233398
2017-01-31,11.910161018371582
2017-02-01,11.928756713867188
2017-02-02,11.789292335510254
2017-02-03,12.077516555786133
2017-02-06,11.798590660095215
2017-02-07,11.677721977233887
2017-02-08,11.668425559997559
2017-02-09,11.798590660095215
2017-02-10,11.928756713867188
2017-02-13,11.965946197509766
2017-02-14,12.27276611328125
2017-02-15,12.1054105758667
2017-02-16,11.854375839233398
2017-02-17,11.724207878112793
2017-02-21,11.91945743560791
2017-02-22,11.73350715637207
2017-02-23,11.81718635559082
2017-02-24,11.584745407104492
2017-02-27,11.94735336303711
2017-02-28,11.575448036193848
2017-03-01,11.845077514648438
2017-03-02,11.51966381072998
2017-03-03,11.35230827331543
2017-03-06,11.259331703186035
2017-03-07,11.06408405303955
2017-03-08,10.701478958129883
2017-03-09,10.580610275268555
2017-03-10,10.608505249023438
2017-03-13,10.636395454406738
2017-03-14,10.441146850585938
2017-03-15,10.813050270080566
2017-03-16,10.72937297821045
2017-03-17,10.850239753723145
2017-03-20,10.664289474487305
2017-03-21,10.534123420715332
2017-03-22,10.496932983398438
2017-03-23,10.469040870666504
2017-03-24,10.40395736694336
2017-03-27,10.283090591430664
2017-03-28,10.608505249023438
2017-03-29,10.766561508178711
2017-03-30,10.766561508178711
2017-03-31,10.878132820129395
2017-04-03,10.766561508178711
2017-04-04,10.664289474487305
2017-04-05,10.785157203674316
2017-04-06,10.850239753723145
2017-04-07,10.73867130279541
2017-04-10,11.017597198486328
2017-04-11,10.9525146484375
2017-04-12,10.72937297821045
2017-04-13,10.441146850585938
2017-04-17,10.459744453430176
2017-04-18,10.385363578796387
2017-04-19,10.125031471252441
2017-04-20,10.218006134033203
2017-04-21,10.078544616699219
2017-04-24,10.143627166748047
2017-04-25,10.218006134033203
2017-04-26,10.338875770568848
2017-04-27,10.022757530212402
2017-04-28,9.966973304748535
2017-05-01,9.808915138244629
2017-05-02,9.660154342651367
2017-05-03,9.76242733001709
2017-05-04,9.446310043334961
2017-05-05,9.781022071838379
2017-05-08,9.781022071838379
2017-05-09,9.697344779968262
2017-05-10,9.911188125610352
2017-05-11,9.799616813659668
2017-05-12,9.585775375366211
2017-05-15,9.71593952178955
2017-05-16,9.706642150878906
2017-05-17,9.52069091796875
2017-05-18,9.511393547058105
2017-05-19,9.71593952178955
2017-05-22,9.725236892700195
2017-05-23,9.725236892700195
2017-05-24,9.622962951660156
2017-05-25,9.13949203491211
2017-05-26,9.204572677612305
2017-05-30,9.065110206604004
2017-05-31,9.055813789367676
2017-06-01,9.148789405822754
2017-06-02,9.018623352050781
2017-06-05,9.083706855773926
2017-06-06,9.213871002197266
2017-06-07,8.721101760864258
2017-06-08,8.748993873596191
2017-06-09,9.03721809387207
2017-06-12,9.223169326782227
2017-06-13,9.390525817871094
2017-06-14,9.018623352050781
2017-06-15,8.767589569091797
2017-06-16,8.9484224319458
2017-06-19,8.901815414428711
2017-06-20,8.650140762329102
2017-06-21,8.370501518249512
2017-06-22,8.38914680480957
2017-06-23,8.40778923034668
2017-06-26,8.556928634643555
2017-06-27,8.528965950012207
2017-06-28,8.668783187866211
2017-06-29,8.761996269226074
2017-06-30,8.752676010131836
2017-07-03,9.097562789916992
2017-07-05,8.734033584594727
2017-07-06,8.473037719726562
2017-07-07,8.38914680480957
2017-07-10,8.594212532043457
2017-07-11,8.668783187866211
2017-07-12,8.622177124023438
2017-07-13,8.799281120300293
2017-07-14,8.883173942565918
2017-07-17,8.883173942565918
2017-07-18,8.845888137817383
2017-07-19,9.20009708404541
2017-07-20,9.022993087768555
2017-07-21,8.789960861206055
2017-07-24,8.678106307983398
2017-07-25,8.855209350585938
2017-07-26,8.817924499511719
2017-07-27,8.808602333068848
2017-07-28,8.780638694763184
2017-07-31,8.715389251708984
2017-08-01,8.603534698486328
2017-08-02,8.65946102142334
2017-08-03,8.594212532043457
2017-08-04,8.547606468200684
2017-08-07,8.305253028869629
2017-08-08,8.165435791015625
2017-08-09,8.062902450561523
2017-08-10,7.913760662078857
2017-08-11,7.895118713378906
2017-08-14,7.8764753341674805
2017-08-15,7.745977401733398
2017-08-16,7.596836566925049
2017-08-17,7.4943037033081055
2017-08-18,7.587516784667969
2017-08-21,7.466339588165283
2017-08-22,7.596836566925049
2017-08-23,7.662086486816406
2017-08-24,7.652764320373535
2017-08-25,7.839190483093262
2017-08-28,7.764619827270508
2017-08-29,7.839190483093262
2017-08-30,7.764619827270508
2017-08-31,7.829868793487549
2017-09-01,7.913760662078857
2017-09-05,8.10018539428711
2017-09-06,8.2493257522583
2017-09-07,8.2493257522583
2017-09-08,8.10018539428711
2017-09-11,8.240005493164062
2017-09-12,8.426429748535156
2017-09-13,8.640820503234863
2017-09-14,8.678106307983398
2017-09-15,8.706068992614746
2017-09-18,8.791266441345215
2017-09-19,8.725729942321777
2017-09-20,8.950427055358887
2017-09-21,8.809990882873535
2017-09-22,8.847439765930176
2017-09-25,9.118948936462402
2017-09-26,9.16576099395752
2017-09-27,9.25002384185791
2017-09-28,9.240660667419434
2017-09-29,9.278107643127441
2017-10-02,9.147037506103516
2017-10-03,9.128312110900879
2017-10-04,9.081499099731445
2017-10-05,9.184486389160156
2017-10-06,9.006601333618164
2017-10-09,9.044049263000488
2017-10-10,8.997238159179688
2017-10-11,8.997238159179688
2017-10-12,8.838077545166016
2017-10-13,8.912978172302246
2017-10-16,8.931700706481934
2017-10-17,8.875526428222656
2017-10-18,8.716368675231934
2017-10-19,8.650830268859863
2017-10-20,8.613381385803223
2017-10-23,8.42613410949707
2017-10-24,8.510396957397461
2017-10-25,8.416770935058594
2017-10-26,8.398046493530273
2017-10-27,8.482309341430664
2017-10-30,8.60401725769043
2017-10-31,8.716368675231934
2017-11-01,8.781903266906738
2017-11-02,8.725729942321777
2017-11-03,8.791266441345215
2017-11-06,9.184486389160156
2017-11-07,9.034686088562012
2017-11-08,9.109585762023926
2017-11-09,9.16576099395752
2017-11-10,9.100224494934082
2017-11-13,8.866164207458496
2017-11-14,8.482309341430664
2017-11-15,8.379322052001953
2017-11-16,8.332510948181152
2017-11-17,8.463582038879395
2017-11-20,8.38868522644043
2017-11-21,8.407407760620117
2017-11-22,8.472946166992188
2017-11-24,8.472946166992188
2017-11-27,8.360596656799316
2017-11-28,8.379322052001953
2017-11-29,8.379322052001953
2017-11-30,8.491669654846191
2017-12-01,8.772541999816895
2017-12-04,8.772541999816895
2017-12-05,8.594656944274902
2017-12-06,8.323147773742676
2017-12-07,8.360596656799316
2017-12-08,8.407407760620117
2017-12-11,8.510396957397461
2017-12-12,8.613381385803223
2017-12-13,8.501032829284668
2017-12-14,8.42613410949707
2017-12-15,8.43549633026123
2017-12-18,8.596317291259766
2017-12-19,8.596317291259766
2017-12-20,8.787773132324219
2017-12-21,9.074954986572266
2017-12-22,9.046236038208008
2017-12-26,9.16110897064209
2017-12-27,9.141963958740234
2017-12-28,9.122818946838379
2017-12-29,9.132390022277832
2018-01-02,9.3142728805542
2018-01-03,9.563163757324219
2018-01-04,9.773764610290527
2018-01-05,9.764191627502441
2018-01-08,9.91735553741455
2018-01-09,9.850346565246582
2018-01-10,9.86949348449707
2018-01-11,10.147102355957031
2018-01-12,10.204538345336914
2018-01-16,9.974791526794434
2018-01-17,10.041801452636719
2018-01-18,9.802482604980469
2018-01-19,9.907784461975098
2018-01-22,10.137528419494629
2018-01-23,10.147102355957031
2018-01-24,10.003509521484375
2018-01-25,9.850346565246582
2018-01-26,9.792908668518066
2018-01-29,9.572736740112305
2018-01-30,9.438719749450684
2018-01-31,9.352564811706543
2018-02-01,9.48658275604248
2018-02-02,9.06538200378418
2018-02-05,8.711191177368164
2018-02-06,8.883500099182129
2018-02-07,8.625036239624023
2018-02-08,8.280417442321777
2018-02-09,8.213409423828125
2018-02-12,8.347427368164062
2018-02-13,8.242127418518066
2018-02-14,8.395291328430176
2018-02-15,8.32828140258789
2018-02-16,8.376145362854004
2018-02-20,8.289990425109863
2018-02-21,8.29956340789795
2018-02-22,8.452727317810059
2018-02-23,8.692045211791992
2018-02-26,8.653755187988281
2018-02-27,8.577173233032227
2018-02-28,8.280417442321777
2018-03-01,8.270845413208008
2018-03-02,8.32828140258789
2018-03-05,8.481444358825684
2018-03-06,8.500590324401855
2018-03-07,8.366573333740234
2018-03-08,8.433581352233887
2018-03-09,8.63460922241211
2018-03-12,8.692045211791992
2018-03-13,8.558027267456055
2018-03-14,8.52930736541748
2018-03-15,8.309135437011719
2018-03-16,8.481444358825684
2018-03-19,8.270845413208008
2018-03-20,8.309135437011719
2018-03-21,8.67289924621582
2018-03-22,8.424009323120117
2018-03-23,8.376145362854004
2018-03-26,8.433581352233887
2018-03-27,8.184691429138184
2018-03-28,8.012380599975586
2018-03-29,8.19426441192627
2018-04-02,8.012380599975586
2018-04-03,8.165544509887695
2018-04-04,8.184691429138184
2018-04-05,8.395291328430176
2018-04-06,8.203834533691406
2018-04-09,8.213409423828125
2018-04-10,8.692045211791992
2018-04-11,8.873927116394043
2018-04-12,8.979227066040039
2018-04-13,8.988801002502441
2018-04-16,8.998373031616211
2018-04-17,9.046236038208008
2018-04-18,9.266410827636719
2018-04-19,9.256837844848633
2018-04-20,9.170681953430176
2018-04-23,9.237690925598145
2018-04-24,9.228119850158691
2018-04-25,9.228119850158691
2018-04-26,9.362136840820312
2018-04-27,9.30470085144043
2018-04-30,9.275980949401855
2018-05-01,9.170681953430176
2018-05-02,9.266410827636719
2018-05-03,9.170681953430176
2018-05-04,9.295127868652344
2018-05-07,9.352564811706543
2018-05-08,9.419573783874512
2018-05-09,9.649319648742676
2018-05-10,9.668464660644531
2018-05-11,9.63974666595459
2018-05-14,9.706755638122559
2018-05-15,9.82162857055664
2018-05-16,9.993937492370605
2018-05-17,10.185392379760742
2018-05-18,10.175819396972656
2018-05-21,10.214109420776367
2018-05-22,10.07051944732666
2018-05-23,9.965219497680664
2018-05-24,9.802482604980469
2018-05-25,9.429145812988281
2018-05-29,9.400426864624023
2018-05-30,9.63017463684082
2018-05-31,9.467437744140625
2018-06-01,9.448291778564453
2018-06-04,9.266410827636719
2018-06-05,9.34299087524414
2018-06-06,9.429145812988281
2018-06-07,9.572736740112305
2018-06-08,9.381281852722168
2018-06-11,9.371708869934082
2018-06-12,9.3142728805542
2018-06-13,9.256837844848633
2018-06-14,9.170681953430176
2018-06-15,9.017518997192383
2018-06-18,9.110641479492188
2018-06-19,9.110641479492188
2018-06-20,9.158641815185547
2018-06-21,8.92823600769043
2018-06-22,9.293046951293945
2018-06-25,9.024238586425781
2018-06-26,9.206644058227539
2018-06-27,9.408248901367188
2018-06-28,9.379448890686035
2018-06-29,9.398648262023926
2018-07-02,9.149043083190918
2018-07-03,9.245044708251953
2018-07-05,9.254645347595215
2018-07-06,9.360247611999512
2018-07-09,9.60025405883789
2018-07-10,9.648256301879883
2018-07-11,9.41784954071045
2018-07-12,9.38904857635498
2018-07-13,9.465850830078125
2018-07-16,9.293046951293945
2018-07-17,9.293046951293945
2018-07-18,9.293046951293945
2018-07-19,9.187442779541016
2018-07-20,9.158641815185547
2018-07-23,9.033838272094727
2018-07-24,9.033838272094727
2018-07-25,9.053040504455566
2018-07-26,9.206644058227539
2018-07-27,9.312246322631836
2018-07-30,9.523452758789062
2018-07-31,9.504250526428223
2018-08-01,9.38904857635498
2018-08-02,9.38904857635498
2018-08-03,9.302644729614258
2018-08-06,9.38904857635498
2018-08-07,9.485051155090332
2018-08-08,9.485051155090332
2018-08-09,9.312246322631836
2018-08-10,9.41784954071045
2018-08-13,9.129841804504395
2018-08-14,9.187442779541016
2018-08-15,8.765032768249512
2018-08-16,8.784232139587402
2018-08-17,8.870635032653809
2018-08-20,9.014638900756836
2018-08-21,9.158641815185547
2018-08-22,9.341047286987305
2018-08-23,9.22584342956543
2018-08-24,9.254645347595215
2018-08-27,9.33144760131836
2018-08-28,9.283446311950684
2018-08-29,9.35064697265625
2018-08-30,9.187442779541016
2018-08-31,9.168242454528809
2018-09-04,9.110641479492188
2018-09-05,8.918636322021484
2018-09-06,8.659429550170898
2018-09-07,8.640228271484375
2018-09-10,8.736231803894043
2018-09-11,8.909035682678223
2018-09-12,9.149043083190918
2018-09-13,9.072239875793457
2018-09-14,9.149043083190918
2018-09-17,9.110641479492188
2018-09-18,9.302644729614258
2018-09-19,9.456250190734863
2018-09-20,9.523452758789062
2018-09-21,9.629054069519043
2018-09-24,9.723306655883789
2018-09-25,9.81948184967041
2018-09-26,9.646366119384766
2018-09-27,9.684837341308594
2018-09-28,9.713690757751465
2018-10-01,9.81948184967041
2018-10-02,9.848333358764648
2018-10-03,9.963744163513184
2018-10-04,9.857952117919922
2018-10-05,9.896422386169434
2018-10-08,10.002214431762695
2018-10-09,10.08877182006836
2018-10-10,9.540574073791504
2018-10-11,9.30013656616211
2018-10-12,9.348223686218262
2018-10-15,9.45401668548584
2018-10-16,9.540574073791504
2018-10-17,9.39631175994873
2018-10-18,9.088549613952637
2018-10-19,9.0404634475708
2018-10-22,8.886582374572754
2018-10-23,8.482647895812988
2018-10-24,8.011388778686523
2018-10-25,8.174887657165527
2018-10-26,8.174887657165527
2018-10-29,7.924831390380859
2018-10-30,8.194122314453125
2018-10-31,8.22297477722168
2018-11-01,8.232592582702637
2018-11-02,8.261445045471191
2018-11-05,8.43455982208252
2018-11-06,8.396089553833008
2018-11-07,8.559587478637695
2018-11-08,8.280679702758789
2018-11-09,8.126798629760742
2018-11-12,7.7517170906066895
2018-11-13,7.472808361053467
2018-11-14,7.530513763427734
2018-11-15,7.684393405914307
2018-11-16,7.7517170906066895
2018-11-19,7.780569076538086
2018-11-20,7.347780704498291
2018-11-21,7.51127815246582
2018-11-23,7.261223316192627
2018-11-26,7.35739803314209
2018-11-27,7.347780704498291
2018-11-28,7.443955898284912
2018-11-29,7.463191032409668
2018-11-30,7.261223316192627
2018-12-03,7.51127815246582
2018-12-04,7.116960048675537
2018-12-06,6.713025093078613
2018-12-07,6.645701885223389
2018-12-10,6.443734169006348
2018-12-11,6.3764119148254395
2018-12-12,6.501439571380615
2018-12-13,6.366794109344482
2018-12-14,6.126356601715088
2018-12-17,6.06865119934082
2018-12-18,5.962858200073242
2018-12-19,5.693568229675293
2018-12-20,5.530070781707764
2018-12-21,5.356955528259277
2018-12-24,5.244167327880859
2018-12-26,5.581567287445068
2018-12-27,5.475527286529541
2018-12-28,5.543007850646973
2018-12-31,5.494807720184326
2019-01-02,5.697247505187988
2019-01-03,5.755087375640869
2019-01-04,6.0153679847717285
2019-01-07,6.246728897094727
2019-01-08,6.266008377075195
2019-01-09,6.468449115753174
2019-01-10,6.535929203033447
2019-01-11,6.439528465270996
2019-01-14,6.420248985290527
2019-01-15,6.497368812561035
2019-01-16,6.507009029388428
2019-01-17,6.5841288566589355
2019-01-18,6.7576494216918945
2019-01-22,6.526288986206055
2019-01-23,6.372048854827881
2019-01-24,6.545568943023682
2019-01-25,6.748009204864502
2019-01-28,6.555209159851074
2019-01-29,6.574489116668701
2019-01-30,6.690169334411621
2019-01-31,6.622689247131348
2019-02-01,6.748009204864502
2019-02-04,6.863689422607422
2019-02-05,6.863689422607422
2019-02-06,6.854049205780029
2019-02-07,6.574489116668701
2019-02-08,6.526288986206055
2019-02-11,6.661248683929443
2019-02-12,6.748009204864502
2019-02-13,6.7576494216918945
2019-02-14,6.805849075317383
2019-02-15,7.008289813995361
2019-02-19,7.046849727630615
2019-02-20,7.181809902191162
2019-02-21,6.94080924987793
2019-02-22,6.94080924987793
2019-02-25,6.94080924987793
2019-02-26,6.8733296394348145
2019-02-27,6.9311699867248535
2019-02-28,6.863689422607422
2019-03-01,6.94080924987793
2019-03-04,6.969729423522949
2019-03-05,6.892609596252441
2019-03-06,6.6805291175842285
2019-03-07,6.535929203033447
2019-03-08,6.410608768463135
2019-03-11,6.5841288566589355
2019-03-12,6.70944881439209
2019-03-13,6.805849075317383
2019-03-14,6.8347697257995605
2019-03-15,6.7769293785095215
2019-03-18,6.998649597167969
2019-03-19,6.9311699867248535
2019-03-20,7.046849727630615
2019-03-21,7.037209987640381
2019-03-22,6.670889377593994
2019-03-25,6.6998090744018555
2019-03-26,6.805849075317383
2019-03-27,6.767289161682129
2019-03-28,6.882969379425049
2019-03-29,6.863689422607422
2019-04-01,7.085409641265869
2019-04-02,7.017930030822754
2019-04-03,6.911889553070068
2019-04-04,7.037209987640381
2019-04-05,7.239650249481201
2019-04-08,7.2492899894714355
2019-04-09,7.152890205383301
2019-04-10,7.201089859008789
2019-04-11,7.1914496421813965
2019-04-12,7.162529468536377
2019-04-15,7.095049858093262
2019-04-16,7.258930206298828
2019-04-17,7.210730075836182
2019-04-18,7.14324951171875
2019-04-22,7.403530120849609
2019-04-23,7.432450294494629
2019-04-24,7.114329814910889
2019-04-25,6.979369163513184
2019-04-26,6.921529293060303
2019-04-29,6.9311699867248535
2019-04-30,6.613049030303955
2019-05-01,6.468449115753174
2019-05-02,6.410608768463135
2019-05-03,6.574489116668701
2019-05-06,6.564849376678467
2019-05-07,6.410608768463135
2019-05-08,6.362408638000488
2019-05-09,6.333488941192627
2019-05-10,6.2852888107299805
2019-05-13,6.044288158416748
2019-05-14,6.275649070739746
2019-05-15,6.333488941192627
2019-05-16,6.420248985290527
2019-05-17,6.2274489402771
2019-05-20,6.2081685066223145
2019-05-21,6.266008377075195
2019-05-22,6.044288158416748
2019-05-23,5.687608242034912
2019-05-24,5.6490478515625
2019-05-28,5.6201276779174805
2019-05-29,5.6490478515625
2019-05-30,5.533367156982422
2019-05-31,5.379127502441406
2019-06-03,5.5044474601745605
2019-06-04,5.5622878074646
2019-06-05,5.465888023376465
2019-06-06,5.44660758972168
2019-06-07,5.533367156982422
2019-06-10,5.5237274169921875
2019-06-11,5.543007850646973
2019-06-12,5.263447284698486
2019-06-13,5.475527286529541
2019-06-14,5.292366981506348
2019-06-17,5.427327632904053
2019-06-18,5.5237274169921875
2019-06-19,5.533367156982422
2019-06-20,5.784008026123047
2019-06-21,5.784008026123047
2019-06-24,5.658687591552734
2019-06-25,5.668327808380127
2019-06-26,5.7936482429504395
2019-06-27,5.784008026123047
2019-06-28,5.909328460693359
2019-07-01,5.938248157501221
2019-07-02,5.7358078956604
2019-07-03,5.697247505187988
2019-07-05,5.774367809295654
2019-07-08,5.803287982940674
2019-07-09,5.7358078956604
2019-07-10,5.899687767028809
2019-07-11,5.870768070220947
2019-07-12,5.870768070220947
2019-07-15,5.716527938842773
2019-07-16,5.6490478515625
2019-07-17,5.475527286529541
2019-07-18,5.398407459259033
2019-07-19,5.465888023376465
2019-07-22,5.581567287445068
2019-07-23,5.6490478515625
2019-07-24,5.668327808380127
2019-07-25,5.465888023376465
2019-07-26,5.475527286529541
2019-07-29,5.273087024688721
2019-07-30,5.543007850646973
2019-07-31,5.610487461090088
2019-08-01,5.273087024688721
2019-08-02,5.09956693649292
2019-08-05,4.887486934661865
2019-08-06,4.839286804199219
2019-08-07,4.800726413726807
2019-08-08,4.829647064208984
2019-08-09,4.665766716003418
2019-08-12,4.598286151885986
2019-08-13,4.627206325531006
2019-08-14,4.357285976409912
2019-08-15,4.309085369110107
2019-08-16,4.472966194152832
2019-08-19,4.636846542358398
2019-08-20,4.569365978240967
2019-08-21,4.598286151885986
2019-08-22,4.5211663246154785
2019-08-23,4.309085369110107
2019-08-26,4.328365802764893
2019-08-27,4.2898054122924805
2019-08-28,4.43440580368042
2019-08-29,4.569365978240967
2019-08-30,4.5404462814331055
2019-09-03,4.472966194152832
2019-09-04,4.569365978240967
2019-09-05,4.733246326446533
2019-09-06,4.762166500091553
2019-09-09,5.022446632385254
2019-09-10,5.061007022857666
2019-09-11,5.080286979675293
2019-09-12,5.022446632385254
2019-09-13,5.061007022857666
2019-09-16,5.427327632904053
2019-09-17,5.176687240600586
2019-09-18,4.993526458740234
2019-09-19,4.9356865882873535
2019-09-20,4.916406631469727
2019-09-23,4.96284294128418
2019-09-24,4.740337371826172
2019-09-25,4.730662822723389
2019-09-26,4.662944316864014
2019-09-27,4.614573001861572
2019-09-30,4.585550308227539
2019-10-01,4.450112342834473
2019-10-02,4.3920674324035645
2019-10-03,4.450112342834473
2019-10-04,4.459786891937256
2019-10-07,4.450112342834473
2019-10-08,4.3727192878723145
2019-10-09,4.353370666503906
2019-10-10,4.421090126037598
2019-10-11,4.6048994064331055
2019-10-14,4.585550308227539
2019-10-15,4.556528091430664
2019-10-16,4.546854019165039
2019-10-17,4.517831802368164
2019-10-18,4.459786891937256
2019-10-21,4.566202163696289
2019-10-22,4.6532697677612305
2019-10-23,4.691966533660889
2019-10-24,4.595224857330322
2019-10-25,4.6339216232299805
2019-10-28,4.6048994064331055
2019-10-29,4.701640605926514
2019-10-30,4.556528091430664
2019-10-31,4.469460487365723
2019-11-01,4.6532697677612305
2019-11-04,4.83707857131958
2019-11-05,4.788707733154297
2019-11-06,4.662944316864014
2019-11-07,4.6726179122924805
2019-11-08,4.691966533660889
2019-11-11,4.6532697677612305
2019-11-12,4.6242475509643555
2019-11-13,4.527505397796631
2019-11-14,4.508157253265381
2019-11-15,4.585550308227539
2019-11-18,4.479135036468506
2019-11-19,4.421090126037598
2019-11-20,4.450112342834473
2019-11-21,4.556528091430664
2019-11-22,4.566202163696289
2019-11-25,4.691966533660889
2019-11-26,4.6048994064331055
2019-11-27,4.682292461395264
2019-11-29,4.6048994064331055
2019-12-02,4.595224857330322
2019-12-03,4.498483180999756
2019-12-04,4.662944316864014
2019-12-05,4.6339216232299805
2019-12-06,4.81773042678833
2019-12-09,4.856427192687988
2019-12-10,4.866101264953613
2019-12-11,4.9047980308532715
2019-12-12,5.030561923980713
2019-12-13,5.011213302612305
2019-12-16,5.088606834411621
2019-12-17,5.107955455780029
2019-12-18,5.156325817108154
2019-12-19,5.253067493438721
2019-12-20,5.1950225830078125
2019-12-23,5.378831386566162
2019-12-24,5.39818000793457
2019-12-26,5.407854080200195
2019-12-27,5.330461025238037
2019-12-30,5.41752815246582
2019-12-31,5.407854080200195
2020-01-02,5.388505935668945
2020-01-03,5.485247611999512
2020-01-06,5.56264066696167
2020-01-07,5.4562249183654785
2020-01-08,5.282090187072754
2020-01-09,5.311112403869629
2020-01-10,5.2337188720703125
2020-01-13,5.2046966552734375
2020-01-14,5.2046966552734375
2020-01-15,5.078932762145996
2020-01-16,5.117629051208496
2020-01-17,5.069258213043213
2020-01-21,4.9241461753845215
2020-01-22,4.846753120422363
2020-01-23,4.759685516357422
2020-01-24,4.585550308227539
2020-01-27,4.401741981506348
2020-01-28,4.430764198303223
2020-01-29,4.3823933601379395
2020-01-30,4.3823933601379395
2020-01-31,4.246954917907715
2020-02-03,4.237281322479248
2020-02-04,4.295325756072998
2020-02-05,4.479135036468506
2020-02-06,4.343696594238281
2020-02-07,4.295325756072998
2020-02-10,4.208258628845215
2020-02-11,4.295325756072998
2020-02-12,4.3823933601379395
2020-02-13,4.343696594238281
2020-02-14,4.343696594238281
2020-02-18,4.285651683807373
2020-02-19,4.353370666503906
2020-02-20,4.343696594238281
2020-02-21,4.188910007476807
2020-02-24,3.8890113830566406
2020-02-25,3.734224796295166
2020-02-26,3.6568315029144287
2020-02-27,3.492370843887329
2020-02-28,3.5987865924835205
2020-03-02,3.6374831199645996
2020-03-03,3.502044916152954
2020-03-04,3.4730224609375
2020-03-05,3.2698652744293213
2020-03-06,2.950618028640747
2020-03-09,2.137988805770874
2020-03-10,2.2444045543670654
2020-03-11,2.060595750808716
2020-03-12,1.8574382066726685
2020-03-13,2.0315730571746826
2020-03-16,1.7897191047668457
2020-03-17,1.7897191047668457
2020-03-18,1.5381910800933838
2020-03-19,1.722000002861023
2020-03-20,1.722000002861023
2020-03-23,1.6699999570846558
2020-03-24,1.9299999475479126
2020-03-25,1.8899999856948853
2020-03-26,1.940000057220459
2020-03-27,1.8799999952316284
2020-03-30,1.8799999952316284
2020-03-31,1.8600000143051147
2020-04-01,1.7699999809265137
2020-04-02,1.8200000524520874
2020-04-03,1.7599999904632568
2020-04-06,1.909999966621399
2020-04-07,1.9500000476837158
2020-04-08,2.049999952316284
2020-04-09,2.140000104904175
2020-04-13,2.1500000953674316
2020-04-14,2.119999885559082
2020-04-15,2.009999990463257
2020-04-16,1.9199999570846558
