Date,PXQ
2010-01-04,17.7316837310791
2010-01-05,17.760438919067383
2010-01-06,17.7316837310791
2010-01-07,17.808364868164062
2010-01-08,17.846708297729492
2010-01-11,17.789194107055664
2010-01-12,17.539995193481445
2010-01-13,17.856285095214844
2010-01-14,18.000059127807617
2010-01-15,17.72209930419922
2010-01-19,17.961719512939453
2010-01-20,17.72209930419922
2010-01-21,17.607084274291992
2010-01-22,17.03200340270996
2010-01-25,17.166187286376953
2010-01-26,17.194944381713867
2010-01-27,16.984081268310547
2010-01-28,16.77321434020996
2010-01-29,16.3994140625
2010-02-01,16.677370071411133
2010-02-02,16.869062423706055
2010-02-03,17.003250122070312
2010-02-04,16.514429092407227
2010-02-05,16.619857788085938
2010-02-08,16.70612335205078
2010-02-09,16.9361515045166
2010-02-10,17.012836456298828
2010-02-11,17.32912826538086
2010-02-12,17.367467880249023
2010-02-16,17.750856399536133
2010-02-17,17.817951202392578
2010-02-18,17.980886459350586
2010-02-19,18.182165145874023
2010-02-22,18.153411865234375
2010-02-23,17.865869522094727
2010-02-24,18.07673454284668
2010-02-25,18.019224166870117
2010-02-26,18.086318969726562
2010-03-01,18.45054054260254
2010-03-02,18.642230987548828
2010-03-03,18.757247924804688
2010-03-04,18.795583724975586
2010-03-05,19.169387817382812
2010-03-08,19.22689437866211
2010-03-09,19.38983726501465
2010-03-10,19.60070037841797
2010-03-11,19.66779327392578
2010-03-12,19.619869232177734
2010-03-15,19.64862632751465
2010-03-16,19.86907196044922
2010-03-17,19.9361629486084
2010-03-18,19.897825241088867
2010-03-19,19.61028289794922
2010-03-22,19.801979064941406
2010-03-23,20.089523315429688
2010-03-24,19.88824462890625
2010-03-25,19.830732345581055
2010-03-26,19.706132888793945
2010-03-29,19.801979064941406
2010-03-30,19.85948371887207
2010-03-31,19.725299835205078
2010-04-01,19.754056930541992
2010-04-05,20.156618118286133
2010-04-06,20.28121566772461
2010-04-07,20.28121566772461
2010-04-08,20.108684539794922
2010-04-09,20.271629333496094
2010-04-12,20.348304748535156
2010-04-13,20.386646270751953
2010-04-14,20.94256019592285
2010-04-15,20.932971954345703
2010-04-16,20.626262664794922
2010-04-19,20.463327407836914
2010-04-20,20.923385620117188
2010-04-21,20.980899810791016
2010-04-22,21.00006675720215
2010-04-23,21.019237518310547
2010-04-26,21.143836975097656
2010-04-27,20.49207878112793
2010-04-28,20.482494354248047
2010-04-29,20.702939987182617
2010-04-30,20.242876052856445
2010-05-03,20.61667823791504
2010-05-04,19.907413482666016
2010-05-05,19.792390823364258
2010-05-06,18.977693557739258
2010-05-07,18.36427116394043
2010-05-10,19.246065139770508
2010-05-11,19.495269775390625
2010-05-12,20.041597366333008
2010-05-13,19.696548461914062
2010-05-14,19.20772933959961
2010-05-17,19.31315803527832
2010-05-18,19.016035079956055
2010-05-19,18.833925247192383
2010-05-20,18.201335906982422
2010-05-21,18.440954208374023
2010-05-24,18.402616500854492
2010-05-25,18.479293823242188
2010-05-26,18.479293823242188
2010-05-27,19.28441047668457
2010-05-28,19.13105010986328
2010-06-01,18.34510612487793
2010-06-02,18.872262954711914
2010-06-03,19.351499557495117
2010-06-04,18.45054054260254
2010-06-07,18.086318969726562
2010-06-08,17.980886459350586
2010-06-09,17.95213508605957
2010-06-10,18.34510612487793
2010-06-11,18.680570602416992
2010-06-14,18.613475799560547
2010-06-15,19.265239715576172
2010-06-16,19.22689437866211
2010-06-17,19.15980339050293
2010-06-18,19.27482795715332
2010-06-21,19.102298736572266
2010-06-22,18.853097915649414
2010-06-23,18.86267852783203
2010-06-24,18.412199020385742
2010-06-25,18.48887825012207
2010-06-28,18.555973052978516
2010-06-29,17.789194107055664
2010-06-30,17.539995193481445
2010-07-01,17.607084274291992
2010-07-02,17.655006408691406
2010-07-06,17.57832908630371
2010-07-07,18.402616500854492
2010-07-08,18.546384811401367
2010-07-09,18.71891212463379
2010-07-12,18.757247924804688
2010-07-13,19.42817497253418
2010-07-14,19.715717315673828
2010-07-15,19.706132888793945
2010-07-16,19.092710494995117
2010-07-19,19.27482795715332
2010-07-20,19.39942741394043
2010-07-21,19.092710494995117
2010-07-22,19.706132888793945
2010-07-23,19.9361629486084
2010-07-26,20.262046813964844
2010-07-27,20.089523315429688
2010-07-28,19.744470596313477
2010-07-29,19.619869232177734
2010-07-30,19.504854202270508
2010-08-02,19.78281021118164
2010-08-03,19.686965942382812
2010-08-04,19.9169979095459
2010-08-05,19.773225784301758
2010-08-06,19.725299835205078
2010-08-09,20.003257751464844
2010-08-10,19.754056930541992
2010-08-11,19.016035079956055
2010-08-12,18.460124969482422
2010-08-13,18.460124969482422
2010-08-16,18.5847225189209
2010-08-17,18.958526611328125
2010-08-18,19.121463775634766
2010-08-19,19.25565528869629
2010-08-20,19.44734764099121
2010-08-23,19.265239715576172
2010-08-24,18.98728370666504
2010-08-25,19.0831241607666
2010-08-26,19.044784545898438
2010-08-27,19.495269775390625
2010-08-30,19.22689437866211
2010-08-31,19.044784545898438
2010-09-01,19.725299835205078
2010-09-02,19.964916229248047
2010-09-03,20.4153995513916
2010-09-07,20.118274688720703
2010-09-08,20.424985885620117
2010-09-09,20.4153995513916
2010-09-10,20.4537410736084
2010-09-13,21.163005828857422
2010-09-14,21.29719352722168
2010-09-15,21.30677604675293
2010-09-16,21.373868942260742
2010-09-17,21.555980682373047
2010-09-20,22.025630950927734
2010-09-21,21.929784774780273
2010-09-22,21.5272274017334
2010-09-23,21.584735870361328
2010-09-24,22.178983688354492
2010-09-27,22.16939926147461
2010-09-28,22.399433135986328
2010-09-29,22.370677947998047
2010-09-30,22.044797897338867
2010-10-01,22.006458282470703
2010-10-04,21.81476593017578
2010-10-05,22.437772750854492
2010-10-06,21.4888858795166
2010-10-07,21.421796798706055
2010-10-08,21.555980682373047
2010-10-11,21.383455276489258
2010-10-12,21.709333419799805
2010-10-13,22.025630950927734
2010-10-14,21.82435417175293
2010-10-15,21.948951721191406
2010-10-18,21.881860733032227
2010-10-19,21.076745986938477
2010-10-20,21.210927963256836
2010-10-21,21.22051239013672
2010-10-22,21.977706909179688
2010-10-25,22.571958541870117
2010-10-26,22.50486183166504
2010-10-27,22.88825225830078
2010-10-28,22.763648986816406
2010-10-29,22.87866973876953
2010-11-01,22.734899520874023
2010-11-02,23.175792694091797
2010-11-03,23.338729858398438
2010-11-04,23.6742000579834
2010-11-05,23.846717834472656
2010-11-08,23.942569732666016
2010-11-09,23.645442962646484
2010-11-10,24.01924705505371
2010-11-11,23.587932586669922
2010-11-12,23.45374870300293
2010-11-15,23.14703941345215
2010-11-16,22.696556091308594
2010-11-17,22.754066467285156
2010-11-18,23.271636962890625
2010-11-19,23.616689682006836
2010-11-22,23.961740493774414
2010-11-23,23.472917556762695
2010-11-24,24.05758285522461
2010-11-26,23.980907440185547
2010-11-29,23.712533950805664
2010-11-30,23.597517013549805
2010-12-01,24.153430938720703
2010-12-02,24.460142135620117
2010-12-03,24.690174102783203
2010-12-06,24.699756622314453
2010-12-07,24.63266372680664
2010-12-08,24.805191040039062
2010-12-09,24.977710723876953
2010-12-10,25.380273818969727
2010-12-13,25.131071090698242
2010-12-14,24.92020606994629
2010-12-15,24.853113174438477
2010-12-16,25.284421920776367
2010-12-17,25.406646728515625
2010-12-20,25.435516357421875
2010-12-21,25.656862258911133
2010-12-22,25.551002502441406
2010-12-23,25.435516357421875
2010-12-27,25.618370056152344
2010-12-28,25.44514274597168
2010-12-29,25.531755447387695
2010-12-30,25.531755447387695
2010-12-31,25.46438980102539
2011-01-03,25.87820816040039
2011-01-04,25.704980850219727
2011-01-05,26.157299041748047
2011-01-06,26.407516479492188
2011-01-07,26.157299041748047
2011-01-10,26.35939598083496
2011-01-11,26.51337242126465
2011-01-12,26.821334838867188
2011-01-13,26.830957412719727
2011-01-14,27.033058166503906
2011-01-18,27.033058166503906
2011-01-19,26.195791244506836
2011-01-20,25.262292861938477
2011-01-21,25.243045806884766
2011-01-24,25.320032119750977
2011-01-25,24.848468780517578
2011-01-26,25.493257522583008
2011-01-27,25.781970977783203
2011-01-28,25.17568016052246
2011-01-31,25.34890365600586
2011-02-01,25.830089569091797
2011-02-02,26.147674560546875
2011-02-03,26.311279296875
2011-02-04,27.119670867919922
2011-02-07,27.187036514282227
2011-02-08,27.302520751953125
2011-02-09,27.148536682128906
2011-02-10,27.658599853515625
2011-02-11,27.985801696777344
2011-02-14,28.35150718688965
2011-02-15,28.06279945373535
2011-02-16,28.178281784057617
2011-02-17,28.293764114379883
2011-02-18,28.07242202758789
2011-02-22,27.138919830322266
2011-02-23,26.648107528686523
2011-02-24,27.158166885375977
2011-02-25,27.725967407226562
2011-02-28,27.629728317260742
2011-03-01,27.004188537597656
2011-03-02,27.081174850463867
2011-03-03,27.802955627441406
2011-03-04,27.841449737548828
2011-03-07,27.312143325805664
2011-03-08,27.50461769104004
2011-03-09,26.946439743041992
2011-03-10,26.34014892578125
2011-03-11,26.522998809814453
2011-03-14,26.417139053344727
2011-03-15,25.993694305419922
2011-03-16,25.704980850219727
2011-03-17,25.531755447387695
2011-03-18,25.551002502441406
2011-03-21,26.080307006835938
2011-03-22,25.637615203857422
2011-03-23,25.964820861816406
2011-03-24,26.407516479492188
2011-03-25,26.48450469970703
2011-03-28,26.23428726196289
2011-03-29,26.657732009887695
2011-03-30,26.90795135498047
2011-03-31,27.01380729675293
2011-04-01,26.657732009887695
2011-04-04,26.590364456176758
2011-04-05,26.696226119995117
2011-04-06,26.79245948791504
2011-04-07,26.705852508544922
2011-04-08,26.494125366210938
2011-04-11,26.397890090942383
2011-04-12,25.993694305419922
2011-04-13,26.388263702392578
2011-04-14,26.369020462036133
2011-04-15,26.51337242126465
2011-04-18,26.089929580688477
2011-04-19,26.07068634033203
2011-04-20,27.0234317779541
2011-04-21,27.39875602722168
2011-04-25,27.40838050842285
2011-04-26,27.39875602722168
2011-04-27,27.70671844482422
2011-04-28,27.918437957763672
2011-04-29,28.110912322998047
2011-05-02,27.64897346496582
2011-05-03,27.187036514282227
2011-05-04,26.99456024169922
2011-05-05,27.119670867919922
2011-05-06,27.177410125732422
2011-05-09,27.45650291442871
2011-05-10,27.928068161010742
2011-05-11,27.600858688354492
2011-05-12,27.860698699951172
2011-05-13,27.533491134643555
2011-05-16,26.96569061279297
2011-05-17,26.859830856323242
2011-05-18,27.34101676940918
2011-05-19,27.50461769104004
2011-05-20,27.4949951171875
2011-05-23,26.811708450317383
2011-05-24,26.48450469970703
2011-05-25,26.84058380126953
2011-05-26,27.177410125732422
2011-05-27,27.39875602722168
2011-05-31,27.62010383605957
2011-06-01,26.850200653076172
2011-06-02,26.917570114135742
2011-06-03,26.494125366210938
2011-06-06,26.061063766479492
2011-06-07,26.28240394592285
2011-06-08,25.810842514038086
2011-06-09,25.93595314025879
2011-06-10,25.34890365600586
2011-06-13,25.38739776611328
2011-06-14,25.926332473754883
2011-06-15,25.291162490844727
2011-06-16,25.127561569213867
2011-06-17,25.06019401550293
2011-06-20,25.17568016052246
2011-06-21,26.03219223022461
2011-06-22,25.887832641601562
2011-06-23,26.32090187072754
2011-06-24,26.03219223022461
2011-06-27,26.417139053344727
2011-06-28,26.84058380126953
2011-06-29,26.869457244873047
2011-06-30,27.21590805053711
2011-07-01,27.552736282348633
2011-07-05,27.66822624206543
2011-07-06,27.870323181152344
2011-07-07,28.27451515197754
2011-07-08,28.236021041870117
2011-07-11,27.629728317260742
2011-07-12,27.042678833007812
2011-07-13,27.09079933166504
2011-07-14,26.48450469970703
2011-07-15,26.705852508544922
2011-07-18,26.4267635345459
2011-07-19,27.302520751953125
2011-07-20,26.37864112854004
2011-07-21,25.897459030151367
2011-07-22,26.205411911010742
2011-07-25,25.83971405029297
2011-07-26,25.714609146118164
2011-07-27,24.3576602935791
2011-07-28,24.579008102416992
2011-07-29,24.24217414855957
2011-08-01,24.068950653076172
2011-08-02,23.32792091369629
2011-08-03,23.664751052856445
2011-08-04,22.34630012512207
2011-08-05,21.836246490478516
2011-08-08,20.084726333618164
2011-08-09,21.24919319152832
2011-08-10,20.27720069885254
2011-08-11,21.422420501708984
2011-08-12,21.557151794433594
2011-08-15,22.096080780029297
2011-08-16,21.682266235351562
2011-08-17,21.374303817749023
2011-08-18,19.805635452270508
2011-08-19,19.334074020385742
2011-08-22,19.40143585205078
2011-08-23,20.373437881469727
2011-08-24,20.450429916381836
2011-08-25,20.084726333618164
2011-08-26,20.912364959716797
2011-08-29,21.720752716064453
2011-08-30,21.778499603271484
2011-08-31,21.845867156982422
2011-09-01,21.634145736694336
2011-09-02,20.7968807220459
2011-09-06,20.60440444946289
2011-09-07,21.586021423339844
2011-09-08,21.345434188842773
2011-09-09,20.719886779785156
2011-09-12,21.33580780029297
2011-09-13,21.67264175415039
2011-09-14,22.250062942504883
2011-09-15,22.548398971557617
2011-09-16,22.558021545410156
2011-09-19,22.230815887451172
2011-09-20,21.70151138305664
2011-09-21,21.345434188842773
2011-09-22,20.41193199157715
2011-09-23,20.642902374267578
2011-09-26,21.124086380004883
2011-09-27,21.43204689025879
2011-09-28,20.75838279724121
2011-09-29,20.66214942932129
2011-09-30,20.017358779907227
2011-10-03,19.305200576782227
2011-10-04,20.267574310302734
2011-10-05,20.912364959716797
2011-10-06,21.48978614807129
2011-10-07,21.201074600219727
2011-10-10,21.807374954223633
2011-10-11,21.865116119384766
2011-10-12,21.855487823486328
2011-10-13,21.932479858398438
2011-10-14,22.519529342651367
2011-10-17,21.797748565673828
2011-10-18,22.49065589904785
2011-10-19,21.961349487304688
2011-10-20,22.21156883239746
2011-10-21,22.45216178894043
2011-10-24,23.289426803588867
2011-10-25,22.837112426757812
2011-10-26,23.10657501220703
2011-10-27,24.425024032592773
2011-10-28,24.655996322631836
2011-10-31,24.040077209472656
2011-11-01,23.337543487548828
2011-11-02,23.924591064453125
2011-11-03,24.655996322631836
2011-11-04,24.675243377685547
2011-11-07,24.665616989135742
2011-11-08,24.992826461791992
2011-11-09,23.905344009399414
2011-11-10,23.98233413696289
2011-11-11,24.64636993408203
2011-11-14,24.58863067626953
2011-11-15,25.040945053100586
2011-11-16,24.78110122680664
2011-11-17,24.16518783569336
2011-11-18,23.809106826782227
2011-11-21,23.29904556274414
2011-11-22,23.24130630493164
2011-11-23,22.538776397705078
2011-11-25,22.394418716430664
2011-11-28,23.414533615112305
2011-11-29,23.154691696166992
2011-11-30,24.386531829833984
2011-12-01,24.117067337036133
2011-12-02,24.068950653076172
2011-12-05,24.55975914001465
2011-12-06,24.376907348632812
2011-12-07,24.24217414855957
2011-12-08,23.616634368896484
2011-12-09,24.58863067626953
2011-12-12,24.117067337036133
2011-12-13,23.501144409179688
2011-12-14,22.942970275878906
2011-12-15,22.88522720336914
2011-12-16,23.07770347595215
2011-12-19,22.606138229370117
2011-12-20,23.60700798034668
2011-12-21,22.88522720336914
2011-12-22,23.414533615112305
2011-12-23,23.60700798034668
2011-12-27,23.693626403808594
2011-12-28,23.27017593383789
2011-12-29,23.501144409179688
2011-12-30,23.376041412353516
2012-01-03,23.664751052856445
2012-01-04,23.4049072265625
2012-01-05,23.568511962890625
2012-01-06,23.597387313842773
2012-01-09,24.020828247070312
2012-01-10,24.17481231689453
2012-01-11,24.405780792236328
2012-01-12,24.569385528564453
2012-01-13,24.3576602935791
2012-01-17,24.47314453125
2012-01-18,25.15642547607422
2012-01-19,25.916704177856445
2012-01-20,25.926332473754883
2012-01-23,25.801218032836914
2012-01-24,26.186168670654297
2012-01-25,26.089929580688477
2012-01-26,26.022565841674805
2012-01-27,25.90708351135254
2012-01-30,25.647239685058594
2012-01-31,25.75309944152832
2012-02-01,26.16692543029785
2012-02-02,26.22466278076172
2012-02-03,26.869457244873047
2012-02-06,26.859830856323242
2012-02-07,27.042678833007812
2012-02-08,26.95606803894043
2012-02-09,27.004188537597656
2012-02-10,26.62885856628418
2012-02-13,26.898324966430664
2012-02-14,26.850200653076172
2012-02-15,26.95606803894043
2012-02-16,27.418004989624023
2012-02-17,27.427631378173828
2012-02-21,27.177410125732422
2012-02-22,27.12929344177246
2012-02-23,27.389135360717773
2012-02-24,27.46612548828125
2012-02-27,27.331392288208008
2012-02-28,27.177410125732422
2012-02-29,26.686599731445312
2012-03-01,26.859830856323242
2012-03-02,26.61923599243164
2012-03-05,26.32090187072754
2012-03-06,25.810842514038086
2012-03-07,26.089929580688477
2012-03-08,26.4267635345459
2012-03-09,26.77322006225586
2012-03-12,26.638484954833984
2012-03-13,27.273653030395508
2012-03-14,26.917570114135742
2012-03-15,27.11004638671875
2012-03-16,26.975317001342773
2012-03-19,27.196659088134766
2012-03-20,26.975317001342773
2012-03-21,27.10042381286621
2012-03-22,26.927194595336914
2012-03-23,27.12929344177246
2012-03-26,27.63935089111328
2012-03-27,27.629728317260742
2012-03-28,27.3795108795166
2012-03-29,27.533491134643555
2012-03-30,27.50461769104004
2012-04-02,27.697093963623047
2012-04-03,27.50461769104004
2012-04-04,27.081174850463867
2012-04-05,26.93682098388672
2012-04-09,26.407516479492188
2012-04-10,25.73385238647461
2012-04-11,25.887832641601562
2012-04-12,26.349769592285156
2012-04-13,26.041812896728516
2012-04-16,25.90708351135254
2012-04-17,26.561492919921875
2012-04-18,26.301652908325195
2012-04-19,26.28240394592285
2012-04-20,25.83971405029297
2012-04-23,25.358530044555664
2012-04-24,25.300785064697266
2012-04-25,25.83971405029297
2012-04-26,26.590364456176758
2012-04-27,26.7828369140625
2012-04-30,26.648107528686523
2012-05-01,26.802085876464844
2012-05-02,26.79245948791504
2012-05-03,26.263158798217773
2012-05-04,25.522132873535156
2012-05-07,25.37778091430664
2012-05-08,25.15642547607422
2012-05-09,25.166053771972656
2012-05-10,24.540512084960938
2012-05-11,24.636747360229492
2012-05-14,24.290294647216797
2012-05-15,24.453899383544922
2012-05-16,24.088191986083984
2012-05-17,23.55889320373535
2012-05-18,23.193187713623047
2012-05-21,23.95345687866211
2012-05-22,24.001585006713867
2012-05-23,24.078571319580078
2012-05-24,23.433778762817383
2012-05-25,23.481901168823242
2012-05-29,23.789857864379883
2012-05-30,23.42416000366211
2012-05-31,23.4049072265625
2012-06-01,22.40404510498047
2012-06-04,22.375171661376953
2012-06-05,22.817861557006836
2012-06-06,23.60700798034668
2012-06-07,23.462656021118164
2012-06-08,23.645505905151367
2012-06-11,22.981468200683594
2012-06-12,23.385665893554688
2012-06-13,23.06808090209961
2012-06-14,23.202808380126953
2012-06-15,23.703245162963867
2012-06-18,23.943838119506836
2012-06-19,24.078571319580078
2012-06-20,24.155561447143555
2012-06-21,23.318296432495117
2012-06-22,23.8187313079834
2012-06-25,23.193187713623047
2012-06-26,23.347171783447266
2012-06-27,23.645505905151367
2012-06-28,23.154691696166992
2012-06-29,24.117067337036133
2012-07-02,24.011207580566406
2012-07-03,24.4154052734375
2012-07-05,24.376907348632812
2012-07-06,23.501144409179688
2012-07-09,23.0488338470459
2012-07-10,22.67350959777832
2012-07-11,22.144201278686523
2012-07-12,21.970977783203125
2012-07-13,22.115331649780273
2012-07-16,21.865116119384766
2012-07-17,21.6918888092041
2012-07-18,22.73124885559082
2012-07-19,23.13544464111328
2012-07-20,22.61576271057129
2012-07-23,22.21156883239746
2012-07-24,21.865116119384766
2012-07-25,22.230815887451172
2012-07-26,22.596513748168945
2012-07-27,23.13544464111328
2012-07-30,22.84673500061035
2012-07-31,22.586889266967773
2012-08-01,22.298181533813477
2012-08-02,22.153827667236328
2012-08-03,22.84673500061035
2012-08-06,23.164316177368164
2012-08-07,23.616634368896484
2012-08-08,23.539640426635742
2012-08-09,23.82835578918457
2012-08-10,23.732118606567383
2012-08-13,23.635881423950195
2012-08-14,23.212440490722656
2012-08-15,23.52039909362793
2012-08-16,24.136314392089844
2012-08-17,24.30954360961914
2012-08-20,24.030452728271484
2012-08-21,24.10744285583496
2012-08-22,24.030452728271484
2012-08-23,23.914966583251953
2012-08-24,23.93421745300293
2012-08-27,24.001585006713867
2012-08-28,24.10744285583496
2012-08-29,24.16518783569336
2012-08-30,23.626256942749023
2012-08-31,23.655126571655273
2012-09-04,23.71286964416504
2012-09-05,23.74173927307129
2012-09-06,24.511638641357422
2012-09-07,24.502012252807617
2012-09-10,24.290294647216797
2012-09-11,24.367280960083008
2012-09-12,24.636747360229492
2012-09-13,25.021696090698242
2012-09-14,25.397022247314453
2012-09-17,25.233417510986328
2012-09-18,25.10831069946289
2012-09-19,25.146800994873047
2012-09-20,24.867721557617188
2012-09-21,24.96395492553711
2012-09-24,24.64636993408203
2012-09-25,24.23255157470703
2012-09-26,23.82835578918457
2012-09-27,24.30954360961914
2012-09-28,23.991958618164062
2012-10-01,23.693626403808594
2012-10-02,23.72249412536621
2012-10-03,23.655126571655273
2012-10-04,23.67437744140625
2012-10-05,23.539640426635742
2012-10-08,23.395288467407227
2012-10-09,22.981468200683594
2012-10-10,22.760122299194336
2012-10-11,22.817861557006836
2012-10-12,22.73124885559082
2012-10-15,22.923723220825195
2012-10-16,23.376041412353516
2012-10-17,22.942970275878906
2012-10-18,22.750492095947266
2012-10-19,22.3366756439209
2012-10-22,22.288558959960938
2012-10-23,22.375171661376953
2012-10-24,22.047964096069336
2012-10-25,21.865116119384766
2012-10-26,22.028717041015625
2012-10-31,22.201942443847656
2012-11-01,22.827489852905273
2012-11-02,22.34630012512207
2012-11-05,22.548398971557617
2012-11-06,22.84673500061035
2012-11-07,22.635013580322266
2012-11-08,22.384796142578125
2012-11-09,22.40404510498047
2012-11-12,22.365550994873047
2012-11-13,22.124954223632812
2012-11-14,22.019094467163086
2012-11-15,21.999847412109375
2012-11-16,21.990222930908203
2012-11-19,22.250062942504883
2012-11-20,22.13457679748535
2012-11-21,22.42329216003418
2012-11-23,22.750492095947266
2012-11-26,22.817861557006836
2012-11-27,22.837112426757812
2012-11-28,22.981468200683594
2012-11-29,23.45302963256836
2012-11-30,23.510774612426758
2012-12-03,23.366413116455078
2012-12-04,23.366413116455078
2012-12-05,23.318296432495117
2012-12-06,23.42416000366211
2012-12-07,23.433778762817383
2012-12-10,23.74173927307129
2012-12-11,23.895723342895508
2012-12-12,23.770612716674805
2012-12-13,23.770612716674805
2012-12-14,23.732118606567383
2012-12-17,23.96308708190918
2012-12-18,24.396154403686523
2012-12-19,24.492389678955078
2012-12-20,24.55013656616211
2012-12-21,24.366853713989258
2012-12-24,24.366853713989258
2012-12-26,24.357206344604492
2012-12-27,24.318618774414062
2012-12-28,24.096750259399414
2012-12-31,24.434375762939453
2013-01-02,25.302555084228516
2013-01-03,24.810583114624023
2013-01-04,25.00351333618164
2013-01-07,24.810583114624023
2013-01-08,24.608013153076172
2013-01-09,24.800939559936523
2013-01-10,24.878110885620117
2013-01-11,25.071035385131836
2013-01-14,25.022809982299805
2013-01-15,25.225385665893555
2013-01-16,25.41831398010254
2013-01-17,25.447250366210938
2013-01-18,25.34113883972168
2013-01-22,25.23503303527832
2013-01-23,25.41831398010254
2013-01-24,25.572656631469727
2013-01-25,25.968158721923828
2013-01-28,25.968158721923828
2013-01-29,25.196443557739258
2013-01-30,24.887760162353516
2013-01-31,25.283260345458984
2013-02-01,25.408662796020508
2013-02-04,25.12891960144043
2013-02-05,25.360435485839844
2013-02-06,25.38936996459961
2013-02-07,25.283260345458984
2013-02-08,25.38936996459961
2013-02-11,25.35079002380371
2013-02-12,25.47618865966797
2013-02-13,25.18680191040039
2013-02-14,25.39902114868164
2013-02-15,25.206085205078125
2013-02-19,25.611238479614258
2013-02-20,25.18680191040039
2013-02-21,24.733417510986328
2013-02-22,25.408662796020508
2013-02-25,25.099979400634766
2013-02-26,24.926347732543945
2013-02-27,25.283260345458984
2013-02-28,25.27361488342285
2013-03-01,25.167503356933594
2013-03-04,25.12891960144043
2013-03-05,25.456897735595703
2013-03-06,25.659469604492188
2013-03-07,25.958511352539062
2013-03-08,25.97780418395996
2013-03-11,26.054977416992188
2013-03-12,25.97780418395996
2013-03-13,26.151439666748047
2013-03-14,26.402246475219727
2013-03-15,26.228614807128906
2013-03-18,26.074270248413086
2013-03-19,25.746288299560547
2013-03-20,26.12250518798828
2013-03-21,25.775232315063477
2013-03-22,25.620887756347656
2013-03-25,25.514774322509766
2013-03-26,25.53407096862793
2013-03-27,25.591947555541992
2013-03-28,25.66912078857422
2013-04-01,25.215736389160156
2013-04-02,25.1096248626709
2013-04-03,24.849172592163086
2013-04-04,24.984222412109375
2013-04-05,24.2510929107666
2013-04-08,24.357206344604492
2013-04-09,24.511550903320312
2013-04-10,25.090333938598633
2013-04-11,25.12891960144043
2013-04-12,24.868467330932617
2013-04-15,24.154630661010742
2013-04-16,24.38614273071289
2013-04-17,23.932762145996094
2013-04-18,23.537260055541992
2013-04-19,23.498674392700195
2013-04-22,23.672313690185547
2013-04-23,24.03887367248535
2013-04-24,23.653017044067383
2013-04-25,23.990644454956055
2013-04-26,23.923120498657227
2013-04-29,24.096750259399414
2013-04-30,24.03887367248535
2013-05-01,23.73019027709961
2013-05-02,23.89417839050293
2013-05-03,24.337915420532227
2013-05-06,24.627307891845703
2013-05-07,24.299325942993164
2013-05-08,24.202865600585938
2013-05-09,24.096750259399414
2013-05-10,24.328269958496094
2013-05-13,24.30897331237793
2013-05-14,24.463321685791016
2013-05-15,24.501901626586914
2013-05-16,25.04210090637207
2013-05-17,25.148212432861328
2013-05-20,25.022809982299805
2013-05-21,24.955284118652344
2013-05-22,24.357206344604492
2013-05-23,24.12569236755371
2013-05-24,24.23180389404297
2013-05-28,24.656240463256836
2013-05-29,24.90704917907715
2013-05-30,25.26396942138672
2013-05-31,25.1096248626709
2013-06-03,24.791292190551758
2013-06-04,24.59836769104004
2013-06-05,24.559778213500977
2013-06-06,25.022809982299805
2013-06-07,25.254322052001953
2013-06-10,25.41831398010254
2013-06-11,25.514774322509766
2013-06-12,25.1096248626709
2013-06-13,25.466543197631836
2013-06-14,25.225385665893555
2013-06-17,25.447250366210938
2013-06-18,25.524423599243164
2013-06-19,25.447250366210938
2013-06-20,25.090333938598633
2013-06-21,25.057415008544922
2013-06-24,24.747581481933594
2013-06-25,24.81536102294922
2013-06-26,25.028366088867188
2013-06-27,25.318832397460938
2013-06-28,25.270421981811523
2013-07-01,25.454383850097656
2013-07-02,25.580249786376953
2013-07-03,25.793258666992188
2013-07-05,26.044992446899414
2013-07-08,26.122451782226562
2013-07-09,26.219274520874023
2013-07-10,26.38387107849121
2013-07-11,27.148759841918945
2013-07-12,27.19717025756836
2013-07-15,27.323040008544922
2013-07-16,27.226215362548828
2013-07-17,27.458589553833008
2013-07-18,27.57477378845215
2013-07-19,27.497318267822266
2013-07-22,27.56509017944336
2013-07-23,27.623188018798828
2013-07-24,27.894285202026367
2013-07-25,28.0782470703125
2013-07-26,27.57477378845215
2013-07-29,27.5263671875
2013-07-30,27.749052047729492
2013-07-31,27.690961837768555
2013-08-01,28.146020889282227
2013-08-02,28.175071716308594
2013-08-05,28.21379280090332
2013-08-06,28.15570068359375
2013-08-07,28.165386199951172
2013-08-08,28.446165084838867
2013-08-09,28.204113006591797
2013-08-12,28.39775848388672
2013-08-13,28.591402053833008
2013-08-14,28.659177780151367
2013-08-15,27.874923706054688
2013-08-16,27.952377319335938
2013-08-19,27.623188018798828
2013-08-20,27.903966903686523
2013-08-21,27.826513290405273
2013-08-22,27.81682586669922
2013-08-23,27.981422424316406
2013-08-26,27.981422424316406
2013-08-27,27.05193519592285
2013-08-28,27.187488555908203
2013-08-29,27.371450424194336
2013-08-30,27.16812515258789
2013-09-03,27.381132125854492
2013-09-04,27.991106033325195
2013-09-05,28.194433212280273
2013-09-06,28.35902976989746
2013-09-09,29.17232894897461
2013-09-10,29.45311164855957
2013-09-11,29.569299697875977
2013-09-12,29.60802459716797
2013-09-13,29.685483932495117
2013-09-16,29.491838455200195
2013-09-17,29.782302856445312
2013-09-18,30.188955307006836
2013-09-19,30.21800422668457
2013-09-20,29.98970603942871
2013-09-23,29.581684112548828
2013-09-24,29.57196617126465
2013-09-25,29.542821884155273
2013-09-26,29.581684112548828
2013-09-27,29.35823631286621
2013-09-30,29.193084716796875
2013-10-01,29.416528701782227
2013-10-02,29.445674896240234
2013-10-03,29.144515991210938
2013-10-04,29.707971572875977
2013-10-07,29.416528701782227
2013-10-08,28.785064697265625
2013-10-09,28.503334045410156
2013-10-10,29.07651138305664
2013-10-11,29.367952346801758
2013-10-14,29.435956954956055
2013-10-15,29.15422821044922
2013-10-16,29.42624282836914
2013-10-17,29.494247436523438
2013-10-18,29.970273971557617
2013-10-21,30.154857635498047
2013-10-22,30.047992706298828
2013-10-23,29.3971004486084
2013-10-24,29.018220901489258
2013-10-25,28.921072006225586
2013-10-28,28.853069305419922
2013-10-29,28.979358673095703
2013-10-30,28.41590118408203
2013-10-31,28.62962532043457
2013-11-01,28.27989387512207
2013-11-04,28.561620712280273
2013-11-05,28.367326736450195
2013-11-06,28.47418785095215
2013-11-07,28.134170532226562
2013-11-08,28.47418785095215
2013-11-11,28.503334045410156
2013-11-12,28.668487548828125
2013-11-13,28.70734405517578
2013-11-14,28.27018165588379
2013-11-15,28.5810546875
2013-11-18,28.26046371459961
2013-11-19,28.15359878540039
2013-11-20,28.173030853271484
2013-11-21,28.51304817199707
2013-11-22,28.765634536743164
2013-11-25,28.717060089111328
2013-11-26,28.833642959594727
2013-11-27,28.77535057067871
2013-11-29,28.804492950439453
2013-12-02,28.561620712280273
2013-12-03,28.347896575927734
2013-12-04,28.658771514892578
2013-12-05,28.736488342285156
2013-12-06,28.959930419921875
2013-12-09,28.99879264831543
2013-12-10,28.823923110961914
2013-12-11,28.5810546875
2013-12-12,28.037025451660156
2013-12-13,28.027311325073242
2013-12-16,28.435331344604492
2013-12-17,28.687917709350586
2013-12-18,28.833642959594727
2013-12-19,28.853069305419922
2013-12-20,29.32909393310547
2013-12-23,29.746835708618164
2013-12-24,29.873123168945312
2013-12-26,29.805124282836914
2013-12-27,30.135425567626953
2013-12-30,30.242290496826172
2013-12-31,30.689170837402344
2014-01-02,30.115995407104492
2014-01-03,30.115995407104492
2014-01-06,30.426870346069336
2014-01-07,30.76689338684082
2014-01-08,30.81546401977539
2014-01-09,30.533733367919922
2014-01-10,30.417160034179688
2014-01-13,30.320011138916016
2014-01-14,30.81546401977539
2014-01-15,31.573225021362305
2014-01-16,31.680089950561523
2014-01-17,31.320642471313477
2014-01-21,31.42749786376953
2014-01-22,31.621797561645508
2014-01-23,31.456649780273438
2014-01-24,31.01947784423828
2014-01-27,30.67945671081543
2014-01-28,30.825180053710938
2014-01-29,30.485164642333984
2014-01-30,31.106914520263672
2014-01-31,31.184627532958984
2014-02-03,30.067420959472656
2014-02-04,30.329721450805664
2014-02-05,30.174285888671875
2014-02-06,30.407440185546875
2014-02-07,30.932043075561523
2014-02-10,31.213775634765625
2014-02-11,30.912614822387695
2014-02-12,30.86404037475586
2014-02-13,31.07776641845703
2014-02-14,31.446929931640625
2014-02-18,31.69951629638672
2014-02-19,31.495500564575195
2014-02-20,32.02982711791992
2014-02-21,32.11725616455078
2014-02-24,32.3406982421875
2014-02-25,32.078392028808594
2014-02-26,32.44755554199219
2014-02-27,32.67100143432617
2014-02-28,32.262977600097656
2014-03-03,32.165828704833984
2014-03-04,32.981868743896484
2014-03-05,33.18588638305664
2014-03-06,33.263607025146484
2014-03-07,33.27332305908203
2014-03-10,33.001304626464844
2014-03-11,32.54471206665039
2014-03-12,32.962440490722656
2014-03-13,32.3406982421875
2014-03-14,32.36012649536133
2014-03-17,32.719573974609375
2014-03-18,33.19560241699219
2014-03-19,33.098453521728516
2014-03-20,33.38018035888672
2014-03-21,33.28303146362305
2014-03-24,32.61271667480469
2014-03-25,32.593284606933594
2014-03-26,32.02982711791992
2014-03-27,31.65093994140625
2014-03-28,31.573225021362305
2014-03-31,32.12696838378906
2014-04-01,32.88472366333008
2014-04-02,32.904151916503906
2014-04-03,32.3892707824707
2014-04-04,31.398359298706055
2014-04-07,30.74746322631836
2014-04-08,31.07776641845703
2014-04-09,31.544078826904297
2014-04-10,30.30057716369629
2014-04-11,29.78569221496582
2014-04-14,30.31029510498047
2014-04-15,30.349157333374023
2014-04-16,30.475446701049805
2014-04-17,30.81546401977539
2014-04-21,30.81546401977539
2014-04-22,31.43721580505371
2014-04-23,30.941761016845703
2014-04-24,30.990333557128906
2014-04-25,30.203432083129883
2014-04-28,29.659400939941406
2014-04-29,30.096569061279297
2014-04-30,30.242290496826172
2014-05-01,30.31029510498047
2014-05-02,30.426870346069336
2014-05-05,30.115995407104492
2014-05-06,29.843978881835938
2014-05-07,29.38738441467285
2014-05-08,29.6788272857666
2014-05-09,29.2805233001709
2014-05-12,30.232572555541992
2014-05-13,30.028564453125
2014-05-14,29.737119674682617
2014-05-15,29.78569221496582
2014-05-16,29.756549835205078
2014-05-19,30.55316925048828
2014-05-20,30.329721450805664
2014-05-21,30.5434513092041
2014-05-22,31.038908004760742
2014-05-23,31.087478637695312
2014-05-27,31.553789138793945
2014-05-28,31.495500564575195
2014-05-29,31.786949157714844
2014-05-30,31.087478637695312
2014-06-02,30.757179260253906
2014-06-03,30.689170837402344
2014-06-04,30.689170837402344
2014-06-05,31.349782943725586
2014-06-06,31.612085342407227
2014-06-09,31.621797561645508
2014-06-10,31.796661376953125
2014-06-11,31.786949157714844
2014-06-12,31.738372802734375
2014-06-13,31.592655181884766
2014-06-16,31.65093994140625
2014-06-17,31.816097259521484
2014-06-18,31.777238845825195
2014-06-19,31.709230422973633
2014-06-20,31.689796447753906
2014-06-23,31.631511688232422
2014-06-24,31.553789138793945
2014-06-25,31.446929931640625
2014-06-26,31.544078826904297
2014-06-27,31.767520904541016
2014-06-30,31.796661376953125
2014-07-01,32.194969177246094
2014-07-02,32.25326156616211
2014-07-03,32.37955093383789
2014-07-07,32.1075325012207
2014-07-08,31.26235008239746
2014-07-09,31.34006690979004
2014-07-10,31.281780242919922
2014-07-11,31.31092071533203
2014-07-14,31.34006690979004
2014-07-15,31.068050384521484
2014-07-16,31.01947784423828
2014-07-17,30.73774528503418
2014-07-18,31.097192764282227
2014-07-21,31.19434356689453
2014-07-22,31.612085342407227
2014-07-23,31.204057693481445
2014-07-24,31.398359298706055
2014-07-25,31.42749786376953
2014-07-28,31.359493255615234
2014-07-29,31.33034896850586
2014-07-30,31.514928817749023
2014-07-31,30.776607513427734
2014-08-01,30.271432876586914
2014-08-04,30.689170837402344
2014-08-05,30.708600997924805
2014-08-06,30.834896087646484
2014-08-07,31.029190063476562
2014-08-08,30.86404037475586
2014-08-11,31.281780242919922
2014-08-12,31.087478637695312
2014-08-13,31.349782943725586
2014-08-14,31.25263214111328
2014-08-15,31.25263214111328
2014-08-18,31.524648666381836
2014-08-19,31.65093994140625
2014-08-20,31.65093994140625
2014-08-21,31.893815994262695
2014-08-22,31.806381225585938
2014-08-25,31.738372802734375
2014-08-26,31.845232009887695
2014-08-27,31.738372802734375
2014-08-28,31.680089950561523
2014-08-29,31.777238845825195
2014-09-02,32.165828704833984
2014-09-03,32.11725616455078
2014-09-04,32.15611267089844
2014-09-05,32.175540924072266
2014-09-08,32.08810806274414
2014-09-09,32.3892707824707
2014-09-10,32.54471206665039
2014-09-11,32.807010650634766
2014-09-12,32.46698760986328
2014-09-15,32.02982711791992
2014-09-16,32.12696838378906
2014-09-17,32.25326156616211
2014-09-18,32.534996032714844
2014-09-19,32.573848724365234
2014-09-22,31.8258056640625
2014-09-23,31.8258056640625
2014-09-24,31.93267250061035
2014-09-25,31.378923416137695
2014-09-26,31.641223907470703
2014-09-29,31.631511688232422
2014-09-30,31.544078826904297
2014-10-01,30.990333557128906
2014-10-02,31.155487060546875
2014-10-03,31.544078826904297
2014-10-06,31.544078826904297
2014-10-07,30.834896087646484
2014-10-08,30.834896087646484
2014-10-09,30.43658447265625
2014-10-10,29.06679344177246
2014-10-13,28.959930419921875
2014-10-14,28.891929626464844
2014-10-15,28.94050407409668
2014-10-16,29.2125186920166
2014-10-17,29.5136775970459
2014-10-20,29.620540618896484
2014-10-21,30.320011138916016
2014-10-22,30.261720657348633
2014-10-23,30.60173988342285
2014-10-24,30.73774528503418
2014-10-27,30.698888778686523
2014-10-28,31.4080753326416
2014-10-29,31.349782943725586
2014-10-30,31.69951629638672
2014-10-31,32.35041046142578
2014-11-03,32.54471206665039
2014-11-04,32.54471206665039
2014-11-05,32.50584411621094
2014-11-06,32.44755554199219
2014-11-07,32.46698760986328
2014-11-10,32.496131896972656
2014-11-11,32.534996032714844
2014-11-12,32.632137298583984
2014-11-13,32.554420471191406
2014-11-14,32.73900604248047
2014-11-17,32.748714447021484
2014-11-18,33.059593200683594
2014-11-19,32.622432708740234
2014-11-20,32.82643508911133
2014-11-21,32.855587005615234
2014-11-24,33.12759780883789
2014-11-25,33.37046813964844
2014-11-26,33.37046813964844
2014-11-28,33.613338470458984
2014-12-01,33.215030670166016
2014-12-02,33.17616653442383
2014-12-03,33.58419418334961
2014-12-04,33.351043701171875
2014-12-05,33.55504608154297
2014-12-08,33.3899040222168
2014-12-09,33.28303146362305
2014-12-10,33.215030670166016
2014-12-11,33.001304626464844
2014-12-12,32.91386795043945
2014-12-15,32.60300064086914
2014-12-16,32.47670364379883
2014-12-17,32.94301986694336
2014-12-18,33.4384651184082
2014-12-19,34.060218811035156
2014-12-22,34.21566390991211
2014-12-23,34.235084533691406
2014-12-24,34.48767852783203
2014-12-26,34.409950256347656
2014-12-29,34.079654693603516
2014-12-30,34.03107833862305
2014-12-31,33.94364547729492
2015-01-02,33.448184967041016
2015-01-05,33.448184967041016
2015-01-06,32.496131896972656
2015-01-07,32.962440490722656
2015-01-08,33.42875671386719
2015-01-09,33.27332305908203
2015-01-12,33.069313049316406
2015-01-13,33.12759780883789
2015-01-14,32.6904296875
2015-01-15,32.15611267089844
2015-01-16,32.428123474121094
2015-01-20,32.64185333251953
2015-01-21,32.60300064086914
2015-01-22,32.700138092041016
2015-01-23,33.16645431518555
2015-01-26,33.20531463623047
2015-01-27,32.78757858276367
2015-01-28,32.3892707824707
2015-01-29,32.48642349243164
2015-01-30,32.06867599487305
2015-02-02,31.75780487060547
2015-02-03,32.32126235961914
2015-02-04,32.32126235961914
2015-02-05,32.68071365356445
2015-02-06,32.496131896972656
2015-02-09,32.60300064086914
2015-02-10,33.419044494628906
2015-02-11,33.419044494628906
2015-02-12,34.108795166015625
2015-02-13,34.108795166015625
2015-02-17,34.885982513427734
2015-02-18,34.93455505371094
2015-02-19,35.22600173950195
2015-02-20,35.77003479003906
2015-02-23,35.332862854003906
2015-02-24,35.42029571533203
2015-02-25,35.585453033447266
2015-02-26,35.81861114501953
2015-02-27,35.81861114501953
2015-03-02,35.983760833740234
2015-03-03,35.74088668823242
2015-03-04,35.468868255615234
2015-03-05,35.527164459228516
2015-03-06,35.1677131652832
2015-03-09,35.34257888793945
2015-03-10,35.34257888793945
2015-03-11,34.86655044555664
2015-03-12,35.2357177734375
2015-03-13,35.2357177734375
2015-03-16,35.468868255615234
2015-03-17,35.74088668823242
2015-03-18,36.12948226928711
2015-03-19,36.12948226928711
2015-03-20,36.12948226928711
2015-03-23,35.99346923828125
2015-03-24,35.410587310791016
2015-03-25,34.516815185546875
2015-03-26,34.516815185546875
2015-03-27,34.779117584228516
2015-03-30,35.245426177978516
2015-03-31,35.12885665893555
2015-04-01,34.711116790771484
2015-04-02,34.73054885864258
2015-04-06,34.98312759399414
2015-04-07,35.29400634765625
2015-04-08,35.36201477050781
2015-04-09,35.50773239135742
2015-04-10,35.721458435058594
2015-04-13,35.410587310791016
2015-04-14,35.439727783203125
2015-04-15,35.99346923828125
2015-04-16,36.051761627197266
2015-04-17,35.17742156982422
2015-04-20,35.79917526245117
2015-04-21,36.284912109375
2015-04-22,36.246063232421875
2015-04-23,36.246063232421875
2015-04-24,36.537506103515625
2015-04-27,36.32377624511719
2015-04-28,36.644371032714844
2015-04-29,36.537506103515625
2015-04-30,35.64373779296875
2015-05-01,35.92546844482422
2015-05-04,35.92546844482422
2015-05-05,35.32314682006836
2015-05-06,35.157997131347656
2015-05-07,35.410587310791016
2015-05-08,35.8866081237793
2015-05-11,35.94490051269531
2015-05-12,35.79917526245117
2015-05-13,35.82832336425781
2015-05-14,36.32377624511719
2015-05-15,36.100341796875
2015-05-18,36.59579086303711
2015-05-19,36.46950149536133
2015-05-20,36.566646575927734
2015-05-21,36.50836181640625
2015-05-22,36.57637023925781
2015-05-26,36.07119369506836
2015-05-27,36.33349609375
2015-05-28,36.69293975830078
2015-05-29,36.72208786010742
2015-06-01,36.67351150512695
2015-06-02,36.72208786010742
2015-06-03,37.06210708618164
2015-06-04,36.70265579223633
2015-06-05,37.15925598144531
2015-06-08,37.052391052246094
2015-06-09,36.95524215698242
2015-06-10,37.52842330932617
2015-06-11,37.45069885253906
2015-06-12,37.431270599365234
2015-06-15,37.489559173583984
2015-06-16,37.88786697387695
2015-06-17,38.101593017578125
2015-06-18,38.56789779663086
2015-06-19,38.247318267822266
2015-06-22,38.23759841918945
2015-06-23,38.19874572753906
2015-06-24,37.52842330932617
2015-06-25,37.499271392822266
2015-06-26,36.74150848388672
2015-06-29,35.85746765136719
2015-06-30,36.23634338378906
2015-07-01,36.4986457824707
2015-07-02,35.94490051269531
2015-07-06,35.5368766784668
2015-07-07,35.54659652709961
2015-07-08,35.18714141845703
2015-07-09,35.157997131347656
2015-07-10,35.391151428222656
2015-07-13,35.48830032348633
2015-07-14,35.78946304321289
2015-07-15,35.68260192871094
2015-07-16,35.83803939819336
2015-07-17,35.430015563964844
2015-07-20,35.56602096557617
2015-07-21,35.60487747192383
2015-07-22,35.55630874633789
2015-07-23,36.03234100341797
2015-07-24,36.22663116455078
2015-07-27,35.47859191894531
2015-07-28,35.76032257080078
2015-07-29,35.459163665771484
2015-07-30,35.7505989074707
2015-07-31,35.906036376953125
2015-08-03,35.25514602661133
2015-08-04,35.30372619628906
2015-08-05,35.9157600402832
2015-08-06,35.08028030395508
2015-08-07,35.10942459106445
2015-08-10,35.702030181884766
2015-08-11,35.48830032348633
2015-08-12,34.75969696044922
2015-08-13,35.264862060546875
2015-08-14,35.18714141845703
2015-08-17,35.64373779296875
2015-08-18,35.22600173950195
2015-08-19,35.19685363769531
2015-08-20,33.593910217285156
2015-08-21,33.0401611328125
2015-08-24,31.25263214111328
2015-08-25,31.582937240600586
2015-08-26,32.428123474121094
2015-08-27,32.632137298583984
2015-08-28,33.098453521728516
2015-08-31,32.88472366333008
2015-09-01,31.91324234008789
2015-09-02,32.30183410644531
2015-09-03,32.60300064086914
2015-09-04,32.23383331298828
2015-09-08,32.97216033935547
2015-09-09,32.807010650634766
2015-09-10,32.97216033935547
2015-09-11,32.50584411621094
2015-09-14,32.661285400390625
2015-09-15,33.03044509887695
2015-09-16,33.18588638305664
2015-09-17,33.48704528808594
2015-09-18,33.31217956542969
2015-09-21,33.30246353149414
2015-09-22,32.76814270019531
2015-09-23,33.001304626464844
2015-09-24,33.001304626464844
2015-09-25,32.82643508911133
2015-09-28,32.82643508911133
2015-09-29,31.524648666381836
2015-09-30,31.88410186767578
2015-10-01,32.18526077270508
2015-10-02,32.22411346435547
2015-10-05,33.419044494628906
2015-10-06,33.24417495727539
2015-10-07,33.23445510864258
2015-10-08,33.48704528808594
2015-10-09,33.788204193115234
2015-10-12,33.77848434448242
2015-10-13,33.37046813964844
2015-10-14,33.13731384277344
2015-10-15,33.263607025146484
2015-10-16,33.91450119018555
2015-10-19,33.95336151123047
2015-10-20,33.92420959472656
2015-10-21,33.38018035888672
2015-10-22,34.34195327758789
2015-10-23,34.7888298034668
2015-10-26,34.64311218261719
2015-10-27,34.61396789550781
2015-10-28,35.585453033447266
2015-10-29,35.27457809448242
2015-10-30,35.264862060546875
2015-11-02,35.60487747192383
2015-11-03,35.721458435058594
2015-11-04,35.63402557373047
2015-11-05,35.157997131347656
2015-11-06,35.614593505859375
2015-11-09,35.1385612487793
2015-11-10,34.749977111816406
2015-11-11,34.827693939208984
2015-11-12,34.827693939208984
2015-11-13,33.69105529785156
2015-11-16,33.8562126159668
2015-11-17,34.3225212097168
2015-11-18,34.448822021484375
2015-11-19,34.81797790527344
2015-11-20,34.96370315551758
2015-11-23,35.01227569580078
2015-11-24,34.92483901977539
2015-11-25,34.92483901977539
2015-11-27,35.30372619628906
2015-11-30,35.17742156982422
2015-12-01,35.59516143798828
2015-12-02,35.65345001220703
2015-12-03,35.18714141845703
2015-12-04,35.47859191894531
2015-12-07,35.19685363769531
2015-12-08,35.29400634765625
2015-12-09,34.47795867919922
2015-12-10,34.42938995361328
2015-12-11,34.42938995361328
2015-12-14,33.263607025146484
2015-12-15,33.65220260620117
2015-12-16,33.96307373046875
2015-12-17,33.96307373046875
2015-12-18,33.45790100097656
2015-12-21,33.45790100097656
2015-12-22,33.47732925415039
2015-12-23,33.47732925415039
2015-12-24,33.47732925415039
2015-12-28,33.6230583190918
2015-12-29,34.04078674316406
2015-12-30,34.04078674316406
2015-12-31,33.63276672363281
2016-01-04,32.65156173706055
2016-01-05,32.27269744873047
2016-01-06,31.72866439819336
2016-01-07,30.8446102142334
2016-01-08,30.494874954223633
2016-01-11,29.9119873046875
2016-01-12,30.475446701049805
2016-01-13,30.18400001525879
2016-01-14,30.407440185546875
2016-01-15,29.707971572875977
2016-01-19,29.319377899169922
2016-01-20,29.13479995727539
2016-01-21,29.027935028076172
2016-01-22,29.707971572875977
2016-01-25,29.484533309936523
2016-01-26,29.669116973876953
2016-01-27,29.12508201599121
2016-01-28,29.12508201599121
2016-01-29,29.523391723632812
2016-02-01,29.601110458374023
2016-02-02,28.950214385986328
2016-02-03,28.891929626464844
2016-02-04,29.33881187438965
2016-02-05,28.211889266967773
2016-02-08,27.31812286376953
2016-02-09,26.997533798217773
2016-02-10,27.551280975341797
2016-02-11,27.59014129638672
2016-02-12,27.871870040893555
2016-02-16,28.77535057067871
2016-02-17,29.53310775756836
2016-02-18,29.29023551940918
2016-02-19,29.406818389892578
2016-02-22,30.115995407104492
2016-02-23,29.853694915771484
2016-02-24,29.853694915771484
2016-02-25,30.44630241394043
2016-02-26,30.834896087646484
2016-02-29,31.009763717651367
2016-03-01,31.213775634765625
2016-03-02,31.476078033447266
2016-03-03,31.097192764282227
2016-03-04,31.476078033447266
2016-03-07,31.466354370117188
2016-03-08,30.883468627929688
2016-03-09,31.087478637695312
2016-03-10,30.805749893188477
2016-03-11,30.805749893188477
2016-03-14,31.621797561645508
2016-03-15,31.184627532958984
2016-03-16,31.553789138793945
2016-03-17,32.08810806274414
2016-03-18,32.08810806274414
2016-03-21,32.29212188720703
2016-03-22,32.50584411621094
2016-03-23,32.11725616455078
2016-03-24,31.864667892456055
2016-03-28,31.903526306152344
2016-03-29,32.50584411621094
2016-03-30,32.593284606933594
2016-03-31,32.93330001831055
2016-04-01,32.923583984375
2016-04-04,32.962440490722656
2016-04-05,32.67100143432617
2016-04-06,32.67100143432617
2016-04-07,32.30183410644531
2016-04-08,32.35041046142578
2016-04-11,32.700138092041016
2016-04-12,31.786949157714844
2016-04-13,32.67100143432617
2016-04-14,32.64185333251953
2016-04-15,32.64185333251953
2016-04-18,32.60300064086914
2016-04-19,32.204689025878906
2016-04-20,32.3892707824707
2016-04-21,32.46698760986328
2016-04-22,32.593284606933594
2016-04-25,32.6904296875
2016-04-26,32.836151123046875
2016-04-27,32.89443588256836
2016-04-28,33.15673828125
2016-04-29,32.6904296875
2016-05-02,32.51556396484375
2016-05-03,31.990964889526367
2016-05-04,31.689796447753906
2016-05-05,31.553789138793945
2016-05-06,31.378923416137695
2016-05-09,31.563508987426758
2016-05-10,31.806381225585938
2016-05-11,31.961820602416992
2016-05-12,31.524648666381836
2016-05-13,31.718948364257812
2016-05-16,31.718948364257812
2016-05-17,31.718948364257812
2016-05-18,31.767520904541016
2016-05-19,31.359493255615234
2016-05-20,31.777238845825195
2016-05-23,32.05896759033203
2016-05-24,32.54471206665039
2016-05-25,32.622432708740234
2016-05-26,32.622432708740234
2016-05-27,32.6904296875
2016-05-31,32.981868743896484
2016-06-01,33.24417495727539
2016-06-02,33.15673828125
2016-06-03,33.360755920410156
2016-06-06,33.55504608154297
2016-06-07,33.60362243652344
2016-06-08,33.729915618896484
2016-06-09,33.642486572265625
2016-06-10,33.23445510864258
2016-06-13,32.94301986694336
2016-06-14,32.81672668457031
2016-06-15,33.07902526855469
2016-06-16,32.61271667480469
2016-06-17,32.93107986450195
2016-06-20,33.39008331298828
2016-06-21,33.39008331298828
2016-06-22,33.26313018798828
2016-06-23,33.683067321777344
2016-06-24,32.27675247192383
2016-06-27,30.997407913208008
2016-06-28,31.143896102905273
2016-06-29,31.86658477783203
2016-06-30,31.915424346923828
2016-07-01,32.41347885131836
2016-07-05,32.36465072631836
2016-07-06,32.36465072631836
2016-07-07,32.579505920410156
2016-07-08,32.579505920410156
2016-07-11,33.84909439086914
2016-07-12,33.917449951171875
2016-07-13,34.18113327026367
2016-07-14,33.956512451171875
2016-07-15,33.89792251586914
2016-07-18,34.21043395996094
2016-07-19,34.22019577026367
2016-07-20,34.66944122314453
2016-07-21,34.66944122314453
2016-07-22,34.66944122314453
2016-07-25,35.265167236328125
2016-07-26,35.37259292602539
2016-07-27,35.82182693481445
2016-07-28,35.94879150390625
2016-07-29,35.91948699951172
2016-08-01,35.978084564208984
2016-08-02,35.48002243041992
2016-08-03,35.73394012451172
2016-08-04,35.86090087890625
2016-08-05,36.35895919799805
2016-08-08,36.31013107299805
2016-08-09,36.55428695678711
2016-08-10,36.34919738769531
2016-08-11,36.34919738769531
2016-08-12,36.34919738769531
2016-08-15,36.92539596557617
2016-08-16,36.847267150878906
2016-08-17,36.56405258178711
2016-08-18,36.90586471557617
2016-08-19,37.08164978027344
2016-08-22,37.06211853027344
2016-08-23,37.413692474365234
2016-08-24,37.12071228027344
2016-08-25,37.19883728027344
2016-08-26,37.00352096557617
2016-08-29,37.3551025390625
2016-08-30,37.34532928466797
2016-08-31,37.07188034057617
2016-09-01,37.07188034057617
2016-09-02,37.8531608581543
2016-09-06,37.941062927246094
2016-09-07,38.10708236694336
2016-09-08,38.10708236694336
2016-09-09,37.20860290527344
2016-09-12,37.14024353027344
2016-09-13,37.3648681640625
2016-09-14,37.7652702331543
2016-09-15,38.155914306640625
2016-09-16,38.08755111694336
2016-09-19,38.73210906982422
2016-09-20,38.39030075073242
2016-09-21,38.57585144042969
2016-09-22,39.308311462402344
2016-09-23,38.986026763916016
2016-09-26,38.67350769042969
2016-09-27,39.12275314331055
2016-09-28,39.23994445800781
2016-09-29,38.92743682861328
2016-09-30,39.23017120361328
2016-10-03,38.89813232421875
2016-10-04,38.85906982421875
2016-10-05,39.31806945800781
2016-10-06,39.33760452270508
2016-10-07,39.20088577270508
2016-10-10,39.10321807861328
2016-10-11,38.331703186035156
2016-10-12,38.08755111694336
2016-10-13,37.7457389831543
2016-10-14,37.7457389831543
2016-10-17,37.7164421081543
2016-10-18,38.019187927246094
2016-10-19,38.312164306640625
2016-10-20,38.312164306640625
2016-10-21,38.29263687133789
2016-10-24,38.76140594482422
2016-10-25,38.41959762573242
2016-10-26,38.40007019042969
2016-10-27,37.501590728759766
2016-10-28,37.77504348754883
2016-10-31,37.6480827331543
2016-11-01,37.442989349365234
2016-11-02,37.25743865966797
2016-11-03,37.2183723449707
2016-11-04,36.993751525878906
2016-11-07,37.88246536254883
2016-11-08,38.136383056640625
2016-11-09,38.51725769042969
2016-11-10,38.204742431640625
2016-11-11,38.84930419921875
2016-11-14,38.78093719482422
2016-11-15,39.39619827270508
2016-11-16,39.347373962402344
2016-11-17,39.591514587402344
2016-11-18,39.777076721191406
2016-11-21,39.757545471191406
2016-11-22,39.99193572998047
2016-11-23,39.99193572998047
2016-11-25,40.255615234375
2016-11-28,39.894264221191406
2016-11-29,39.97239685058594
2016-11-30,39.66965103149414
2016-12-01,38.40983200073242
2016-12-02,38.47819137573242
2016-12-05,39.347373962402344
2016-12-06,39.454795837402344
2016-12-07,39.620811462402344
2016-12-08,40.304439544677734
2016-12-09,40.12865447998047
2016-12-12,39.88450622558594
2016-12-13,40.294673919677734
2016-12-14,40.0407600402832
2016-12-15,40.382572174072266
2016-12-16,40.06029510498047
2016-12-19,40.265380859375
2016-12-20,40.314212799072266
2016-12-21,40.372802734375
2016-12-22,40.323974609375
2016-12-23,40.0114631652832
2016-12-27,40.284912109375
2016-12-28,39.70871353149414
2016-12-29,39.70871353149414
2016-12-30,39.42549514770508
2017-01-03,39.347373962402344
2017-01-04,39.95286178588867
2017-01-05,39.78684997558594
2017-01-06,39.88450622558594
2017-01-09,39.83567428588867
2017-01-10,40.03099060058594
2017-01-11,40.0993537902832
2017-01-12,39.85520935058594
2017-01-13,40.363040924072266
2017-01-17,39.57198715209961
2017-01-18,39.66965103149414
2017-01-19,40.06029510498047
2017-01-20,40.255615234375
2017-01-23,40.255615234375
2017-01-24,40.63648986816406
2017-01-25,40.85133743286133
2017-01-26,40.20677947998047
2017-01-27,40.39234161376953
2017-01-30,40.0993537902832
2017-01-31,40.118896484375
2017-02-01,40.20677947998047
2017-02-02,40.470462799072266
2017-02-03,40.70484924316406
2017-02-06,40.82204055786133
2017-02-07,40.919708251953125
2017-02-08,41.13455581665039
2017-02-09,41.53495788574219
2017-02-10,41.41777038574219
2017-02-13,41.925601959228516
2017-02-14,42.06232833862305
2017-02-15,42.31624221801758
2017-02-16,42.03303527832031
2017-02-17,42.65805435180664
2017-02-21,43.058467864990234
2017-02-22,42.66781997680664
2017-02-23,41.99396514892578
2017-02-24,41.93537521362305
2017-02-27,41.80841827392578
2017-02-28,41.62285614013672
2017-03-01,42.10139465332031
2017-03-02,41.98420333862305
2017-03-03,41.83771514892578
2017-03-06,41.70098876953125
2017-03-07,41.62285614013672
2017-03-08,41.83771514892578
2017-03-09,41.59355926513672
2017-03-10,41.50566864013672
2017-03-13,41.76934814453125
2017-03-14,41.68145751953125
2017-03-15,42.13069152832031
2017-03-16,42.40414047241211
2017-03-17,42.560401916503906
2017-03-20,42.47249984741211
2017-03-21,42.47249984741211
2017-03-22,42.189292907714844
2017-03-23,42.24788284301758
2017-03-24,42.76548767089844
2017-03-27,42.492042541503906
2017-03-28,42.687355041503906
2017-03-29,42.628761291503906
2017-03-30,42.92174530029297
2017-03-31,42.90220642089844
2017-04-03,42.51156997680664
2017-04-04,42.306480407714844
2017-04-05,41.80841827392578
2017-04-06,42.02326583862305
2017-04-07,41.96467208862305
2017-04-10,41.93537521362305
2017-04-11,41.857242584228516
2017-04-12,41.44707107543945
2017-04-13,41.41777038574219
2017-04-17,41.66191864013672
2017-04-18,41.77911376953125
2017-04-19,41.876773834228516
2017-04-20,42.01349639892578
2017-04-21,42.02326583862305
2017-04-24,42.02326583862305
2017-04-25,43.1170654296875
2017-04-26,42.8143196105957
2017-04-27,42.77524948120117
2017-04-28,42.77524948120117
2017-05-01,42.86314392089844
2017-05-02,42.86314392089844
2017-05-03,42.306480407714844
2017-05-04,42.63852310180664
2017-05-05,43.2049560546875
2017-05-08,43.1854248046875
2017-05-09,43.43933868408203
2017-05-10,43.71278381347656
2017-05-11,43.26355743408203
2017-05-12,43.419803619384766
2017-05-15,44.13273620605469
2017-05-16,44.14249801635742
2017-05-17,42.9803352355957
2017-05-18,42.36507797241211
2017-05-19,42.51156997680664
2017-05-22,43.27332305908203
2017-05-23,43.224483489990234
2017-05-24,43.224483489990234
2017-05-25,43.224483489990234
2017-05-26,43.51747131347656
2017-05-30,43.49794006347656
2017-05-31,43.49794006347656
2017-06-01,44.16202163696289
2017-06-02,44.64056396484375
2017-06-05,44.53313446044922
2017-06-06,44.86518096923828
2017-06-07,44.71868896484375
2017-06-08,44.84564208984375
2017-06-09,43.2928466796875
2017-06-12,43.175655364990234
2017-06-13,43.59560012817383
2017-06-14,43.60536575317383
2017-06-15,42.71665954589844
2017-06-16,43.069175720214844
2017-06-19,43.6092643737793
2017-06-20,43.30485153198242
2017-06-21,43.63872146606445
2017-06-22,43.84493637084961
2017-06-23,44.218082427978516
2017-06-26,43.972591400146484
2017-06-27,43.66817855834961
2017-06-28,43.63872146606445
2017-06-29,42.66657257080078
2017-06-30,42.853145599365234
2017-07-03,42.72549057006836
2017-07-05,42.7647705078125
2017-07-06,42.42108154296875
2017-07-07,43.12809753417969
2017-07-10,43.10845947265625
2017-07-11,43.324493408203125
2017-07-12,43.83511734008789
2017-07-13,43.86457061767578
2017-07-14,44.002052307128906
2017-07-17,44.110069274902344
2017-07-18,44.06097412109375
2017-07-19,44.80727005004883
2017-07-20,44.58141326904297
2017-07-21,44.522499084472656
2017-07-24,44.522499084472656
2017-07-25,45.0920295715332
2017-07-26,44.67960739135742
2017-07-27,44.66979217529297
2017-07-28,43.5208854675293
2017-07-31,43.403053283691406
2017-08-01,43.61908721923828
2017-08-02,43.33430862426758
2017-08-03,43.452144622802734
2017-08-04,43.00044250488281
2017-08-07,43.04954147338867
2017-08-08,43.08882522583008
2017-08-09,42.804046630859375
2017-08-10,41.782798767089844
2017-08-11,42.077388763427734
2017-08-14,42.75495147705078
2017-08-15,42.862972259521484
2017-08-16,42.862972259521484
2017-08-17,42.862972259521484
2017-08-18,42.597835540771484
2017-08-21,42.32288360595703
2017-08-22,42.83350372314453
2017-08-23,42.90223693847656
2017-08-24,43.216468811035156
2017-08-25,43.17719268798828
2017-08-28,43.216468811035156
2017-08-29,43.216468811035156
2017-08-30,43.6092643737793
2017-08-31,43.766380310058594
2017-09-01,43.74673843383789
2017-09-05,43.22629928588867
2017-09-06,43.30485153198242
2017-09-07,43.30485153198242
2017-09-08,43.6092643737793
2017-09-11,44.16899108886719
2017-09-12,44.30646514892578
2017-09-13,44.28681945800781
2017-09-14,44.100250244140625
2017-09-15,44.237728118896484
2017-09-18,44.55733108520508
2017-09-19,44.63599395751953
2017-09-20,44.44915771484375
2017-09-21,44.3016471862793
2017-09-22,44.4786491394043
2017-09-25,43.91811752319336
2017-09-26,44.18363571166992
2017-09-27,44.872013092041016
2017-09-28,44.586830139160156
2017-09-29,44.586830139160156
2017-10-02,44.586830139160156
2017-10-03,44.586830139160156
2017-10-04,45.25552749633789
2017-10-05,45.530879974365234
2017-10-06,45.530879974365234
2017-10-09,45.658721923828125
2017-10-10,45.285030364990234
2017-10-11,45.285030364990234
2017-10-12,45.39320755004883
2017-10-13,45.22603225708008
2017-10-16,44.980186462402344
2017-10-17,44.901512145996094
2017-10-18,44.921180725097656
2017-10-19,44.537662506103516
2017-10-20,45.21619415283203
2017-10-23,45.21619415283203
2017-10-24,45.43254089355469
2017-10-25,44.77367401123047
2017-10-26,44.78350830078125
2017-10-27,44.94084548950195
2017-10-30,44.86217498779297
2017-10-31,45.21619415283203
2017-11-01,44.77367401123047
2017-11-02,44.42948532104492
2017-11-03,44.42948532104492
2017-11-06,44.74416732788086
2017-11-07,44.4786491394043
2017-11-08,44.93101119995117
2017-11-09,44.3704833984375
2017-11-10,44.56715393066406
2017-11-13,44.62616729736328
2017-11-14,44.62616729736328
2017-11-15,44.62616729736328
2017-11-16,44.89167785644531
2017-11-17,44.89167785644531
2017-11-20,45.76689147949219
2017-11-21,46.2684211730957
2017-11-22,46.29792022705078
2017-11-24,46.474937438964844
2017-11-27,46.50442886352539
2017-11-28,46.81911849975586
2017-11-29,46.091407775878906
2017-11-30,46.30775833129883
2017-12-01,46.30775833129883
2017-12-04,46.30775833129883
2017-12-05,45.4423713684082
2017-12-06,45.4423713684082
2017-12-07,45.41287612915039
2017-12-08,45.87506866455078
2017-12-11,45.87506866455078
2017-12-12,45.86522674560547
2017-12-13,46.14057922363281
2017-12-14,45.67838668823242
2017-12-15,45.72755432128906
2017-12-18,46.39625930786133
2017-12-19,46.39625930786133
2017-12-20,46.17008972167969
2017-12-21,46.17008972167969
2017-12-22,46.17008972167969
2017-12-26,46.17008972167969
2017-12-27,46.17008972167969
2017-12-28,45.75705337524414
2017-12-29,45.501380920410156
2018-01-02,45.69805908203125
2018-01-03,46.248748779296875
2018-01-04,46.622440338134766
2018-01-05,46.77978515625
2018-01-08,47.173133850097656
2018-01-09,46.838783264160156
2018-01-10,46.671607971191406
2018-01-11,47.350154876708984
2018-01-12,47.7631721496582
2018-01-16,47.10430145263672
2018-01-17,47.61565399169922
2018-01-18,47.43865966796875
2018-01-19,47.664833068847656
2018-01-22,47.694332122802734
2018-01-23,47.743499755859375
2018-01-24,47.586158752441406
2018-01-25,47.68450164794922
2018-01-26,48.559715270996094
2018-01-29,48.05818557739258
2018-01-30,47.7631721496582
2018-01-31,47.70417022705078
2018-02-01,47.79267120361328
2018-02-02,47.13380432128906
2018-02-05,46.17008972167969
2018-02-06,46.21924591064453
2018-02-07,46.68144607543945
2018-02-08,45.76689147949219
2018-02-09,45.51121139526367
2018-02-12,46.484771728515625
2018-02-13,47.291141510009766
2018-02-14,48.17620086669922
2018-02-15,48.972740173339844
2018-02-16,48.618717193603516
2018-02-20,48.42204284667969
2018-02-21,48.44170379638672
2018-02-22,47.84184646606445
2018-02-23,48.58921813964844
2018-02-26,49.30708694458008
2018-02-27,48.933406829833984
2018-02-28,49.021907806396484
2018-03-01,47.89101028442383
2018-03-02,48.88423156738281
2018-03-05,49.41526412963867
2018-03-06,49.533267974853516
2018-03-07,50.11347198486328
2018-03-08,49.975791931152344
2018-03-09,50.71333312988281
2018-03-12,51.0181884765625
2018-03-13,50.40848159790039
2018-03-14,50.76250457763672
2018-03-15,50.47732925415039
2018-03-16,50.40848159790039
2018-03-19,49.602108001708984
2018-03-20,50.65433120727539
2018-03-21,50.5953254699707
2018-03-22,49.906951904296875
2018-03-23,48.88423156738281
2018-03-26,49.572608947753906
2018-03-27,48.31387710571289
2018-03-28,48.04835510253906
2018-03-29,48.70722198486328
2018-04-02,47.82217788696289
2018-04-03,48.14669418334961
2018-04-04,48.9235725402832
2018-04-05,49.19891357421875
2018-04-06,48.26470184326172
2018-04-09,48.68755340576172
2018-04-10,49.484100341796875
2018-04-11,49.661109924316406
2018-04-12,50.1233024597168
2018-04-13,49.76927947998047
2018-04-16,49.916786193847656
2018-04-17,50.97884750366211
2018-04-18,51.234535217285156
2018-04-19,50.890350341796875
2018-04-20,50.40848159790039
2018-04-23,50.21180725097656
2018-04-24,49.82828140258789
2018-04-25,49.238258361816406
2018-04-26,49.64143753051758
2018-04-27,49.26775360107422
2018-04-30,49.326759338378906
2018-05-01,49.385765075683594
2018-05-02,49.87746047973633
2018-05-03,49.50376510620117
2018-05-04,50.02496337890625
2018-05-07,50.67399978637695
2018-05-08,50.97884750366211
2018-05-09,51.11652374267578
2018-05-10,51.69672775268555
2018-05-11,51.45088195800781
2018-05-14,51.24436569213867
2018-05-15,51.096858978271484
2018-05-16,51.096858978271484
2018-05-17,51.17552947998047
2018-05-18,51.34270477294922
2018-05-21,51.37220764160156
2018-05-22,51.224700927734375
2018-05-23,51.6180534362793
2018-05-24,51.31320571899414
2018-05-25,51.76556396484375
2018-05-29,51.549217224121094
2018-05-30,51.85406494140625
2018-05-31,51.549217224121094
2018-06-01,52.36542892456055
2018-06-04,52.71944808959961
2018-06-05,53.03413009643555
2018-06-06,53.35865020751953
2018-06-07,52.71944808959961
2018-06-08,52.847293853759766
2018-06-11,53.0046272277832
2018-06-12,53.70283889770508
2018-06-13,53.938846588134766
2018-06-14,54.4108772277832
2018-06-15,54.29286575317383
2018-06-18,54.46040725708008
2018-06-19,53.94793701171875
2018-06-20,54.38156509399414
2018-06-21,53.96764373779297
2018-06-22,52.844139099121094
2018-06-25,51.57280731201172
2018-06-26,52.09513854980469
2018-06-27,51.050479888916016
2018-06-28,51.61222839355469
2018-06-29,51.79948043823242
2018-07-02,52.4400749206543
2018-07-03,52.321807861328125
2018-07-05,52.75544357299805
2018-07-06,53.38618087768555
2018-07-09,53.31719207763672
2018-07-10,53.7803955078125
2018-07-11,53.79025650024414
2018-07-12,55.21926498413086
2018-07-13,54.81520080566406
2018-07-16,54.627952575683594
2018-07-17,55.278404235839844
2018-07-18,55.337528228759766
2018-07-19,55.14042663574219
2018-07-20,55.101009368896484
2018-07-23,54.765926361083984
2018-07-24,54.085914611816406
2018-07-25,54.71664810180664
2018-07-26,55.43608474731445
2018-07-27,53.86909103393555
2018-07-30,52.331661224365234
2018-07-31,51.9571647644043
2018-08-01,52.4400749206543
2018-08-02,53.27777862548828
2018-08-03,53.19893264770508
2018-08-06,54.046485900878906
2018-08-07,54.105621337890625
2018-08-08,54.16474533081055
2018-08-09,54.99259567260742
2018-08-10,54.40127944946289
2018-08-13,54.233734130859375
2018-08-14,54.3027229309082
2018-08-15,53.98735427856445
2018-08-16,54.578670501708984
2018-08-17,54.696937561035156
2018-08-20,54.72650146484375
2018-08-21,54.864479064941406
2018-08-22,55.21926498413086
2018-08-23,55.75144958496094
2018-08-24,56.73699188232422
2018-08-27,56.69756317138672
2018-08-28,57.06221389770508
2018-08-29,57.2297477722168
2018-08-30,57.23960876464844
2018-08-31,57.70280838012695
2018-09-04,57.673240661621094
2018-09-05,56.68770980834961
2018-09-06,56.56945037841797
2018-09-07,57.06221389770508
2018-09-10,57.38743591308594
2018-09-11,57.52540969848633
2018-09-12,57.791507720947266
2018-09-13,57.88020324707031
2018-09-14,58.03789138793945
2018-09-17,56.91438293457031
2018-09-18,57.10163116455078
2018-09-19,56.30335235595703
2018-09-20,56.88481903076172
2018-09-21,56.91438293457031
2018-09-24,57.181034088134766
2018-09-25,57.48717498779297
2018-09-26,57.26003646850586
2018-09-27,57.23040771484375
2018-09-28,57.2896614074707
2018-10-01,56.59835433959961
2018-10-02,55.80828857421875
2018-10-03,56.22307586669922
2018-10-04,55.136741638183594
2018-10-05,54.56393051147461
2018-10-08,53.39858627319336
2018-10-09,52.88504409790039
2018-10-10,51.265411376953125
2018-10-11,50.75186538696289
2018-10-12,51.40367126464844
2018-10-15,51.206153869628906
2018-10-16,52.677650451660156
2018-10-17,52.55915069580078
2018-10-18,51.94684600830078
2018-10-19,51.11727523803711
2018-10-22,52.312252044677734
2018-10-23,51.690067291259766
2018-10-24,50.860496520996094
2018-10-25,51.11727523803711
2018-10-26,50.1790657043457
2018-10-29,49.57664108276367
2018-10-30,50.38645935058594
2018-10-31,51.798702239990234
2018-11-01,52.33200454711914
2018-11-02,51.83821105957031
2018-11-05,51.35429000854492
2018-11-06,51.77894973754883
2018-11-07,53.46772003173828
2018-11-08,53.497344970703125
2018-11-09,52.667781829833984
2018-11-12,50.860496520996094
2018-11-13,50.781494140625
2018-11-14,50.63335418701172
2018-11-15,51.63081741333008
2018-11-16,51.58143615722656
2018-11-19,49.29024124145508
2018-11-20,47.986637115478516
2018-11-21,48.71745300292969
2018-11-23,48.905086517333984
2018-11-26,49.59639358520508
2018-11-27,49.17173385620117
2018-11-28,50.66298294067383
2018-11-29,51.324668884277344
2018-11-30,51.285160064697266
2018-12-03,52.33200454711914
2018-12-04,50.653106689453125
2018-12-06,50.96913528442383
2018-12-07,49.774166107177734
2018-12-10,50.51484680175781
2018-12-11,50.38645935058594
2018-12-12,51.25553894042969
2018-12-13,51.087642669677734
2018-12-14,50.11981201171875
2018-12-17,48.174278259277344
2018-12-18,48.81620407104492
2018-12-19,48.09526824951172
2018-12-20,47.11756134033203
2018-12-21,45.79420471191406
2018-12-24,45.057830810546875
2018-12-26,47.097782135009766
2018-12-27,47.3863525390625
2018-12-28,47.655029296875
2018-12-31,48.13267517089844
2019-01-02,47.72468185424805
2019-01-03,46.102684020996094
2019-01-04,47.645076751708984
2019-01-07,48.590415954589844
2019-01-08,49.45615005493164
2019-01-09,49.82433319091797
2019-01-10,49.983543395996094
2019-01-11,50.05320358276367
2019-01-14,49.35663604736328
2019-01-15,50.20246887207031
2019-01-16,49.973594665527344
2019-01-17,50.18256378173828
2019-01-18,50.66020965576172
2019-01-22,50.043251037597656
2019-01-23,50.50099563598633
2019-01-24,50.799522399902344
2019-01-25,51.58564758300781
2019-01-28,51.54584503173828
2019-01-29,51.535892486572266
2019-01-30,52.28221130371094
2019-01-31,53.088233947753906
2019-02-01,53.63554382324219
2019-02-04,54.21269226074219
2019-02-05,54.53112030029297
2019-02-06,54.461463928222656
2019-02-07,53.695247650146484
2019-02-08,54.690338134765625
2019-02-11,55.21773910522461
2019-02-12,55.74513626098633
2019-02-13,55.30730056762695
2019-02-14,56.25263595581055
2019-02-15,56.302391052246094
2019-02-19,56.491458892822266
2019-02-20,56.640724182128906
2019-02-21,56.7004280090332
2019-02-22,57.36713790893555
2019-02-25,57.69552230834961
2019-02-26,57.765174865722656
2019-02-27,58.3522834777832
2019-02-28,57.97414779663086
2019-03-01,58.501548767089844
2019-03-04,57.396995544433594
2019-03-05,57.038753509521484
2019-03-06,56.52130889892578
2019-03-07,56.342193603515625
2019-03-08,56.173030853271484
2019-03-11,57.77513122558594
2019-03-12,57.53630447387695
2019-03-13,57.90448760986328
2019-03-14,58.232872009277344
2019-03-15,58.40203094482422
2019-03-18,58.564579010009766
2019-03-19,58.68423843383789
2019-03-20,58.64435577392578
2019-03-21,59.79111099243164
2019-03-22,58.00615310668945
2019-03-25,58.065982818603516
2019-03-26,58.7540397644043
2019-03-27,58.01612854003906
2019-03-28,58.19561767578125
2019-03-29,58.79393005371094
2019-04-01,59.422157287597656
2019-04-02,59.751224517822266
2019-04-03,60.07032775878906
2019-04-04,58.83381652832031
2019-04-05,59.003334045410156
2019-04-08,59.41218566894531
2019-04-09,59.41218566894531
2019-04-10,60.14012908935547
2019-04-11,60.1700439453125
2019-04-12,60.6187744140625
2019-04-15,60.957820892333984
2019-04-16,61.59601593017578
2019-04-17,61.53618240356445
2019-04-18,61.01764678955078
2019-04-22,61.57606887817383
2019-04-23,62.5732536315918
2019-04-24,62.603172302246094
2019-04-25,62.423675537109375
2019-04-26,62.53336715698242
2019-04-29,62.972129821777344
2019-04-30,62.95218276977539
2019-05-01,61.96497344970703
2019-05-02,61.88520050048828
2019-05-03,62.054718017578125
2019-05-06,61.645870208740234
2019-05-07,60.160072326660156
2019-05-08,60.15009689331055
2019-05-09,59.631561279296875
2019-05-10,59.34238052368164
2019-05-13,56.97905349731445
2019-05-14,58.17567825317383
2019-05-15,58.29533767700195
2019-05-16,59.21274948120117
2019-05-17,58.6942138671875
2019-05-20,57.657142639160156
2019-05-21,58.37511444091797
2019-05-22,58.00615310668945
2019-05-23,56.649986267089844
2019-05-24,56.8294792175293
2019-05-28,56.50040817260742
2019-05-29,55.682716369628906
2019-05-30,55.902103424072266
2019-05-31,54.944801330566406
2019-06-03,53.78806686401367
2019-06-04,55.55308151245117
2019-06-05,56.03173065185547
2019-06-06,56.46052169799805
2019-06-07,56.969085693359375
2019-06-10,57.62722396850586
2019-06-11,57.51753616333008
2019-06-12,57.537479400634766
2019-06-13,57.657142639160156
2019-06-14,56.939170837402344
2019-06-17,57.128639221191406
2019-06-18,58.01612854003906
2019-06-19,58.53466033935547
2019-06-20,59.152915954589844
2019-06-21,58.64435577392578
2019-06-24,58.15977096557617
2019-06-25,57.50033950805664
2019-06-26,57.840049743652344
2019-06-27,58.2896614074707
2019-06-28,58.53944396972656
2019-07-01,59.0190315246582
2019-07-02,59.178890228271484
2019-07-03,59.91825485229492
2019-07-05,59.908260345458984
2019-07-08,59.428672790527344
2019-07-09,60.018165588378906
2019-07-10,60.18802261352539
2019-07-11,60.307918548583984
2019-07-12,60.8074836730957
2019-07-15,61.017303466796875
2019-07-16,60.867431640625
2019-07-17,60.797489166259766
2019-07-18,60.49775314331055
2019-07-19,60.367862701416016
2019-07-22,60.65761184692383
2019-07-23,60.507747650146484
2019-07-24,60.69757843017578
2019-07-25,60.22798538208008
2019-07-26,60.867431640625
2019-07-29,60.2779426574707
2019-07-30,59.938236236572266
2019-07-31,59.029022216796875
2019-08-01,58.48948669433594
2019-08-02,57.50033950805664
2019-08-05,55.43212890625
2019-08-06,56.11153793334961
2019-08-07,56.14151382446289
2019-08-08,57.48035430908203
2019-08-09,56.910850524902344
2019-08-12,56.091556549072266
2019-08-13,57.090694427490234
2019-08-14,55.35219955444336
2019-08-15,54.622825622558594
2019-08-16,55.50206756591797
2019-08-19,55.83177947998047
2019-08-20,55.51205825805664
2019-08-21,56.42127227783203
2019-08-22,56.2913818359375
2019-08-23,54.55288314819336
2019-08-26,54.87260818481445
2019-08-27,54.5628776550293
2019-08-28,54.452972412109375
2019-08-29,55.36219024658203
2019-08-30,55.43212890625
2019-09-03,54.88260269165039
2019-09-04,55.59198760986328
2019-09-05,56.8309211730957
2019-09-06,56.90085983276367
2019-09-09,56.24142837524414
2019-09-10,56.48122024536133
2019-09-11,57.32049560546875
2019-09-12,57.340476989746094
2019-09-13,57.05072784423828
2019-09-16,57.290523529052734
2019-09-17,57.26055145263672
2019-09-18,56.98078918457031
2019-09-19,56.72101593017578
2019-09-20,56.671058654785156
2019-09-23,56.66505813598633
2019-09-24,55.78544998168945
2019-09-25,56.97492218017578
2019-09-26,56.68505096435547
2019-09-27,55.945377349853516
2019-09-30,56.30522155761719
2019-10-01,55.78544998168945
2019-10-02,55.22569274902344
2019-10-03,55.945377349853516
2019-10-04,56.5151252746582
2019-10-07,56.725032806396484
2019-10-08,55.42560577392578
2019-10-09,56.01534652709961
2019-10-10,55.80543899536133
2019-10-11,56.834983825683594
2019-10-14,56.47514343261719
2019-10-15,56.874969482421875
2019-10-16,56.56510543823242
2019-10-17,56.834983825683594
2019-10-18,56.39517593383789
2019-10-21,56.84497833251953
2019-10-22,56.62508010864258
2019-10-23,56.79500198364258
2019-10-24,57.11486053466797
2019-10-25,57.174835205078125
2019-10-28,57.47470474243164
2019-10-29,57.44471740722656
2019-10-30,57.92450714111328
2019-10-31,57.72459411621094
2019-11-01,58.19438934326172
2019-11-04,58.26435852050781
2019-11-05,58.25436019897461
2019-11-06,58.294342041015625
2019-11-07,58.554229736328125
2019-11-08,59.49381637573242
2019-11-11,59.263916015625
2019-11-12,59.563785552978516
2019-11-13,59.47382354736328
2019-11-14,59.05400848388672
2019-11-15,59.58377456665039
2019-11-18,59.72371292114258
2019-11-19,60.06356430053711
2019-11-20,59.63375473022461
2019-11-21,59.353878021240234
2019-11-22,59.50381088256836
2019-11-25,60.343441009521484
2019-11-26,59.85365676879883
2019-11-27,59.91362762451172
2019-11-29,59.79368209838867
2019-12-02,58.874088287353516
2019-12-03,58.444278717041016
2019-12-04,58.554229736328125
2019-12-05,58.634193420410156
2019-12-06,58.7541389465332
2019-12-09,58.52424240112305
2019-12-10,58.22437286376953
2019-12-11,58.46426773071289
2019-12-12,59.34387969970703
2019-12-13,59.563785552978516
2019-12-16,59.85365676879883
2019-12-17,59.82366943359375
2019-12-18,60.04357147216797
2019-12-19,60.473384857177734
2019-12-20,60.5633430480957
2019-12-23,61.04313278198242
2019-12-24,60.813232421875
2019-12-26,61.19306945800781
2019-12-27,60.95317077636719
2019-12-30,60.883201599121094
2019-12-31,60.813232421875
2020-01-02,61.6828498840332
2020-01-03,61.432960510253906
2020-01-06,61.81279373168945
2020-01-07,61.962730407714844
2020-01-08,62.42252731323242
2020-01-09,62.622440338134766
2020-01-10,62.56246566772461
2020-01-13,63.372108459472656
2020-01-14,63.142208099365234
2020-01-15,63.10222625732422
2020-01-16,63.891876220703125
2020-01-17,64.0218276977539
2020-01-21,63.75193786621094
2020-01-22,63.981842041015625
2020-01-23,64.21173858642578
2020-01-24,64.0018310546875
2020-01-27,62.67241668701172
2020-01-28,63.42208480834961
2020-01-29,63.00226974487305
2020-01-30,63.3121337890625
2020-01-31,61.98271942138672
2020-02-03,62.35255813598633
2020-02-04,64.01182556152344
2020-02-05,63.961849212646484
2020-02-06,64.34168243408203
2020-02-07,63.532039642333984
2020-02-10,64.04180908203125
2020-02-11,64.1717529296875
2020-02-12,64.18174743652344
2020-02-13,63.891876220703125
2020-02-14,63.721954345703125
2020-02-18,63.32212829589844
2020-02-19,64.0718002319336
2020-02-20,64.03181457519531
2020-02-21,62.642425537109375
2020-02-24,60.50336837768555
2020-02-25,58.35431671142578
2020-02-26,57.974483489990234
2020-02-27,56.145286560058594
2020-02-28,55.40561294555664
2020-03-02,57.214820861816406
2020-03-03,55.78544998168945
2020-03-04,57.72459411621094
2020-03-05,56.5151252746582
2020-03-06,55.14572525024414
2020-03-09,51.017547607421875
2020-03-10,52.48689651489258
2020-03-11,49.94801712036133
2020-03-12,44.980201721191406
2020-03-13,47.65902328491211
2020-03-16,43.94065856933594
2020-03-17,47.139251708984375
2020-03-18,44.74030685424805
2020-03-19,46.54951095581055
2020-03-20,45.439998626708984
2020-03-23,45.130001068115234
2020-03-24,49.13999938964844
2020-03-25,49.79999923706055
2020-03-26,51.83000183105469
2020-03-27,50.33000183105469
2020-03-30,51.720001220703125
2020-03-31,50.91999816894531
2020-04-01,49.04999923706055
2020-04-02,49.86000061035156
2020-04-03,49.27000045776367
2020-04-06,52.88999938964844
2020-04-07,53.0
2020-04-08,54.22999954223633
2020-04-09,54.459999084472656
