Date,ROBO
2013-10-22,24.93177604675293
2013-10-23,24.57729721069336
2013-10-24,24.75453758239746
2013-10-25,24.587141036987305
2013-10-28,24.57729721069336
2013-10-29,24.69348907470703
2013-10-30,24.705303192138672
2013-10-31,24.813617706298828
2013-11-01,24.813617706298828
2013-11-04,24.95048713684082
2013-11-05,24.857927322387695
2013-11-06,24.983964920043945
2013-11-07,24.55760383605957
2013-11-08,24.853986740112305
2013-11-11,25.04009246826172
2013-11-12,25.059783935546875
2013-11-13,25.16809844970703
2013-11-14,25.3453369140625
2013-11-15,25.453651428222656
2013-11-18,25.522579193115234
2013-11-19,25.404417037963867
2013-11-20,25.01055145263672
2013-11-21,25.22718048095703
2013-11-22,25.384727478027344
2013-11-25,25.3157958984375
2013-11-26,25.352230072021484
2013-11-27,25.522579193115234
2013-11-29,25.601350784301758
2013-12-02,25.453651428222656
2013-12-03,25.3453369140625
2013-12-04,25.276411056518555
2013-12-05,25.17794418334961
2013-12-06,25.502883911132812
2013-12-09,25.49205207824707
2013-12-10,25.522579193115234
2013-12-11,25.207483291625977
2013-12-12,25.206501007080078
2013-12-13,25.237022399902344
2013-12-16,25.414264678955078
2013-12-17,25.483190536499023
2013-12-18,25.886905670166016
2013-12-19,25.680124282836914
2013-12-20,26.054298400878906
2013-12-23,26.33985137939453
2013-12-24,26.349695205688477
2013-12-26,26.59586524963379
2013-12-27,26.763256072998047
2013-12-30,26.861722946166992
2013-12-31,26.94049835205078
2014-01-02,26.586017608642578
2014-01-03,26.576169967651367
2014-01-06,26.526939392089844
2014-01-07,26.615558624267578
2014-01-08,26.763256072998047
2014-01-09,26.822336196899414
2014-01-10,27.029117584228516
2014-01-13,26.733718872070312
2014-01-14,27.019271850585938
2014-01-15,27.186664581298828
2014-01-16,27.157123565673828
2014-01-17,27.098045349121094
2014-01-21,27.16697120666504
2014-01-22,27.265438079833984
2014-01-23,26.989730834960938
2014-01-24,26.290616989135742
2014-01-27,25.94598388671875
2014-01-28,26.231534957885742
2014-01-29,26.064146041870117
2014-01-30,26.140947341918945
2014-01-31,25.84752082824707
2014-02-03,25.16809844970703
2014-02-04,25.305952072143555
2014-02-05,25.22718048095703
2014-02-06,25.483190536499023
2014-02-07,25.76874542236328
2014-02-10,25.72935676574707
2014-02-11,26.093685150146484
2014-02-12,26.251232147216797
2014-02-13,26.37923812866211
2014-02-14,26.477703094482422
2014-02-18,26.91095733642578
2014-02-19,26.546628952026367
2014-02-20,26.694332122802734
2014-02-21,26.62540626525879
2014-02-24,26.891263961791992
2014-02-25,26.723867416381836
2014-02-26,26.664791107177734
2014-02-27,26.88141632080078
2014-02-28,26.93065071105957
2014-03-03,26.545644760131836
2014-03-04,26.989730834960938
2014-03-05,27.019271850585938
2014-03-06,27.186664581298828
2014-03-07,27.136445999145508
2014-03-10,27.009424209594727
2014-03-11,26.664791107177734
2014-03-12,26.556476593017578
2014-03-13,26.172456741333008
2014-03-14,26.073989868164062
2014-03-17,26.32015609741211
2014-03-18,26.576169967651367
2014-03-19,26.487550735473633
2014-03-20,26.408777236938477
2014-03-21,26.33985137939453
2014-03-24,26.349695205688477
2014-03-25,26.615558624267578
2014-03-26,26.458011627197266
2014-03-27,26.290616989135742
2014-03-28,26.467857360839844
2014-03-31,26.792795181274414
2014-04-01,27.157123565673828
2014-04-02,27.28512954711914
2014-04-03,27.255590438842773
2014-04-04,26.674636840820312
2014-04-07,26.458011627197266
2014-04-08,26.33985137939453
2014-04-09,26.664791107177734
2014-04-10,25.896751403808594
2014-04-11,25.778593063354492
2014-04-14,25.73920440673828
2014-04-15,25.72935676574707
2014-04-16,26.054298400878906
2014-04-17,26.270923614501953
2014-04-21,26.30046272277832
2014-04-22,26.389081954956055
2014-04-23,26.21184539794922
2014-04-24,26.21184539794922
2014-04-25,25.788440704345703
2014-04-28,25.817977905273438
2014-04-29,25.699819564819336
2014-04-30,25.689971923828125
2014-05-01,25.709665298461914
2014-05-02,25.778593063354492
2014-05-05,25.63089370727539
2014-05-06,25.64073944091797
2014-05-07,25.330568313598633
2014-05-08,25.207483291625977
2014-05-09,25.15825080871582
2014-05-12,25.522579193115234
2014-05-13,25.502883911132812
2014-05-14,25.296104431152344
2014-05-15,25.049938201904297
2014-05-16,25.128711700439453
2014-05-19,25.04009246826172
2014-05-20,24.813617706298828
2014-05-21,25.069629669189453
2014-05-22,25.246870040893555
2014-05-23,25.58165740966797
2014-05-27,25.965681076049805
2014-05-28,25.837671279907227
2014-05-29,25.91644287109375
2014-05-30,25.906599044799805
2014-06-02,25.99521827697754
2014-06-03,26.054298400878906
2014-06-04,26.093685150146484
2014-06-05,26.448162078857422
2014-06-06,26.526939392089844
2014-06-09,26.704177856445312
2014-06-10,26.51708984375
2014-06-11,26.59586524963379
2014-06-12,26.49739646911621
2014-06-13,26.59586524963379
2014-06-16,26.77310562133789
2014-06-17,26.901111602783203
2014-06-18,27.147279739379883
2014-06-19,27.235897064208984
2014-06-20,27.216203689575195
2014-06-23,27.245742797851562
2014-06-24,27.029117584228516
2014-06-25,27.068504333496094
2014-06-26,27.058658599853516
2014-06-27,27.226051330566406
2014-06-30,27.462369918823242
2014-07-01,27.856239318847656
2014-07-02,27.669151306152344
2014-07-03,27.816848754882812
2014-07-07,27.393444061279297
2014-07-08,27.098045349121094
2014-07-09,27.117738723754883
2014-07-10,26.812488555908203
2014-07-11,26.733718872070312
2014-07-14,27.038963317871094
2014-07-15,26.77310562133789
2014-07-16,26.743566513061523
2014-07-17,26.428470611572266
2014-07-18,26.664791107177734
2014-07-21,26.635250091552734
2014-07-22,26.94049835205078
2014-07-23,27.078351974487305
2014-07-24,27.048809051513672
2014-07-25,26.861722946166992
2014-07-28,26.88141632080078
2014-07-29,26.979883193969727
2014-07-30,27.088197708129883
2014-07-31,26.75341033935547
2014-08-01,26.59586524963379
2014-08-04,26.763256072998047
2014-08-05,26.162607192993164
2014-08-06,26.142915725708008
2014-08-07,26.044452667236328
2014-08-08,26.21184539794922
2014-08-11,26.51708984375
2014-08-12,26.24138069152832
2014-08-13,26.448162078857422
2014-08-14,26.50724220275879
2014-08-15,26.448162078857422
2014-08-18,26.654943466186523
2014-08-19,26.832183837890625
2014-08-20,26.88141632080078
2014-08-21,26.93065071105957
2014-08-22,26.891263961791992
2014-08-25,27.009424209594727
2014-08-26,26.970033645629883
2014-08-27,26.970033645629883
2014-08-28,26.822336196899414
2014-08-29,26.93065071105957
2014-09-02,26.901111602783203
2014-09-03,26.970033645629883
2014-09-04,26.694332122802734
2014-09-05,26.822336196899414
2014-09-08,26.75341033935547
2014-09-09,26.605709075927734
2014-09-10,26.78295135498047
2014-09-11,26.684484481811523
2014-09-12,26.49739646911621
2014-09-15,26.398929595947266
2014-09-16,26.546628952026367
2014-09-17,26.418622970581055
2014-09-18,26.536785125732422
2014-09-19,26.349695205688477
2014-09-22,26.18230438232422
2014-09-23,25.99521827697754
2014-09-24,26.24138069152832
2014-09-25,26.034605026245117
2014-09-26,26.280771255493164
2014-09-29,26.034605026245117
2014-09-30,25.85736656188965
2014-10-01,25.384727478027344
2014-10-02,25.256717681884766
2014-10-03,25.443805694580078
2014-10-06,25.453651428222656
2014-10-07,25.10901641845703
2014-10-08,25.296104431152344
2014-10-09,24.55760383605957
2014-10-10,24.035728454589844
2014-10-13,23.72063636779785
2014-10-14,23.9668025970459
2014-10-15,23.917572021484375
2014-10-16,24.055423736572266
2014-10-17,24.25235366821289
2014-10-20,24.56745147705078
2014-10-21,24.76438331604004
2014-10-22,24.55760383605957
2014-10-23,24.92193031311035
2014-10-24,24.93177604675293
2014-10-27,24.872695922851562
2014-10-28,25.286256790161133
2014-10-29,25.296104431152344
2014-10-30,25.296104431152344
2014-10-31,25.85736656188965
2014-11-03,25.817977905273438
2014-11-04,25.650585174560547
2014-11-05,25.58165740966797
2014-11-06,25.601350784301758
2014-11-07,25.55211639404297
2014-11-10,25.80813217163086
2014-11-11,25.827823638916016
2014-11-12,25.778593063354492
2014-11-13,25.76874542236328
2014-11-14,25.867210388183594
2014-11-17,25.660430908203125
2014-11-18,25.906599044799805
2014-11-19,25.670276641845703
2014-11-20,25.80813217163086
2014-11-21,25.896751403808594
2014-11-24,26.192150115966797
2014-11-25,26.251232147216797
2014-11-26,26.12322425842285
2014-11-28,25.906599044799805
2014-12-01,25.680124282836914
2014-12-02,25.79828453063965
2014-12-03,25.994234085083008
2014-12-04,25.896751403808594
2014-12-05,25.960752487182617
2014-12-08,25.55211639404297
2014-12-09,25.680124282836914
2014-12-10,25.170066833496094
2014-12-11,25.179914474487305
2014-12-12,24.853004455566406
2014-12-15,24.59699058532715
2014-12-16,24.501197814941406
2014-12-17,24.965351104736328
2014-12-18,25.350492477416992
2014-12-19,25.52825355529785
2014-12-22,25.5776309967041
2014-12-23,25.45912742614746
2014-12-24,25.70601463317871
2014-12-26,25.8738956451416
2014-12-29,25.646757125854492
2014-12-30,25.41962432861328
2014-12-31,25.3801212310791
2015-01-02,25.291240692138672
2015-01-05,24.97522735595703
2015-01-06,24.540699005126953
2015-01-07,24.665132522583008
2015-01-08,25.024599075317383
2015-01-09,24.75796127319336
2015-01-12,24.590076446533203
2015-01-13,24.577238082885742
2015-01-14,24.466632843017578
2015-01-15,24.343189239501953
2015-01-16,24.607852935791016
2015-01-20,24.688831329345703
2015-01-21,24.738208770751953
2015-01-22,24.944610595703125
2015-01-23,24.89621925354004
2015-01-26,25.143104553222656
2015-01-27,24.947568893432617
2015-01-28,24.678958892822266
2015-01-29,24.887331008911133
2015-01-30,24.540699005126953
2015-02-02,24.94559669494629
2015-02-03,25.054227828979492
2015-02-04,24.925846099853516
2015-02-05,25.24186134338379
2015-02-06,24.985097885131836
2015-02-09,24.85671615600586
2015-02-10,25.08385467529297
2015-02-11,25.13323211669922
2015-02-12,25.409746170043945
2015-02-13,25.56775665283203
2015-02-17,25.47887420654297
2015-02-18,25.62700843811035
2015-02-19,25.6665096282959
2015-02-20,25.893648147583008
2015-02-23,25.775142669677734
2015-02-24,25.943025588989258
2015-02-25,25.982524871826172
2015-02-26,26.022029876708984
2015-02-27,26.022029876708984
2015-03-02,26.0714054107666
2015-03-03,25.824520111083984
2015-03-04,25.72576141357422
2015-03-05,25.72378921508789
2015-03-06,25.4689998626709
2015-03-09,25.557880401611328
2015-03-10,25.143104553222656
2015-03-11,25.291240692138672
2015-03-12,25.646757125854492
2015-03-13,25.70601463317871
2015-03-16,25.95290184020996
2015-03-17,25.85414695739746
2015-03-18,26.328168869018555
2015-03-19,26.22941780090332
2015-03-20,26.663938522338867
2015-03-23,26.693567276000977
2015-03-24,26.652088165283203
2015-03-25,26.39729881286621
2015-03-26,26.170162200927734
2015-03-27,26.288667678833008
2015-03-30,26.377548217773438
2015-03-31,26.29854393005371
2015-04-01,26.065481185913086
2015-04-02,26.240278244018555
2015-04-06,26.663938522338867
2015-04-07,26.47630500793457
2015-04-08,26.500991821289062
2015-04-09,26.614561080932617
2015-04-10,26.70344352722168
2015-04-13,26.71331787109375
2015-04-14,26.81207275390625
2015-04-15,27.128087997436523
2015-04-16,27.029335021972656
2015-04-17,26.614561080932617
2015-04-20,26.545433044433594
2015-04-21,26.594812393188477
2015-04-22,26.67381477355957
2015-04-23,26.77256965637207
2015-04-24,26.634313583374023
2015-04-27,26.72615623474121
2015-04-28,26.857500076293945
2015-04-29,26.634313583374023
2015-04-30,26.2689208984375
2015-05-01,26.2689208984375
2015-05-04,26.367673873901367
2015-05-05,25.960800170898438
2015-05-06,25.933151245117188
2015-05-07,25.95290184020996
2015-05-08,26.328168869018555
2015-05-11,26.18991470336914
2015-05-12,26.22941780090332
2015-05-13,26.239290237426758
2015-05-14,26.501981735229492
2015-05-15,26.456554412841797
2015-05-18,26.52568244934082
2015-05-19,26.447664260864258
2015-05-20,26.48617935180664
2015-05-21,26.584938049316406
2015-05-22,26.496055603027344
2015-05-26,26.239290237426758
2015-05-27,26.52568244934082
2015-05-28,26.496055603027344
2015-05-29,26.300519943237305
2015-06-01,26.426925659179688
2015-06-02,26.56222152709961
2015-06-03,26.742944717407227
2015-06-04,26.456554412841797
2015-06-05,26.496055603027344
2015-06-08,26.29854393005371
2015-06-09,26.102020263671875
2015-06-10,26.565183639526367
2015-06-11,26.466428756713867
2015-06-12,26.415075302124023
2015-06-15,26.259044647216797
2015-06-16,26.170162200927734
2015-06-17,26.209665298461914
2015-06-18,26.436800003051758
2015-06-19,26.485193252563477
2015-06-22,26.742944717407227
2015-06-23,26.900951385498047
2015-06-24,26.634313583374023
2015-06-25,26.584938049316406
2015-06-26,26.510868072509766
2015-06-29,25.794891357421875
2015-06-30,25.85414695739746
2015-07-01,25.91339874267578
2015-07-02,25.943025588989258
2015-07-06,25.656635284423828
2015-07-07,25.794891357421875
2015-07-08,24.923871994018555
2015-07-09,25.034475326538086
2015-07-10,25.47887420654297
2015-07-13,25.745513916015625
2015-07-14,25.755390167236328
2015-07-15,25.488750457763672
2015-07-16,25.581581115722656
2015-07-17,25.548004150390625
2015-07-20,25.482826232910156
2015-07-21,25.409746170043945
2015-07-22,25.143104553222656
2015-07-23,25.054227828979492
2015-07-24,24.79746437072754
2015-07-27,24.451818466186523
2015-07-28,24.777711868286133
2015-07-29,24.658218383789062
2015-07-30,24.514036178588867
2015-07-31,24.590076446533203
2015-08-03,24.274063110351562
2015-08-04,24.076549530029297
2015-08-05,24.382692337036133
2015-08-06,24.420217514038086
2015-08-07,24.395526885986328
2015-08-10,24.777711868286133
2015-08-11,24.42219352722168
2015-08-12,24.274063110351562
2015-08-13,24.219745635986328
2015-08-14,24.214805603027344
2015-08-17,24.130863189697266
2015-08-18,23.967918395996094
2015-08-19,23.637086868286133
2015-08-20,22.901363372802734
2015-08-21,22.437211990356445
2015-08-24,21.74592399597168
2015-08-25,21.83480453491211
2015-08-26,22.60509490966797
2015-08-27,22.94086265563965
2015-08-28,23.128498077392578
2015-08-31,23.1976261138916
2015-09-01,22.318706512451172
2015-09-02,22.733476638793945
2015-09-03,22.6939754486084
2015-09-04,22.27920150756836
2015-09-08,23.029743194580078
2015-09-09,22.60509490966797
2015-09-10,22.713726043701172
2015-09-11,22.79964256286621
2015-09-14,22.575469970703125
2015-09-15,22.871734619140625
2015-09-16,22.97641372680664
2015-09-17,23.148250579833984
2015-09-18,22.779891967773438
2015-09-21,22.7917423248291
2015-09-22,22.253524780273438
2015-09-23,22.30883026123047
2015-09-24,21.874305725097656
2015-09-25,21.859493255615234
2015-09-28,21.5089111328125
2015-09-29,21.499034881591797
2015-09-30,21.953310012817383
2015-10-01,21.923683166503906
2015-10-02,22.249576568603516
2015-10-05,22.94086265563965
2015-10-06,22.969501495361328
2015-10-07,23.177873611450195
2015-10-08,23.424762725830078
2015-10-09,23.53339385986328
2015-10-12,23.385263442993164
2015-10-13,23.148250579833984
2015-10-14,22.94086265563965
2015-10-15,23.1877498626709
2015-10-16,23.059371948242188
2015-10-19,22.960613250732422
2015-10-20,23.019868850708008
2015-10-21,23.128498077392578
2015-10-22,23.385263442993164
2015-10-23,23.61240005493164
2015-10-26,23.47414207458496
2015-10-27,23.247007369995117
2015-10-28,23.602523803710938
2015-10-29,23.553146362304688
2015-10-30,23.750656127929688
2015-11-02,24.12394905090332
2015-11-03,24.10617446899414
2015-11-04,24.02717399597168
2015-11-05,23.967918395996094
2015-11-06,24.076549530029297
2015-11-09,23.92249298095703
2015-11-10,23.958044052124023
2015-11-11,23.85928726196289
2015-11-12,23.553146362304688
2015-11-13,23.405014038085938
2015-11-16,23.770404815673828
2015-11-17,23.76053237915039
2015-11-18,23.999521255493164
2015-11-19,24.00741958618164
2015-11-20,24.214805603027344
2015-11-23,24.165430068969727
2015-11-24,24.196043014526367
2015-11-25,24.392568588256836
2015-11-27,24.362937927246094
2015-11-30,24.540699005126953
2015-12-01,24.659204483032227
2015-12-02,24.402441024780273
2015-12-03,24.234560012817383
2015-12-04,24.47947120666504
2015-12-07,24.294797897338867
2015-12-08,24.02717399597168
2015-12-09,23.80793571472168
2015-12-10,23.88990020751953
2015-12-11,23.57585906982422
2015-12-14,23.46426773071289
2015-12-15,23.65190315246582
2015-12-16,23.956933975219727
2015-12-17,23.818283081054688
2015-12-18,23.57069206237793
2015-12-21,23.739055633544922
2015-12-22,23.974761962890625
2015-12-23,24.18471908569336
2015-12-24,24.178775787353516
2015-12-28,24.18372917175293
2015-12-29,24.35308074951172
2015-12-30,24.223342895507812
2015-12-31,23.966838836669922
2016-01-04,23.699440002441406
2016-01-05,23.560789108276367
2016-01-06,22.993309020996094
2016-01-07,22.530807495117188
2016-01-08,22.184181213378906
2016-01-11,22.010868072509766
2016-01-12,22.095048904418945
2016-01-13,21.71870994567871
2016-01-14,21.792985916137695
2016-01-15,21.15420150756836
2016-01-19,21.25323486328125
2016-01-20,20.939289093017578
2016-01-21,20.9066104888916
2016-01-22,21.49092674255371
2016-01-25,21.273042678833008
2016-01-26,21.629575729370117
2016-01-27,21.513704299926758
2016-01-28,21.510732650756836
2016-01-29,21.771198272705078
2016-02-01,21.768226623535156
2016-02-02,21.342370986938477
2016-02-03,21.381986618041992
2016-02-04,21.599863052368164
2016-02-05,21.342370986938477
2016-02-08,20.926414489746094
2016-02-09,20.886802673339844
2016-02-10,20.70952606201172
2016-02-11,20.550077438354492
2016-02-12,20.661991119384766
2016-02-16,21.233430862426758
2016-02-17,21.94649314880371
2016-02-18,22.015819549560547
2016-02-19,22.038599014282227
2016-02-22,22.233699798583984
2016-02-23,21.877166748046875
2016-02-24,22.00591468811035
2016-02-25,22.184181213378906
2016-02-26,22.372350692749023
2016-02-29,22.38225555419922
2016-03-01,22.63974952697754
2016-03-02,22.768497467041016
2016-03-03,23.0358943939209
2016-03-04,23.412235260009766
2016-03-07,23.640018463134766
2016-03-08,23.273582458496094
2016-03-09,23.29339027404785
2016-03-10,23.1844482421875
2016-03-11,23.649919509887695
2016-03-14,23.887609481811523
2016-03-15,23.481557846069336
2016-03-16,23.69052505493164
2016-03-17,23.976741790771484
2016-03-18,24.18471908569336
2016-03-21,24.234237670898438
2016-03-22,24.254043579101562
2016-03-23,23.927223205566406
2016-03-24,23.887609481811523
2016-03-28,23.768766403198242
2016-03-29,24.313467025756836
2016-03-30,24.422407150268555
2016-03-31,24.382793426513672
2016-04-01,24.244138717651367
2016-04-04,24.1649112701416
2016-04-05,23.739055633544922
2016-04-06,24.016357421875
2016-04-07,23.640018463134766
2016-04-08,24.145103454589844
2016-04-11,24.204524993896484
2016-04-12,24.56105613708496
2016-04-13,25.165180206298828
2016-04-14,25.153297424316406
2016-04-15,25.076045989990234
2016-04-18,25.155277252197266
2016-04-19,25.293928146362305
2016-04-20,25.42267417907715
2016-04-21,25.155277252197266
2016-04-22,25.25431251525879
2016-04-25,25.056238174438477
2016-04-26,25.09585189819336
2016-04-27,25.205785751342773
2016-04-28,24.74922752380371
2016-04-29,24.511539459228516
2016-05-02,24.74922752380371
2016-05-03,24.432310104370117
2016-05-04,24.21442985534668
2016-05-05,24.194623947143555
2016-05-06,24.323368072509766
2016-05-09,24.224332809448242
2016-05-10,24.450136184692383
2016-05-11,24.372888565063477
2016-05-12,24.30257225036621
2016-05-13,23.90741729736328
2016-05-16,24.292667388916016
2016-05-17,24.037153244018555
2016-05-18,24.204524993896484
2016-05-19,23.976741790771484
2016-05-20,24.123315811157227
2016-05-23,24.36298370361328
2016-05-24,24.63335418701172
2016-05-25,24.77893829345703
2016-05-26,24.897781372070312
2016-05-27,24.907684326171875
2016-05-31,25.09585189819336
2016-06-01,25.184988021850586
2016-06-02,25.181026458740234
2016-06-03,25.284025192260742
2016-06-06,25.571231842041016
2016-06-07,25.680171966552734
2016-06-08,25.818822860717773
2016-06-09,25.59004783630371
2016-06-10,25.135467529296875
2016-06-13,24.85816764831543
2016-06-14,24.521442413330078
2016-06-15,24.640287399291992
2016-06-16,24.494701385498047
2016-06-17,24.689804077148438
2016-06-20,25.155277252197266
2016-06-21,25.31373405456543
2016-06-22,25.234506607055664
2016-06-23,25.70987892150879
2016-06-24,24.44221305847168
2016-06-27,23.673688888549805
2016-06-28,24.162931442260742
2016-06-29,24.537288665771484
2016-06-30,24.79874610900879
2016-07-01,24.868072509765625
2016-07-05,24.44122314453125
2016-07-06,24.432310104370117
2016-07-07,24.41250228881836
2016-07-08,24.75912857055664
2016-07-11,25.14537239074707
2016-07-12,25.50982666015625
2016-07-13,25.541519165039062
2016-07-14,25.541519165039062
2016-07-15,25.481107711791992
2016-07-18,25.600942611694336
2016-07-19,25.442481994628906
2016-07-20,25.808917999267578
2016-07-21,25.65045928955078
2016-07-22,25.69997787475586
2016-07-25,25.631643295288086
2016-07-26,25.660362243652344
2016-07-27,25.937667846679688
2016-07-28,25.9871826171875
2016-07-29,26.155546188354492
2016-08-01,26.056507110595703
2016-08-02,25.963415145874023
2016-08-03,26.0050106048584
2016-08-04,26.20803451538086
2016-08-05,26.373424530029297
2016-08-08,26.393230438232422
2016-08-09,26.670536041259766
2016-08-10,26.509105682373047
2016-08-11,26.73986053466797
2016-08-12,26.749765396118164
2016-08-15,26.99834632873535
2016-08-16,26.84880256652832
2016-08-17,26.729955673217773
2016-08-18,26.858707427978516
2016-08-19,26.997356414794922
2016-08-22,26.923078536987305
2016-08-23,26.987451553344727
2016-08-24,26.843849182128906
2016-08-25,26.869600296020508
2016-08-26,26.838895797729492
2016-08-29,26.980520248413086
2016-08-30,26.987451553344727
2016-08-31,26.640825271606445
2016-09-01,26.789379119873047
2016-09-02,26.902280807495117
2016-09-06,27.36379051208496
2016-09-07,27.4757022857666
2016-09-08,27.571767807006836
2016-09-09,26.965665817260742
2016-09-12,27.086488723754883
2016-09-13,26.74283218383789
2016-09-14,26.698265075683594
2016-09-15,26.937936782836914
2016-09-16,26.749765396118164
2016-09-19,27.046873092651367
2016-09-20,27.126100540161133
2016-09-21,27.58167266845703
2016-09-22,27.918397903442383
2016-09-23,27.799551010131836
2016-09-26,27.542057037353516
2016-09-27,27.730224609375
2016-09-28,28.076854705810547
2016-09-29,27.977815628051758
2016-09-30,28.12042808532715
2016-10-03,28.020402908325195
2016-10-04,27.875808715820312
2016-10-05,28.057044982910156
2016-10-06,27.938203811645508
2016-10-07,27.883731842041016
2016-10-10,27.948104858398438
2016-10-11,27.492538452148438
2016-10-12,27.452922821044922
2016-10-13,27.21523666381836
2016-10-14,27.195430755615234
2016-10-17,27.205331802368164
2016-10-18,27.36379051208496
2016-10-19,27.343984603881836
2016-10-20,27.4232120513916
2016-10-21,27.482635498046875
2016-10-24,27.512346267700195
2016-10-25,27.338041305541992
2016-10-26,27.462825775146484
2016-10-27,27.33407974243164
2016-10-28,27.274660110473633
2016-10-31,27.33407974243164
2016-11-01,27.06073760986328
2016-11-02,26.789379119873047
2016-11-03,26.680438995361328
2016-11-04,26.670536041259766
2016-11-07,27.18552589416504
2016-11-08,27.15581512451172
2016-11-09,27.314271926879883
2016-11-10,27.542057037353516
2016-11-11,27.819358825683594
2016-11-14,27.829261779785156
2016-11-15,27.977815628051758
2016-11-16,27.799551010131836
2016-11-17,28.027334213256836
2016-11-18,28.027334213256836
2016-11-21,28.08675765991211
2016-11-22,28.14617919921875
2016-11-23,28.235313415527344
2016-11-25,28.135284423828125
2016-11-28,28.165987014770508
2016-11-29,28.14617919921875
2016-11-30,28.096660614013672
2016-12-01,27.920377731323242
2016-12-02,27.880762100219727
2016-12-05,28.106563568115234
2016-12-06,28.344253540039062
2016-12-07,28.601747512817383
2016-12-08,28.87904930114746
2016-12-09,28.859243392944336
2016-12-12,28.67107391357422
2016-12-13,28.84933853149414
2016-12-14,28.512615203857422
2016-12-15,28.646312713623047
2016-12-16,28.354154586791992
2016-12-19,28.46309471130371
2016-12-20,28.517669677734375
2016-12-21,28.477981567382812
2016-12-22,28.42737579345703
2016-12-23,28.40852165222168
2016-12-27,28.567285537719727
2016-12-28,28.40852165222168
2016-12-29,28.428367614746094
2016-12-30,28.428367614746094
2017-01-03,28.765737533569336
2017-01-04,29.049524307250977
2017-01-05,29.033649444580078
2017-01-06,29.122953414916992
2017-01-09,29.202333450317383
2017-01-10,29.137836456298828
2017-01-11,29.3214054107666
2017-01-12,29.301559448242188
2017-01-13,29.480165481567383
2017-01-17,29.19240951538086
2017-01-18,29.291637420654297
2017-01-19,29.36109733581543
2017-01-20,29.64885139465332
2017-01-23,29.504974365234375
2017-01-24,29.857229232788086
2017-01-25,30.492277145385742
2017-01-26,30.2938232421875
2017-01-27,30.264055252075195
2017-01-30,30.095373153686523
2017-01-31,30.244211196899414
2017-02-01,30.55181312561035
2017-02-02,30.502199172973633
2017-02-03,30.73042106628418
2017-02-06,30.522045135498047
2017-02-07,30.480371475219727
2017-02-08,30.561735153198242
2017-02-09,30.710575103759766
2017-02-10,30.849491119384766
2017-02-13,31.028100967407227
2017-02-14,31.167016983032227
2017-02-15,31.256319046020508
2017-02-16,31.21662712097168
2017-02-17,31.355546951293945
2017-02-21,31.64330291748047
2017-02-22,31.59368896484375
2017-02-23,31.50438690185547
2017-02-24,31.296010971069336
2017-02-27,31.355546951293945
2017-02-28,31.127328872680664
2017-03-01,31.702838897705078
2017-03-02,31.425004959106445
2017-03-03,31.45477294921875
2017-03-06,31.296010971069336
2017-03-07,31.236474990844727
2017-03-08,31.296010971069336
2017-03-09,31.17694091796875
2017-03-10,31.45477294921875
2017-03-13,31.613536834716797
2017-03-14,31.365468978881836
2017-03-15,31.762374877929688
2017-03-16,31.7822208404541
2017-03-17,31.98067283630371
2017-03-20,31.98067283630371
2017-03-21,31.52423095703125
2017-03-22,31.484540939331055
2017-03-23,31.613536834716797
2017-03-24,31.653226852416992
2017-03-27,31.682994842529297
2017-03-28,31.88144874572754
2017-03-29,31.931058883666992
2017-03-30,32.020362854003906
2017-03-31,31.95090675354004
2017-04-03,31.85167694091797
2017-04-04,31.66314697265625
2017-04-05,31.51430892944336
2017-04-06,31.653226852416992
2017-04-07,31.66314697265625
2017-04-10,31.673070907592773
2017-04-11,31.613536834716797
2017-04-12,31.32577896118164
2017-04-13,31.008255004882812
2017-04-17,31.21662712097168
2017-04-18,31.26624298095703
2017-04-19,31.452787399291992
2017-04-20,31.81199073791504
2017-04-21,31.732606887817383
2017-04-24,32.228736877441406
2017-04-25,32.625648498535156
2017-04-26,32.83401870727539
2017-04-27,32.93324661254883
2017-04-28,32.873714447021484
2017-05-01,33.092010498046875
2017-05-02,33.151546478271484
2017-05-03,33.092010498046875
2017-05-04,33.13169860839844
2017-05-05,33.349998474121094
2017-05-08,33.38969039916992
2017-05-09,33.45914840698242
2017-05-10,33.66752243041992
2017-05-11,33.68737030029297
2017-05-12,33.7568244934082
2017-05-15,34.064430236816406
2017-05-16,34.22319412231445
2017-05-17,33.58814239501953
2017-05-18,33.69233322143555
2017-05-19,34.1041145324707
2017-05-22,34.451412200927734
2017-05-23,34.411720275878906
2017-05-24,34.35218048095703
2017-05-25,34.481178283691406
2017-05-26,34.43156433105469
2017-05-30,34.391876220703125
2017-05-31,34.312496185302734
2017-06-01,34.71932601928711
2017-06-02,35.15591812133789
2017-06-05,35.225379943847656
2017-06-06,35.09638214111328
2017-06-07,35.07355880737305
2017-06-08,35.190650939941406
2017-06-09,34.729244232177734
2017-06-12,34.36211013793945
2017-06-13,34.57048034667969
2017-06-14,34.47126007080078
2017-06-15,34.12396240234375
2017-06-16,34.29264831542969
2017-06-19,34.729244232177734
2017-06-20,34.540714263916016
2017-06-21,34.540714263916016
2017-06-22,34.57048034667969
2017-06-23,34.61017608642578
2017-06-26,34.530792236328125
2017-06-27,34.2430305480957
2017-06-28,34.4216423034668
2017-06-29,33.98504638671875
2017-06-30,34.01481246948242
2017-07-03,33.84613037109375
2017-07-05,33.88581848144531
2017-07-06,33.558372497558594
2017-07-07,33.88581848144531
2017-07-10,34.1041145324707
2017-07-11,34.342262268066406
2017-07-12,34.739166259765625
2017-07-13,34.74909210205078
2017-07-14,35.086463928222656
2017-07-17,35.01700210571289
2017-07-18,35.09638214111328
2017-07-19,35.423831939697266
2017-07-20,35.413909912109375
2017-07-21,35.503211975097656
2017-07-24,35.647090911865234
2017-07-25,35.701663970947266
2017-07-26,35.8008918762207
2017-07-27,35.9398078918457
2017-07-28,35.900115966796875
2017-07-31,35.99934005737305
2017-08-01,36.168025970458984
2017-08-02,36.158103942871094
2017-08-03,35.81081008911133
2017-08-04,35.81081008911133
2017-08-07,36.06879806518555
2017-08-08,35.94972610473633
2017-08-09,35.82073211669922
2017-08-10,35.12615203857422
2017-08-11,35.23529815673828
2017-08-14,35.60244369506836
2017-08-15,35.58259582519531
2017-08-16,35.71555709838867
2017-08-17,35.45359802246094
2017-08-18,35.40398406982422
2017-08-21,35.30476379394531
2017-08-22,35.8008918762207
2017-08-23,35.840576171875
2017-08-24,35.72151184082031
2017-08-25,35.82073211669922
2017-08-28,35.919960021972656
2017-08-29,35.959651947021484
2017-08-30,36.2176399230957
2017-08-31,36.55501174926758
2017-09-01,36.63439178466797
2017-09-05,36.3565559387207
2017-09-06,36.58477783203125
2017-09-07,36.89237976074219
2017-09-08,36.877498626708984
2017-09-11,37.47781753540039
2017-09-12,37.71596145629883
2017-09-13,37.70603942871094
2017-09-14,37.77549743652344
2017-09-15,37.92433547973633
2017-09-18,38.27162551879883
2017-09-19,38.4006233215332
2017-09-20,38.4006233215332
2017-09-21,38.11286544799805
2017-09-22,38.14263153076172
2017-09-25,37.93425750732422
2017-09-26,37.745731353759766
2017-09-27,38.04340744018555
2017-09-28,38.172401428222656
2017-09-29,38.380775451660156
2017-10-02,38.618919372558594
2017-10-03,38.777687072753906
2017-10-04,38.777687072753906
2017-10-05,38.72806930541992
2017-10-06,38.64868927001953
2017-10-09,38.72806930541992
2017-10-10,38.93644714355469
2017-10-11,39.10512924194336
2017-10-12,39.164669036865234
2017-10-13,39.462345123291016
2017-10-16,39.452423095703125
2017-10-17,39.42265319824219
2017-10-18,39.432579040527344
2017-10-19,39.194435119628906
2017-10-20,39.392887115478516
2017-10-23,39.462345123291016
2017-10-24,39.52188491821289
2017-10-25,39.31350326538086
2017-10-26,39.382965087890625
2017-10-27,39.82948684692383
2017-10-30,39.789791107177734
2017-10-31,40.35538101196289
2017-11-01,40.17677307128906
2017-11-02,40.196617126464844
2017-11-03,40.39506912231445
2017-11-06,40.66298294067383
2017-11-07,40.64313888549805
2017-11-08,40.76221466064453
2017-11-09,40.30576705932617
2017-11-10,40.32561492919922
2017-11-13,40.17677307128906
2017-11-14,40.25615310668945
2017-11-15,39.88901901245117
2017-11-16,40.58360290527344
2017-11-17,40.682830810546875
2017-11-20,41.099578857421875
2017-11-21,41.78424835205078
2017-11-22,41.923160552978516
2017-11-24,42.260528564453125
2017-11-27,42.032310485839844
2017-11-28,42.210914611816406
2017-11-29,41.367488861083984
2017-11-30,41.367488861083984
2017-12-01,41.24842071533203
2017-12-04,40.47445297241211
2017-12-05,40.16685104370117
2017-12-06,39.958473205566406
2017-12-07,40.31568908691406
2017-12-08,40.47445297241211
2017-12-11,40.38515090942383
2017-12-12,40.32561492919922
2017-12-13,40.147003173828125
2017-12-14,39.958473205566406
2017-12-15,40.07754898071289
2017-12-18,40.76221466064453
2017-12-19,40.672908782958984
2017-12-20,40.6927490234375
2017-12-21,40.9308967590332
2017-12-22,41.030120849609375
2017-12-26,40.9705696105957
2017-12-27,41.030120849609375
2017-12-28,41.129371643066406
2017-12-29,41.01027297973633
2018-01-02,41.427127838134766
2018-01-03,42.052398681640625
2018-01-04,42.67768096923828
2018-01-05,43.08460235595703
2018-01-08,43.283103942871094
2018-01-09,43.372432708740234
2018-01-10,43.19377899169922
2018-01-11,43.690032958984375
2018-01-12,44.2855339050293
2018-01-16,44.56343460083008
2018-01-17,44.98028564453125
2018-01-18,44.95051193237305
2018-01-19,45.48646926879883
2018-01-22,45.67504119873047
2018-01-23,45.813987731933594
2018-01-24,45.45669174194336
2018-01-25,45.23834228515625
2018-01-26,45.774288177490234
2018-01-29,45.37729263305664
2018-01-30,44.811561584472656
2018-01-31,44.86118698120117
2018-02-01,45.07953643798828
2018-02-02,43.98778533935547
2018-02-05,41.71494674682617
2018-02-06,42.41962814331055
2018-02-07,42.191349029541016
2018-02-08,40.2956657409668
2018-02-09,40.67281723022461
2018-02-12,41.417198181152344
2018-02-13,41.13929748535156
2018-02-14,41.94322204589844
2018-02-15,42.54865264892578
2018-02-16,42.54865264892578
2018-02-20,42.231048583984375
2018-02-21,42.33030319213867
2018-02-22,42.51887893676758
2018-02-23,42.90595626831055
2018-02-26,43.33272933959961
2018-02-27,42.78685760498047
2018-02-28,42.3005256652832
2018-03-01,41.36757278442383
2018-03-02,41.88367462158203
2018-03-05,42.20127487182617
2018-03-06,42.65782928466797
2018-03-07,42.58835220336914
2018-03-08,42.77692794799805
2018-03-09,43.33272933959961
2018-03-12,43.6304817199707
2018-03-13,43.29302978515625
2018-03-14,43.382354736328125
2018-03-15,43.4419059753418
2018-03-16,43.07468032836914
2018-03-19,42.439476013183594
2018-03-20,42.3997802734375
2018-03-21,42.618125915527344
2018-03-22,41.63554763793945
2018-03-23,40.62319564819336
2018-03-26,41.60577392578125
2018-03-27,41.07974624633789
2018-03-28,40.7819938659668
2018-03-29,41.50652313232422
2018-04-02,40.68274688720703
2018-04-03,41.01027297973633
2018-04-04,40.811767578125
2018-04-05,41.00034713745117
2018-04-06,40.15671920776367
2018-04-09,40.176570892333984
2018-04-10,41.07974624633789
2018-04-11,41.25839614868164
2018-04-12,41.476749420166016
2018-04-13,41.556148529052734
2018-04-16,41.75464630126953
2018-04-17,42.1417236328125
2018-04-18,42.52880096435547
2018-04-19,42.21120071411133
2018-04-20,41.903526306152344
2018-04-23,41.39734649658203
2018-04-24,40.90109634399414
2018-04-25,40.444541931152344
2018-04-26,40.53386688232422
2018-04-27,40.146793365478516
2018-04-30,39.95821762084961
2018-05-01,39.84904479980469
2018-05-02,39.63069152832031
2018-05-03,39.72993850708008
2018-05-04,40.16664505004883
2018-05-07,40.56364059448242
2018-05-08,40.891170501708984
2018-05-09,41.337799072265625
2018-05-10,41.556148529052734
2018-05-11,41.70502471923828
2018-05-14,41.70502471923828
2018-05-15,41.40727615356445
2018-05-16,41.556148529052734
2018-05-17,41.546226501464844
2018-05-18,41.62562561035156
2018-05-21,42.20127487182617
2018-05-22,42.082176208496094
2018-05-23,41.80427169799805
2018-05-24,41.62562561035156
2018-05-25,41.40727615356445
2018-05-29,40.93087387084961
2018-05-30,41.169071197509766
2018-05-31,40.98049545288086
2018-06-01,41.44697189331055
2018-06-04,41.74472427368164
2018-06-05,41.972999572753906
2018-06-06,42.181427001953125
2018-06-07,42.052398681640625
2018-06-08,42.092098236083984
2018-06-11,42.320377349853516
2018-06-12,42.26082992553711
2018-06-13,42.06232452392578
2018-06-14,41.89359664916992
2018-06-15,41.24847412109375
2018-06-18,40.98049545288086
2018-06-19,40.2956657409668
2018-06-20,40.543792724609375
2018-06-21,40.24604415893555
2018-06-22,40.27581787109375
2018-06-25,39.40241622924805
2018-06-26,39.7696418762207
2018-06-27,39.46196365356445
2018-06-28,39.561214447021484
2018-06-29,39.700164794921875
2018-07-02,39.60091781616211
2018-07-03,39.61083984375
2018-07-05,39.50166320800781
2018-07-06,39.978065490722656
2018-07-09,40.325443267822266
2018-07-10,40.74229431152344
2018-07-11,39.87881851196289
2018-07-12,40.34529495239258
2018-07-13,40.41476821899414
2018-07-16,40.265892028808594
2018-07-17,40.18649673461914
2018-07-18,40.28573989868164
2018-07-19,40.30559158325195
2018-07-20,40.24604415893555
2018-07-23,40.097171783447266
2018-07-24,40.176570892333984
2018-07-25,40.73237228393555
2018-07-26,41.11944580078125
2018-07-27,40.96064758300781
2018-07-30,40.53386688232422
2018-07-31,40.52394485473633
2018-08-01,40.51401901245117
2018-08-02,40.47431564331055
2018-08-03,40.41476821899414
2018-08-06,40.335365295410156
2018-08-07,40.48424530029297
2018-08-08,40.82169723510742
2018-08-09,40.9110221862793
2018-08-10,40.404842376708984
2018-08-13,39.928443908691406
2018-08-14,40.2559700012207
2018-08-15,39.481815338134766
2018-08-16,39.7696418762207
2018-08-17,40.02769470214844
2018-08-20,40.30559158325195
2018-08-21,40.861392974853516
2018-08-22,41.04997253417969
2018-08-23,40.98049545288086
2018-08-24,41.159149169921875
2018-08-27,41.784420013427734
2018-08-28,42.26082992553711
2018-08-29,42.52880096435547
2018-08-30,42.34022521972656
2018-08-31,42.33030319213867
2018-09-04,41.72487258911133
2018-09-05,41.22862243652344
2018-09-06,41.04997253417969
2018-09-07,40.68274688720703
2018-09-10,40.861392974853516
2018-09-11,40.87132263183594
2018-09-12,40.69266891479492
2018-09-13,41.020198822021484
2018-09-14,41.59585189819336
2018-09-17,41.39734649658203
2018-09-18,41.913448333740234
2018-09-19,41.903526306152344
2018-09-20,42.20127487182617
2018-09-21,42.459327697753906
2018-09-24,42.2409782409668
2018-09-25,42.042476654052734
2018-09-26,41.68517303466797
2018-09-27,41.59585189819336
2018-09-28,41.53629684448242
2018-10-01,41.784420013427734
2018-10-02,41.51645278930664
2018-10-03,41.377498626708984
2018-10-04,40.60334396362305
2018-10-05,39.700164794921875
2018-10-08,39.27338790893555
2018-10-09,38.72751235961914
2018-10-10,36.990631103515625
2018-10-11,36.31572723388672
2018-10-12,37.129581451416016
2018-10-15,36.97077941894531
2018-10-16,38.231258392333984
2018-10-17,38.151859283447266
2018-10-18,37.070030212402344
2018-10-19,36.712730407714844
2018-10-22,36.851680755615234
2018-10-23,36.34550094604492
2018-10-24,34.777347564697266
2018-10-25,35.2338981628418
2018-10-26,34.737648010253906
2018-10-29,34.35057067871094
2018-10-30,35.452247619628906
2018-10-31,36.047752380371094
2018-11-01,36.821903228759766
2018-11-02,37.6357536315918
2018-11-05,37.28838348388672
2018-11-06,37.46703338623047
2018-11-07,38.092308044433594
2018-11-08,37.61590576171875
2018-11-09,36.76235580444336
2018-11-12,35.86909866333008
2018-11-13,35.978275299072266
2018-11-14,35.978275299072266
2018-11-15,36.405052185058594
2018-11-16,36.236324310302734
2018-11-19,35.521724700927734
2018-11-20,34.826969146728516
2018-11-21,35.42247009277344
2018-11-23,35.03539276123047
2018-11-26,35.759925842285156
2018-11-27,35.5911979675293
2018-11-28,36.77227783203125
2018-11-29,36.682952880859375
2018-11-30,36.69287872314453
2018-12-03,37.65560531616211
2018-12-04,35.94850158691406
2018-12-06,35.392696380615234
2018-12-07,34.4200439453125
2018-12-10,34.340641021728516
2018-12-11,34.17191696166992
2018-12-12,34.787269592285156
2018-12-13,34.410118103027344
2018-12-14,33.745140075683594
2018-12-17,32.98091125488281
2018-12-18,33.2191162109375
2018-12-19,32.7625617980957
2018-12-20,32.09758377075195
2018-12-21,31.343280792236328
2018-12-24,30.74648666381836
2018-12-26,31.961999893188477
2018-12-27,32.01181411743164
2018-12-28,32.21107864379883
2018-12-31,32.430267333984375
2019-01-02,32.519935607910156
2019-01-03,31.443910598754883
2019-01-04,32.659420013427734
2019-01-07,33.18747329711914
2019-01-08,33.61589431762695
2019-01-09,34.173831939697266
2019-01-10,34.323280334472656
2019-01-11,34.173831939697266
2019-01-14,33.92475128173828
2019-01-15,34.45280456542969
2019-01-16,34.6421012878418
2019-01-17,34.81147766113281
2019-01-18,35.51886749267578
2019-01-22,34.632137298583984
2019-01-23,34.65206527709961
2019-01-24,35.23989486694336
2019-01-25,36.0269889831543
2019-01-28,35.64838790893555
2019-01-29,35.41923141479492
2019-01-30,36.04691696166992
2019-01-31,36.3458137512207
2019-02-01,36.32588577270508
2019-02-04,36.59489440917969
2019-02-05,36.93364334106445
2019-02-06,36.99342346191406
2019-02-07,36.38566589355469
2019-02-08,36.19636535644531
2019-02-11,36.36573791503906
2019-02-12,37.401912689208984
2019-02-13,37.65099334716797
2019-02-14,37.63106918334961
2019-02-15,38.24878692626953
2019-02-19,38.57757568359375
2019-02-20,38.7469482421875
2019-02-21,38.4879035949707
2019-02-22,38.65727615356445
2019-02-25,39.06576919555664
2019-02-26,38.88643264770508
2019-02-27,38.71706008911133
2019-02-28,38.43809127807617
2019-03-01,38.71706008911133
2019-03-04,38.816688537597656
2019-03-05,38.727020263671875
2019-03-06,38.38827133178711
2019-03-07,37.43180465698242
2019-03-08,37.252464294433594
2019-03-11,37.90007400512695
2019-03-12,38.059486389160156
2019-03-13,38.20893096923828
2019-03-14,38.01963424682617
2019-03-15,38.408199310302734
2019-03-18,38.62738800048828
2019-03-19,38.80672836303711
2019-03-20,38.65727615356445
2019-03-21,39.07573699951172
2019-03-22,38.049522399902344
2019-03-25,37.9399299621582
2019-03-26,38.428123474121094
2019-03-27,38.049522399902344
2019-03-28,38.30856704711914
2019-03-29,38.5875358581543
2019-04-01,39.434410095214844
2019-04-02,39.63367462158203
2019-04-03,40.21154022216797
2019-04-04,40.19161605834961
2019-04-05,40.679813385009766
2019-04-08,40.66984939575195
2019-04-09,40.35102462768555
2019-04-10,40.620033264160156
2019-04-11,40.5203971862793
2019-04-12,40.94881820678711
2019-04-15,41.118194580078125
2019-04-16,41.44697952270508
2019-04-17,41.55657196044922
2019-04-18,41.5665397644043
2019-04-22,41.616355895996094
2019-04-23,41.84550857543945
2019-04-24,41.65620803833008
2019-04-25,41.3074951171875
2019-04-26,41.3074951171875
2019-04-29,41.38719940185547
2019-04-30,41.45694351196289
2019-05-01,41.08830642700195
2019-05-02,40.95878219604492
2019-05-03,41.646244049072266
2019-05-06,40.87907409667969
2019-05-07,39.75323486328125
2019-05-08,39.544002532958984
2019-05-09,39.015953063964844
2019-05-10,39.30488967895508
2019-05-13,37.5712890625
2019-05-14,38.059486389160156
2019-05-15,38.39823532104492
2019-05-16,38.39823532104492
2019-05-17,37.72073745727539
2019-05-20,36.83401107788086
2019-05-21,37.42184066772461
2019-05-22,37.09305191040039
2019-05-23,36.14654541015625
2019-05-24,36.435482025146484
2019-05-28,36.295997619628906
2019-05-29,36.10669708251953
2019-05-30,36.48529815673828
2019-05-31,35.867576599121094
2019-06-03,35.867576599121094
2019-06-04,36.97349548339844
2019-06-05,37.22257614135742
2019-06-06,37.053199768066406
2019-06-07,37.670921325683594
2019-06-10,38.08937454223633
2019-06-11,38.29860305786133
2019-06-12,37.90007400512695
2019-06-13,37.98974609375
2019-06-14,37.54139709472656
2019-06-17,37.68088150024414
2019-06-18,38.288639068603516
2019-06-19,38.70709228515625
2019-06-20,39.34474182128906
2019-06-21,39.10562515258789
2019-06-24,38.86650466918945
2019-06-25,38.50783157348633
2019-06-26,38.71706008911133
2019-06-27,39.225181579589844
2019-06-28,39.79308319091797
2019-07-01,40.35102462768555
2019-07-02,39.942535400390625
2019-07-03,39.93257141113281
2019-07-05,39.55397033691406
2019-07-08,39.13551330566406
2019-07-09,38.8455810546875
2019-07-10,38.846580505371094
2019-07-11,38.47793960571289
2019-07-12,38.467979431152344
2019-07-15,38.5377197265625
2019-07-16,38.35838317871094
2019-07-17,38.23882293701172
2019-07-18,38.10930252075195
2019-07-19,38.14915466308594
2019-07-22,38.497867584228516
2019-07-23,39.055809020996094
2019-07-24,39.613746643066406
2019-07-25,38.76687240600586
2019-07-26,38.89639663696289
2019-07-29,38.66724395751953
2019-07-30,38.60746383666992
2019-07-31,38.0694465637207
2019-08-01,37.4118766784668
2019-08-02,36.53511047363281
2019-08-05,35.19007873535156
2019-08-06,35.847652435302734
2019-08-07,35.807796478271484
2019-08-08,36.664634704589844
2019-08-09,35.877540588378906
2019-08-12,35.41923141479492
2019-08-13,36.15651321411133
2019-08-14,34.87125778198242
2019-08-15,34.87125778198242
2019-08-16,35.65835189819336
2019-08-19,36.086769104003906
2019-08-20,35.85761642456055
2019-08-21,36.31592559814453
2019-08-22,36.2362174987793
2019-08-23,35.21000671386719
2019-08-26,35.43915939331055
2019-08-27,35.2697868347168
2019-08-28,35.38934326171875
2019-08-29,36.01702880859375
2019-08-30,36.27606964111328
2019-09-03,35.767948150634766
2019-09-04,36.41555404663086
2019-09-05,37.381988525390625
2019-09-06,37.48161697387695
2019-09-09,37.9598503112793
2019-09-10,38.29860305786133
2019-09-11,38.936248779296875
2019-09-12,39.24510955810547
2019-09-13,39.374629974365234
2019-09-16,39.20525360107422
2019-09-17,39.03588104248047
2019-09-18,39.025917053222656
2019-09-19,39.045841217041016
2019-09-20,38.517791748046875
2019-09-23,38.50783157348633
2019-09-24,37.929962158203125
2019-09-25,38.0694465637207
2019-09-26,38.07941436767578
2019-09-27,37.80044174194336
2019-09-30,38.20893096923828
2019-10-01,37.58125305175781
2019-10-02,36.734378814697266
2019-10-03,37.18272399902344
2019-10-04,37.5712890625
2019-10-07,37.42184066772461
2019-10-08,36.51519012451172
2019-10-09,36.93364334106445
2019-10-10,37.01335144042969
2019-10-11,38.02959442138672
2019-10-14,37.90007400512695
2019-10-15,38.557647705078125
2019-10-16,38.50783157348633
2019-10-17,38.67720413208008
2019-10-18,38.62738800048828
2019-10-21,38.846580505371094
2019-10-22,38.56760787963867
2019-10-23,38.75691223144531
2019-10-24,39.20525360107422
2019-10-25,39.28496170043945
2019-10-28,39.902679443359375
2019-10-29,39.69345474243164
2019-10-30,39.71337890625
2019-10-31,39.354705810546875
2019-11-01,40.131832122802734
2019-11-04,40.6299934387207
2019-11-05,40.819297790527344
2019-11-06,40.44069290161133
2019-11-07,40.85914611816406
2019-11-08,40.789405822753906
2019-11-11,40.789405822753906
2019-11-12,40.68977355957031
2019-11-13,40.60010528564453
2019-11-14,40.57021713256836
2019-11-15,40.889041900634766
2019-11-18,40.57021713256836
2019-11-19,40.54032516479492
2019-11-20,40.35102462768555
2019-11-21,40.43073272705078
2019-11-22,40.5004768371582
2019-11-25,41.197898864746094
2019-11-26,41.23775100708008
2019-11-27,41.39716339111328
2019-11-29,41.028526306152344
2019-12-02,40.590145111083984
2019-12-03,40.46062088012695
2019-12-04,40.819297790527344
2019-12-05,40.80933380126953
2019-12-06,41.35730743408203
2019-12-09,41.03848648071289
2019-12-10,41.058414459228516
2019-12-11,41.39716339111328
2019-12-12,42.03480911254883
2019-12-13,42.1145133972168
2019-12-16,42.4333381652832
2019-12-17,42.253997802734375
2019-12-18,42.1145133972168
2019-12-19,42.144405364990234
2019-12-20,41.98499298095703
2019-12-23,42.253997802734375
2019-12-24,42.2400016784668
2019-12-26,42.369998931884766
2019-12-27,42.310001373291016
2019-12-30,41.849998474121094
2019-12-31,42.0
2020-01-02,42.61000061035156
2020-01-03,42.099998474121094
2020-01-06,42.16999816894531
2020-01-07,42.209999084472656
2020-01-08,42.45000076293945
2020-01-09,42.72999954223633
2020-01-10,42.869998931884766
2020-01-13,43.349998474121094
2020-01-14,43.369998931884766
2020-01-15,43.04999923706055
2020-01-16,43.58000183105469
2020-01-17,43.72999954223633
2020-01-21,43.439998626708984
2020-01-22,43.5099983215332
2020-01-23,43.79999923706055
2020-01-24,43.459999084472656
2020-01-27,42.290000915527344
2020-01-28,42.720001220703125
2020-01-29,42.4900016784668
2020-01-30,42.2400016784668
2020-01-31,41.2599983215332
2020-02-03,41.689998626708984
2020-02-04,42.720001220703125
2020-02-05,43.16999816894531
2020-02-06,43.36000061035156
2020-02-07,42.459999084472656
2020-02-10,42.86000061035156
2020-02-11,43.439998626708984
2020-02-12,44.0
2020-02-13,43.77000045776367
2020-02-14,43.63999938964844
2020-02-18,43.099998474121094
2020-02-19,43.369998931884766
2020-02-20,43.279998779296875
2020-02-21,42.65999984741211
2020-02-24,40.70000076293945
2020-02-25,39.79999923706055
2020-02-26,39.91999816894531
2020-02-27,38.5
2020-02-28,38.41999816894531
2020-03-02,39.400001525878906
2020-03-03,38.7599983215332
2020-03-04,39.720001220703125
2020-03-05,38.38999938964844
2020-03-06,37.75
2020-03-09,34.810001373291016
2020-03-10,36.29999923706055
2020-03-11,34.380001068115234
2020-03-12,30.68000030517578
2020-03-13,32.720001220703125
2020-03-16,29.06999969482422
2020-03-17,31.209999084472656
2020-03-18,29.270000457763672
2020-03-19,29.799999237060547
2020-03-20,29.360000610351562
2020-03-23,28.959999084472656
2020-03-24,31.8700008392334
2020-03-25,32.41999816894531
2020-03-26,34.150001525878906
2020-03-27,33.09000015258789
2020-03-30,33.86000061035156
2020-03-31,33.59000015258789
2020-04-01,31.889999389648438
2020-04-02,32.33000183105469
2020-04-03,31.520000457763672
2020-04-06,34.16999816894531
2020-04-07,34.16999816894531
2020-04-08,35.0
2020-04-09,35.5099983215332
2020-04-13,35.189998626708984
2020-04-14,36.29999923706055
2020-04-15,35.189998626708984
2020-04-16,35.29999923706055
