Date,SLX
2010-01-04,48.0123291015625
2010-01-05,48.386138916015625
2010-01-06,49.447757720947266
2010-01-07,49.23094940185547
2010-01-08,50.50190734863281
2010-01-11,50.06828308105469
2010-01-12,48.98422622680664
2010-01-13,49.51504135131836
2010-01-14,49.72438430786133
2010-01-15,48.59546661376953
2010-01-19,49.858951568603516
2010-01-20,48.303897857666016
2010-01-21,45.70216751098633
2010-01-22,44.034969329833984
2010-01-25,44.17701721191406
2010-01-26,42.97334671020508
2010-01-27,42.58457946777344
2010-01-28,41.42576599121094
2010-01-29,40.75289535522461
2010-02-01,43.205108642578125
2010-02-02,44.020015716552734
2010-02-03,43.220054626464844
2010-02-04,40.2669563293457
2010-02-05,40.64823913574219
2010-02-08,39.99033737182617
2010-02-09,41.79957962036133
2010-02-10,41.20895004272461
2010-02-11,42.756534576416016
2010-02-12,42.846248626708984
2010-02-16,44.52092361450195
2010-02-17,44.378875732421875
2010-02-18,45.09659194946289
2010-02-19,45.3956413269043
2010-02-22,45.40312194824219
2010-02-23,43.75834274291992
2010-02-24,43.795738220214844
2010-02-25,43.990108489990234
2010-02-26,44.33401870727539
2010-03-01,45.2984504699707
2010-03-02,45.9713134765625
2010-03-03,46.591835021972656
2010-03-04,46.79368591308594
2010-03-05,48.259033203125
2010-03-08,48.49827575683594
2010-03-09,48.42350769042969
2010-03-10,48.834712982177734
2010-03-11,48.58051681518555
2010-03-12,48.96928024291992
2010-03-15,48.60294723510742
2010-03-16,49.739322662353516
2010-03-17,49.559898376464844
2010-03-18,48.715087890625
2010-03-19,48.04222869873047
2010-03-22,48.6253662109375
2010-03-23,50.240234375
2010-03-24,49.92623519897461
2010-03-25,49.103851318359375
2010-03-26,49.78418731689453
2010-03-29,51.32429504394531
2010-03-30,51.129905700683594
2010-03-31,51.100006103515625
2010-04-01,52.341060638427734
2010-04-05,53.61200714111328
2010-04-06,53.67182540893555
2010-04-07,52.77467346191406
2010-04-08,52.93915557861328
2010-04-09,53.088680267333984
2010-04-12,52.856910705566406
2010-04-13,52.79711151123047
2010-04-14,53.51482009887695
2010-04-15,52.565345764160156
2010-04-16,51.11495590209961
2010-04-19,50.42713928222656
2010-04-20,50.70376968383789
2010-04-21,50.44209671020508
2010-04-22,50.4196662902832
2010-04-23,50.98786163330078
2010-04-26,51.19719314575195
2010-04-27,48.4683723449707
2010-04-28,48.730037689208984
2010-04-29,48.9917106628418
2010-04-30,47.6459846496582
2010-05-03,47.070316314697266
2010-05-04,45.09659194946289
2010-05-05,45.12649917602539
2010-05-06,43.39200973510742
2010-05-07,43.324729919433594
2010-05-10,46.786216735839844
2010-05-11,45.507789611816406
2010-05-12,46.27035903930664
2010-05-13,45.97879409790039
2010-05-14,44.06488037109375
2010-05-17,42.958396911621094
2010-05-18,41.92667007446289
2010-05-19,41.35847854614258
2010-05-20,38.6595573425293
2010-05-21,40.61085510253906
2010-05-24,39.79594421386719
2010-05-25,40.59590530395508
2010-05-26,40.36414337158203
2010-05-27,43.3770637512207
2010-05-28,42.56216049194336
2010-06-01,40.805240631103516
2010-06-02,43.728450775146484
2010-06-03,42.995765686035156
2010-06-04,40.85757827758789
2010-06-07,39.68381118774414
2010-06-08,40.558528900146484
2010-06-09,40.68561553955078
2010-06-10,42.778968811035156
2010-06-11,43.212589263916016
2010-06-14,43.272396087646484
2010-06-15,44.62558364868164
2010-06-16,44.23682403564453
2010-06-17,43.51911544799805
2010-06-18,43.42939758300781
2010-06-21,44.393829345703125
2010-06-22,43.49668502807617
2010-06-23,44.06488037109375
2010-06-24,42.816341400146484
2010-06-25,43.2873420715332
2010-06-28,42.5546760559082
2010-06-29,40.13237380981445
2010-06-30,39.310001373291016
2010-07-01,39.38475799560547
2010-07-02,39.138038635253906
2010-07-06,39.73613357543945
2010-07-07,41.32857894897461
2010-07-08,41.92667007446289
2010-07-09,42.9509162902832
2010-07-12,41.5528678894043
2010-07-13,42.1958122253418
2010-07-14,41.971534729003906
2010-07-15,41.56781768798828
2010-07-16,40.2669563293457
2010-07-19,40.67814254760742
2010-07-20,42.67429733276367
2010-07-21,42.53972244262695
2010-07-22,44.393829345703125
2010-07-23,45.42554473876953
2010-07-26,45.60498046875
2010-07-27,44.819976806640625
2010-07-28,44.32654571533203
2010-07-29,44.31159210205078
2010-07-30,44.21438980102539
2010-08-02,46.03860092163086
2010-08-03,45.918975830078125
2010-08-04,46.44980239868164
2010-08-05,46.31521987915039
2010-08-06,46.419883728027344
2010-08-09,46.58436965942383
2010-08-10,45.829261779785156
2010-08-11,43.556488037109375
2010-08-12,43.5938720703125
2010-08-13,43.51911544799805
2010-08-16,44.102264404296875
2010-08-17,45.02183151245117
2010-08-18,45.28350067138672
2010-08-19,44.58073425292969
2010-08-20,44.13216018676758
2010-08-23,43.16025161743164
2010-08-24,41.92667007446289
2010-08-25,41.896766662597656
2010-08-26,41.59771728515625
2010-08-27,42.88362503051758
2010-08-30,42.01639175415039
2010-08-31,42.464962005615234
2010-09-01,44.775115966796875
2010-09-02,45.02183151245117
2010-09-03,45.35826110839844
2010-09-07,45.1190185546875
2010-09-08,45.59750747680664
2010-09-09,45.560115814208984
2010-09-10,45.67226791381836
2010-09-13,46.86098098754883
2010-09-14,46.44231033325195
2010-09-15,46.13579177856445
2010-09-16,46.07598114013672
2010-09-17,45.70964050292969
2010-09-20,46.03860092163086
2010-09-21,45.881595611572266
2010-09-22,45.9713134765625
2010-09-23,45.268550872802734
2010-09-24,46.397457122802734
2010-09-27,46.45726776123047
2010-09-28,47.01798629760742
2010-09-29,47.032936096191406
2010-09-30,47.107696533203125
2010-10-01,47.78055953979492
2010-10-04,46.86846160888672
2010-10-05,48.12446212768555
2010-10-06,48.401084899902344
2010-10-07,48.0721321105957
2010-10-08,49.04404067993164
2010-10-11,49.00666809082031
2010-10-12,48.50574493408203
2010-10-13,49.25337219238281
2010-10-14,49.126277923583984
2010-10-15,48.976749420166016
2010-10-18,49.55242156982422
2010-10-19,47.42169952392578
2010-10-20,48.34874725341797
2010-10-21,47.75813674926758
2010-10-22,47.75813674926758
2010-10-25,48.333805084228516
2010-10-26,47.862789154052734
2010-10-27,47.30208206176758
2010-10-28,47.488983154296875
2010-10-29,47.885223388671875
2010-11-01,48.17680358886719
2010-11-02,49.193565368652344
2010-11-03,49.25337219238281
2010-11-04,51.092529296875
2010-11-05,51.458858489990234
2010-11-08,51.27195739746094
2010-11-09,50.38976287841797
2010-11-10,50.83085250854492
2010-11-11,50.89067077636719
2010-11-12,49.62718963623047
2010-11-15,49.470184326171875
2010-11-16,48.13941955566406
2010-11-17,47.974945068359375
2010-11-18,49.26832962036133
2010-11-19,49.55242156982422
2010-11-22,49.455238342285156
2010-11-23,48.0123291015625
2010-11-24,48.85713577270508
2010-11-26,48.1992301940918
2010-11-29,48.2291374206543
2010-11-30,48.14690017700195
2010-12-01,49.88138198852539
2010-12-02,51.18224334716797
2010-12-03,51.87005615234375
2010-12-06,52.07938766479492
2010-12-07,52.23638916015625
2010-12-08,51.60090255737305
2010-12-09,51.952293395996094
2010-12-10,52.46067428588867
2010-12-13,53.52977752685547
2010-12-14,53.46249771118164
2010-12-15,52.81953430175781
2010-12-16,53.48491668701172
2010-12-17,54.15777587890625
2010-12-20,53.97834396362305
2010-12-21,55.12968826293945
2010-12-22,54.97269058227539
2010-12-23,54.67321014404297
2010-12-27,54.25619888305664
2010-12-28,54.11971664428711
2010-12-29,54.66561508178711
2010-12-30,54.915828704833984
2010-12-31,55.02956008911133
2011-01-03,55.977294921875
2011-01-04,56.34880828857422
2011-01-05,56.40188217163086
2011-01-06,55.620948791503906
2011-01-07,55.01438903808594
2011-01-10,54.749019622802734
2011-01-11,55.96213150024414
2011-01-12,57.03117752075195
2011-01-13,56.174415588378906
2011-01-14,55.909053802490234
2011-01-18,56.68998718261719
2011-01-19,55.32524490356445
2011-01-20,54.80208969116211
2011-01-21,54.407840728759766
2011-01-24,55.34041213989258
2011-01-25,55.32524490356445
2011-01-26,57.25105667114258
2011-01-27,56.098594665527344
2011-01-28,54.46091079711914
2011-01-31,55.26459503173828
2011-02-01,56.84164047241211
2011-02-02,56.82646942138672
2011-02-03,56.94778060913086
2011-02-04,56.591434478759766
2011-02-07,56.864376068115234
2011-02-08,57.357208251953125
2011-02-09,56.27299499511719
2011-02-10,56.48527908325195
2011-02-11,56.674835205078125
2011-02-14,57.69839096069336
2011-02-15,57.34961700439453
2011-02-16,57.89551544189453
2011-02-17,58.60063552856445
2011-02-18,57.86518859863281
2011-02-22,55.21152114868164
2011-02-23,54.711116790771484
2011-02-24,54.817264556884766
2011-02-25,55.37073516845703
2011-02-28,55.924217224121094
2011-03-01,54.52914810180664
2011-03-02,55.1508674621582
2011-03-03,56.7354850769043
2011-03-04,56.09101867675781
2011-03-07,54.559478759765625
2011-03-08,54.64287567138672
2011-03-09,54.07423782348633
2011-03-10,52.337974548339844
2011-03-11,53.41460037231445
2011-03-14,53.945343017578125
2011-03-15,53.20989227294922
2011-03-16,51.92854690551758
2011-03-17,53.194732666015625
2011-03-18,53.55107879638672
2011-03-21,54.491241455078125
2011-03-22,54.12730407714844
2011-03-23,54.77935028076172
2011-03-24,55.32524490356445
2011-03-25,55.408653259277344
2011-03-28,55.2266731262207
2011-03-29,56.280574798583984
2011-03-30,56.705162048339844
2011-03-31,56.34880828857422
2011-04-01,56.591434478759766
2011-04-04,57.266212463378906
2011-04-05,57.57707977294922
2011-04-06,57.23588943481445
2011-04-07,56.614173889160156
2011-04-08,56.492855072021484
2011-04-11,55.90148162841797
2011-04-12,54.817264556884766
2011-04-13,54.52157211303711
2011-04-14,54.582218170166016
2011-04-15,54.764190673828125
2011-04-18,53.4449348449707
2011-04-19,54.64287567138672
2011-04-20,55.80290985107422
2011-04-21,56.01520919799805
2011-04-25,55.81049346923828
2011-04-26,56.197174072265625
2011-04-27,56.01520919799805
2011-04-28,55.7650032043457
2011-04-29,56.204750061035156
2011-05-02,55.3555793762207
2011-05-03,54.544315338134766
2011-05-04,53.437347412109375
2011-05-05,52.747398376464844
2011-05-06,52.853538513183594
2011-05-09,53.619319915771484
2011-05-10,54.096981048583984
2011-05-11,52.31521987915039
2011-05-12,52.48202896118164
2011-05-13,51.37507629394531
2011-05-16,51.16277313232422
2011-05-17,51.28409194946289
2011-05-18,52.049861907958984
2011-05-19,51.76933288574219
2011-05-20,50.950477600097656
2011-05-23,50.275691986083984
2011-05-24,50.75334930419922
2011-05-25,51.10970687866211
2011-05-26,51.63285446166992
2011-05-27,52.292484283447266
2011-05-31,52.73223114013672
2011-06-01,51.32957458496094
2011-06-02,51.625274658203125
2011-06-03,50.89740753173828
2011-06-06,50.313594818115234
2011-06-07,50.63962173461914
2011-06-08,50.08614730834961
2011-06-09,50.632041931152344
2011-06-10,50.070987701416016
2011-06-13,49.472007751464844
2011-06-14,50.41216278076172
2011-06-15,49.191471099853516
2011-06-16,48.6000862121582
2011-06-17,48.57734298706055
2011-06-20,48.888206481933594
2011-06-21,50.13164138793945
2011-06-22,49.949668884277344
2011-06-23,49.8283576965332
2011-06-24,49.646392822265625
2011-06-27,49.85868453979492
2011-06-28,50.950477600097656
2011-06-29,51.792076110839844
2011-06-30,52.39105224609375
2011-07-01,53.270545959472656
2011-07-05,52.86870574951172
2011-07-06,52.51235580444336
2011-07-07,53.40702438354492
2011-07-08,52.8307991027832
2011-07-11,51.29166793823242
2011-07-12,50.84433364868164
2011-07-13,51.519126892089844
2011-07-14,50.594139099121094
2011-07-15,51.29166793823242
2011-07-18,50.26811218261719
2011-07-19,51.405399322509766
2011-07-20,51.44330596923828
2011-07-21,52.52751922607422
2011-07-22,52.459293365478516
2011-07-25,52.14084243774414
2011-07-26,51.170352935791016
2011-07-27,49.99516296386719
2011-07-28,49.55541229248047
2011-07-29,49.63881301879883
2011-08-01,49.183902740478516
2011-08-02,47.43247604370117
2011-08-03,47.030635833740234
2011-08-04,43.20176315307617
2011-08-05,42.602787017822266
2011-08-08,37.68970489501953
2011-08-09,40.37371063232422
2011-08-10,38.281105041503906
2011-08-11,40.51018524169922
2011-08-12,41.16980743408203
2011-08-15,42.322265625
2011-08-16,41.29112243652344
2011-08-17,41.556488037109375
2011-08-18,38.682945251464844
2011-08-19,37.93232727050781
2011-08-22,37.68212890625
2011-08-23,39.32740020751953
2011-08-24,39.5927734375
2011-08-25,38.690521240234375
2011-08-26,39.92637252807617
2011-08-29,41.62472915649414
2011-08-30,41.85976028442383
2011-08-31,42.413246154785156
2011-09-01,41.76877975463867
2011-09-02,40.15383529663086
2011-09-06,39.251583099365234
2011-09-07,41.177391052246094
2011-09-08,40.4798583984375
2011-09-09,38.78151321411133
2011-09-12,38.53129959106445
2011-09-13,39.14543914794922
2011-09-14,39.539703369140625
2011-09-15,40.586002349853516
2011-09-16,40.18415832519531
2011-09-19,39.213680267333984
2011-09-20,38.33417510986328
2011-09-21,36.2567253112793
2011-09-22,33.31494140625
2011-09-23,33.61821365356445
2011-09-26,34.543216705322266
2011-09-27,35.52886199951172
2011-09-28,33.89875793457031
2011-09-29,34.179283142089844
2011-09-30,32.784210205078125
2011-10-03,31.047950744628906
2011-10-04,32.04876708984375
2011-10-05,33.36801528930664
2011-10-06,34.87681198120117
2011-10-07,34.01247787475586
2011-10-10,36.014102935791016
2011-10-11,36.105079650878906
2011-10-12,37.151397705078125
2011-10-13,36.91635513305664
2011-10-14,37.727622985839844
2011-10-17,35.733577728271484
2011-10-18,36.741966247558594
2011-10-19,35.255916595458984
2011-10-20,35.34689712524414
2011-10-21,36.537254333496094
2011-10-24,38.72843551635742
2011-10-25,37.21963882446289
2011-10-26,38.319007873535156
2011-10-27,41.806697845458984
2011-10-28,42.61795425415039
2011-10-31,40.024940490722656
2011-11-01,38.58437728881836
2011-11-02,39.88088607788086
2011-11-03,40.84378433227539
2011-11-04,41.245628356933594
2011-11-07,41.30628967285156
2011-11-08,41.692970275878906
2011-11-09,39.05445861816406
2011-11-10,39.40322494506836
2011-11-11,40.74522399902344
2011-11-14,40.43436813354492
2011-11-15,40.78313064575195
2011-11-16,39.70649719238281
2011-11-17,38.19011306762695
2011-11-18,38.0991325378418
2011-11-21,36.658565521240234
2011-11-22,36.180908203125
2011-11-23,34.42190170288086
2011-11-25,34.1944465637207
2011-11-28,35.870052337646484
2011-11-29,35.604679107666016
2011-11-30,38.751182556152344
2011-12-01,38.61470413208008
2011-12-02,38.857322692871094
2011-12-05,39.751991271972656
2011-12-06,39.539703369140625
2011-12-07,39.19092559814453
2011-12-08,37.39401626586914
2011-12-09,38.53129959106445
2011-12-12,36.97700119018555
2011-12-13,36.08992385864258
2011-12-14,35.5061149597168
2011-12-15,35.498531341552734
2011-12-16,36.03684997558594
2011-12-19,34.64177322387695
2011-12-20,36.5296745300293
2011-12-21,36.469017028808594
2011-12-22,37.17414093017578
2011-12-23,37.338706970214844
2011-12-27,37.214508056640625
2011-12-28,36.18206787109375
2011-12-29,36.63229751586914
2011-12-30,36.91176223754883
2012-01-03,39.046504974365234
2012-01-04,39.240577697753906
2012-01-05,38.95335006713867
2012-01-06,38.62732696533203
2012-01-09,38.67389678955078
2012-01-10,39.884883880615234
2012-01-11,40.459320068359375
2012-01-12,40.925086975097656
2012-01-13,40.02461242675781
2012-01-17,40.855224609375
2012-01-18,41.8255729675293
2012-01-19,42.23698806762695
2012-01-20,42.174888610839844
2012-01-23,42.60184097290039
2012-01-24,42.811431884765625
2012-01-25,43.65756607055664
2012-01-26,43.30048751831055
2012-01-27,43.44797897338867
2012-01-30,42.82695770263672
2012-01-31,42.88129425048828
2012-02-01,43.952552795410156
2012-02-02,44.1466178894043
2012-02-03,45.21011734008789
2012-02-06,44.83750534057617
2012-02-07,44.67448043823242
2012-02-08,44.65119934082031
2012-02-09,44.56581115722656
2012-02-10,43.207332611083984
2012-02-13,43.80506134033203
2012-02-14,42.86577224731445
2012-02-15,42.03516387939453
2012-02-16,42.935638427734375
2012-02-17,42.69499206542969
2012-02-21,43.12194061279297
2012-02-22,42.42329406738281
2012-02-23,42.710514068603516
2012-02-24,43.13746643066406
2012-02-27,42.87352752685547
2012-02-28,43.14522933959961
2012-02-29,42.42329406738281
2012-03-01,43.09089279174805
2012-03-02,42.85024642944336
2012-03-05,41.58491897583008
2012-03-06,39.90040969848633
2012-03-07,40.04790115356445
2012-03-08,40.74654769897461
2012-03-09,41.04153060913086
2012-03-12,40.544715881347656
2012-03-13,42.06621170043945
2012-03-14,42.08173751831055
2012-03-15,42.764854431152344
2012-03-16,43.028785705566406
2012-03-19,43.63427734375
2012-03-20,42.73380661010742
2012-03-21,42.1671257019043
2012-03-22,40.75431442260742
2012-03-23,41.445194244384766
2012-03-26,41.94976806640625
2012-03-27,41.58491897583008
2012-03-28,40.63786697387695
2012-03-29,41.088104248046875
2012-03-30,41.165733337402344
2012-04-02,41.996337890625
2012-04-03,41.3520393371582
2012-04-04,40.327362060546875
2012-04-05,40.141056060791016
2012-04-09,39.7529182434082
2012-04-10,38.774818420410156
2012-04-11,39.29491424560547
2012-04-12,41.19678497314453
2012-04-13,40.33511734008789
2012-04-16,40.29631423950195
2012-04-17,41.03376770019531
2012-04-18,40.73102569580078
2012-04-19,40.01685333251953
2012-04-20,40.071189880371094
2012-04-23,39.13965606689453
2012-04-24,39.45793533325195
2012-04-25,40.42051315307617
2012-04-26,40.56024169921875
2012-04-27,40.544715881347656
2012-04-30,40.13329315185547
2012-05-01,40.59128952026367
2012-05-02,40.125526428222656
2012-05-03,39.36478042602539
2012-05-04,38.11498260498047
2012-05-07,38.184844970703125
2012-05-08,37.46290969848633
2012-05-09,37.261085510253906
2012-05-10,37.39303970336914
2012-05-11,36.96609115600586
2012-05-14,36.15877914428711
2012-05-15,34.96331787109375
2012-05-16,34.241390228271484
2012-05-17,33.1623649597168
2012-05-18,32.688838958740234
2012-05-21,34.01626205444336
2012-05-22,33.674705505371094
2012-05-23,33.853240966796875
2012-05-24,33.434051513671875
2012-05-25,33.24775695800781
2012-05-29,34.21033477783203
2012-05-30,33.13131332397461
2012-05-31,32.56463623046875
2012-06-01,31.788360595703125
2012-06-04,31.780597686767578
2012-06-05,32.02900314331055
2012-06-06,33.07697677612305
2012-06-07,33.54273986816406
2012-06-08,33.08473205566406
2012-06-11,31.96690559387207
2012-06-12,32.5956916809082
2012-06-13,32.269649505615234
2012-06-14,32.758705139160156
2012-06-15,33.534969329833984
2012-06-18,33.41077423095703
2012-06-19,34.59846496582031
2012-06-20,34.7614860534668
2012-06-21,33.092498779296875
2012-06-22,32.92171859741211
2012-06-25,32.036773681640625
2012-06-26,32.46371841430664
2012-06-27,32.836326599121094
2012-06-28,32.99158477783203
2012-06-29,34.59846496582031
2012-07-02,34.7614860534668
2012-07-03,35.83273696899414
2012-07-05,35.677490234375
2012-07-06,34.87792205810547
2012-07-09,34.419921875
2012-07-10,33.8299560546875
2012-07-11,33.87653732299805
2012-07-12,33.48063659667969
2012-07-13,34.140472412109375
2012-07-16,33.697994232177734
2012-07-17,33.783382415771484
2012-07-18,33.99297332763672
2012-07-19,34.33453369140625
2012-07-20,33.35643768310547
2012-07-23,32.510292053222656
2012-07-24,31.765079498291016
2012-07-25,31.384700775146484
2012-07-26,31.850461959838867
2012-07-27,33.19341278076172
2012-07-30,33.20893478393555
2012-07-31,33.52721405029297
2012-08-01,33.534969329833984
2012-08-02,32.688838958740234
2012-08-03,33.930870056152344
2012-08-06,34.7459602355957
2012-08-07,35.13409423828125
2012-08-08,35.46012878417969
2012-08-09,35.7551155090332
2012-08-10,35.87931442260742
2012-08-13,35.413551330566406
2012-08-14,35.033180236816406
2012-08-15,34.73820114135742
2012-08-16,35.39802551269531
2012-08-17,35.21172332763672
2012-08-20,35.26606750488281
2012-08-21,35.25053787231445
2012-08-22,35.24277114868164
2012-08-23,34.272438049316406
2012-08-24,33.892059326171875
2012-08-27,33.55050277709961
2012-08-28,33.32537841796875
2012-08-29,32.789756774902344
2012-08-30,32.17649459838867
2012-08-31,32.634498596191406
2012-09-04,32.06005096435547
2012-09-05,32.160972595214844
2012-09-06,33.35643768310547
2012-09-07,35.196205139160156
2012-09-10,34.839111328125
2012-09-11,35.60762023925781
2012-09-12,35.654197692871094
2012-09-13,36.98938751220703
2012-09-14,38.021827697753906
2012-09-17,36.88847351074219
2012-09-18,36.64006423950195
2012-09-19,36.51586151123047
2012-09-20,36.18206787109375
2012-09-21,35.762874603271484
2012-09-24,35.4290771484375
2012-09-25,34.34230041503906
2012-09-26,34.33453369140625
2012-09-27,34.60622787475586
2012-09-28,34.055076599121094
2012-10-01,34.21033477783203
2012-10-02,33.99297332763672
2012-10-03,33.729042053222656
2012-10-04,34.241390228271484
2012-10-05,34.20256805419922
2012-10-08,34.54412841796875
2012-10-09,34.590702056884766
2012-10-10,34.140472412109375
2012-10-11,34.77701187133789
2012-10-12,34.31901168823242
2012-10-15,34.683860778808594
2012-10-16,35.623146057128906
2012-10-17,36.376129150390625
2012-10-18,36.55467987060547
2012-10-19,35.7162971496582
2012-10-22,36.104434967041016
2012-10-23,35.15738296508789
2012-10-24,34.71491241455078
2012-10-25,34.93226623535156
2012-10-26,34.528602600097656
2012-10-31,34.25691604614258
2012-11-01,35.553279876708984
2012-11-02,34.87015914916992
2012-11-05,34.99436569213867
2012-11-06,35.85602569580078
2012-11-07,34.8003044128418
2012-11-08,34.148231506347656
2012-11-09,34.30348587036133
2012-11-12,34.35781478881836
2012-11-13,33.961917877197266
2012-11-14,33.27104568481445
2012-11-15,32.929481506347656
2012-11-16,32.85185623168945
2012-11-19,33.674705505371094
2012-11-20,33.309852600097656
2012-11-21,33.51168441772461
2012-11-23,34.055076599121094
2012-11-26,33.99297332763672
2012-11-27,33.488399505615234
2012-11-28,33.91534423828125
2012-11-29,34.419921875
2012-11-30,34.25691604614258
2012-12-03,33.977447509765625
2012-12-04,34.19480895996094
2012-12-05,34.7614860534668
2012-12-06,34.815826416015625
2012-12-07,35.06422805786133
2012-12-10,35.56105041503906
2012-12-11,36.11220169067383
2012-12-12,36.00352096557617
2012-12-13,36.11996078491211
2012-12-14,36.87294006347656
2012-12-17,37.29989242553711
2012-12-18,38.30904769897461
2012-12-19,38.10722732543945
2012-12-20,38.31681442260742
2012-12-21,37.68803024291992
2012-12-24,37.63643264770508
2012-12-26,37.98572540283203
2012-12-27,37.94603729248047
2012-12-28,37.652313232421875
2012-12-31,38.65256118774414
2013-01-02,40.08943176269531
2013-01-03,39.660743713378906
2013-01-04,39.867149353027344
2013-01-07,39.92272186279297
2013-01-08,39.22412872314453
2013-01-09,39.30351257324219
2013-01-10,39.58930206298828
2013-01-11,38.946285247802734
2013-01-14,38.85896301269531
2013-01-15,39.10505294799805
2013-01-16,38.54935836791992
2013-01-17,38.86690139770508
2013-01-18,39.05742263793945
2013-01-22,39.509918212890625
2013-01-23,39.16062545776367
2013-01-24,38.835140228271484
2013-01-25,38.86690139770508
2013-01-28,38.31120300292969
2013-01-29,38.874839782714844
2013-01-30,38.33502197265625
2013-01-31,38.77164077758789
2013-02-01,39.390838623046875
2013-02-04,38.56523513793945
2013-02-05,38.61286544799805
2013-02-06,39.2003173828125
2013-02-07,38.843082427978516
2013-02-08,38.89865493774414
2013-02-11,38.89865493774414
2013-02-12,38.93834686279297
2013-02-13,38.787513732910156
2013-02-14,38.9701042175293
2013-02-15,38.660499572753906
2013-02-19,38.541419982910156
2013-02-20,37.04104995727539
2013-02-21,36.35039520263672
2013-02-22,36.39008331298828
2013-02-25,35.65974426269531
2013-02-26,35.92171859741211
2013-02-27,36.374210357666016
2013-02-28,36.23131561279297
2013-03-01,35.580360412597656
2013-03-04,35.0167350769043
2013-03-05,35.30250930786133
2013-03-06,36.159873962402344
2013-03-07,36.31863784790039
2013-03-08,36.50916290283203
2013-03-11,36.39802551269531
2013-03-12,36.294830322265625
2013-03-13,35.572425842285156
2013-03-14,35.572425842285156
2013-03-15,35.61211395263672
2013-03-18,35.21519470214844
2013-03-19,34.445152282714844
2013-03-20,34.80238723754883
2013-03-21,34.65155792236328
2013-03-22,34.64361572265625
2013-03-25,34.5086669921875
2013-03-26,34.72300338745117
2013-03-27,34.7388801574707
2013-03-28,34.564231872558594
2013-04-01,34.07998275756836
2013-04-02,33.23850631713867
2013-04-03,33.05591583251953
2013-04-04,33.05591583251953
2013-04-05,33.07179260253906
2013-04-08,33.19881057739258
2013-04-09,34.318138122558594
2013-04-10,34.25463104248047
2013-04-11,33.88945770263672
2013-04-12,33.540164947509766
2013-04-15,31.936582565307617
2013-04-16,32.43671417236328
2013-04-17,31.579357147216797
2013-04-18,31.79369354248047
2013-04-19,32.0874137878418
2013-04-22,32.0318489074707
2013-04-23,32.25413131713867
2013-04-24,32.95271682739258
2013-04-25,33.38933563232422
2013-04-26,32.82570266723633
2013-04-29,33.30994415283203
2013-04-30,33.63542175292969
2013-05-01,32.99241638183594
2013-05-02,32.86539840698242
2013-05-03,33.81007766723633
2013-05-06,33.945030212402344
2013-05-07,34.30226516723633
2013-05-08,34.96910095214844
2013-05-09,34.564231872558594
2013-05-10,34.57217025756836
2013-05-13,34.14349365234375
2013-05-14,33.81007766723633
2013-05-15,33.35757827758789
2013-05-16,32.98447036743164
2013-05-17,33.38139343261719
2013-05-20,33.93709182739258
2013-05-21,34.29431915283203
2013-05-22,33.82595443725586
2013-05-23,33.41315460205078
2013-05-24,33.07972717285156
2013-05-28,33.15117645263672
2013-05-29,32.746315002441406
2013-05-30,33.00034713745117
2013-05-31,32.0159797668457
2013-06-03,32.555789947509766
2013-06-04,32.611358642578125
2013-06-05,31.746068954467773
2013-06-06,31.992158889770508
2013-06-07,31.88102149963379
2013-06-10,31.619047164916992
2013-06-11,31.047481536865234
2013-06-12,30.80138397216797
2013-06-13,31.976282119750977
2013-06-14,31.53966522216797
2013-06-17,31.619047164916992
2013-06-18,31.888957977294922
2013-06-19,31.40471076965332
2013-06-20,30.5791072845459
2013-06-21,30.33301544189453
2013-06-24,29.324825286865234
2013-06-25,29.991653442382812
2013-06-26,29.864639282226562
2013-06-27,30.33301544189453
2013-06-28,30.166301727294922
2013-07-01,30.52353858947754
2013-07-02,30.499717712402344
2013-07-03,30.150423049926758
2013-07-05,30.039283752441406
2013-07-08,30.12660789489746
2013-07-09,30.571165084838867
2013-07-10,30.420331954956055
2013-07-11,31.62698745727539
2013-07-12,31.00778579711914
2013-07-15,31.301509857177734
2013-07-16,31.547603607177734
2013-07-17,32.00803756713867
2013-07-18,32.174739837646484
2013-07-19,31.944534301757812
2013-07-22,32.2779426574707
2013-07-23,32.99241638183594
2013-07-24,32.5161018371582
2013-07-25,32.72249984741211
2013-07-26,32.897151947021484
2013-07-29,32.75425338745117
2013-07-30,32.587547302246094
2013-07-31,32.36526870727539
2013-08-01,32.70662307739258
2013-08-02,32.897151947021484
2013-08-05,32.86539840698242
2013-08-06,32.412906646728516
2013-08-07,32.619300842285156
2013-08-08,33.57191467285156
2013-08-09,34.69918441772461
2013-08-12,34.86589050292969
2013-08-13,34.754756927490234
2013-08-14,34.94528579711914
2013-08-15,34.65155792236328
2013-08-16,34.58011245727539
2013-08-19,34.151432037353516
2013-08-20,34.12760925292969
2013-08-21,33.421085357666016
2013-08-22,34.381649017333984
2013-08-23,34.61980056762695
2013-08-26,34.38958740234375
2013-08-27,33.56398391723633
2013-08-28,33.73862838745117
2013-08-29,33.42903137207031
2013-08-30,33.087669372558594
2013-09-03,33.87358474731445
2013-09-04,34.29431915283203
2013-09-05,34.61185836791992
2013-09-06,34.762691497802734
2013-09-09,35.72325134277344
2013-09-10,36.44565963745117
2013-09-11,36.39008331298828
2013-09-12,35.96141052246094
2013-09-13,35.84233474731445
2013-09-16,36.04873275756836
2013-09-17,36.35832977294922
2013-09-18,37.41415786743164
2013-09-19,37.16805648803711
2013-09-20,36.366275787353516
2013-09-23,36.35832977294922
2013-09-24,36.310707092285156
2013-09-25,36.255130767822266
2013-09-26,36.50916290283203
2013-09-27,35.77088928222656
2013-09-30,35.643863677978516
2013-10-01,35.78676223754883
2013-10-02,36.128116607666016
2013-10-03,35.747066497802734
2013-10-04,36.064613342285156
2013-10-07,35.937591552734375
2013-10-08,35.59624099731445
2013-10-09,35.421592712402344
2013-10-10,36.255130767822266
2013-10-11,36.62030792236328
2013-10-14,37.2633171081543
2013-10-15,37.69993591308594
2013-10-16,37.763450622558594
2013-10-17,38.025421142578125
2013-10-18,38.11274337768555
2013-10-21,38.319149017333984
2013-10-22,38.76369857788086
2013-10-23,38.16037368774414
2013-10-24,38.06511306762695
2013-10-25,38.06511306762695
2013-10-28,37.9936637878418
2013-10-29,38.2318229675293
2013-10-30,37.969852447509766
2013-10-31,37.93014907836914
2013-11-01,38.50172805786133
2013-11-04,39.43846893310547
2013-11-05,39.2003173828125
2013-11-06,39.446407318115234
2013-11-07,38.54935836791992
2013-11-08,39.192378997802734
2013-11-11,38.9780387878418
2013-11-12,38.319149017333984
2013-11-13,38.30326461791992
2013-11-14,38.541419982910156
2013-11-15,38.93040466308594
2013-11-18,39.00185775756836
2013-11-19,38.77956771850586
2013-11-20,38.55730056762695
2013-11-21,38.4620361328125
2013-11-22,38.319149017333984
2013-11-25,37.94603729248047
2013-11-26,37.50148391723633
2013-11-27,37.668182373046875
2013-11-29,38.1921272277832
2013-12-02,37.81108093261719
2013-12-03,37.787261962890625
2013-12-04,38.09687042236328
2013-12-05,38.279449462890625
2013-12-06,38.469970703125
2013-12-09,38.93834686279297
2013-12-10,38.708126068115234
2013-12-11,37.81901550292969
2013-12-12,37.63643264770508
2013-12-13,37.87458419799805
2013-12-16,38.223876953125
2013-12-17,38.25563049316406
2013-12-18,38.62080764770508
2013-12-19,39.04948425292969
2013-12-20,38.55730056762695
2013-12-23,39.21685791015625
2013-12-24,39.597679138183594
2013-12-26,39.60578918457031
2013-12-27,40.27830505371094
2013-12-30,40.14866256713867
2013-12-31,40.286407470703125
2014-01-02,39.524757385253906
2014-01-03,39.37890625
2014-01-06,38.76310729980469
2014-01-07,38.592952728271484
2014-01-08,38.51192092895508
2014-01-09,38.033870697021484
2014-01-10,38.38227844238281
2014-01-13,37.993350982666016
2014-01-14,38.3255615234375
2014-01-15,38.69017791748047
2014-01-16,38.88465118408203
2014-01-17,38.738800048828125
2014-01-21,37.977149963378906
2014-01-22,38.05817413330078
2014-01-23,37.499088287353516
2014-01-24,36.11354064941406
2014-01-27,35.96768569946289
2014-01-28,36.70503234863281
2014-01-29,36.478153228759766
2014-01-30,36.79416275024414
2014-01-31,36.59159469604492
2014-02-03,35.32757568359375
2014-02-04,35.86235046386719
2014-02-05,36.040611267089844
2014-02-06,37.04534912109375
2014-02-07,37.361351013183594
2014-02-10,36.76174545288086
2014-02-11,37.6611442565918
2014-02-12,37.766483306884766
2014-02-13,38.12299346923828
2014-02-14,38.6496696472168
2014-02-18,38.260746002197266
2014-02-19,37.798885345458984
2014-02-20,37.96904373168945
2014-02-21,37.734066009521484
2014-02-24,37.320831298828125
2014-02-25,36.534881591796875
2014-02-26,36.52677917480469
2014-02-27,37.05344772338867
2014-02-28,36.745540618896484
2014-03-03,36.00010299682617
2014-03-04,36.57538986206055
2014-03-05,36.534881591796875
2014-03-06,36.923805236816406
2014-03-07,36.154048919677734
2014-03-10,35.54635238647461
2014-03-11,35.32757568359375
2014-03-12,35.48963165283203
2014-03-13,34.89004135131836
2014-03-14,35.181732177734375
2014-03-17,35.52204513549805
2014-03-18,36.04872131347656
2014-03-19,35.8299446105957
2014-03-20,35.96768569946289
2014-03-21,36.65641784667969
2014-03-24,36.78605651855469
2014-03-25,37.223602294921875
2014-03-26,36.85087966918945
2014-03-27,37.19929885864258
2014-03-28,37.15877914428711
2014-03-31,37.701663970947266
2014-04-01,37.82319641113281
2014-04-02,38.17161178588867
2014-04-03,38.098690032958984
2014-04-04,38.1554069519043
2014-04-07,38.13109588623047
2014-04-08,38.64156723022461
2014-04-09,38.80361557006836
2014-04-10,38.147308349609375
2014-04-11,37.9609375
2014-04-14,38.41469192504883
2014-04-15,37.78268814086914
2014-04-16,37.896121978759766
2014-04-17,38.082489013671875
2014-04-21,37.847503662109375
2014-04-22,37.701663970947266
2014-04-23,37.734066009521484
2014-04-24,37.91232681274414
2014-04-25,37.40996551513672
2014-04-28,37.14257049560547
2014-04-29,37.3775520324707
2014-04-30,37.16687774658203
2014-05-01,37.11015701293945
2014-05-02,37.70976257324219
2014-05-05,37.26411819458008
2014-05-06,37.34514236450195
2014-05-07,37.612525939941406
2014-05-08,37.418060302734375
2014-05-09,37.28842544555664
2014-05-12,38.39849090576172
2014-05-13,38.33367156982422
2014-05-14,38.39849090576172
2014-05-15,38.082489013671875
2014-05-16,38.01765823364258
2014-05-19,38.01765823364258
2014-05-20,37.304630279541016
2014-05-21,37.5071907043457
2014-05-22,37.734066009521484
2014-05-23,37.977149963378906
2014-05-27,38.16350555419922
2014-05-28,37.815093994140625
2014-05-29,38.00145721435547
2014-05-30,37.2073974609375
2014-06-02,37.28842544555664
2014-06-03,37.28842544555664
2014-06-04,37.24790954589844
2014-06-05,37.7907829284668
2014-06-06,38.195919036865234
2014-06-09,38.36607360839844
2014-06-10,38.04197311401367
2014-06-11,38.16350555419922
2014-06-12,37.45857620239258
2014-06-13,37.604427337646484
2014-06-16,37.38565444946289
2014-06-17,37.71786117553711
2014-06-18,38.34176254272461
2014-06-19,38.301246643066406
2014-06-20,38.06627655029297
2014-06-23,38.487613677978516
2014-06-24,38.16350555419922
2014-06-25,38.430904388427734
2014-06-26,38.72259521484375
2014-06-27,38.439002990722656
2014-06-30,38.66587829589844
2014-07-01,38.94136428833008
2014-07-02,39.63819122314453
2014-07-03,40.08384323120117
2014-07-07,39.76783752441406
2014-07-08,39.60578918457031
2014-07-09,39.6787109375
2014-07-10,39.1844482421875
2014-07-11,39.21685791015625
2014-07-14,39.21685791015625
2014-07-15,39.38701248168945
2014-07-16,40.05142593383789
2014-07-17,39.27357482910156
2014-07-18,39.86506271362305
2014-07-21,39.94609451293945
2014-07-22,40.31882095336914
2014-07-23,40.22158432006836
2014-07-24,40.34312438964844
2014-07-25,40.31882095336914
2014-07-28,40.53758239746094
2014-07-29,40.367427825927734
2014-07-30,40.14866256713867
2014-07-31,39.58147430419922
2014-08-01,39.34649658203125
2014-08-04,39.75973129272461
2014-08-05,39.3140869140625
2014-08-06,39.51664733886719
2014-08-07,39.07101058959961
2014-08-08,39.53285598754883
2014-08-11,39.76783752441406
2014-08-12,39.63009262084961
2014-08-13,39.78404235839844
2014-08-14,39.58147430419922
2014-08-15,39.53285598754883
2014-08-18,40.22968673706055
2014-08-19,40.31071090698242
2014-08-20,40.367427825927734
2014-08-21,40.075740814208984
2014-08-22,39.97850036621094
2014-08-25,40.05142593383789
2014-08-26,40.55378723144531
2014-08-27,40.351226806640625
2014-08-28,39.41131591796875
2014-08-29,39.63009262084961
2014-09-02,39.33029556274414
2014-09-03,39.808349609375
2014-09-04,39.84075927734375
2014-09-05,39.85696029663086
2014-09-08,39.2087516784668
2014-09-09,38.96567153930664
2014-09-10,38.90085220336914
2014-09-11,39.23305892944336
2014-09-12,38.949466705322266
2014-09-15,39.02239227294922
2014-09-16,39.51664733886719
2014-09-17,39.86506271362305
2014-09-18,39.970401763916016
2014-09-19,39.403221130371094
2014-09-22,38.31746292114258
2014-09-23,38.10679244995117
2014-09-24,38.10679244995117
2014-09-25,37.126373291015625
2014-09-26,37.02103805541992
2014-09-29,36.25128173828125
2014-09-30,36.20267105102539
2014-10-01,35.24654769897461
2014-10-02,35.384300231933594
2014-10-03,34.703678131103516
2014-10-06,35.26275634765625
2014-10-07,34.800907135009766
2014-10-08,35.10880661010742
2014-10-09,34.128387451171875
2014-10-10,33.19657897949219
2014-10-13,33.75566482543945
2014-10-14,34.241817474365234
2014-10-15,33.925819396972656
2014-10-16,33.65032958984375
2014-10-17,33.861000061035156
2014-10-20,33.869102478027344
2014-10-21,34.44438934326172
2014-10-22,34.047359466552734
2014-10-23,34.38766860961914
2014-10-24,34.954856872558594
2014-10-27,34.02305221557617
2014-10-28,34.93864822387695
2014-10-29,34.38766860961914
2014-10-30,34.13648986816406
2014-10-31,34.84142303466797
2014-11-03,34.290443420410156
2014-11-04,33.642234802246094
2014-11-05,33.66653823852539
2014-11-06,33.27760696411133
2014-11-07,33.982540130615234
2014-11-10,33.39104461669922
2014-11-11,33.075042724609375
2014-11-12,32.89677810668945
2014-11-13,32.59698486328125
2014-11-14,32.994014739990234
2014-11-17,32.83196258544922
2014-11-18,32.51596450805664
2014-11-19,31.8353328704834
2014-11-20,32.037899017333984
2014-11-21,33.28571319580078
2014-11-24,33.15606689453125
2014-11-25,33.326229095458984
2014-11-26,33.15606689453125
2014-11-28,32.0054931640625
2014-12-01,31.332965850830078
2014-12-02,30.992658615112305
2014-12-03,31.721895217895508
2014-12-04,31.389690399169922
2014-12-05,31.268152236938477
2014-12-08,30.425474166870117
2014-12-09,30.441679000854492
2014-12-10,29.39643669128418
2014-12-11,28.934581756591797
2014-12-12,28.02708625793457
2014-12-15,27.338359832763672
2014-12-16,27.581443786621094
2014-12-17,28.610477447509766
2014-12-18,28.813045501708984
2014-12-19,29.6638240814209
2014-12-22,29.052156448364258
2014-12-23,29.411958694458008
2014-12-24,29.30318260192871
2014-12-26,29.587682723999023
2014-12-29,29.70482063293457
2014-12-30,29.88054084777832
2014-12-31,29.67972183227539
2015-01-02,29.328283309936523
2015-01-05,28.13172149658203
2015-01-06,28.25723648071289
2015-01-07,28.60866928100586
2015-01-08,29.068891525268555
2015-01-09,28.73418617248535
2015-01-12,28.223766326904297
2015-01-13,27.755184173583984
2015-01-14,26.935161590576172
2015-01-15,26.834753036499023
2015-01-16,27.445581436157227
2015-01-20,27.361909866333008
2015-01-21,27.930906295776367
2015-01-22,28.181928634643555
2015-01-23,26.859851837158203
2015-01-26,27.01883888244629
2015-01-27,27.027204513549805
2015-01-28,26.566993713378906
2015-01-29,26.341066360473633
2015-01-30,26.449846267700195
2015-02-02,26.97700309753418
2015-02-03,28.273975372314453
2015-02-04,27.462318420410156
2015-02-05,28.073148727416992
2015-02-06,27.78865623474121
2015-02-09,28.366016387939453
2015-02-10,27.730079650878906
2015-02-11,27.746814727783203
2015-02-12,28.499897003173828
2015-02-13,29.45379638671875
2015-02-17,29.102359771728516
2015-02-18,29.102359771728516
2015-02-19,28.91827392578125
2015-02-20,29.202770233154297
2015-02-23,28.49152946472168
2015-02-24,28.960113525390625
2015-02-25,28.85970115661621
2015-02-26,28.458057403564453
2015-02-27,28.441322326660156
2015-03-02,28.181928634643555
2015-03-03,28.10662078857422
2015-03-04,27.830486297607422
2015-03-05,27.621301651000977
2015-03-06,26.985368728637695
2015-03-09,26.843120574951172
2015-03-10,26.21555519104004
2015-03-11,26.257389068603516
2015-03-12,26.51678466796875
2015-03-13,25.914321899414062
2015-03-16,25.864116668701172
2015-03-17,26.156982421875
2015-03-18,26.918426513671875
2015-03-19,25.997995376586914
2015-03-20,26.73434066772461
2015-03-23,27.445581436157227
2015-03-24,27.085779190063477
2015-03-25,26.99373435974121
2015-03-26,26.533517837524414
2015-03-27,26.023101806640625
2015-03-30,26.483312606811523
2015-03-31,26.115140914916992
2015-04-01,25.847379684448242
2015-04-02,26.257389068603516
2015-04-06,26.491683959960938
2015-04-07,26.80965232849121
2015-04-08,26.843120574951172
2015-04-09,26.876588821411133
2015-04-10,26.801279067993164
2015-04-13,26.533517837524414
2015-04-14,27.378643035888672
2015-04-15,27.956003189086914
2015-04-16,27.4874210357666
2015-04-17,26.9518985748291
2015-04-20,27.16108512878418
2015-04-21,27.135984420776367
2015-04-22,27.813756942749023
2015-04-23,29.102359771728516
2015-04-24,29.70482063293457
2015-04-27,29.94748306274414
2015-04-28,30.156673431396484
2015-04-29,29.26970672607422
2015-04-30,29.495635986328125
2015-05-01,29.905649185180664
2015-05-04,30.06463050842285
2015-05-05,30.641990661621094
2015-05-06,30.21524429321289
2015-05-07,29.696462631225586
2015-05-08,29.922382354736328
2015-05-11,30.156673431396484
2015-05-12,29.88054084777832
2015-05-13,29.763399124145508
2015-05-14,29.972583770751953
2015-05-15,29.88054084777832
2015-05-18,29.328283309936523
2015-05-19,28.667245864868164
2015-05-20,28.85970115661621
2015-05-21,28.667245864868164
2015-05-22,28.709087371826172
2015-05-26,28.03968048095703
2015-05-27,28.223766326904297
2015-05-28,27.939268112182617
2015-05-29,27.65477180480957
2015-06-01,27.437217712402344
2015-06-02,28.575204849243164
2015-06-03,28.4664249420166
2015-06-04,27.972740173339844
2015-06-05,27.746814727783203
2015-06-08,27.45395278930664
2015-06-09,27.470685958862305
2015-06-10,28.04804801940918
2015-06-11,28.014575958251953
2015-06-12,27.86396026611328
2015-06-15,27.28660011291504
2015-06-16,27.17782211303711
2015-06-17,27.069042205810547
2015-06-18,27.387012481689453
2015-06-19,27.035573959350586
2015-06-22,27.0606746673584
2015-06-23,27.30333709716797
2015-06-24,27.0439395904541
2015-06-25,26.68413543701172
2015-06-26,26.73434066772461
2015-06-29,26.048200607299805
2015-06-30,25.470836639404297
2015-07-01,25.328590393066406
2015-07-02,25.194711685180664
2015-07-06,24.475101470947266
2015-07-07,24.44999885559082
2015-07-08,23.46262550354004
2015-07-09,23.554672241210938
2015-07-10,23.79732894897461
2015-07-13,24.684288024902344
2015-07-14,24.39979362487793
2015-07-15,23.730388641357422
2015-07-16,23.68018341064453
2015-07-17,23.219968795776367
2015-07-20,22.8685302734375
2015-07-21,22.97730827331543
2015-07-22,22.39995002746582
2015-07-23,22.44178581237793
2015-07-24,21.78911590576172
2015-07-27,21.68870735168457
2015-07-28,22.533830642700195
2015-07-29,23.178131103515625
2015-07-30,22.634239196777344
2015-07-31,22.517093658447266
2015-08-03,22.282804489135742
2015-08-04,22.491989135742188
2015-08-05,22.76811981201172
2015-08-06,23.245073318481445
2015-08-07,22.75975227355957
2015-08-10,23.738758087158203
2015-08-11,22.776487350463867
2015-08-12,22.676076889038086
2015-08-13,22.19912338256836
2015-08-14,22.40831756591797
2015-08-17,22.44178581237793
2015-08-18,22.073612213134766
2015-08-19,21.446044921875
2015-08-20,21.236858367919922
2015-08-21,20.533985137939453
2015-08-24,19.379261016845703
2015-08-25,19.178436279296875
2015-08-26,19.680492401123047
2015-08-27,21.061140060424805
2015-08-28,21.153179168701172
2015-08-31,21.245223999023438
2015-09-01,20.42520523071289
2015-09-02,20.851947784423828
2015-09-03,20.977462768554688
2015-09-04,20.249486923217773
2015-09-08,20.94399642944336
2015-09-09,20.80174446105957
2015-09-10,21.019302368164062
2015-09-11,20.89378547668457
2015-09-14,20.492141723632812
2015-09-15,20.42520523071289
2015-09-16,20.90215301513672
2015-09-17,20.89378547668457
2015-09-18,20.2076473236084
2015-09-21,20.065397262573242
2015-09-22,19.23701286315918
2015-09-23,18.542505264282227
2015-09-24,18.96088218688965
2015-09-25,18.592710494995117
2015-09-28,17.764320373535156
2015-09-29,17.87310028076172
2015-09-30,18.08228874206543
2015-10-01,18.174331665039062
2015-10-02,18.868837356567383
2015-10-05,19.722328186035156
2015-10-06,20.1156063079834
2015-10-07,20.885419845581055
2015-10-08,21.437679290771484
2015-10-09,21.973201751708984
2015-10-12,21.40420913696289
2015-10-13,20.94399642944336
2015-10-14,21.228490829467773
2015-10-15,21.6133975982666
2015-10-16,21.370738983154297
2015-10-19,20.600921630859375
2015-10-20,20.14070701599121
2015-10-21,19.906417846679688
2015-10-22,20.525615692138672
2015-10-23,20.667863845825195
2015-10-26,20.16581153869629
2015-10-27,19.806005477905273
2015-10-28,19.914783477783203
2015-10-29,19.697227478027344
2015-10-30,19.973358154296875
2015-11-02,20.500513076782227
2015-11-03,20.851947784423828
2015-11-04,20.533985137939453
2015-11-05,19.99009132385254
2015-11-06,19.847843170166016
2015-11-09,19.521509170532227
2015-11-10,19.580080032348633
2015-11-11,19.43783187866211
2015-11-12,18.818634033203125
2015-11-13,18.835369110107422
2015-11-16,18.9525146484375
2015-11-17,18.534135818481445
2015-11-18,19.262113571166992
2015-11-19,19.370891571044922
2015-11-20,19.061296463012695
2015-11-23,18.827001571655273
2015-11-24,19.303951263427734
2015-11-25,19.00271987915039
2015-11-27,18.868837356567383
2015-11-30,18.78516387939453
2015-12-01,18.860471725463867
2015-12-02,18.45882797241211
2015-12-03,18.324947357177734
2015-12-04,18.182697296142578
2015-12-07,17.63880729675293
2015-12-08,16.9945068359375
2015-12-09,17.295738220214844
2015-12-10,17.755952835083008
2015-12-11,17.044710159301758
2015-12-14,16.827157974243164
2015-12-15,16.877361297607422
2015-12-16,16.98613739013672
2015-12-17,16.534292221069336
2015-12-18,16.551027297973633
2015-12-21,16.659677505493164
2015-12-22,17.30451011657715
2015-12-23,17.949342727661133
2015-12-24,17.816843032836914
2015-12-28,17.46350860595703
2015-12-29,17.534177780151367
2015-12-30,17.366342544555664
2015-12-31,17.225008010864258
2016-01-04,16.9246768951416
2016-01-05,17.013010025024414
2016-01-06,16.368175506591797
2016-01-07,15.520174980163574
2016-01-08,15.193341255187988
2016-01-11,14.928339958190918
2016-01-12,14.760506629943848
2016-01-13,14.371841430664062
2016-01-14,14.884175300598145
2016-01-15,14.204009056091309
2016-01-19,14.248172760009766
2016-01-20,14.062675476074219
2016-01-21,14.195174217224121
2016-01-22,14.416006088256836
2016-01-25,14.053840637207031
2016-01-26,14.769340515136719
2016-01-27,14.583841323852539
2016-01-28,14.840007781982422
2016-01-29,15.555508613586426
2016-02-01,15.42300796508789
2016-02-02,14.840007781982422
2016-02-03,15.44067668914795
2016-02-04,16.518341064453125
2016-02-05,16.120840072631836
2016-02-08,15.785176277160645
2016-02-09,15.370007514953613
2016-02-10,15.334675788879395
2016-02-11,14.884175300598145
2016-02-12,15.802840232849121
2016-02-16,16.31517791748047
2016-02-17,16.986507415771484
2016-02-18,16.580177307128906
2016-02-19,16.500673294067383
2016-02-22,17.35750961303711
2016-02-23,16.712677001953125
2016-02-24,16.668508529663086
2016-02-25,16.58901023864746
2016-02-26,16.677339553833008
2016-02-29,17.163175582885742
2016-03-01,17.834510803222656
2016-03-02,19.256677627563477
2016-03-03,19.839677810668945
2016-03-04,20.61701202392578
2016-03-07,21.571014404296875
2016-03-08,20.14884376525879
2016-03-09,20.157678604125977
2016-03-10,20.723011016845703
2016-03-11,20.91734504699707
2016-03-14,20.74951171875
2016-03-15,19.998674392700195
2016-03-16,20.89084243774414
2016-03-17,21.9420108795166
2016-03-18,22.065677642822266
2016-03-21,21.897846221923828
2016-03-22,22.065677642822266
2016-03-23,21.1381778717041
2016-03-24,21.56218147277832
2016-03-28,21.659343719482422
2016-03-29,21.81834602355957
2016-03-30,22.268844604492188
2016-03-31,22.074512481689453
2016-04-01,22.366010665893555
2016-04-04,21.70351219177246
2016-04-05,21.721179962158203
2016-04-06,21.862510681152344
2016-04-07,21.412012100219727
2016-04-08,22.50734519958496
2016-04-11,23.426013946533203
2016-04-12,24.29168128967285
2016-04-13,25.625513076782227
2016-04-14,25.130847930908203
2016-04-15,25.254512786865234
2016-04-18,25.404680252075195
2016-04-19,26.394012451171875
2016-04-20,26.871017456054688
2016-04-21,26.120182037353516
2016-04-22,25.99651527404785
2016-04-25,24.883516311645508
2016-04-26,25.413511276245117
2016-04-27,25.94351577758789
2016-04-28,25.961181640625
2016-04-29,26.19084930419922
2016-05-02,26.182016372680664
2016-05-03,24.7686824798584
2016-05-04,24.335847854614258
2016-05-05,23.88534927368164
2016-05-06,24.265178680419922
2016-05-09,22.445512771606445
2016-05-10,23.240510940551758
2016-05-11,23.214014053344727
2016-05-12,22.68401527404785
2016-05-13,21.995014190673828
2016-05-16,22.30417823791504
2016-05-17,22.33951187133789
2016-05-18,21.53567886352539
2016-05-19,21.553346633911133
2016-05-20,21.429677963256836
2016-05-23,21.66817855834961
2016-05-24,21.553346633911133
2016-05-25,22.162843704223633
2016-05-26,22.33951187133789
2016-05-27,22.021512985229492
2016-05-31,22.030345916748047
2016-06-01,22.065677642822266
2016-06-02,22.392513275146484
2016-06-03,23.20517921447754
2016-06-06,23.982511520385742
2016-06-07,24.017847061157227
2016-06-08,24.99834442138672
2016-06-09,24.07084846496582
2016-06-10,23.620344161987305
2016-06-13,23.249345779418945
2016-06-14,22.710512161254883
2016-06-15,23.381847381591797
2016-06-16,23.50551414489746
2016-06-17,23.699844360351562
2016-06-20,24.31818199157715
2016-06-21,23.964845657348633
2016-06-22,23.814680099487305
2016-06-23,24.706846237182617
2016-06-24,22.675180435180664
2016-06-27,22.083345413208008
2016-06-28,22.92251205444336
2016-06-29,23.452512741088867
2016-06-30,24.388845443725586
2016-07-01,25.051349639892578
2016-07-05,24.274011611938477
2016-07-06,24.57434844970703
2016-07-07,24.406513214111328
2016-07-08,25.34284782409668
2016-07-11,26.09368133544922
2016-07-12,27.12718391418457
2016-07-13,27.321514129638672
2016-07-14,27.471681594848633
2016-07-15,27.480514526367188
2016-07-18,27.692516326904297
2016-07-19,26.74734878540039
2016-07-20,26.376346588134766
2016-07-21,26.508848190307617
2016-07-22,26.844514846801758
2016-07-25,26.72968292236328
2016-07-26,27.992847442626953
2016-07-27,28.293182373046875
2016-07-28,28.328516006469727
2016-07-29,28.416845321655273
2016-08-01,27.89568328857422
2016-08-02,27.401016235351562
2016-08-03,28.11651611328125
2016-08-04,28.213682174682617
2016-08-05,28.72601318359375
2016-08-08,28.54935073852539
2016-08-09,28.310848236083984
2016-08-10,27.913347244262695
2016-08-11,28.1518497467041
2016-08-12,27.339183807373047
2016-08-15,28.169513702392578
2016-08-16,28.196016311645508
2016-08-17,28.028181076049805
2016-08-18,28.381515502929688
2016-08-19,27.81618309020996
2016-08-22,27.52467918395996
2016-08-23,27.62184715270996
2016-08-24,26.826847076416016
2016-08-25,26.950517654418945
2016-08-26,26.65018081665039
2016-08-29,27.2508487701416
2016-08-30,26.623680114746094
2016-08-31,26.296850204467773
2016-09-01,26.455848693847656
2016-09-02,26.906347274780273
2016-09-06,27.445180892944336
2016-09-07,27.348012924194336
2016-09-08,27.136014938354492
2016-09-09,25.749183654785156
2016-09-12,26.173179626464844
2016-09-13,24.724510192871094
2016-09-14,24.795181274414062
2016-09-15,25.086681365966797
2016-09-16,24.786348342895508
2016-09-19,25.334014892578125
2016-09-20,25.298681259155273
2016-09-21,26.455848693847656
2016-09-22,26.685514450073242
2016-09-23,26.720849990844727
2016-09-26,26.606014251708984
2016-09-27,26.63251495361328
2016-09-28,27.807348251342773
2016-09-29,27.233182907104492
2016-09-30,27.427515029907227
2016-10-03,27.489347457885742
2016-10-04,26.844514846801758
2016-10-05,27.392183303833008
2016-10-06,27.418684005737305
2016-10-07,27.471681594848633
2016-10-10,28.072349548339844
2016-10-11,27.53351402282715
2016-10-12,27.71901512145996
2016-10-13,26.888683319091797
2016-10-14,27.109516143798828
2016-10-17,27.312681198120117
2016-10-18,27.89568328857422
2016-10-19,28.34618377685547
2016-10-20,28.69951820373535
2016-10-21,28.867347717285156
2016-10-24,29.220685958862305
2016-10-25,29.476850509643555
2016-10-26,29.485685348510742
2016-10-27,28.999853134155273
2016-10-28,29.035184860229492
2016-10-31,29.362016677856445
2016-11-01,28.9556827545166
2016-11-02,28.469846725463867
2016-11-03,29.0528507232666
2016-11-04,29.0528507232666
2016-11-07,30.30718421936035
2016-11-08,30.581016540527344
2016-11-09,32.23284912109375
2016-11-10,33.089683532714844
2016-11-11,32.78934860229492
2016-11-14,33.75218200683594
2016-11-15,33.292850494384766
2016-11-16,32.736351013183594
2016-11-17,32.8070182800293
2016-11-18,32.53318786621094
2016-11-21,33.32818603515625
2016-11-22,35.33335494995117
2016-11-23,35.792686462402344
2016-11-25,35.81034851074219
2016-11-28,36.01351547241211
2016-11-29,34.856353759765625
2016-11-30,35.041847229003906
2016-12-01,34.92701721191406
2016-12-02,35.49235153198242
2016-12-05,36.54351806640625
2016-12-06,36.835018157958984
2016-12-07,38.036354064941406
2016-12-08,37.9215202331543
2016-12-09,36.98518371582031
2016-12-12,36.693687438964844
2016-12-13,35.978187561035156
2016-12-14,35.51885223388672
2016-12-15,35.704349517822266
2016-12-16,34.86518478393555
2016-12-19,34.13518142700195
2016-12-20,34.947288513183594
2016-12-21,34.974056243896484
2016-12-22,34.31366729736328
2016-12-23,34.28689193725586
2016-12-27,34.80449676513672
2016-12-28,34.518924713134766
2016-12-29,34.40290832519531
2016-12-30,33.72467041015625
2017-01-03,34.75094985961914
2017-01-04,35.304256439208984
2017-01-05,35.56306076049805
2017-01-06,34.706329345703125
2017-01-09,34.52784729003906
2017-01-10,36.22345733642578
2017-01-11,36.928470611572266
2017-01-12,36.696434020996094
2017-01-13,36.60719680786133
2017-01-17,36.54472732543945
2017-01-18,37.303287506103516
2017-01-19,36.68751525878906
2017-01-20,36.79460144042969
2017-01-23,37.365753173828125
2017-01-24,38.14216232299805
2017-01-25,37.90121078491211
2017-01-26,37.85658645629883
2017-01-27,37.927982330322266
2017-01-30,36.973087310791016
2017-01-31,36.865997314453125
2017-02-01,37.151573181152344
2017-02-02,37.57101058959961
2017-02-03,36.55364990234375
2017-02-06,36.348392486572266
2017-02-07,36.241302490234375
2017-02-08,36.55364990234375
2017-02-09,37.54424285888672
2017-02-10,38.56159973144531
2017-02-13,40.043025970458984
2017-02-14,39.74852752685547
2017-02-15,39.855613708496094
2017-02-16,39.69498062133789
2017-02-17,39.51649475097656
2017-02-21,40.39999771118164
2017-02-22,40.00732421875
2017-02-23,38.43666458129883
2017-02-24,37.981529235839844
2017-02-27,38.64191818237305
2017-02-28,38.24925994873047
2017-03-01,39.4986457824707
2017-03-02,37.88336181640625
2017-03-03,38.320648193359375
2017-03-06,37.60670471191406
2017-03-07,36.946319580078125
2017-03-08,36.04497146606445
2017-03-09,35.652305603027344
2017-03-10,35.68800354003906
2017-03-13,36.65181350708008
2017-03-14,36.47332763671875
2017-03-15,38.40096664428711
2017-03-16,38.356346130371094
2017-03-17,37.99045181274414
2017-03-20,38.29387283325195
2017-03-21,36.11636734008789
2017-03-22,36.48225784301758
2017-03-23,36.03604507446289
2017-03-24,35.518436431884766
2017-03-27,35.36672592163086
2017-03-28,35.991424560546875
2017-03-29,36.13421630859375
2017-03-30,36.04497146606445
2017-03-31,36.02711868286133
2017-04-03,35.7683219909668
2017-04-04,36.303775787353516
2017-04-05,35.27748489379883
2017-04-06,35.42919921875
2017-04-07,35.60768508911133
2017-04-10,35.40242004394531
2017-04-11,35.64337158203125
2017-04-12,33.956695556640625
2017-04-13,33.15351867675781
2017-04-17,33.18921661376953
2017-04-18,32.82331848144531
2017-04-19,32.53774642944336
2017-04-20,33.69789123535156
2017-04-21,33.769290924072266
2017-04-24,34.4386100769043
2017-04-25,34.724185943603516
2017-04-26,34.144107818603516
2017-04-27,33.8585319519043
2017-04-28,33.947776794433594
2017-05-01,34.1084098815918
2017-05-02,34.054866790771484
2017-05-03,32.939334869384766
2017-05-04,32.30571365356445
2017-05-05,32.66268539428711
2017-05-08,32.27001953125
2017-05-09,32.39495849609375
2017-05-10,32.73408126831055
2017-05-11,32.65376281738281
2017-05-12,32.25217056274414
2017-05-15,32.98395538330078
2017-05-16,33.367698669433594
2017-05-17,32.546669006347656
2017-05-18,31.72563934326172
2017-05-19,32.707305908203125
2017-05-22,32.78762435913086
2017-05-23,33.51048278808594
2017-05-24,32.98395538330078
2017-05-25,32.93041229248047
2017-05-26,32.90363693237305
2017-05-30,33.14459228515625
2017-05-31,32.65376281738281
2017-06-01,32.707305908203125
2017-06-02,32.457427978515625
2017-06-05,32.57344055175781
2017-06-06,32.439579010009766
2017-06-07,32.30571365356445
2017-06-08,33.24276351928711
2017-06-09,33.323081970214844
2017-06-12,33.251686096191406
2017-06-13,33.20706558227539
2017-06-14,32.493125915527344
2017-06-15,31.663171768188477
2017-06-16,31.698871612548828
2017-06-19,32.0201416015625
2017-06-20,31.39544105529785
2017-06-21,31.48468589782715
2017-06-22,31.97551918029785
2017-06-23,32.493125915527344
2017-06-26,32.60021209716797
2017-06-27,32.73408126831055
2017-06-28,33.98347473144531
2017-06-29,33.98347473144531
2017-06-30,34.35829162597656
2017-07-03,34.88481903076172
2017-07-05,34.742034912109375
2017-07-06,34.63494110107422
2017-07-07,34.456459045410156
2017-07-10,35.06330108642578
2017-07-11,35.54520797729492
2017-07-12,35.90217971801758
2017-07-13,36.14313507080078
2017-07-14,36.13421630859375
2017-07-17,36.517948150634766
2017-07-18,36.37516403198242
2017-07-19,36.98200988769531
2017-07-20,36.62504196166992
2017-07-21,36.080665588378906
2017-07-24,36.29484558105469
2017-07-25,37.32113265991211
2017-07-26,36.77676010131836
2017-07-27,36.56258010864258
2017-07-28,36.196678161621094
2017-07-31,36.73213195800781
2017-08-01,36.241302490234375
2017-08-02,36.0985107421875
2017-08-03,35.89326095581055
2017-08-04,36.4287109375
2017-08-07,37.37468338012695
2017-08-08,37.1694221496582
2017-08-09,36.830299377441406
2017-08-10,36.35731887817383
2017-08-11,35.74154281616211
2017-08-14,35.90217971801758
2017-08-15,35.71477127075195
2017-08-16,36.46440887451172
2017-08-17,35.48274230957031
2017-08-18,35.87540817260742
2017-08-21,35.705848693847656
2017-08-22,36.41086196899414
2017-08-23,37.12479782104492
2017-08-24,37.151573181152344
2017-08-25,37.303287506103516
2017-08-28,37.37468338012695
2017-08-29,37.49961853027344
2017-08-30,37.87443161010742
2017-08-31,38.08861541748047
2017-09-01,38.918575286865234
2017-09-05,38.68654251098633
2017-09-06,38.989967346191406
2017-09-07,39.195220947265625
2017-09-08,38.57944869995117
2017-09-11,39.034584045410156
2017-09-12,39.061363220214844
2017-09-13,38.757930755615234
2017-09-14,38.16893768310547
2017-09-15,38.31172180175781
2017-09-18,38.74900817871094
2017-09-19,38.659767150878906
2017-09-20,38.588375091552734
2017-09-21,37.803043365478516
2017-09-22,37.41037368774414
2017-09-25,36.96416091918945
2017-09-26,37.053401947021484
2017-09-27,37.2586669921875
2017-09-28,37.21404266357422
2017-09-29,37.660255432128906
2017-10-02,38.08861541748047
2017-10-03,38.39204025268555
2017-10-04,38.49913024902344
2017-10-05,38.37419128417969
2017-10-06,38.20463180541992
2017-10-09,37.43714904785156
2017-10-10,37.57993698120117
2017-10-11,37.57993698120117
2017-10-12,37.90121078491211
2017-10-13,39.29338836669922
2017-10-16,39.15953063964844
2017-10-17,38.74008560180664
2017-10-18,38.78470993041992
2017-10-19,39.034584045410156
2017-10-20,39.382633209228516
2017-10-23,38.99888610839844
2017-10-24,39.65035629272461
2017-10-25,39.2487678527832
2017-10-26,38.90964889526367
2017-10-27,38.829322814941406
2017-10-30,38.18678665161133
2017-10-31,37.820892333984375
2017-11-01,38.12431335449219
2017-11-02,38.490211486816406
2017-11-03,38.06184387207031
2017-11-06,38.61514663696289
2017-11-07,37.97260284423828
2017-11-08,37.963680267333984
2017-11-09,37.33898162841797
2017-11-10,37.1872673034668
2017-11-13,37.053401947021484
2017-11-14,35.98250198364258
2017-11-15,35.92002868652344
2017-11-16,36.178829193115234
2017-11-17,36.46440887451172
2017-11-20,36.82137680053711
2017-11-21,37.303287506103516
2017-11-22,37.64240264892578
2017-11-24,37.90121078491211
2017-11-27,37.57993698120117
2017-11-28,37.7495002746582
2017-11-29,37.82981872558594
2017-11-30,37.803043365478516
2017-12-01,37.81196975708008
2017-12-04,38.54375457763672
2017-12-05,37.776268005371094
2017-12-06,37.99045181274414
2017-12-07,38.16000747680664
2017-12-08,38.62407302856445
2017-12-11,39.034584045410156
2017-12-12,39.1684455871582
2017-12-13,39.239845275878906
2017-12-14,38.52590560913086
2017-12-15,39.052433013916016
2017-12-18,40.08757019042969
2017-12-19,40.15163803100586
2017-12-20,40.9845085144043
2017-12-21,41.46958541870117
2017-12-22,41.323150634765625
2017-12-26,41.780765533447266
2017-12-27,41.649810791015625
2017-12-28,42.208438873291016
2017-12-29,41.9886474609375
2018-01-02,43.710323333740234
2018-01-03,44.19568634033203
2018-01-04,44.607791900634766
2018-01-05,44.78178787231445
2018-01-08,45.486942291259766
2018-01-09,45.20305252075195
2018-01-10,45.38620376586914
2018-01-11,46.704933166503906
2018-01-12,46.8331413269043
2018-01-16,45.75252151489258
2018-01-17,46.549251556396484
2018-01-18,45.999778747558594
2018-01-19,46.17377853393555
2018-01-22,46.210411071777344
2018-01-23,45.88072967529297
2018-01-24,46.42103958129883
2018-01-25,46.3019905090332
2018-01-26,46.7965087890625
2018-01-29,46.44851303100586
2018-01-30,45.69757080078125
2018-01-31,45.267154693603516
2018-02-01,45.4136848449707
2018-02-02,43.527164459228516
2018-02-05,42.45570373535156
2018-02-06,43.838531494140625
2018-02-07,42.931907653808594
2018-02-08,41.5032844543457
2018-02-09,42.36412048339844
2018-02-12,43.35316848754883
2018-02-13,43.88432312011719
2018-02-14,45.53273391723633
2018-02-15,45.88072967529297
2018-02-16,47.04376983642578
2018-02-20,46.100521087646484
2018-02-21,45.75252151489258
2018-02-22,46.036415100097656
2018-02-23,46.51261901855469
2018-02-26,47.34598159790039
2018-02-27,46.558406829833984
2018-02-28,45.06568145751953
2018-03-01,45.578521728515625
2018-03-02,45.12978744506836
2018-03-05,45.111473083496094
2018-03-06,45.24884033203125
2018-03-07,45.30378723144531
2018-03-08,44.397159576416016
2018-03-09,44.67189407348633
2018-03-12,44.98326110839844
2018-03-13,44.43379211425781
2018-03-14,43.920955657958984
2018-03-15,43.46305847167969
2018-03-16,43.710323333740234
2018-03-19,42.8036994934082
2018-03-20,42.73958969116211
2018-03-21,43.95758819580078
2018-03-22,41.43918228149414
2018-03-23,40.669925689697266
2018-03-26,41.5857048034668
2018-03-27,40.86223602294922
2018-03-28,40.52339553833008
2018-03-29,41.9337043762207
2018-04-02,41.34760284423828
2018-04-03,41.71391296386719
2018-04-04,41.60402297973633
2018-04-05,42.77622604370117
2018-04-06,41.448341369628906
2018-04-09,41.21939468383789
2018-04-10,42.73958969116211
2018-04-11,42.68465042114258
2018-04-12,43.12422180175781
2018-04-13,42.98685836791992
2018-04-16,43.06927490234375
2018-04-17,43.866004943847656
2018-04-18,45.29462432861328
2018-04-19,45.486942291259766
2018-04-20,45.0839958190918
2018-04-23,44.47042465209961
2018-04-24,44.62610626220703
2018-04-25,44.36052703857422
2018-04-26,45.450313568115234
2018-04-27,44.49789810180664
2018-04-30,44.30558395385742
2018-05-01,43.79274368286133
2018-05-02,43.99421691894531
2018-05-03,44.47957992553711
2018-05-04,44.99242401123047
2018-05-07,44.946632385253906
2018-05-08,44.69021224975586
2018-05-09,45.111473083496094
2018-05-10,45.92652130126953
2018-05-11,46.027252197265625
2018-05-14,46.18293762207031
2018-05-15,46.237884521484375
2018-05-16,47.2452507019043
2018-05-17,47.17197799682617
2018-05-18,46.457672119140625
2018-05-21,46.100521087646484
2018-05-22,46.15546417236328
2018-05-23,45.35873031616211
2018-05-24,45.18473434448242
2018-05-25,44.43379211425781
2018-05-29,43.19748306274414
2018-05-30,44.04000473022461
2018-05-31,43.801902770996094
2018-06-01,44.55284881591797
2018-06-04,44.900840759277344
2018-06-05,45.12063217163086
2018-06-06,45.990623474121094
2018-06-07,44.76347351074219
2018-06-08,44.77263259887695
2018-06-11,44.955787658691406
2018-06-12,45.01073455810547
2018-06-13,44.78178787231445
2018-06-14,44.55284881591797
2018-06-15,43.37148666381836
2018-06-18,43.46305847167969
2018-06-19,42.50149154663086
2018-06-20,43.087589263916016
2018-06-21,42.22675323486328
2018-06-22,43.06011962890625
2018-06-25,41.69559860229492
2018-06-26,41.9886474609375
2018-06-27,41.28350067138672
2018-06-28,41.36591720581055
2018-06-29,41.46665573120117
2018-07-02,41.1461296081543
2018-07-03,41.017921447753906
2018-07-05,41.5857048034668
2018-07-06,42.06191635131836
2018-07-09,42.76707077026367
2018-07-10,42.867801666259766
2018-07-11,41.56739044189453
2018-07-12,42.05275344848633
2018-07-13,42.06191635131836
2018-07-16,41.75970458984375
2018-07-17,42.327491760253906
2018-07-18,42.81285858154297
2018-07-19,41.9703369140625
2018-07-20,42.16265106201172
2018-07-23,42.73958969116211
2018-07-24,43.97589874267578
2018-07-25,44.31473922729492
2018-07-26,43.866004943847656
2018-07-27,44.021690368652344
2018-07-30,43.95758819580078
2018-07-31,43.85684585571289
2018-08-01,43.3165397644043
2018-08-02,42.419071197509766
2018-08-03,42.98685836791992
2018-08-06,42.58390808105469
2018-08-07,42.648014068603516
2018-08-08,42.528961181640625
2018-08-09,41.90623092651367
2018-08-10,41.0728645324707
2018-08-13,40.60581970214844
2018-08-14,40.60581970214844
2018-08-15,39.103939056396484
2018-08-16,39.3145637512207
2018-08-17,39.8274040222168
2018-08-20,40.38603210449219
2018-08-21,40.28529739379883
2018-08-22,40.6607666015625
2018-08-23,39.65340805053711
2018-08-24,40.62413787841797
2018-08-27,41.29265594482422
2018-08-28,41.201080322265625
2018-08-29,41.329288482666016
2018-08-30,40.147926330566406
2018-08-31,40.37687301635742
2018-09-04,39.16804122924805
2018-09-05,39.37866973876953
2018-09-06,39.461090087890625
2018-09-07,39.28709030151367
2018-09-10,38.8749885559082
2018-09-11,38.44457244873047
2018-09-12,39.342037200927734
2018-09-13,39.36951446533203
2018-09-14,39.928138732910156
2018-09-17,40.2303466796875
2018-09-18,41.1461296081543
2018-09-19,41.539920806884766
2018-09-20,42.13517761230469
2018-09-21,42.06191635131836
2018-09-24,41.67728042602539
2018-09-25,42.65717315673828
2018-09-26,42.25422668457031
2018-09-27,42.180965423583984
2018-09-28,41.9886474609375
2018-10-01,42.21759796142578
2018-10-02,42.47401809692383
2018-10-03,42.638858795166016
2018-10-04,41.952022552490234
2018-10-05,41.448341369628906
2018-10-08,41.457496643066406
2018-10-09,41.631492614746094
2018-10-10,40.11129379272461
2018-10-11,39.7999267578125
2018-10-12,40.47760772705078
2018-10-15,40.28529739379883
2018-10-16,40.6607666015625
2018-10-17,41.03623580932617
2018-10-18,39.7999267578125
2018-10-19,39.71751022338867
2018-10-22,40.157081604003906
2018-10-23,39.36951446533203
2018-10-24,37.31816101074219
2018-10-25,38.279727935791016
2018-10-26,38.0782585144043
2018-10-29,37.501312255859375
2018-10-30,37.904258728027344
2018-10-31,39.05815124511719
2018-11-01,39.96477127075195
2018-11-02,40.45013427734375
2018-11-05,40.59666442871094
2018-11-06,40.642452239990234
2018-11-07,40.84392547607422
2018-11-08,40.2669792175293
2018-11-09,39.45193099975586
2018-11-12,38.765098571777344
2018-11-13,38.86582946777344
2018-11-14,38.563621520996094
2018-11-15,39.40614318847656
2018-11-16,39.65340805053711
2018-11-19,39.12225341796875
2018-11-20,37.63867950439453
2018-11-21,38.22478485107422
2018-11-23,36.832794189453125
2018-11-26,36.429847717285156
2018-11-27,35.55985641479492
2018-11-28,36.6771125793457
2018-11-29,36.6771125793457
2018-11-30,36.7320556640625
2018-12-03,37.904258728027344
2018-12-04,36.805320739746094
2018-12-06,36.19174575805664
2018-12-07,35.34922409057617
2018-12-10,34.70817947387695
2018-12-11,34.84554672241211
2018-12-12,35.12944030761719
2018-12-13,35.24848937988281
2018-12-14,34.662384033203125
2018-12-17,34.5067024230957
2018-12-18,34.88217544555664
2018-12-19,34.021339416503906
2018-12-20,33.89680480957031
2018-12-21,33.4881706237793
2018-12-24,32.91415023803711
2018-12-26,34.13031005859375
2018-12-27,33.87734603881836
2018-12-28,33.8481559753418
2018-12-31,33.89680480957031
2019-01-02,34.32489013671875
2019-01-03,33.42980194091797
2019-01-04,35.609153747558594
2019-01-07,35.6772575378418
2019-01-08,36.17345428466797
2019-01-09,36.86423110961914
2019-01-10,36.79612731933594
2019-01-11,36.59181213378906
2019-01-14,36.31939697265625
2019-01-15,36.095619201660156
2019-01-16,36.4945182800293
2019-01-17,37.00044250488281
2019-01-18,37.50636672973633
2019-01-22,36.679378509521484
2019-01-23,36.90315246582031
2019-01-24,37.03936004638672
2019-01-25,37.778785705566406
2019-01-28,36.659915924072266
2019-01-29,37.019901275634766
2019-01-30,38.45010757446289
2019-01-31,38.59604263305664
2019-02-01,38.109580993652344
2019-02-04,38.138771057128906
2019-02-05,38.06093215942383
2019-02-06,37.78851318359375
2019-02-07,37.243675231933594
2019-02-08,37.04909133911133
2019-02-11,37.11719512939453
2019-02-12,37.895538330078125
2019-02-13,37.96364212036133
2019-02-14,37.90526580810547
2019-02-15,38.20687484741211
2019-02-19,38.352813720703125
2019-02-20,39.00467300415039
2019-02-21,39.08250427246094
2019-02-22,39.637081146240234
2019-02-25,39.9581413269043
2019-02-26,39.71491241455078
2019-02-27,39.41330337524414
2019-02-28,38.98521423339844
2019-03-01,39.13115692138672
2019-03-04,39.19926071166992
2019-03-05,39.17007064819336
2019-03-06,38.59604263305664
2019-03-07,37.97336959838867
2019-03-08,37.34096908569336
2019-03-11,38.33335876464844
2019-03-12,38.47929000854492
2019-03-13,38.99494552612305
2019-03-14,38.47929000854492
2019-03-15,38.67387771606445
2019-03-18,39.29655075073242
2019-03-19,39.31601333618164
2019-03-20,39.27709197998047
2019-03-21,39.4424934387207
2019-03-22,37.7690544128418
2019-03-25,37.95390701293945
2019-03-26,38.411190032958984
2019-03-27,38.04147720336914
2019-03-28,38.30416488647461
2019-03-29,38.90738296508789
2019-04-01,40.2208366394043
2019-04-02,40.074893951416016
2019-04-03,40.3181266784668
2019-04-04,40.590545654296875
2019-04-05,40.82404708862305
2019-04-08,41.02836227416992
2019-04-09,40.09435272216797
2019-04-10,40.09435272216797
2019-04-11,39.41330337524414
2019-04-12,39.510597229003906
2019-04-15,39.510597229003906
2019-04-16,39.57870101928711
2019-04-17,39.49113845825195
2019-04-18,39.17980194091797
2019-04-22,38.64469528198242
2019-04-23,38.80036163330078
2019-04-24,37.92472457885742
2019-04-25,37.574466705322266
2019-04-26,37.642574310302734
2019-04-29,37.75932693481445
2019-04-30,37.52582550048828
2019-05-01,36.659915924072266
2019-05-02,36.60154342651367
2019-05-03,38.09012222290039
2019-05-06,37.574466705322266
2019-05-07,37.078277587890625
2019-05-08,36.89341735839844
2019-05-09,36.73775100708008
2019-05-10,36.93233871459961
2019-05-13,35.39511489868164
2019-05-14,36.01778793334961
2019-05-15,36.046974182128906
2019-05-16,36.16372299194336
2019-05-17,36.01778793334961
2019-05-20,35.62861633300781
2019-05-21,36.38750076293945
2019-05-22,35.82320022583008
2019-05-23,35.07404327392578
2019-05-24,35.31727981567383
2019-05-28,35.45348358154297
2019-05-29,35.14215087890625
2019-05-30,34.86973190307617
2019-05-31,34.169219970703125
2019-06-03,34.89891815185547
2019-06-04,35.65780258178711
2019-06-05,35.01567459106445
2019-06-06,35.11296463012695
2019-06-07,35.31727981567383
2019-06-10,35.57024002075195
2019-06-11,36.630733489990234
2019-06-12,36.251285552978516
2019-06-13,36.76694107055664
2019-06-14,35.852386474609375
2019-06-17,35.61888885498047
2019-06-18,36.98098373413086
2019-06-19,37.08800506591797
2019-06-20,37.30205154418945
2019-06-21,37.19502639770508
2019-06-24,36.922611236572266
2019-06-25,36.80585861206055
2019-06-26,37.603660583496094
2019-06-27,37.75932693481445
2019-06-28,38.06093215942383
2019-07-01,38.38199996948242
2019-07-02,37.85661697387695
2019-07-03,37.74959945678711
2019-07-05,37.603660583496094
2019-07-08,37.2144889831543
2019-07-09,37.078277587890625
2019-07-10,37.20476150512695
2019-07-11,37.068546295166016
2019-07-12,37.53555679321289
2019-07-15,37.778785705566406
2019-07-16,38.002559661865234
2019-07-17,37.61338806152344
2019-07-18,37.55500793457031
2019-07-19,37.91499710083008
2019-07-22,37.90526580810547
2019-07-23,37.96364212036133
2019-07-24,37.603660583496094
2019-07-25,37.29232406616211
2019-07-26,37.35070037841797
2019-07-29,37.12692642211914
2019-07-30,37.16584014892578
2019-07-31,36.28047561645508
2019-08-01,35.132423400878906
2019-08-02,34.41245651245117
2019-08-05,33.16710662841797
2019-08-06,33.274131774902344
2019-08-07,32.92387771606445
2019-08-08,33.770320892333984
2019-08-09,32.67091751098633
2019-08-12,31.62015151977539
2019-08-13,32.61254119873047
2019-08-14,31.182334899902344
2019-08-15,30.822351455688477
2019-08-16,31.338003158569336
2019-08-19,31.64933967590332
2019-08-20,31.581233978271484
2019-08-21,31.56177520751953
2019-08-22,31.260169982910156
2019-08-23,30.433181762695312
2019-08-26,30.472097396850586
2019-08-27,30.131572723388672
2019-08-28,30.579120635986328
2019-08-29,31.328275680541992
2019-08-30,31.697988510131836
2019-09-03,30.880727767944336
2019-09-04,31.89257049560547
2019-09-05,32.54443359375
2019-09-06,32.22336959838867
2019-09-09,33.13792419433594
2019-09-10,34.24705505371094
2019-09-11,34.82108688354492
2019-09-12,35.1226921081543
2019-09-13,35.33673858642578
2019-09-16,35.229713439941406
2019-09-17,34.90864944458008
2019-09-18,34.480560302734375
2019-09-19,33.92599105834961
2019-09-20,33.74113464355469
2019-09-23,33.64384078979492
2019-09-24,32.700103759765625
2019-09-25,33.35196304321289
2019-09-26,32.846038818359375
2019-09-27,32.91415023803711
2019-09-30,32.98225402832031
2019-10-01,32.534706115722656
2019-10-02,31.590967178344727
2019-10-03,31.863384246826172
2019-10-04,32.281742095947266
2019-10-07,31.941219329833984
2019-10-08,31.35746192932129
2019-10-09,31.406108856201172
2019-10-10,32.291473388671875
2019-10-11,33.57573699951172
2019-10-14,32.855770111083984
2019-10-15,33.089271545410156
2019-10-16,32.447139739990234
2019-10-17,32.593082427978516
2019-10-18,32.5736198425293
2019-10-21,32.846038818359375
2019-10-22,33.31304931640625
2019-10-23,33.2935905456543
2019-10-24,33.17683410644531
2019-10-25,33.731407165527344
2019-10-28,34.3443489074707
2019-10-29,34.42218780517578
2019-10-30,34.04274368286133
2019-10-31,33.546546936035156
2019-11-01,34.986480712890625
2019-11-04,35.5799674987793
2019-11-05,35.6772575378418
2019-11-06,35.21025466918945
2019-11-07,35.83293151855469
2019-11-08,35.511863708496094
2019-11-11,35.23944854736328
2019-11-12,35.06431579589844
2019-11-13,34.315162658691406
2019-11-14,34.178955078125
2019-11-15,34.645957946777344
2019-11-18,34.587581634521484
2019-11-19,34.597312927246094
2019-11-20,34.25678634643555
2019-11-21,34.63623046875
2019-11-22,35.36592102050781
2019-11-25,35.97886657714844
2019-11-26,36.105350494384766
2019-11-27,36.202640533447266
2019-11-29,35.73563766479492
2019-12-02,36.105350494384766
2019-12-03,35.463218688964844
2019-12-04,36.01778793334961
2019-12-05,36.105350494384766
2019-12-06,36.90315246582031
2019-12-09,36.98098373413086
2019-12-10,36.94207000732422
2019-12-11,37.20476150512695
2019-12-12,37.95390701293945
2019-12-13,37.61338806152344
2019-12-16,37.438262939453125
2019-12-17,37.778785705566406
2019-12-18,37.75932693481445
2019-12-19,37.652305603027344
2019-12-20,37.50636672973633
2019-12-23,37.74790573120117
2019-12-24,37.847713470458984
2019-12-26,38.00741195678711
2019-12-27,37.698001861572266
2019-12-30,37.689998626708984
2019-12-31,37.709999084472656
2020-01-02,38.0099983215332
2020-01-03,37.47999954223633
2020-01-06,37.119998931884766
2020-01-07,37.380001068115234
2020-01-08,37.5
2020-01-09,37.25
2020-01-10,36.97999954223633
2020-01-13,37.650001525878906
2020-01-14,37.83000183105469
2020-01-15,37.36000061035156
2020-01-16,37.29999923706055
2020-01-17,37.66999816894531
2020-01-21,36.65999984741211
2020-01-22,37.099998474121094
2020-01-23,36.849998474121094
2020-01-24,36.099998474121094
2020-01-27,34.52000045776367
2020-01-28,34.66999816894531
2020-01-29,34.4900016784668
2020-01-30,34.58000183105469
2020-01-31,33.5099983215332
2020-02-03,33.7400016784668
2020-02-04,34.849998474121094
2020-02-05,35.439998626708984
2020-02-06,35.41999816894531
2020-02-07,34.599998474121094
2020-02-10,34.34000015258789
2020-02-11,34.91999816894531
2020-02-12,35.189998626708984
2020-02-13,34.83000183105469
2020-02-14,34.41999816894531
2020-02-18,34.27000045776367
2020-02-19,34.529998779296875
2020-02-20,34.08000183105469
2020-02-21,33.83000183105469
2020-02-24,32.22999954223633
2020-02-25,31.270000457763672
2020-02-26,30.90999984741211
2020-02-27,29.719999313354492
2020-02-28,29.31999969482422
2020-03-02,30.149999618530273
2020-03-03,29.709999084472656
2020-03-04,30.610000610351562
2020-03-05,29.09000015258789
2020-03-06,27.899999618530273
2020-03-09,23.860000610351562
2020-03-10,25.579999923706055
2020-03-11,23.540000915527344
2020-03-12,20.610000610351562
2020-03-13,23.219999313354492
2020-03-16,20.200000762939453
2020-03-17,21.020000457763672
2020-03-18,18.440000534057617
2020-03-19,19.18000030517578
2020-03-20,18.760000228881836
2020-03-23,18.040000915527344
2020-03-24,20.239999771118164
2020-03-25,20.920000076293945
2020-03-26,21.969999313354492
2020-03-27,20.8700008392334
2020-03-30,21.260000228881836
2020-03-31,21.8799991607666
2020-04-01,21.010000228881836
2020-04-02,21.360000610351562
2020-04-03,20.559999465942383
2020-04-06,21.979999542236328
2020-04-07,22.260000228881836
2020-04-08,23.049999237060547
2020-04-09,23.420000076293945
