Date,SOCL
2011-11-15,14.516963958740234
2011-11-16,14.234230041503906
2011-11-17,13.970992088317871
2011-11-18,14.039239883422852
2011-11-21,13.308029174804688
2011-11-22,13.132538795471191
2011-11-23,12.57681941986084
2011-11-25,12.381829261779785
2011-11-28,12.48907470703125
2011-11-29,12.615817070007324
2011-11-30,13.015545845031738
2011-12-01,13.15203857421875
2011-12-02,13.493269920349121
2011-12-05,13.532268524169922
2011-12-06,13.386025428771973
2011-12-07,13.4445219039917
2011-12-08,13.11303997039795
2011-12-09,13.288530349731445
2011-12-12,13.054543495178223
2011-12-13,13.044793128967285
2011-12-14,12.57681941986084
2011-12-15,12.732810974121094
2011-12-16,12.625566482543945
2011-12-19,12.479324340820312
2011-12-20,12.869302749633789
2011-12-21,12.557319641113281
2011-12-22,12.771809577941895
2011-12-23,12.781557083129883
2011-12-27,12.79130744934082
2011-12-28,12.684062957763672
2011-12-29,12.625566482543945
2011-12-30,12.771809577941895
2012-01-03,12.957048416137695
2012-01-04,12.898551940917969
2012-01-05,12.840054512023926
2012-01-06,12.430578231811523
2012-01-09,12.255086898803711
2012-01-10,12.255086898803711
2012-01-11,12.255086898803711
2012-01-12,12.732810974121094
2012-01-13,12.752309799194336
2012-01-17,12.947299003601074
2012-01-18,13.005796432495117
2012-01-19,13.005796432495117
2012-01-20,12.996047019958496
2012-01-23,13.288530349731445
2012-01-24,13.210535049438477
2012-01-25,13.249532699584961
2012-01-26,13.161787986755371
2012-01-27,13.844249725341797
2012-01-30,13.922245979309082
2012-01-31,13.892997741699219
2012-02-01,14.224479675292969
2012-02-02,14.516963958740234
2012-02-03,14.83869743347168
2012-02-06,14.575461387634277
2012-02-07,14.526712417602539
2012-02-08,14.672956466674805
2012-02-09,14.565710067749023
2012-02-10,14.585210800170898
2012-02-13,15.599156379699707
2012-02-14,14.819198608398438
2012-02-15,14.594961166381836
2012-02-16,14.702202796936035
2012-02-17,14.536462783813477
2012-02-21,14.526712417602539
2012-02-22,14.312224388122559
2012-02-23,14.497465133666992
2012-02-24,14.594961166381836
2012-02-27,14.663207054138184
2012-02-28,15.101932525634766
2012-02-29,14.858196258544922
2012-03-01,14.965439796447754
2012-03-02,15.121431350708008
2012-03-05,14.7704496383667
2012-03-06,14.477967262268066
2012-03-07,14.614459037780762
2012-03-08,14.848444938659668
2012-03-09,14.799698829650879
2012-03-12,14.750950813293457
2012-03-13,14.877694129943848
2012-03-14,14.468215942382812
2012-03-15,14.438969612121582
2012-03-16,14.780200004577637
2012-03-19,14.682705879211426
2012-03-20,14.546212196350098
2012-03-21,14.760702133178711
2012-03-22,14.936190605163574
2012-03-23,14.926441192626953
2012-03-26,14.867944717407227
2012-03-27,14.965439796447754
2012-03-28,14.8094482421875
2012-03-29,14.926441192626953
2012-03-30,15.004438400268555
2012-04-02,15.053184509277344
2012-04-03,14.858196258544922
2012-04-04,14.624208450317383
2012-04-05,14.672956466674805
2012-04-09,14.72170352935791
2012-04-10,14.409719467163086
2012-04-11,14.741201400756836
2012-04-12,15.248173713684082
2012-04-13,15.11168098449707
2012-04-16,14.819198608398438
2012-04-17,15.179927825927734
2012-04-18,15.092182159423828
2012-04-19,15.053184509277344
2012-04-20,15.072683334350586
2012-04-23,14.906943321228027
2012-04-24,14.65345573425293
2012-04-25,14.828947067260742
2012-04-26,14.984938621520996
2012-04-27,15.02393627166748
2012-04-30,14.994688034057617
2012-05-01,14.89719295501709
2012-05-02,15.043436050415039
2012-05-03,14.906943321228027
2012-05-04,14.916693687438965
2012-05-07,14.282977104187012
2012-05-08,14.185481071472168
2012-05-09,13.951495170593262
2012-05-10,14.000242233276367
2012-05-11,13.766254425048828
2012-05-14,13.746755599975586
2012-05-15,13.922245979309082
2012-05-16,14.117236137390137
2012-05-17,13.863750457763672
2012-05-18,12.927800178527832
2012-05-21,13.15203857421875
2012-05-22,13.054543495178223
2012-05-23,13.200785636901855
2012-05-24,13.12278938293457
2012-05-25,12.996047019958496
2012-05-29,12.927800178527832
2012-05-30,12.635315895080566
2012-05-31,12.625566482543945
2012-06-01,12.00160026550293
2012-06-04,12.00160026550293
2012-06-05,12.186840057373047
2012-06-06,12.57681941986084
2012-06-07,12.518322944641113
2012-06-08,12.771809577941895
2012-06-11,12.67431354522705
2012-06-12,12.645065307617188
2012-06-13,12.469574928283691
2012-06-14,12.606067657470703
2012-06-15,13.005796432495117
2012-06-18,13.45427131652832
2012-06-19,13.600512504577637
2012-06-20,13.571266174316406
2012-06-21,13.142288208007812
2012-06-22,13.288530349731445
2012-06-25,13.093541145324707
2012-06-26,13.161787986755371
2012-06-27,13.171538352966309
2012-06-28,13.035043716430664
2012-06-29,13.35677719116211
2012-07-02,13.32752799987793
2012-07-03,13.41527271270752
2012-07-05,13.65900993347168
2012-07-06,13.464020729064941
2012-07-09,13.366525650024414
2012-07-10,13.044793128967285
2012-07-11,12.966797828674316
2012-07-12,13.035043716430664
2012-07-13,13.074042320251465
2012-07-16,12.810807228088379
2012-07-17,12.66456413269043
2012-07-18,12.771809577941895
2012-07-19,12.840054512023926
2012-07-20,12.762060165405273
2012-07-23,12.537819862365723
2012-07-24,12.430578231811523
2012-07-25,12.352581024169922
2012-07-26,12.128342628479004
2012-07-27,12.157591819763184
2012-07-30,11.982100486755371
2012-07-31,11.94310188293457
2012-08-01,11.777361869812012
2012-08-02,11.631120681762695
2012-08-03,12.09909439086914
2012-08-06,12.508572578430176
2012-08-07,12.557319641113281
2012-08-08,12.479324340820312
2012-08-09,12.586567878723145
2012-08-10,12.684062957763672
2012-08-13,12.469574928283691
2012-08-14,12.186840057373047
2012-08-15,12.206339836120605
2012-08-16,12.323331832885742
2012-08-17,12.21608829498291
2012-08-20,12.3038330078125
2012-08-21,12.147842407226562
2012-08-22,12.264835357666016
2012-08-23,12.186840057373047
2012-08-24,12.274585723876953
2012-08-27,12.128342628479004
2012-08-28,12.196590423583984
2012-08-29,12.274585723876953
2012-08-30,12.157591819763184
2012-08-31,12.17708969116211
2012-09-04,12.284335136413574
2012-09-05,12.3428316116333
2012-09-06,12.684062957763672
2012-09-07,12.771809577941895
2012-09-10,12.615817070007324
2012-09-11,12.830306053161621
2012-09-12,13.015545845031738
2012-09-13,13.317778587341309
2012-09-14,13.649259567260742
2012-09-17,13.395774841308594
2012-09-18,13.532268524169922
2012-09-19,13.69800853729248
2012-09-20,13.581014633178711
2012-09-21,13.503018379211426
2012-09-24,13.4835205078125
2012-09-25,13.210535049438477
2012-09-26,13.298280715942383
2012-09-27,13.395774841308594
2012-09-28,13.4445219039917
2012-10-01,13.298280715942383
2012-10-02,13.288530349731445
2012-10-03,13.376276969909668
2012-10-04,13.522518157958984
2012-10-05,13.26902961730957
2012-10-08,13.191036224365234
2012-10-09,12.976548194885254
2012-10-10,12.849804878234863
2012-10-11,12.986296653747559
2012-10-12,12.771809577941895
2012-10-15,12.66456413269043
2012-10-16,12.781557083129883
2012-10-17,12.840054512023926
2012-10-18,12.52807331085205
2012-10-19,12.352581024169922
2012-10-22,12.411077499389648
2012-10-23,12.3038330078125
2012-10-24,12.586567878723145
2012-10-25,12.57681941986084
2012-10-26,12.401328086853027
2012-10-31,12.362330436706543
2012-11-01,12.450077056884766
2012-11-02,12.3038330078125
2012-11-05,12.52807331085205
2012-11-06,12.411077499389648
2012-11-07,12.21608829498291
2012-11-08,12.01134967803955
2012-11-09,11.689617156982422
2012-11-12,11.76761245727539
2012-11-13,11.718866348266602
2012-11-14,11.718866348266602
2012-11-15,11.699366569519043
2012-11-16,11.55312442779541
2012-11-19,11.84560775756836
2012-11-20,11.913854598999023
2012-11-21,12.108844757080078
2012-11-23,12.138092041015625
2012-11-26,12.255086898803711
2012-11-27,12.235588073730469
2012-11-28,12.459824562072754
2012-11-29,12.645065307617188
2012-11-30,12.596318244934082
2012-12-03,12.372079849243164
2012-12-04,12.157591819763184
2012-12-05,12.264835357666016
2012-12-06,12.17708969116211
2012-12-07,12.17708969116211
2012-12-10,12.372079849243164
2012-12-11,12.518322944641113
2012-12-12,12.57681941986084
2012-12-13,12.547569274902344
2012-12-14,12.450077056884766
2012-12-17,12.606067657470703
2012-12-18,12.820555686950684
2012-12-19,12.752309799194336
2012-12-20,12.742559432983398
2012-12-21,12.615817070007324
2012-12-24,12.684062957763672
2012-12-26,12.645065307617188
2012-12-27,12.52609634399414
2012-12-28,12.45727252960205
2012-12-31,12.722738265991211
2013-01-02,12.968541145324707
2013-01-03,13.076695442199707
2013-01-04,13.224175453186035
2013-01-07,13.283169746398926
2013-01-08,13.125855445861816
2013-01-09,13.214343070983887
2013-01-10,13.509307861328125
2013-01-11,13.60762882232666
2013-01-14,13.666620254516602
2013-01-15,13.568299293518066
2013-01-16,13.43065071105957
2013-01-17,13.420817375183105
2013-01-18,13.391322135925293
2013-01-22,13.440481185913086
2013-01-23,13.686285018920898
2013-01-24,13.627291679382324
2013-01-25,13.715781211853027
2013-01-28,13.922255516052246
2013-01-29,13.67645263671875
2013-01-30,13.755108833312988
2013-01-31,13.74527645111084
2013-02-01,13.755108833312988
2013-02-04,13.332328796386719
2013-02-05,13.41098690032959
2013-02-06,13.755108833312988
2013-02-07,13.627291679382324
2013-02-08,13.991079330444336
2013-02-11,14.168057441711426
2013-02-12,13.961584091186523
2013-02-13,13.892759323120117
2013-02-14,14.17789077758789
2013-02-15,14.089401245117188
2013-02-19,14.020577430725098
2013-02-20,13.87309455871582
2013-02-21,13.637124061584473
2013-02-22,13.686285018920898
2013-02-25,13.578131675720215
2013-02-26,13.715781211853027
2013-02-27,14.079568862915039
2013-02-28,13.666620254516602
2013-03-01,13.823935508728027
2013-03-04,13.932086944580078
2013-03-05,14.050071716308594
2013-03-06,13.755108833312988
2013-03-07,13.87309455871582
2013-03-08,14.118897438049316
2013-03-11,14.069737434387207
2013-03-12,13.843597412109375
2013-03-13,13.882926940917969
2013-03-14,13.902591705322266
2013-03-15,13.794438362121582
2013-03-18,13.646957397460938
2013-03-19,13.420817375183105
2013-03-20,13.558467864990234
2013-03-21,13.60762882232666
2013-03-22,13.705947875976562
2013-03-25,13.637124061584473
2013-03-26,13.617461204528809
2013-03-27,13.666620254516602
2013-03-28,13.578131675720215
2013-04-01,13.342161178588867
2013-04-02,13.361825942993164
2013-04-03,13.243841171264648
2013-04-04,13.371658325195312
2013-04-05,13.351993560791016
2013-04-08,13.342161178588867
2013-04-09,13.43065071105957
2013-04-10,13.705947875976562
2013-04-11,13.784605979919434
2013-04-12,13.814103126525879
2013-04-15,13.351993560791016
2013-04-16,13.637124061584473
2013-04-17,13.597795486450195
2013-04-18,13.401154518127441
2013-04-19,13.47981071472168
2013-04-22,13.597795486450195
2013-04-23,13.843597412109375
2013-04-24,13.971414566040039
2013-04-25,14.227051734924316
2013-04-26,14.217218399047852
2013-04-29,14.394196510314941
2013-04-30,14.561341285705566
2013-05-01,14.345035552978516
2013-05-02,14.787479400634766
2013-05-03,14.659662246704102
2013-05-06,14.718655586242676
2013-05-07,14.551509857177734
2013-05-08,14.610503196716309
2013-05-09,14.767816543579102
2013-05-10,14.492517471313477
2013-05-13,14.512181282043457
2013-05-14,14.748151779174805
2013-05-15,14.66949462890625
2013-05-16,14.551509857177734
2013-05-17,14.708824157714844
2013-05-20,14.875969886779785
2013-05-21,14.885801315307617
2013-05-22,14.482684135437012
2013-05-23,14.482684135437012
2013-05-24,14.354867935180664
2013-05-28,14.541677474975586
2013-05-29,14.413860321044922
2013-05-30,14.630167961120605
2013-05-31,14.502348899841309
2013-06-03,14.158225059509277
2013-06-04,13.991079330444336
2013-06-05,13.932086944580078
2013-06-06,14.040240287780762
2013-06-07,14.138561248779297
2013-06-10,14.492517471313477
2013-06-11,14.27621078491211
2013-06-12,14.325371742248535
2013-06-13,14.236881256103516
2013-06-14,14.256546020507812
2013-06-17,14.522013664245605
2013-06-18,14.718655586242676
2013-06-19,14.689159393310547
2013-06-20,14.118897438049316
2013-06-21,14.118897438049316
2013-06-24,13.882926940917969
2013-06-25,14.050071716308594
2013-06-26,14.286043167114258
2013-06-27,14.541677474975586
2013-06-28,14.571173667907715
2013-07-01,14.757984161376953
2013-07-02,14.689159393310547
2013-07-03,14.689159393310547
2013-07-05,14.86613655090332
2013-07-08,14.95462703704834
2013-07-09,14.974289894104004
2013-07-10,14.905465126037598
2013-07-11,15.141436576843262
2013-07-12,15.111939430236816
2013-07-15,15.436399459838867
2013-07-16,15.30858039855957
2013-07-17,15.61337661743164
2013-07-18,15.760859489440918
2013-07-19,15.780522346496582
2013-07-22,15.77069091796875
2013-07-23,15.633040428161621
2013-07-24,15.534720420837402
2013-07-25,16.301624298095703
2013-07-26,16.45893669128418
2013-07-29,16.26229476928711
2013-07-30,16.498266220092773
2013-07-31,16.44910430908203
2013-08-01,16.97020721435547
2013-08-02,17.383155822753906
2013-08-05,17.530635833740234
2013-08-06,17.383155822753906
2013-08-07,17.2061767578125
2013-08-08,17.530635833740234
2013-08-09,17.579797744750977
2013-08-12,17.786270141601562
2013-08-13,17.845264434814453
2013-08-14,17.638790130615234
2013-08-15,17.30449867248535
2013-08-16,17.40281867980957
2013-08-19,17.422483444213867
2013-08-20,17.481477737426758
2013-08-21,17.30449867248535
2013-08-22,17.56013298034668
2013-08-23,17.589628219604492
2013-08-26,17.619125366210938
2013-08-27,17.176679611206055
2013-08-28,17.265169143676758
2013-08-29,17.501140594482422
2013-08-30,17.284832000732422
2013-09-03,17.579797744750977
2013-09-04,17.678117752075195
2013-09-05,18.159889221191406
2013-09-06,18.297542572021484
2013-09-09,18.50401496887207
2013-09-10,18.612167358398438
2013-09-11,18.808809280395508
2013-09-12,18.975955963134766
2013-09-13,19.005451202392578
2013-09-16,18.72032356262207
2013-09-17,19.074275970458984
2013-09-18,19.5167236328125
2013-09-19,20.08698272705078
2013-09-20,19.418399810791016
2013-09-23,19.162763595581055
2013-09-24,19.23158836364746
2013-09-25,19.49705696105957
2013-09-26,19.69369888305664
2013-09-27,19.654369354248047
2013-09-30,19.379070281982422
2013-10-01,19.772356033325195
2013-10-02,19.959163665771484
2013-10-03,19.556047439575195
2013-10-04,20.00832748413086
2013-10-07,19.526552200317383
2013-10-08,18.671159744262695
2013-10-09,18.543344497680664
2013-10-10,19.143098831176758
2013-10-11,19.33974266052246
2013-10-14,19.418399810791016
2013-10-15,19.369239807128906
2013-10-16,19.70353126525879
2013-10-17,19.782190322875977
2013-10-18,20.460601806640625
2013-10-21,20.362279891967773
2013-10-22,20.067317962646484
2013-10-23,19.723194122314453
2013-10-24,19.860843658447266
2013-10-25,19.664201736450195
2013-10-28,19.369239807128906
2013-10-29,19.438064575195312
2013-10-30,19.074275970458984
2013-10-31,19.10377311706543
2013-11-01,19.133268356323242
2013-11-04,19.320079803466797
2013-11-05,19.379070281982422
2013-11-06,19.192262649536133
2013-11-07,18.45485496520996
2013-11-08,18.50401496887207
2013-11-11,18.277877807617188
2013-11-12,18.34670066833496
2013-11-13,19.005451202392578
2013-11-14,19.221755981445312
2013-11-15,19.60521125793457
2013-11-18,19.123437881469727
2013-11-19,18.74981689453125
2013-11-20,18.553176879882812
2013-11-21,18.94645881652832
2013-11-22,18.84813690185547
2013-11-25,18.553176879882812
2013-11-26,18.8678035736084
2013-11-27,19.01528549194336
2013-11-29,19.084110260009766
2013-12-02,19.054611206054688
2013-12-03,18.936628341674805
2013-12-04,19.33974266052246
2013-12-05,19.575714111328125
2013-12-06,19.50688934326172
2013-12-09,19.683866500854492
2013-12-10,20.578588485717773
2013-12-11,19.870676040649414
2013-12-12,19.98866081237793
2013-12-13,20.00832748413086
2013-12-16,19.870676040649414
2013-12-17,20.018157958984375
2013-12-18,20.09681510925293
2013-12-19,20.13614273071289
2013-12-20,20.372114181518555
2013-12-23,20.775226593017578
2013-12-24,20.95220947265625
2013-12-26,21.011199951171875
2013-12-27,20.765398025512695
2013-12-30,20.47043228149414
2013-12-31,20.863719940185547
2014-01-02,20.89321517944336
2014-01-03,20.863719940185547
2014-01-06,21.099687576293945
2014-01-07,21.345491409301758
2014-01-08,21.473310470581055
2014-01-09,21.296329498291016
2014-01-10,21.561800003051758
2014-01-13,20.94237518310547
2014-01-14,21.52246856689453
2014-01-15,21.64045524597168
2014-01-16,21.5028076171875
2014-01-17,21.24717140197754
2014-01-21,21.414318084716797
2014-01-22,21.355321884155273
2014-01-23,20.844057083129883
2014-01-24,20.185302734375
2014-01-27,19.713361740112305
2014-01-28,20.204965591430664
2014-01-29,19.860843658447266
2014-01-30,20.7260684967041
2014-01-31,20.922710418701172
2014-02-03,20.362279891967773
2014-02-04,20.63758087158203
2014-02-05,20.49009895324707
2014-02-06,20.52942657470703
2014-02-07,20.89321517944336
2014-02-10,21.129186630249023
2014-02-11,21.198009490966797
2014-02-12,21.227506637573242
2014-02-13,21.404483795166016
2014-02-14,21.414318084716797
2014-02-18,21.974748611450195
2014-02-19,21.87642478942871
2014-02-20,21.758440017700195
2014-02-21,21.483142852783203
2014-02-24,21.846927642822266
2014-02-25,21.68961524963379
2014-02-26,21.945249557495117
2014-02-27,22.07306671142578
2014-02-28,21.945249557495117
2014-03-03,21.414318084716797
2014-03-04,21.945249557495117
2014-03-05,22.328699111938477
2014-03-06,22.43685531616211
2014-03-07,22.161556243896484
2014-03-10,21.974748611450195
2014-03-11,21.62078857421875
2014-03-12,21.758440017700195
2014-03-13,20.962039947509766
2014-03-14,20.73590087890625
2014-03-17,20.73590087890625
2014-03-18,21.109521865844727
2014-03-19,20.75556755065918
2014-03-20,20.381946563720703
2014-03-21,20.362279891967773
2014-03-24,19.821516036987305
2014-03-25,19.6445369720459
2014-03-26,19.280752182006836
2014-03-27,19.025115966796875
2014-03-28,19.152931213378906
2014-03-31,19.162763595581055
2014-04-01,19.70353126525879
2014-04-02,19.59537696838379
2014-04-03,18.926794052124023
2014-04-04,18.228715896606445
2014-04-07,17.776437759399414
2014-04-08,18.189388275146484
2014-04-09,18.789146423339844
2014-04-10,18.032073974609375
2014-04-11,17.60929298400879
2014-04-14,17.60929298400879
2014-04-15,17.7469425201416
2014-04-16,18.189388275146484
2014-04-17,18.39586067199707
2014-04-21,18.621997833251953
2014-04-22,18.74981689453125
2014-04-23,18.34670066833496
2014-04-24,18.140226364135742
2014-04-25,17.176679611206055
2014-04-28,16.685075759887695
2014-04-29,17.117687225341797
2014-04-30,16.891551971435547
2014-05-01,17.3143310546875
2014-05-02,17.157018661499023
2014-05-05,17.186511993408203
2014-05-06,16.537593841552734
2014-05-07,16.08531951904297
2014-05-08,16.213134765625
2014-05-09,16.51793098449707
2014-05-12,16.793228149414062
2014-05-13,16.704740524291992
2014-05-14,16.783397674560547
2014-05-15,16.724403381347656
2014-05-16,16.685075759887695
2014-05-19,16.8620548248291
2014-05-20,16.921045303344727
2014-05-21,17.088191986083984
2014-05-22,17.117687225341797
2014-05-23,17.343826293945312
2014-05-27,17.530635833740234
2014-05-28,17.56013298034668
2014-05-29,17.727279663085938
2014-05-30,17.501140594482422
2014-06-02,17.2061767578125
2014-06-03,17.530635833740234
2014-06-04,17.56013298034668
2014-06-05,17.569965362548828
2014-06-06,17.727279663085938
2014-06-09,17.904254913330078
2014-06-10,18.091064453125
2014-06-11,18.287710189819336
2014-06-12,18.15005874633789
2014-06-13,18.484350204467773
2014-06-16,18.425355911254883
2014-06-17,18.671159744262695
2014-06-18,18.857969284057617
2014-06-19,18.7596492767334
2014-06-20,18.70065689086914
2014-06-23,18.8678035736084
2014-06-24,18.808809280395508
2014-06-25,19.123437881469727
2014-06-26,19.123437881469727
2014-06-27,19.152931213378906
2014-06-30,19.25125503540039
2014-07-01,19.447895050048828
2014-07-02,19.50688934326172
2014-07-03,19.575714111328125
2014-07-07,19.133268356323242
2014-07-08,18.336868286132812
2014-07-09,18.59250259399414
2014-07-10,18.523679733276367
2014-07-11,18.582670211791992
2014-07-14,18.828475952148438
2014-07-15,18.621997833251953
2014-07-16,18.543344497680664
2014-07-17,18.20905113220215
2014-07-18,18.543344497680664
2014-07-21,18.621997833251953
2014-07-22,18.828475952148438
2014-07-23,18.95629119873047
2014-07-24,19.21192741394043
2014-07-25,19.074275970458984
2014-07-28,19.20209503173828
2014-07-29,19.320079803466797
2014-07-30,19.733028411865234
2014-07-31,19.3004150390625
2014-08-01,19.447895050048828
2014-08-04,19.762523651123047
2014-08-05,19.438064575195312
2014-08-06,19.3004150390625
2014-08-07,19.152931213378906
2014-08-08,19.241422653198242
2014-08-11,19.831348419189453
2014-08-12,19.880508422851562
2014-08-13,19.98866081237793
2014-08-14,20.027990341186523
2014-08-15,19.99849510192871
2014-08-18,20.027990341186523
2014-08-19,20.13614273071289
2014-08-20,20.116477966308594
2014-08-21,19.97882843017578
2014-08-22,20.04765510559082
2014-08-25,20.116477966308594
2014-08-26,20.214799880981445
2014-08-27,20.04765510559082
2014-08-28,19.890342712402344
2014-08-29,20.00832748413086
2014-09-02,20.145977020263672
2014-09-03,20.204965591430664
2014-09-04,20.126310348510742
2014-09-05,20.263961791992188
2014-09-08,20.263961791992188
2014-09-09,20.018157958984375
2014-09-10,20.116477966308594
2014-09-11,20.33278465270996
2014-09-12,20.25412940979004
2014-09-15,19.467559814453125
2014-09-16,19.880508422851562
2014-09-17,19.772356033325195
2014-09-18,19.919836044311523
2014-09-19,19.841182708740234
2014-09-22,19.38890266418457
2014-09-23,19.320079803466797
2014-09-24,19.526552200317383
2014-09-25,19.10377311706543
2014-09-26,19.3004150390625
2014-09-29,19.113603591918945
2014-09-30,18.926794052124023
2014-10-01,18.415525436401367
2014-10-02,18.563007354736328
2014-10-03,18.897296905517578
2014-10-06,18.877634048461914
2014-10-07,18.602336883544922
2014-10-08,18.975955963134766
2014-10-09,18.484350204467773
2014-10-10,17.91408920288086
2014-10-13,17.668285369873047
2014-10-14,17.835430145263672
2014-10-15,18.071401596069336
2014-10-16,18.06157112121582
2014-10-17,18.24837875366211
2014-10-20,18.513845443725586
2014-10-21,18.818641662597656
2014-10-22,18.45485496520996
2014-10-23,18.690824508666992
2014-10-24,18.621997833251953
2014-10-27,18.366365432739258
2014-10-28,18.661327362060547
2014-10-29,18.238548278808594
2014-10-30,18.317201614379883
2014-10-31,18.985788345336914
2014-11-03,19.50688934326172
2014-11-04,19.074275970458984
2014-11-05,18.789146423339844
2014-11-06,18.808809280395508
2014-11-07,18.818641662597656
2014-11-10,19.074275970458984
2014-11-11,19.18242835998535
2014-11-12,19.329910278320312
2014-11-13,19.10377311706543
2014-11-14,19.477392196655273
2014-11-17,18.985788345336914
2014-11-18,18.769481658935547
2014-11-19,18.543344497680664
2014-11-20,18.612167358398438
2014-11-21,18.779314041137695
2014-11-24,18.818641662597656
2014-11-25,18.818641662597656
2014-11-26,18.94645881652832
2014-11-28,18.798978805541992
2014-12-01,18.25821304321289
2014-12-02,18.24837875366211
2014-12-03,18.20905113220215
2014-12-04,18.08123207092285
2014-12-05,18.04190444946289
2014-12-08,17.648624420166016
2014-12-09,17.835430145263672
2014-12-10,17.599458694458008
2014-12-11,17.678117752075195
2014-12-12,17.707612991333008
2014-12-15,17.481477737426758
2014-12-16,17.10785675048828
2014-12-17,17.432315826416016
2014-12-18,17.973081588745117
2014-12-19,18.277877807617188
2014-12-22,18.277877807617188
2014-12-23,18.179555892944336
2014-12-24,18.02224349975586
2014-12-26,18.20905113220215
2014-12-29,17.971982955932617
2014-12-30,17.883451461791992
2014-12-31,17.72606086730957
2015-01-02,17.84410285949707
2015-01-05,17.608016967773438
2015-01-06,17.588342666625977
2015-01-07,17.5588321685791
2015-01-08,17.883451461791992
2015-01-09,17.86377716064453
2015-01-12,17.6768741607666
2015-01-13,17.68671226501465
2015-01-14,17.588342666625977
2015-01-15,17.253890991210938
2015-01-16,17.381771087646484
2015-01-20,17.33258628845215
2015-01-21,17.608016967773438
2015-01-22,17.962146759033203
2015-01-23,18.09986114501953
2015-01-26,18.031003952026367
2015-01-27,17.853939056396484
2015-01-28,17.6276912689209
2015-01-29,17.78508186340332
2015-01-30,17.588342666625977
2015-02-02,17.68671226501465
2015-02-03,18.021167755126953
2015-02-04,18.119535446166992
2015-02-05,18.316274642944336
2015-02-06,18.247413635253906
2015-02-09,18.12937355041504
2015-02-10,18.30643653869629
2015-02-11,18.414642333984375
2015-02-12,18.3851318359375
2015-02-13,18.257251739501953
2015-02-17,18.237577438354492
2015-02-18,18.30643653869629
2015-02-19,18.375295639038086
2015-02-20,18.434316635131836
2015-02-23,18.30643653869629
2015-02-24,18.36545753479004
2015-02-25,18.453990936279297
2015-02-26,18.513010025024414
2015-02-27,18.414642333984375
2015-03-02,18.52284812927246
2015-03-03,18.453990936279297
2015-03-04,18.493337631225586
2015-03-05,18.591707229614258
2015-03-06,18.394968032836914
2015-03-09,18.3851318359375
2015-03-10,18.1490478515625
2015-03-11,18.18839454650879
2015-03-12,18.257251739501953
2015-03-13,18.109699249267578
2015-03-16,18.15888214111328
2015-03-17,18.404804229736328
2015-03-18,19.014692306518555
2015-03-19,19.08354949951172
2015-03-20,18.975345611572266
2015-03-23,19.122900009155273
2015-03-24,19.2114315032959
2015-03-25,18.955671310424805
2015-03-26,18.837627410888672
2015-03-27,18.995018005371094
2015-03-30,19.073711395263672
2015-03-31,19.014692306518555
2015-04-01,18.90648651123047
2015-04-02,19.034364700317383
2015-04-06,19.309797286987305
2015-04-07,19.368820190429688
2015-04-08,19.870500564575195
2015-04-09,19.929523468017578
2015-04-10,20.086910247802734
2015-04-13,20.07707405090332
2015-04-14,20.037729263305664
2015-04-15,20.155771255493164
2015-04-16,20.342670440673828
2015-04-17,19.890174865722656
2015-04-20,20.00821876525879
2015-04-21,20.224626541137695
2015-04-22,20.46071434020996
2015-04-23,20.372180938720703
2015-04-24,20.618101119995117
2015-04-27,20.65744972229004
2015-04-28,20.313161849975586
2015-04-29,20.342670440673828
2015-04-30,19.870500564575195
2015-05-01,19.595067977905273
2015-05-04,19.67376136779785
2015-05-05,19.349145889282227
2015-05-06,19.20159339904785
2015-05-07,19.66392707824707
2015-05-08,19.850828170776367
2015-05-11,19.88033676147461
2015-05-12,19.80164337158203
2015-05-13,19.97870445251465
2015-05-14,20.21479034423828
2015-05-15,20.26397705078125
2015-05-18,20.13609504699707
2015-05-19,19.998380661010742
2015-05-20,19.97870445251465
2015-05-21,20.224626541137695
2015-05-22,20.26397705078125
2015-05-26,19.939359664916992
2015-05-27,19.968868255615234
2015-05-28,19.91968536376953
2015-05-29,19.86066246032715
2015-06-01,20.21479034423828
2015-06-02,20.411529541015625
2015-06-03,20.667287826538086
2015-06-04,20.490222930908203
2015-06-05,20.736146926879883
2015-06-08,20.313161849975586
2015-06-09,20.234464645385742
2015-06-10,20.450878143310547
2015-06-11,20.450878143310547
2015-06-12,20.50006103515625
2015-06-15,20.26397705078125
2015-06-16,20.195119857788086
2015-06-17,20.372180938720703
2015-06-18,20.50006103515625
2015-06-19,20.382017135620117
2015-06-22,20.411529541015625
2015-06-23,20.598430633544922
2015-06-24,20.549243927001953
2015-06-25,20.421367645263672
2015-06-26,20.145933151245117
2015-06-29,19.427841186523438
2015-06-30,19.713109970092773
2015-07-01,19.604904174804688
2015-07-02,19.58523178100586
2015-07-06,18.94583511352539
2015-07-07,18.719587326049805
2015-07-08,18.1490478515625
2015-07-09,18.709749221801758
2015-07-10,18.84746551513672
2015-07-13,19.132736206054688
2015-07-14,19.358983993530273
2015-07-15,18.955671310424805
2015-07-16,19.349145889282227
2015-07-17,19.74262237548828
2015-07-20,19.74262237548828
2015-07-21,19.870500564575195
2015-07-22,19.62458038330078
2015-07-23,19.62458038330078
2015-07-24,19.50653648376465
2015-07-27,18.91632080078125
2015-07-28,19.29996109008789
2015-07-29,19.142568588256836
2015-07-30,18.896648406982422
2015-07-31,18.719587326049805
2015-08-03,18.473663330078125
2015-08-04,18.542522430419922
2015-08-05,18.690074920654297
2015-08-06,18.42447853088379
2015-08-07,18.473663330078125
2015-08-10,18.78844451904297
2015-08-11,18.513010025024414
2015-08-12,18.30643653869629
2015-08-13,18.30643653869629
2015-08-14,18.434316635131836
2015-08-17,18.375295639038086
2015-08-18,18.168720245361328
2015-08-19,18.060516357421875
2015-08-20,17.499814987182617
2015-08-21,16.88008689880371
2015-08-24,16.063629150390625
2015-08-25,16.329225540161133
2015-08-26,16.830904006958008
2015-08-27,17.342422485351562
2015-08-28,17.509647369384766
2015-08-31,17.33258628845215
2015-09-01,16.830904006958008
2015-09-02,17.00796890258789
2015-09-03,17.037477493286133
2015-09-04,16.771881103515625
2015-09-08,17.116174697875977
2015-09-09,17.224380493164062
2015-09-10,17.371932983398438
2015-09-11,17.381771087646484
2015-09-14,17.342422485351562
2015-09-15,17.52932357788086
2015-09-16,17.883451461791992
2015-09-17,17.883451461791992
2015-09-18,17.70638656616211
2015-09-21,17.76540756225586
2015-09-22,17.371932983398438
2015-09-23,17.273563385009766
2015-09-24,17.24405288696289
2015-09-25,17.04731559753418
2015-09-28,16.693187713623047
2015-09-29,16.73253631591797
2015-09-30,17.20470428466797
2015-10-01,17.04731559753418
2015-10-02,17.6276912689209
2015-10-05,18.168720245361328
2015-10-06,18.031003952026367
2015-10-07,18.198230743408203
2015-10-08,18.237577438354492
2015-10-09,18.36545753479004
2015-10-12,18.18839454650879
2015-10-13,18.276926040649414
2015-10-14,18.109699249267578
2015-10-15,18.503171920776367
2015-10-16,18.86713981628418
2015-10-19,18.827791213989258
2015-10-20,18.699913024902344
2015-10-21,18.532684326171875
2015-10-22,18.75893211364746
2015-10-23,18.709749221801758
2015-10-26,18.886812210083008
2015-10-27,18.827791213989258
2015-10-28,19.093387603759766
2015-10-29,18.827791213989258
2015-10-30,18.975345611572266
2015-11-02,19.250778198242188
2015-11-03,19.41800308227539
2015-11-04,19.329471588134766
2015-11-05,19.388492584228516
2015-11-06,19.457351684570312
2015-11-09,19.221267700195312
2015-11-10,19.231101989746094
2015-11-11,19.29996109008789
2015-11-12,19.2606143951416
2015-11-13,18.91632080078125
2015-11-16,19.142568588256836
2015-11-17,19.172082901000977
2015-11-18,19.614742279052734
2015-11-19,19.752456665039062
2015-11-20,20.01805305480957
2015-11-23,19.909847259521484
2015-11-24,19.968868255615234
2015-11-25,20.067237854003906
2015-11-27,19.870500564575195
2015-11-30,19.949195861816406
2015-12-01,20.106586456298828
2015-12-02,20.126256942749023
2015-12-03,19.84099006652832
2015-12-04,19.968868255615234
2015-12-07,19.772132873535156
2015-12-08,19.821313858032227
2015-12-09,19.52621078491211
2015-12-10,19.67376136779785
2015-12-11,19.152406692504883
2015-12-14,19.33930778503418
2015-12-15,19.378658294677734
2015-12-16,19.781970977783203
2015-12-17,19.722946166992188
2015-12-18,19.486862182617188
2015-12-21,19.457351684570312
2015-12-22,19.62458038330078
2015-12-23,19.752456665039062
2015-12-24,19.614742279052734
2015-12-28,19.595067977905273
2015-12-29,19.802637100219727
2015-12-30,19.596052169799805
2015-12-31,19.546865463256836
2016-01-04,18.986133575439453
2016-01-05,19.173044204711914
2016-01-06,18.956623077392578
2016-01-07,18.26800537109375
2016-01-08,17.96304702758789
2016-01-11,17.717113494873047
2016-01-12,17.80565071105957
2016-01-13,17.431827545166016
2016-01-14,17.717113494873047
2016-01-15,17.16621971130371
2016-01-19,17.156381607055664
2016-01-20,16.79239845275879
2016-01-21,16.880935668945312
2016-01-22,17.431827545166016
2016-01-25,17.362966537475586
2016-01-26,17.461339950561523
2016-01-27,17.323617935180664
2016-01-28,17.58922576904297
2016-01-29,17.972885131835938
2016-02-01,18.26800537109375
2016-02-02,17.815486907958984
2016-02-03,17.540040969848633
2016-02-04,17.628576278686523
2016-02-05,16.31036949157715
2016-02-08,15.907035827636719
2016-02-09,15.670939445495605
2016-02-10,15.779150009155273
2016-02-11,15.543052673339844
2016-02-12,15.62175178527832
2016-02-16,16.261180877685547
2016-02-17,16.56614112854004
2016-02-18,16.575977325439453
2016-02-19,16.723539352416992
2016-02-22,17.176055908203125
2016-02-23,16.900609970092773
2016-02-24,17.04817008972168
2016-02-25,16.949796676635742
2016-02-26,16.969472885131836
2016-02-29,17.067846298217773
2016-03-01,17.323617935180664
2016-03-02,17.530202865600586
2016-03-03,17.490854263305664
2016-03-04,17.648252487182617
2016-03-07,17.569551467895508
2016-03-08,17.33345603942871
2016-03-09,17.274429321289062
2016-03-10,17.16621971130371
2016-03-11,17.599063873291016
2016-03-14,17.815486907958984
2016-03-15,17.481016159057617
2016-03-16,17.736787796020508
2016-03-17,17.96304702758789
2016-03-18,18.002395629882812
2016-03-21,18.031909942626953
2016-03-22,18.13028335571289
2016-03-23,17.854835510253906
2016-03-24,17.92369842529297
2016-03-28,17.766300201416016
2016-03-29,17.972885131835938
2016-03-30,18.13028335571289
2016-03-31,18.120445251464844
2016-04-01,18.051584243774414
2016-04-04,18.06142234802246
2016-04-05,17.87451171875
2016-04-06,18.159793853759766
2016-04-07,18.031909942626953
2016-04-08,17.943370819091797
2016-04-11,17.972885131835938
2016-04-12,18.17947006225586
2016-04-13,18.533615112304688
2016-04-14,18.513938903808594
2016-04-15,18.395893096923828
2016-04-18,18.563127517700195
2016-04-19,18.55329132080078
2016-04-20,18.651662826538086
2016-04-21,18.641826629638672
2016-04-22,18.43524169921875
2016-04-25,18.35654067993164
2016-04-26,18.445079803466797
2016-04-27,18.238494873046875
2016-04-28,18.366378784179688
2016-04-29,18.327030181884766
2016-05-02,18.425403594970703
2016-05-03,18.110607147216797
2016-05-04,18.140119552612305
2016-05-05,18.189308166503906
2016-05-06,18.327030181884766
2016-05-09,18.169631958007812
2016-05-10,18.52377700805664
2016-05-11,18.48442840576172
2016-05-12,18.376216888427734
2016-05-13,18.50410270690918
2016-05-16,18.69101333618164
2016-05-17,18.77954864501953
2016-05-18,18.592639923095703
2016-05-19,18.445079803466797
2016-05-20,18.641826629638672
2016-05-23,18.622150421142578
2016-05-24,18.868087768554688
2016-05-25,18.986133575439453
2016-05-26,19.025484085083008
2016-05-27,19.32060432434082
2016-05-31,19.615726470947266
2016-06-01,19.556699752807617
2016-06-02,19.586214065551758
2016-06-03,19.635400772094727
2016-06-06,19.77312469482422
2016-06-07,19.74361228942871
2016-06-08,19.822309494018555
2016-06-09,19.763286590576172
2016-06-10,19.173044204711914
2016-06-13,19.930522918701172
2016-06-14,19.96986961364746
2016-06-15,20.186294555664062
2016-06-16,20.09775733947754
2016-06-17,19.9993839263916
2016-06-20,20.28466796875
2016-06-21,20.33385467529297
2016-06-22,20.30434226989746
2016-06-23,20.707674026489258
2016-06-24,20.038734436035156
2016-06-27,19.46816635131836
2016-06-28,19.9993839263916
2016-06-29,20.33385467529297
2016-06-30,20.589628219604492
2016-07-01,20.678163528442383
2016-07-05,20.589628219604492
2016-07-06,20.599464416503906
2016-07-07,20.815885543823242
2016-07-08,21.101171493530273
2016-07-11,21.229055404663086
2016-07-12,21.35694122314453
2016-07-13,21.1208438873291
2016-07-14,21.238893508911133
2016-07-15,21.071657180786133
2016-07-18,21.307754516601562
2016-07-19,21.297916412353516
2016-07-20,21.307754516601562
2016-07-21,21.238893508911133
2016-07-22,21.35694122314453
2016-07-25,21.406129837036133
2016-07-26,21.563526153564453
2016-07-27,21.396291732788086
2016-07-28,21.691410064697266
2016-07-29,21.701248168945312
2016-08-01,21.730762481689453
2016-08-02,21.563526153564453
2016-08-03,21.78978729248047
2016-08-04,22.04555892944336
2016-08-05,22.153770446777344
2016-08-08,22.153770446777344
2016-08-09,22.62596321105957
2016-08-10,22.871898651123047
2016-08-11,23.157180786132812
2016-08-12,23.078481674194336
2016-08-15,23.521163940429688
2016-08-16,23.32441520690918
2016-08-17,23.25555419921875
2016-08-18,23.1473445892334
2016-08-19,23.107994079589844
2016-08-22,23.039133071899414
2016-08-23,23.18669319152832
2016-08-24,22.891571044921875
2016-08-25,22.921083450317383
2016-08-26,23.068645477294922
2016-08-29,23.245718002319336
2016-08-30,23.216205596923828
2016-08-31,23.35392951965332
2016-09-01,23.531002044677734
2016-09-02,23.668725967407227
2016-09-06,24.19994354248047
2016-09-07,24.140920639038086
2016-09-08,24.1015682220459
2016-09-09,23.481815338134766
2016-09-12,23.786773681640625
2016-09-13,23.47197723388672
2016-09-14,23.590024948120117
2016-09-15,23.89498519897461
2016-09-16,23.91465950012207
2016-09-19,23.885147094726562
2016-09-20,23.885147094726562
2016-09-21,24.2688045501709
2016-09-22,24.47538948059082
2016-09-23,24.770509719848633
2016-09-26,24.701650619506836
2016-09-27,25.05579376220703
2016-09-28,25.065631866455078
2016-09-29,24.809860229492188
2016-09-30,24.839372634887695
2016-10-03,25.05579376220703
2016-10-04,25.095144271850586
2016-10-05,25.311565399169922
2016-10-06,24.534414291381836
2016-10-07,24.38685417175293
2016-10-10,24.416364669799805
2016-10-11,24.042545318603516
2016-10-12,23.96384620666504
2016-10-13,23.87531089782715
2016-10-14,23.481815338134766
2016-10-17,23.452302932739258
2016-10-18,23.70807456970215
2016-10-19,23.826122283935547
2016-10-20,23.717912673950195
2016-10-21,23.776935577392578
2016-10-24,23.944169998168945
2016-10-25,23.80644989013672
2016-10-26,23.590024948120117
2016-10-27,23.35392951965332
2016-10-28,23.344091415405273
2016-10-31,23.11783218383789
2016-11-01,22.871898651123047
2016-11-02,22.527587890625
2016-11-03,22.330842971801758
2016-11-04,22.360353469848633
2016-11-07,22.88173484802246
2016-11-08,22.970272064208984
2016-11-09,23.157180786132812
2016-11-10,22.5767765045166
2016-11-11,22.47840118408203
2016-11-14,21.94718360900879
2016-11-15,22.399703979492188
2016-11-16,21.740598678588867
2016-11-17,22.43905258178711
2016-11-18,22.261980056762695
2016-11-21,22.586612701416016
2016-11-22,22.753847122192383
2016-11-23,22.72433853149414
2016-11-25,22.635799407958984
2016-11-28,22.734174728393555
2016-11-29,22.76368522644043
2016-11-30,22.586612701416016
2016-12-01,22.035720825195312
2016-12-02,22.094743728637695
2016-12-05,22.291492462158203
2016-12-06,22.212791442871094
2016-12-07,22.616125106811523
2016-12-08,22.783361434936523
2016-12-09,22.69482421875
2016-12-12,22.30133056640625
2016-12-13,22.537425994873047
2016-12-14,22.173444747924805
2016-12-15,21.986534118652344
2016-12-16,21.78978729248047
2016-12-19,21.62255096435547
2016-12-20,21.779949188232422
2016-12-21,21.67173957824707
2016-12-22,21.33726692199707
2016-12-23,21.396291732788086
2016-12-27,21.5733642578125
2016-12-28,21.404844284057617
2016-12-29,21.4245548248291
2016-12-30,21.306297302246094
2017-01-03,21.503393173217773
2017-01-04,21.868024826049805
2017-01-05,22.784530639648438
2017-01-06,22.459320068359375
2017-01-09,22.68598175048828
2017-01-10,22.7451114654541
2017-01-11,22.784530639648438
2017-01-12,22.774677276611328
2017-01-13,22.991483688354492
2017-01-17,22.952064514160156
2017-01-18,22.971773147583008
2017-01-19,22.883079528808594
2017-01-20,22.81409454345703
2017-01-23,23.247711181640625
2017-01-24,23.237855911254883
2017-01-25,23.484228134155273
2017-01-26,23.39553451538086
2017-01-27,23.27727699279785
2017-01-30,22.98162841796875
2017-01-31,23.257566452026367
2017-02-01,23.28713035583496
2017-02-02,23.44481086730957
2017-02-03,23.484228134155273
2017-02-06,23.602487564086914
2017-02-07,23.69118309020996
2017-02-08,23.94740867614746
2017-02-09,23.651762008666992
2017-02-10,23.39553451538086
2017-02-13,23.5137939453125
2017-02-14,23.64190673828125
2017-02-15,23.81929588317871
2017-02-16,24.026247024536133
2017-02-17,24.13465118408203
2017-02-21,24.243057250976562
2017-02-22,24.42044448852539
2017-02-23,23.99668312072754
2017-02-24,23.99668312072754
2017-02-27,24.045957565307617
2017-02-28,23.839006423950195
2017-03-01,24.19378089904785
2017-03-02,23.75031089782715
2017-03-03,23.93755531311035
2017-03-06,23.8784236907959
2017-03-07,23.839006423950195
2017-03-08,24.085378646850586
2017-03-09,23.88827896118164
2017-03-10,23.957263946533203
2017-03-13,24.11494255065918
2017-03-14,23.957263946533203
2017-03-15,24.095233917236328
2017-03-16,24.321895599365234
2017-03-17,24.400733947753906
2017-03-20,24.41058921813965
2017-03-21,23.88827896118164
2017-03-22,24.144506454467773
2017-03-23,24.203636169433594
2017-03-24,24.351459503173828
2017-03-27,24.450008392333984
2017-03-28,24.440153121948242
2017-03-29,24.58797836303711
2017-03-30,24.54855728149414
2017-03-31,24.440153121948242
2017-04-03,24.59783172607422
2017-04-04,24.459863662719727
2017-04-05,24.371170043945312
2017-04-06,24.371170043945312
2017-04-07,24.331750869750977
2017-04-10,24.390878677368164
2017-04-11,24.223346710205078
2017-04-12,24.321895599365234
2017-04-13,24.252910614013672
2017-04-17,24.46971893310547
2017-04-18,24.430299758911133
2017-04-19,24.54855728149414
2017-04-20,24.923044204711914
2017-04-21,24.873769760131836
2017-04-24,25.159563064575195
2017-04-25,25.346803665161133
2017-04-26,25.603031158447266
2017-04-27,26.0465030670166
2017-04-28,26.17461585998535
2017-05-01,26.51953887939453
2017-05-02,26.884170532226562
2017-05-03,26.795475006103516
2017-05-04,26.795475006103516
2017-05-05,27.05170440673828
2017-05-08,27.130542755126953
2017-05-09,27.278366088867188
2017-05-10,27.268510818481445
2017-05-11,27.00242805480957
2017-05-12,27.317785263061523
2017-05-15,27.741544723510742
2017-05-16,28.529937744140625
2017-05-17,27.60357666015625
2017-05-18,28.135740280151367
2017-05-19,28.25400161743164
2017-05-22,28.589067459106445
2017-05-23,28.26385498046875
2017-05-24,28.2441463470459
2017-05-25,28.401823043823242
2017-05-26,28.50037384033203
2017-05-30,28.352550506591797
2017-05-31,28.07661247253418
2017-06-01,28.32298469543457
2017-06-02,28.391969680786133
2017-06-05,28.50037384033203
2017-06-06,28.411678314208984
2017-06-07,28.50037384033203
2017-06-08,28.579212188720703
2017-06-09,27.869659423828125
2017-06-12,27.623287200927734
2017-06-13,27.72183609008789
2017-06-14,27.5838680267334
2017-06-15,27.386770248413086
2017-06-16,27.436044692993164
2017-06-19,28.01748275756836
2017-06-20,27.918933868408203
2017-06-21,28.26385498046875
2017-06-22,28.411678314208984
2017-06-23,28.579212188720703
2017-06-26,28.520084381103516
2017-06-27,28.066757202148438
2017-06-28,28.313129425048828
2017-06-29,27.849950790405273
2017-06-30,27.869659423828125
2017-07-03,27.672561645507812
2017-07-05,27.623287200927734
2017-07-06,27.505027770996094
2017-07-07,27.682416915893555
2017-07-10,27.918933868408203
2017-07-11,28.224435806274414
2017-07-12,28.80587387084961
2017-07-13,29.10152244567871
2017-07-14,29.28876495361328
2017-07-17,29.22963523864746
2017-07-18,29.544992446899414
2017-07-19,29.801219940185547
2017-07-20,29.75194549560547
2017-07-21,29.64354133605957
2017-07-24,29.968753814697266
2017-07-25,29.88991355895996
2017-07-26,29.88991355895996
2017-07-27,29.28876495361328
2017-07-28,29.43659019470215
2017-07-31,29.209924697875977
2017-08-01,29.27890968322754
2017-08-02,28.924135208129883
2017-08-03,29.131086349487305
2017-08-04,29.32818603515625
2017-08-07,29.93918800354004
2017-08-08,29.899768829345703
2017-08-09,29.94904327392578
2017-08-10,28.943843841552734
2017-08-11,28.7960205078125
2017-08-14,29.52528190612793
2017-08-15,29.377458572387695
2017-08-16,29.850496292114258
2017-08-17,29.535137176513672
2017-08-18,29.653396606445312
2017-08-21,29.732234954833984
2017-08-22,29.860349655151367
2017-08-23,30.1165771484375
2017-08-24,29.94904327392578
2017-08-25,29.712526321411133
2017-08-28,29.57455825805664
2017-08-29,29.68296241760254
2017-08-30,30.0081729888916
2017-08-31,30.48120880126953
2017-09-01,30.658597946166992
2017-09-05,30.382659912109375
2017-09-06,30.55019187927246
2017-09-07,30.973953247070312
2017-09-08,30.796566009521484
2017-09-11,31.26959991455078
2017-09-12,31.427278518676758
2017-09-13,31.30902099609375
2017-09-14,31.30902099609375
2017-09-15,31.368148803710938
2017-09-18,31.37800407409668
2017-09-19,31.4371337890625
2017-09-20,31.220325469970703
2017-09-21,31.171051025390625
2017-09-22,31.249889373779297
2017-09-25,30.34324073791504
2017-09-26,30.402368545532227
2017-09-27,30.757144927978516
2017-09-28,30.688159942626953
2017-09-29,30.954242706298828
2017-10-02,31.21047019958496
2017-10-03,31.683507919311523
2017-10-04,31.55539321899414
2017-10-05,31.722925186157227
2017-10-06,31.62437629699707
2017-10-09,31.575103759765625
2017-10-10,31.37800407409668
2017-10-11,31.7327823638916
2017-10-12,31.87074851989746
2017-10-13,32.067848205566406
2017-10-16,32.02842712402344
2017-10-17,31.88060188293457
2017-10-18,31.949586868286133
2017-10-19,31.545536041259766
2017-10-20,31.368148803710938
2017-10-23,31.08235740661621
2017-10-24,31.240036010742188
2017-10-25,30.914825439453125
2017-10-26,31.387859344482422
2017-10-27,32.077701568603516
2017-10-30,32.067848205566406
2017-10-31,32.255088806152344
2017-11-01,32.43247985839844
2017-11-02,32.08755874633789
2017-11-03,32.23537826538086
2017-11-06,32.53102493286133
2017-11-07,32.33393096923828
2017-11-08,32.26494598388672
2017-11-09,32.08755874633789
2017-11-10,31.890459060668945
2017-11-13,32.03828048706055
2017-11-14,32.00871658325195
2017-11-15,32.117122650146484
2017-11-16,32.787254333496094
2017-11-17,33.260292053222656
2017-11-20,33.52637481689453
2017-11-21,34.02897262573242
2017-11-22,34.09795379638672
2017-11-24,34.176795959472656
2017-11-27,33.73332595825195
2017-11-28,33.65448760986328
2017-11-29,32.58030319213867
2017-11-30,32.402915954589844
2017-12-01,31.8411865234375
2017-12-04,31.545536041259766
2017-12-05,31.66379737854004
2017-12-06,31.742633819580078
2017-12-07,32.14668655395508
2017-12-08,32.324073791503906
2017-12-11,33.013916015625
2017-12-12,32.55073547363281
2017-12-13,32.856239318847656
2017-12-14,32.91537094116211
2017-12-15,32.856239318847656
2017-12-18,33.723472595214844
2017-12-19,33.644630432128906
2017-12-20,33.565792083740234
2017-12-21,33.684051513671875
2017-12-22,33.47710037231445
2017-12-26,33.30956268310547
2017-12-27,33.279998779296875
2017-12-28,33.189998626708984
2017-12-29,32.95000076293945
2018-01-02,34.040000915527344
2018-01-03,34.349998474121094
2018-01-04,34.380001068115234
2018-01-05,34.720001220703125
2018-01-08,34.91999816894531
2018-01-09,34.709999084472656
2018-01-10,34.52000045776367
2018-01-11,34.619998931884766
2018-01-12,34.900001525878906
2018-01-16,34.400001525878906
2018-01-17,34.83000183105469
2018-01-18,34.849998474121094
2018-01-19,35.04999923706055
2018-01-22,35.349998474121094
2018-01-23,35.77000045776367
2018-01-24,35.56999969482422
2018-01-25,35.4900016784668
2018-01-26,36.220001220703125
2018-01-29,36.029998779296875
2018-01-30,35.7400016784668
2018-01-31,35.880001068115234
2018-02-01,36.34000015258789
2018-02-02,35.31999969482422
2018-02-05,33.95000076293945
2018-02-06,34.439998626708984
2018-02-07,35.25
2018-02-08,34.02000045776367
2018-02-09,34.84000015258789
2018-02-12,35.34000015258789
2018-02-13,36.0099983215332
2018-02-14,37.18000030517578
2018-02-15,37.58000183105469
2018-02-16,37.45000076293945
2018-02-20,37.369998931884766
2018-02-21,37.529998779296875
2018-02-22,37.0099983215332
2018-02-23,37.849998474121094
2018-02-26,37.65999984741211
2018-02-27,36.720001220703125
2018-02-28,36.599998474121094
2018-03-01,36.22999954223633
2018-03-02,36.88999938964844
2018-03-05,37.439998626708984
2018-03-06,37.68000030517578
2018-03-07,38.349998474121094
2018-03-08,38.16999816894531
2018-03-09,38.68000030517578
2018-03-12,38.72999954223633
2018-03-13,38.040000915527344
2018-03-14,38.63999938964844
2018-03-15,38.65999984741211
2018-03-16,38.369998931884766
2018-03-19,37.599998474121094
2018-03-20,37.27000045776367
2018-03-21,37.5
2018-03-22,35.75
2018-03-23,35.43000030517578
2018-03-26,36.0
2018-03-27,34.349998474121094
2018-03-28,33.939998626708984
2018-03-29,34.61000061035156
2018-04-02,33.58000183105469
2018-04-03,33.439998626708984
2018-04-04,33.7599983215332
2018-04-05,34.02000045776367
2018-04-06,33.43000030517578
2018-04-09,33.43000030517578
2018-04-10,34.130001068115234
2018-04-11,34.29999923706055
2018-04-12,33.900001525878906
2018-04-13,33.58000183105469
2018-04-16,33.61000061035156
2018-04-17,34.630001068115234
2018-04-18,34.599998474121094
2018-04-19,34.61000061035156
2018-04-20,34.369998931884766
2018-04-23,34.220001220703125
2018-04-24,33.560001373291016
2018-04-25,33.09000015258789
2018-04-26,33.869998931884766
2018-04-27,33.56999969482422
2018-04-30,33.84000015258789
2018-05-01,33.38999938964844
2018-05-02,33.220001220703125
2018-05-03,33.130001068115234
2018-05-04,33.369998931884766
2018-05-07,33.7599983215332
2018-05-08,34.11000061035156
2018-05-09,34.130001068115234
2018-05-10,34.7599983215332
2018-05-11,34.599998474121094
2018-05-14,34.65999984741211
2018-05-15,34.2599983215332
2018-05-16,34.459999084472656
2018-05-17,34.310001373291016
2018-05-18,34.2599983215332
2018-05-21,34.400001525878906
2018-05-22,34.189998626708984
2018-05-23,34.380001068115234
2018-05-24,34.290000915527344
2018-05-25,34.27000045776367
2018-05-29,34.20000076293945
2018-05-30,34.59000015258789
2018-05-31,34.939998626708984
2018-06-01,35.7599983215332
2018-06-04,36.290000915527344
2018-06-05,36.70000076293945
2018-06-06,36.59000015258789
2018-06-07,36.2400016784668
2018-06-08,36.59000015258789
2018-06-11,36.90999984741211
2018-06-12,37.349998474121094
2018-06-13,37.33000183105469
2018-06-14,38.0
2018-06-15,37.779998779296875
2018-06-18,37.68000030517578
2018-06-19,36.959999084472656
2018-06-20,37.31999969482422
2018-06-21,36.91999816894531
2018-06-22,37.18000030517578
2018-06-25,36.060001373291016
2018-06-26,36.08000183105469
2018-06-27,35.18000030517578
2018-06-28,35.540000915527344
2018-06-29,35.56999969482422
2018-07-02,35.779998779296875
2018-07-03,35.459999084472656
2018-07-05,35.869998931884766
2018-07-06,36.66999816894531
2018-07-09,36.869998931884766
2018-07-10,36.33000183105469
2018-07-11,36.09000015258789
2018-07-12,36.91999816894531
2018-07-13,36.689998626708984
2018-07-16,36.560001373291016
2018-07-17,36.810001373291016
2018-07-18,36.599998474121094
2018-07-19,36.189998626708984
2018-07-20,36.349998474121094
2018-07-23,36.38999938964844
2018-07-24,35.95000076293945
2018-07-25,37.040000915527344
2018-07-26,35.75
2018-07-27,34.27000045776367
2018-07-30,33.08000183105469
2018-07-31,32.970001220703125
2018-08-01,32.81999969482422
2018-08-02,33.0
2018-08-03,33.06999969482422
2018-08-06,33.279998779296875
2018-08-07,33.369998931884766
2018-08-08,33.099998474121094
2018-08-09,33.310001373291016
2018-08-10,33.27000045776367
2018-08-13,32.93000030517578
2018-08-14,32.63999938964844
2018-08-15,31.719999313354492
2018-08-16,31.889999389648438
2018-08-17,32.08000183105469
2018-08-20,32.25
2018-08-21,32.56999969482422
2018-08-22,32.79999923706055
2018-08-23,32.7599983215332
2018-08-24,33.04999923706055
2018-08-27,33.689998626708984
2018-08-28,33.650001525878906
2018-08-29,33.630001068115234
2018-08-30,33.09000015258789
2018-08-31,33.06999969482422
2018-09-04,32.900001525878906
2018-09-05,31.770000457763672
2018-09-06,31.280000686645508
2018-09-07,31.31999969482422
2018-09-10,31.09000015258789
2018-09-11,31.399999618530273
2018-09-12,31.200000762939453
2018-09-13,31.809999465942383
2018-09-14,31.8799991607666
2018-09-17,31.329999923706055
2018-09-18,31.770000457763672
2018-09-19,32.0099983215332
2018-09-20,32.43000030517578
2018-09-21,32.04999923706055
2018-09-24,31.84000015258789
2018-09-25,32.25
2018-09-26,32.29999923706055
2018-09-27,32.36000061035156
2018-09-28,31.899999618530273
2018-10-01,31.739999771118164
2018-10-02,31.239999771118164
2018-10-03,31.479999542236328
2018-10-04,30.65999984741211
2018-10-05,30.40999984741211
2018-10-08,30.260000228881836
2018-10-09,30.0
2018-10-10,28.510000228881836
2018-10-11,28.639999389648438
2018-10-12,29.639999389648438
2018-10-15,29.479999542236328
2018-10-16,30.3799991607666
2018-10-17,29.860000610351562
2018-10-18,28.979999542236328
2018-10-19,28.59000015258789
2018-10-22,28.899999618530273
2018-10-23,28.610000610351562
2018-10-24,27.290000915527344
2018-10-25,28.420000076293945
2018-10-26,27.940000534057617
2018-10-29,27.360000610351562
2018-10-30,28.15999984741211
2018-10-31,29.040000915527344
2018-11-01,29.829999923706055
2018-11-02,29.8799991607666
2018-11-05,29.670000076293945
2018-11-06,29.90999984741211
2018-11-07,30.139999389648438
2018-11-08,29.459999084472656
2018-11-09,28.6200008392334
2018-11-12,27.770000457763672
2018-11-13,28.110000610351562
2018-11-14,28.5
2018-11-15,28.850000381469727
2018-11-16,28.75
2018-11-19,27.739999771118164
2018-11-20,27.350000381469727
2018-11-21,28.059999465942383
2018-11-23,27.860000610351562
2018-11-26,28.770000457763672
2018-11-27,28.780000686645508
2018-11-28,29.440000534057617
2018-11-29,29.350000381469727
2018-11-30,29.329999923706055
2018-12-03,30.049999237060547
2018-12-04,29.190000534057617
2018-12-06,28.969999313354492
2018-12-07,28.760000228881836
2018-12-10,28.760000228881836
2018-12-11,29.020000457763672
2018-12-12,29.799999237060547
2018-12-13,29.469999313354492
2018-12-14,29.270000457763672
2018-12-17,28.350000381469727
2018-12-18,28.450000762939453
2018-12-19,27.90999984741211
2018-12-20,27.34000015258789
2018-12-21,26.739999771118164
2018-12-24,26.600000381469727
2018-12-26,27.5
2018-12-27,27.65999984741211
2018-12-28,27.59000015258789
2018-12-31,27.549999237060547
2019-01-02,27.639999389648438
2019-01-03,27.030000686645508
2019-01-04,28.489999771118164
2019-01-07,29.040000915527344
2019-01-08,29.149999618530273
2019-01-09,29.809999465942383
2019-01-10,29.860000610351562
2019-01-11,29.479999542236328
2019-01-14,29.209999084472656
2019-01-15,29.68000030517578
2019-01-16,29.889999389648438
2019-01-17,30.110000610351562
2019-01-18,30.700000762939453
2019-01-22,29.68000030517578
2019-01-23,29.559999465942383
2019-01-24,29.8799991607666
2019-01-25,30.649999618530273
2019-01-28,30.520000457763672
2019-01-29,30.139999389648438
2019-01-30,30.739999771118164
2019-01-31,31.389999389648438
2019-02-01,31.270000457763672
2019-02-04,31.549999237060547
2019-02-05,31.8700008392334
2019-02-06,31.540000915527344
2019-02-07,30.639999389648438
2019-02-08,30.729999542236328
2019-02-11,30.850000381469727
2019-02-12,31.079999923706055
2019-02-13,31.170000076293945
2019-02-14,31.139999389648438
2019-02-15,30.93000030517578
2019-02-19,31.200000762939453
2019-02-20,31.149999618530273
2019-02-21,30.760000228881836
2019-02-22,31.3700008392334
2019-02-25,31.559999465942383
2019-02-26,31.520000457763672
2019-02-27,31.149999618530273
2019-02-28,31.200000762939453
2019-03-01,31.239999771118164
2019-03-04,31.440000534057617
2019-03-05,32.220001220703125
2019-03-06,31.989999771118164
2019-03-07,31.219999313354492
2019-03-08,31.06999969482422
2019-03-11,31.700000762939453
2019-03-12,31.719999313354492
2019-03-13,31.93000030517578
2019-03-14,31.760000228881836
2019-03-15,31.950000762939453
2019-03-18,31.979999542236328
2019-03-19,32.0
2019-03-20,32.25
2019-03-21,32.380001068115234
2019-03-22,31.850000381469727
2019-03-25,31.739999771118164
2019-03-26,31.8799991607666
2019-03-27,31.489999771118164
2019-03-28,31.6200008392334
2019-03-29,31.899999618530273
2019-04-01,32.45000076293945
2019-04-02,32.56999969482422
2019-04-03,32.95000076293945
2019-04-04,32.939998626708984
2019-04-05,33.2400016784668
2019-04-08,33.25
2019-04-09,33.290000915527344
2019-04-10,33.25
2019-04-11,33.15999984741211
2019-04-12,33.380001068115234
2019-04-15,33.290000915527344
2019-04-16,33.380001068115234
2019-04-17,33.25
2019-04-18,33.20000076293945
2019-04-22,33.310001373291016
2019-04-23,34.2599983215332
2019-04-24,33.88999938964844
2019-04-25,33.880001068115234
2019-04-26,33.77000045776367
2019-04-29,34.2599983215332
2019-04-30,34.13999938964844
2019-05-01,34.06999969482422
2019-05-02,34.0
2019-05-03,34.599998474121094
2019-05-06,34.22999954223633
2019-05-07,33.29999923706055
2019-05-08,33.61000061035156
2019-05-09,33.119998931884766
2019-05-10,33.20000076293945
2019-05-13,32.040000915527344
2019-05-14,32.25
2019-05-15,32.66999816894531
2019-05-16,33.08000183105469
2019-05-17,32.209999084472656
2019-05-20,31.670000076293945
2019-05-21,31.84000015258789
2019-05-22,31.770000457763672
2019-05-23,31.040000915527344
2019-05-24,31.219999313354492
2019-05-28,31.030000686645508
2019-05-29,30.899999618530273
2019-05-30,31.040000915527344
2019-05-31,30.760000228881836
2019-06-03,30.110000610351562
2019-06-04,30.8700008392334
2019-06-05,30.75
2019-06-06,31.049999237060547
2019-06-07,31.68000030517578
2019-06-10,31.959999084472656
2019-06-11,32.119998931884766
2019-06-12,31.860000610351562
2019-06-13,31.93000030517578
2019-06-14,31.6299991607666
2019-06-17,31.770000457763672
2019-06-18,32.27000045776367
2019-06-19,32.16999816894531
2019-06-20,32.439998626708984
2019-06-21,32.33000183105469
2019-06-24,32.5099983215332
2019-06-25,31.75
2019-06-26,31.940000534057617
2019-06-27,32.18000030517578
2019-06-28,32.16999816894531
2019-07-01,32.7599983215332
2019-07-02,32.7599983215332
2019-07-03,32.83000183105469
2019-07-05,32.939998626708984
2019-07-08,32.630001068115234
2019-07-09,32.95000076293945
2019-07-10,33.290000915527344
2019-07-11,33.150001525878906
2019-07-12,33.45000076293945
2019-07-15,33.58000183105469
2019-07-16,33.38999938964844
2019-07-17,33.060001373291016
2019-07-18,32.91999816894531
2019-07-19,32.709999084472656
2019-07-22,32.83000183105469
2019-07-23,33.2400016784668
2019-07-24,33.79999923706055
2019-07-25,33.720001220703125
2019-07-26,34.349998474121094
2019-07-29,34.16999816894531
2019-07-30,33.939998626708984
2019-07-31,33.779998779296875
2019-08-01,33.40999984741211
2019-08-02,33.279998779296875
2019-08-05,31.809999465942383
2019-08-06,32.150001525878906
2019-08-07,32.70000076293945
2019-08-08,33.27000045776367
2019-08-09,32.90999984741211
2019-08-12,32.220001220703125
2019-08-13,32.88999938964844
2019-08-14,31.829999923706055
2019-08-15,31.799999237060547
2019-08-16,32.29999923706055
2019-08-19,32.79999923706055
2019-08-20,32.84000015258789
2019-08-21,33.0
2019-08-22,32.83000183105469
2019-08-23,32.119998931884766
2019-08-26,32.36000061035156
2019-08-27,32.470001220703125
2019-08-28,32.400001525878906
2019-08-29,32.81999969482422
2019-08-30,32.86000061035156
2019-09-03,32.709999084472656
2019-09-04,33.22999954223633
2019-09-05,33.5
2019-09-06,33.68000030517578
2019-09-09,33.459999084472656
2019-09-10,33.2599983215332
2019-09-11,33.459999084472656
2019-09-12,33.619998931884766
2019-09-13,33.689998626708984
2019-09-16,33.58000183105469
2019-09-17,33.709999084472656
2019-09-18,33.689998626708984
2019-09-19,33.630001068115234
2019-09-20,33.4900016784668
2019-09-23,33.310001373291016
2019-09-24,32.4900016784668
2019-09-25,32.790000915527344
2019-09-26,32.779998779296875
2019-09-27,31.8700008392334
2019-09-30,31.93000030517578
2019-10-01,31.790000915527344
2019-10-02,31.350000381469727
2019-10-03,31.889999389648438
2019-10-04,32.0
2019-10-07,32.08000183105469
2019-10-08,31.670000076293945
2019-10-09,31.709999084472656
2019-10-10,31.790000915527344
2019-10-11,31.950000762939453
2019-10-14,31.8700008392334
2019-10-15,32.349998474121094
2019-10-16,32.29999923706055
2019-10-17,32.18000030517578
2019-10-18,31.770000457763672
2019-10-21,32.459999084472656
2019-10-22,31.850000381469727
2019-10-23,31.90999984741211
2019-10-24,31.290000915527344
2019-10-25,31.170000076293945
2019-10-28,31.739999771118164
2019-10-29,31.489999771118164
2019-10-30,31.600000381469727
2019-10-31,31.780000686645508
2019-11-01,32.33000183105469
2019-11-04,32.65999984741211
2019-11-05,32.38999938964844
2019-11-06,31.989999771118164
2019-11-07,32.58000183105469
2019-11-08,32.4900016784668
2019-11-11,32.619998931884766
2019-11-12,32.45000076293945
2019-11-13,32.349998474121094
2019-11-14,32.380001068115234
2019-11-15,32.40999984741211
2019-11-18,32.77000045776367
2019-11-19,32.66999816894531
2019-11-20,32.459999084472656
2019-11-21,32.650001525878906
2019-11-22,32.84000015258789
2019-11-25,33.29999923706055
2019-11-26,33.25
2019-11-27,33.400001525878906
2019-11-29,33.209999084472656
2019-12-02,32.779998779296875
2019-12-03,32.5099983215332
2019-12-04,32.720001220703125
2019-12-05,32.810001373291016
2019-12-06,33.119998931884766
2019-12-09,32.790000915527344
2019-12-10,32.709999084472656
2019-12-11,32.939998626708984
2019-12-12,33.25
2019-12-13,33.290000915527344
2019-12-16,33.75
2019-12-17,33.79999923706055
2019-12-18,33.97999954223633
2019-12-19,34.279998779296875
2019-12-20,34.38999938964844
2019-12-23,34.56999969482422
2019-12-24,34.5099983215332
2019-12-26,34.75
2019-12-27,34.86000061035156
2019-12-30,34.68000030517578
2019-12-31,34.63999938964844
2020-01-02,35.529998779296875
2020-01-03,35.279998779296875
2020-01-06,35.47999954223633
2020-01-07,35.81999969482422
2020-01-08,36.11000061035156
2020-01-09,36.58000183105469
2020-01-10,36.65999984741211
2020-01-13,37.20000076293945
2020-01-14,37.02000045776367
2020-01-15,37.15999984741211
2020-01-16,37.4900016784668
2020-01-17,37.599998474121094
2020-01-21,36.91999816894531
2020-01-22,36.970001220703125
2020-01-23,36.79999923706055
2020-01-24,36.16999816894531
2020-01-27,35.5099983215332
2020-01-28,35.91999816894531
2020-01-29,36.15999984741211
2020-01-30,35.70000076293945
2020-01-31,34.79999923706055
2020-02-03,35.5
2020-02-04,36.47999954223633
2020-02-05,35.79999923706055
2020-02-06,36.79999923706055
2020-02-07,36.529998779296875
2020-02-10,36.599998474121094
2020-02-11,36.54999923706055
2020-02-12,37.02000045776367
2020-02-13,37.099998474121094
2020-02-14,36.900001525878906
2020-02-18,36.849998474121094
2020-02-19,37.06999969482422
2020-02-20,36.79999923706055
2020-02-21,36.33000183105469
2020-02-24,35.08000183105469
2020-02-25,34.56999969482422
2020-02-26,34.599998474121094
2020-02-27,33.220001220703125
2020-02-28,32.779998779296875
2020-03-02,33.97999954223633
2020-03-03,33.11000061035156
2020-03-04,34.279998779296875
2020-03-05,33.68000030517578
2020-03-06,33.0099983215332
2020-03-09,30.809999465942383
2020-03-10,32.25
2020-03-11,30.670000076293945
2020-03-12,27.90999984741211
2020-03-13,29.700000762939453
2020-03-16,25.8700008392334
2020-03-17,26.719999313354492
2020-03-18,25.18000030517578
2020-03-19,26.530000686645508
2020-03-20,26.450000762939453
2020-03-23,26.6200008392334
2020-03-24,28.670000076293945
2020-03-25,28.8799991607666
2020-03-26,29.899999618530273
2020-03-27,28.84000015258789
2020-03-30,29.34000015258789
2020-03-31,29.5
2020-04-01,28.309999465942383
2020-04-02,29.06999969482422
2020-04-03,28.5
2020-04-06,29.90999984741211
2020-04-07,30.09000015258789
2020-04-08,30.799999237060547
2020-04-09,30.809999465942383
