Date,TAN
2010-01-04,78.851318359375
2010-01-05,82.2019271850586
2010-01-06,82.12748718261719
2010-01-07,82.49977111816406
2010-01-08,83.98892974853516
2010-01-11,84.13784790039062
2010-01-12,81.23397827148438
2010-01-13,81.45735931396484
2010-01-14,78.55347442626953
2010-01-15,74.90502166748047
2010-01-19,74.83055877685547
2010-01-20,71.85222625732422
2010-01-21,69.91632843017578
2010-01-22,66.11894989013672
2010-01-25,68.05486297607422
2010-01-26,68.27823638916016
2010-01-27,67.3102798461914
2010-01-28,66.41677856445312
2010-01-29,65.29989624023438
2010-02-01,67.08690643310547
2010-02-02,68.12931823730469
2010-02-03,68.20376586914062
2010-02-04,63.81072998046875
2010-02-05,63.88520050048828
2010-02-08,61.35361099243164
2010-02-09,62.917240142822266
2010-02-10,61.27915573120117
2010-02-11,63.06615447998047
2010-02-12,62.02374267578125
2010-02-16,65.00208282470703
2010-02-17,64.18302917480469
2010-02-18,64.33194732666016
2010-02-19,62.24711227416992
2010-02-22,61.42807388305664
2010-02-23,59.26877975463867
2010-02-24,58.30083465576172
2010-02-25,57.928531646728516
2010-02-26,57.779624938964844
2010-03-01,57.48179244995117
2010-03-02,58.15190124511719
2010-03-03,60.23674774169922
2010-03-04,60.68349075317383
2010-03-05,61.94927215576172
2010-03-08,61.576988220214844
2010-03-09,60.7579460144043
2010-03-10,62.544944763183594
2010-03-11,62.69386291503906
2010-03-12,63.51290512084961
2010-03-15,62.17264938354492
2010-03-16,62.544944763183594
2010-03-17,62.7683219909668
2010-03-18,61.27915573120117
2010-03-19,60.31120300292969
2010-03-22,59.938899993896484
2010-03-23,60.9813232421875
2010-03-24,60.68349075317383
2010-03-25,60.68349075317383
2010-03-26,62.544944763183594
2010-03-29,63.66181945800781
2010-03-30,63.81072998046875
2010-03-31,63.73629379272461
2010-04-01,63.88520050048828
2010-04-05,63.88520050048828
2010-04-06,63.58736038208008
2010-04-07,65.29989624023438
2010-04-08,65.29989624023438
2010-04-09,64.40641784667969
2010-04-12,65.1509780883789
2010-04-13,65.59773254394531
2010-04-14,66.71461486816406
2010-04-15,67.83147430419922
2010-04-16,64.25748443603516
2010-04-19,63.1406135559082
2010-04-20,64.92759704589844
2010-04-21,63.66181945800781
2010-04-22,63.81072998046875
2010-04-23,64.62977600097656
2010-04-26,64.33194732666016
2010-04-27,61.725914001464844
2010-04-28,61.13024139404297
2010-04-29,64.62977600097656
2010-04-30,62.84278106689453
2010-05-03,63.58736038208008
2010-05-04,59.864444732666016
2010-05-05,57.779624938964844
2010-05-06,54.05670166015625
2010-05-07,53.0142822265625
2010-05-10,57.40733337402344
2010-05-11,55.47141647338867
2010-05-12,56.36491012573242
2010-05-13,55.39695739746094
2010-05-14,53.53549575805664
2010-05-17,51.822959899902344
2010-05-18,50.18487548828125
2010-05-19,49.663665771484375
2010-05-20,48.10004425048828
2010-05-21,49.738121032714844
2010-05-24,47.87667465209961
2010-05-25,47.132080078125
2010-05-26,47.504371643066406
2010-05-27,51.152828216552734
2010-05-28,49.58920669555664
2010-06-01,47.727752685546875
2010-06-02,49.0680046081543
2010-06-03,49.44029235839844
2010-06-04,47.802207946777344
2010-06-07,45.41954040527344
2010-06-08,45.64291763305664
2010-06-09,45.56846618652344
2010-06-10,49.2169189453125
2010-06-11,50.63161849975586
2010-06-14,50.78053665161133
2010-06-15,53.68441390991211
2010-06-16,53.3121223449707
2010-06-17,53.98224639892578
2010-06-18,54.35453414916992
2010-06-21,54.131160736083984
2010-06-22,52.79090881347656
2010-06-23,52.86538314819336
2010-06-24,50.63161849975586
2010-06-25,51.59958267211914
2010-06-28,50.85499954223633
2010-06-29,48.47233581542969
2010-06-30,48.02558135986328
2010-07-01,49.44029235839844
2010-07-02,50.18487548828125
2010-07-06,51.3017463684082
2010-07-07,54.57791519165039
2010-07-08,56.36491012573242
2010-07-09,57.33287048339844
2010-07-12,55.84369659423828
2010-07-13,56.737205505371094
2010-07-14,57.035037994384766
2010-07-15,57.630706787109375
2010-07-16,56.29045486450195
2010-07-19,57.40733337402344
2010-07-20,57.779624938964844
2010-07-21,57.25841522216797
2010-07-22,59.566619873046875
2010-07-23,60.23674774169922
2010-07-26,60.9813232421875
2010-07-27,59.49216079711914
2010-07-28,59.04541015625
2010-07-29,58.673118591308594
2010-07-30,56.737205505371094
2010-08-02,58.52420425415039
2010-08-03,58.82203674316406
2010-08-04,59.26877975463867
2010-08-05,59.566619873046875
2010-08-06,60.087825775146484
2010-08-09,60.9068717956543
2010-08-10,59.19432830810547
2010-08-11,55.62031936645508
2010-08-12,56.43937683105469
2010-08-13,55.84369659423828
2010-08-16,56.21599578857422
2010-08-17,56.811668395996094
2010-08-18,57.556243896484375
2010-08-19,55.54586410522461
2010-08-20,55.024662017822266
2010-08-23,54.28007888793945
2010-08-24,52.34415817260742
2010-08-25,52.49308395385742
2010-08-26,52.195247650146484
2010-08-27,54.28007888793945
2010-08-30,53.3121223449707
2010-08-31,54.28007888793945
2010-09-01,56.29045486450195
2010-09-02,57.556243896484375
2010-09-03,58.37527847290039
2010-09-07,57.035037994384766
2010-09-08,57.556243896484375
2010-09-09,57.779624938964844
2010-09-10,57.85407638549805
2010-09-13,58.44974899291992
2010-09-14,59.19432830810547
2010-09-15,58.82203674316406
2010-09-16,59.566619873046875
2010-09-17,58.89649963378906
2010-09-20,59.26877975463867
2010-09-21,59.49216079711914
2010-09-22,59.34324264526367
2010-09-23,59.04541015625
2010-09-24,61.204689025878906
2010-09-27,61.27915573120117
2010-09-28,61.42807388305664
2010-09-29,62.991695404052734
2010-09-30,64.10857391357422
2010-10-01,63.438446044921875
2010-10-04,61.651451110839844
2010-10-05,62.69386291503906
2010-10-06,62.619407653808594
2010-10-07,63.959659576416016
2010-10-08,63.06615447998047
2010-10-11,65.07652282714844
2010-10-12,65.1509780883789
2010-10-13,66.71461486816406
2010-10-14,68.20376586914062
2010-10-15,66.34231567382812
2010-10-18,66.19340515136719
2010-10-19,62.69386291503906
2010-10-20,63.66181945800781
2010-10-21,62.991695404052734
2010-10-22,62.84278106689453
2010-10-25,63.88520050048828
2010-10-26,64.25748443603516
2010-10-27,64.10857391357422
2010-10-28,64.70423889160156
2010-10-29,62.619407653808594
2010-11-01,61.80036544799805
2010-11-02,62.84278106689453
2010-11-03,63.438446044921875
2010-11-04,64.55532836914062
2010-11-05,64.77870178222656
2010-11-08,65.3743667602539
2010-11-09,64.03411102294922
2010-11-10,63.21507263183594
2010-11-11,61.05579376220703
2010-11-12,59.26877975463867
2010-11-15,58.82203674316406
2010-11-16,56.513832092285156
2010-11-17,54.05670166015625
2010-11-18,54.87575149536133
2010-11-19,55.47141647338867
2010-11-22,54.8012809753418
2010-11-23,53.46104049682617
2010-11-24,54.35453414916992
2010-11-26,54.05670166015625
2010-11-29,52.86538314819336
2010-11-30,51.00391387939453
2010-12-01,52.41862487792969
2010-12-02,53.90779495239258
2010-12-03,54.87575149536133
2010-12-06,55.91815948486328
2010-12-07,54.87575149536133
2010-12-08,55.39695739746094
2010-12-09,55.62031936645508
2010-12-10,56.36491012573242
2010-12-13,55.47141647338867
2010-12-14,55.54586410522461
2010-12-15,54.95020294189453
2010-12-16,54.95020294189453
2010-12-17,54.35453414916992
2010-12-20,54.28007888793945
2010-12-21,54.95020294189453
2010-12-22,54.95020294189453
2010-12-23,55.3224983215332
2010-12-27,54.866519927978516
2010-12-28,54.04426956176758
2010-12-29,54.19376754760742
2010-12-30,54.41802215576172
2010-12-31,54.56752395629883
2011-01-03,55.240272521972656
2011-01-04,55.53927993774414
2011-01-05,55.53927993774414
2011-01-06,55.53927993774414
2011-01-07,55.76351547241211
2011-01-10,57.18376541137695
2011-01-11,58.006019592285156
2011-01-12,59.27677917480469
2011-01-13,58.97777557373047
2011-01-14,58.45451736450195
2011-01-18,61.29502487182617
2011-01-19,59.72526931762695
2011-01-20,59.94952392578125
2011-01-21,60.39802932739258
2011-01-24,62.790016174316406
2011-01-25,60.4727668762207
2011-01-26,60.0242805480957
2011-01-27,60.39802932739258
2011-01-28,58.5292854309082
2011-01-31,59.50102996826172
2011-02-01,60.77177429199219
2011-02-02,63.98602294921875
2011-02-03,63.612266540527344
2011-02-04,62.042518615722656
2011-02-07,63.08902359008789
2011-02-08,62.71527099609375
2011-02-09,61.893028259277344
2011-02-10,61.594017028808594
2011-02-11,63.2385139465332
2011-02-14,64.58403015136719
2011-02-15,64.43452453613281
2011-02-16,65.92951965332031
2011-02-17,66.67700958251953
2011-02-18,67.27503204345703
2011-02-22,64.65877532958984
2011-02-23,63.31327438354492
2011-02-24,64.9577865600586
2011-02-25,63.537532806396484
2011-02-28,61.369773864746094
2011-03-01,60.39802932739258
2011-03-02,60.4727668762207
2011-03-03,60.62226867675781
2011-03-04,60.173763275146484
2011-03-07,58.7535285949707
2011-03-08,58.60402297973633
2011-03-09,58.5292854309082
2011-03-10,56.212013244628906
2011-03-11,55.09077072143555
2011-03-14,58.080780029296875
2011-03-15,63.163780212402344
2011-03-16,61.14552307128906
2011-03-17,61.44451904296875
2011-03-18,60.54753494262695
2011-03-21,61.66877365112305
2011-03-22,60.9212760925293
2011-03-23,61.96778106689453
2011-03-24,61.96778106689453
2011-03-25,61.893028259277344
2011-03-28,63.98602294921875
2011-03-29,64.43452453613281
2011-03-30,65.3315200805664
2011-03-31,65.780029296875
2011-04-01,65.40626525878906
2011-04-04,64.88301849365234
2011-04-05,65.18202209472656
2011-04-06,65.63053131103516
2011-04-07,64.13551330566406
2011-04-08,63.2385139465332
2011-04-11,63.0142707824707
2011-04-12,62.64052963256836
2011-04-13,63.2385139465332
2011-04-14,62.565765380859375
2011-04-15,62.11727523803711
2011-04-18,60.4727668762207
2011-04-19,60.173763275146484
2011-04-20,61.369773864746094
2011-04-21,61.44451904296875
2011-04-25,61.51927185058594
2011-04-26,62.11727523803711
2011-04-27,62.71527099609375
2011-04-28,63.163780212402344
2011-04-29,65.780029296875
2011-05-02,64.28502655029297
2011-05-03,62.71527099609375
2011-05-04,60.62226867675781
2011-05-05,59.80002975463867
2011-05-06,60.54753494262695
2011-05-09,60.9212760925293
2011-05-10,61.594017028808594
2011-05-11,60.39802932739258
2011-05-12,61.29502487182617
2011-05-13,59.575767517089844
2011-05-16,58.5292854309082
2011-05-17,57.25852584838867
2011-05-18,57.55752182006836
2011-05-19,56.6605339050293
2011-05-20,55.83826446533203
2011-05-23,53.745269775390625
2011-05-24,53.670528411865234
2011-05-25,52.47452163696289
2011-05-26,52.25027084350586
2011-05-27,52.92301940917969
2011-05-31,55.98777770996094
2011-06-01,53.670528411865234
2011-06-02,53.82002258300781
2011-06-03,53.29677963256836
2011-06-06,52.47452163696289
2011-06-07,53.0725212097168
2011-06-08,50.75526809692383
2011-06-09,50.68052291870117
2011-06-10,49.335018157958984
2011-06-13,49.78351593017578
2011-06-14,51.577518463134766
2011-06-15,50.08251953125
2011-06-16,49.933021545410156
2011-06-17,50.60576629638672
2011-06-20,50.68052291870117
2011-06-21,51.353267669677734
2011-06-22,51.65226364135742
2011-06-23,51.577518463134766
2011-06-24,50.60576629638672
2011-06-27,51.50277328491211
2011-06-28,52.10076141357422
2011-06-29,52.54926681518555
2011-06-30,53.14726638793945
2011-07-01,53.595760345458984
2011-07-05,53.745269775390625
2011-07-06,52.99776840209961
2011-07-07,52.99776840209961
2011-07-08,52.026023864746094
2011-07-11,50.08251953125
2011-07-12,48.587520599365234
2011-07-13,49.26027297973633
2011-07-14,48.88652801513672
2011-07-15,49.40976333618164
2011-07-18,48.28851318359375
2011-07-19,49.40976333618164
2011-07-20,50.08251953125
2011-07-21,50.68052291870117
2011-07-22,51.1290283203125
2011-07-25,49.933021545410156
2011-07-26,50.00776672363281
2011-07-27,48.28851318359375
2011-07-28,47.61576843261719
2011-07-29,48.06427001953125
2011-08-01,48.662269592285156
2011-08-02,47.16726303100586
2011-08-03,46.86826705932617
2011-08-04,42.981266021728516
2011-08-05,42.458011627197266
2011-08-08,38.795265197753906
2011-08-09,41.11251449584961
2011-08-10,39.61751174926758
2011-08-11,42.009521484375
2011-08-12,42.08427047729492
2011-08-15,44.32676315307617
2011-08-16,43.130767822265625
2011-08-17,42.009521484375
2011-08-18,39.01951599121094
2011-08-19,36.47800827026367
2011-08-22,36.02950668334961
2011-08-23,39.61751174926758
2011-08-24,39.841758728027344
2011-08-25,39.01951599121094
2011-08-26,40.06601333618164
2011-08-29,41.262020111083984
2011-08-30,41.187259674072266
2011-08-31,40.81351852416992
2011-09-01,39.468017578125
2011-09-02,37.524513244628906
2011-09-06,36.179019927978516
2011-09-07,37.15076446533203
2011-09-08,35.58101272583008
2011-09-09,34.235511779785156
2011-09-12,34.011260986328125
2011-09-13,34.45976257324219
2011-09-14,34.83351135253906
2011-09-15,34.011260986328125
2011-09-16,33.11426544189453
2011-09-19,31.993011474609375
2011-09-20,29.974761962890625
2011-09-21,28.33026695251465
2011-09-22,26.61100959777832
2011-09-23,27.283761978149414
2011-09-26,26.984758377075195
2011-09-27,27.50800895690918
2011-09-28,25.639259338378906
2011-09-29,25.48975944519043
2011-09-30,24.144256591796875
2011-10-03,22.126008987426758
2011-10-04,23.322011947631836
2011-10-05,24.144256591796875
2011-10-06,25.48975944519043
2011-10-07,24.44326400756836
2011-10-10,25.340261459350586
2011-10-11,24.89175796508789
2011-10-12,25.56451416015625
2011-10-13,25.863508224487305
2011-10-14,26.087759017944336
2011-10-17,24.8170108795166
2011-10-18,25.2655086517334
2011-10-19,24.069509506225586
2011-10-20,24.518007278442383
2011-10-21,24.36850357055664
2011-10-24,26.16250991821289
2011-10-25,24.069509506225586
2011-10-26,24.59276008605957
2011-10-27,27.956510543823242
2011-10-28,28.33026695251465
2011-10-31,26.16250991821289
2011-11-01,24.89175796508789
2011-11-02,25.48975944519043
2011-11-03,25.56451416015625
2011-11-04,26.312009811401367
2011-11-07,26.312009811401367
2011-11-08,25.56451416015625
2011-11-09,23.994760513305664
2011-11-10,23.7705078125
2011-11-11,24.518007278442383
2011-11-14,23.5462589263916
2011-11-15,23.02301025390625
2011-11-16,22.57451057434082
2011-11-17,22.126008987426758
2011-11-18,21.752262115478516
2011-11-21,21.229005813598633
2011-11-22,21.154258728027344
2011-11-23,21.154258728027344
2011-11-25,20.631010055541992
2011-11-28,21.52800750732422
2011-11-29,21.30375862121582
2011-11-30,22.948259353637695
2011-12-01,22.948259353637695
2011-12-02,22.948259353637695
2011-12-05,23.02301025390625
2011-12-06,22.499757766723633
2011-12-07,22.798757553100586
2011-12-08,21.827007293701172
2011-12-09,22.2755069732666
2011-12-12,21.378507614135742
2011-12-13,20.855257034301758
2011-12-14,19.58450698852539
2011-12-15,19.435007095336914
2011-12-16,19.360258102416992
2011-12-19,18.98650550842285
2011-12-20,20.40675926208496
2011-12-21,20.257259368896484
2011-12-22,20.855257034301758
2011-12-23,20.863340377807617
2011-12-27,20.297283172607422
2011-12-28,19.812089920043945
2011-12-29,20.054685592651367
2011-12-30,19.97382164001465
2012-01-03,21.348539352416992
2012-01-04,21.10594367980957
2012-01-05,21.025074005126953
2012-01-06,20.701610565185547
2012-01-09,21.10594367980957
2012-01-10,21.591135025024414
2012-01-11,24.178834915161133
2012-01-12,25.230091094970703
2012-01-13,23.93623924255371
2012-01-17,24.50229835510254
2012-01-18,25.715282440185547
2012-01-19,24.178834915161133
2012-01-20,24.097970962524414
2012-01-23,23.855375289916992
2012-01-24,23.693641662597656
2012-01-25,23.774505615234375
2012-01-26,24.42143440246582
2012-01-27,25.634416580200195
2012-01-30,25.068361282348633
2012-01-31,24.50229835510254
2012-02-01,25.068361282348633
2012-02-02,25.87701416015625
2012-02-03,26.443078994750977
2012-02-06,26.766536712646484
2012-02-07,26.84740447998047
2012-02-08,28.141252517700195
2012-02-09,30.40549087524414
2012-02-10,27.898656845092773
2012-02-13,27.5751953125
2012-02-14,25.87701416015625
2012-02-15,25.42416763305664
2012-02-16,25.723371505737305
2012-02-17,26.8150577545166
2012-02-21,27.138521194458008
2012-02-22,26.45115852355957
2012-02-23,24.866193771362305
2012-02-24,24.162662506103516
2012-02-27,24.211183547973633
2012-02-28,24.50229835510254
2012-02-29,23.378267288208008
2012-03-01,22.941591262817383
2012-03-02,22.747512817382812
2012-03-05,21.89842414855957
2012-03-06,20.9765567779541
2012-03-07,20.77439308166504
2012-03-08,21.243412017822266
2012-03-09,21.849905014038086
2012-03-12,21.437490463256836
2012-03-13,22.205713272094727
2012-03-14,21.68008804321289
2012-03-15,22.027809143066406
2012-03-16,22.42405128479004
2012-03-19,21.930770874023438
2012-03-20,22.21380043029785
2012-03-21,21.10594367980957
2012-03-22,20.863340377807617
2012-03-23,21.26767349243164
2012-03-26,21.518356323242188
2012-03-27,21.04124641418457
2012-03-28,20.361976623535156
2012-03-29,20.111291885375977
2012-03-30,20.11937713623047
2012-04-02,19.723134994506836
2012-04-03,19.197509765625
2012-04-04,18.615280151367188
2012-04-05,18.52632713317871
2012-04-09,18.033044815063477
2012-04-10,17.919832229614258
2012-04-11,18.679969787597656
2012-04-12,18.809356689453125
2012-04-13,18.17860221862793
2012-04-16,18.210948944091797
2012-04-17,19.060039520263672
2012-04-18,18.639535903930664
2012-04-19,18.46971893310547
2012-04-20,18.283729553222656
2012-04-23,17.717670440673828
2012-04-24,17.782360076904297
2012-04-25,17.952178955078125
2012-04-26,17.86322593688965
2012-04-27,18.06538963317871
2012-04-30,17.911746978759766
2012-05-01,18.48589324951172
2012-05-02,18.518238067626953
2012-05-03,18.12199592590332
2012-05-04,17.677234649658203
2012-05-07,17.580196380615234
2012-05-08,17.054569244384766
2012-05-09,17.062658309936523
2012-05-10,16.723020553588867
2012-05-11,16.66641616821289
2012-05-14,16.302520751953125
2012-05-15,15.922450065612793
2012-05-16,15.534295082092285
2012-05-17,14.838850975036621
2012-05-18,14.062541007995605
2012-05-21,14.345571517944336
2012-05-22,14.208096504211426
2012-05-23,14.386001586914062
2012-05-24,14.022107124328613
2012-05-25,14.014021873474121
2012-05-29,14.386001586914062
2012-05-30,14.200011253356934
2012-05-31,14.2161865234375
2012-06-01,13.779512405395508
2012-06-04,13.561174392700195
2012-06-05,13.89272403717041
2012-06-06,14.248531341552734
2012-06-07,14.167665481567383
2012-06-08,14.078713417053223
2012-06-11,13.698644638061523
2012-06-12,14.6124267578125
2012-06-13,14.410263061523438
2012-06-14,14.345571517944336
2012-06-15,14.976323127746582
2012-06-18,15.30787181854248
2012-06-19,15.582817077636719
2012-06-20,15.526209831237793
2012-06-21,15.105707168579102
2012-06-22,15.340215682983398
2012-06-25,14.871199607849121
2012-06-26,14.474955558776855
2012-06-27,14.491129875183105
2012-06-28,14.345571517944336
2012-06-29,14.83076286315918
2012-07-02,15.170401573181152
2012-07-03,15.40491008758545
2012-07-05,15.024843215942383
2012-07-06,14.652859687805176
2012-07-09,14.272791862487793
2012-07-10,14.030194282531738
2012-07-11,14.014021873474121
2012-07-12,13.73099136352539
2012-07-13,13.803771018981934
2012-07-16,13.658211708068848
2012-07-17,13.504568099975586
2012-07-18,13.456048011779785
2012-07-19,13.561174392700195
2012-07-20,13.391356468200684
2012-07-23,13.051718711853027
2012-07-24,12.606958389282227
2012-07-25,12.647391319274902
2012-07-26,12.825297355651855
2012-07-27,12.946595191955566
2012-07-30,12.453312873840332
2012-07-31,12.372447967529297
2012-08-01,12.267322540283203
2012-08-02,12.332014083862305
2012-08-03,12.655477523803711
2012-08-06,13.261970520019531
2012-08-07,13.561174392700195
2012-08-08,13.771424293518066
2012-08-09,13.949328422546387
2012-08-10,13.876547813415527
2012-08-13,13.520739555358887
2012-08-14,13.520739555358887
2012-08-15,13.55308723449707
2012-08-16,13.900811195373535
2012-08-17,14.119145393371582
2012-08-20,14.442609786987305
2012-08-21,14.580081939697266
2012-08-22,14.580081939697266
2012-08-23,14.6124267578125
2012-08-24,14.402175903320312
2012-08-27,14.394091606140137
2012-08-28,14.46686840057373
2012-08-29,14.18384075164795
2012-08-30,13.261970520019531
2012-08-31,13.512653350830078
2012-09-04,13.25388240814209
2012-09-05,13.124499320983887
2012-09-06,13.4075288772583
2012-09-07,13.593520164489746
2012-09-10,13.795682907104492
2012-09-11,14.167665481567383
2012-09-12,14.224271774291992
2012-09-13,14.491129875183105
2012-09-14,14.855024337768555
2012-09-17,14.628599166870117
2012-09-18,14.652859687805176
2012-09-19,14.895455360412598
2012-09-20,14.547733306884766
2012-09-21,14.426436424255371
2012-09-24,14.167665481567383
2012-09-25,13.941243171691895
2012-09-26,13.53691291809082
2012-09-27,13.868462562561035
2012-09-28,13.55308723449707
2012-10-01,13.423702239990234
2012-10-02,13.39944076538086
2012-10-03,13.18110466003418
2012-10-04,13.755250930786133
2012-10-05,13.359009742736816
2012-10-08,13.294318199157715
2012-10-09,13.084066390991211
2012-10-10,12.881902694702148
2012-10-11,12.9142484664917
2012-10-12,12.768689155578613
2012-10-15,12.703996658325195
2012-10-16,12.873814582824707
2012-10-17,13.027460098266602
2012-10-18,12.857641220092773
2012-10-19,12.170283317565918
2012-10-22,12.259235382080078
2012-10-23,12.186456680297852
2012-10-24,12.032812118530273
2012-10-25,12.032812118530273
2012-10-26,11.911514282226562
2012-10-31,11.862995147705078
2012-11-01,12.137937545776367
2012-11-02,11.935773849487305
2012-11-05,12.073244094848633
2012-11-06,12.340102195739746
2012-11-07,12.040900230407715
2012-11-08,11.765954971313477
2012-11-09,11.774042129516602
2012-11-12,11.798300743103027
2012-11-13,11.458666801452637
2012-11-14,10.949212074279785
2012-11-15,10.593402862548828
2012-11-16,10.334632873535156
2012-11-19,10.48827838897705
2012-11-20,10.318459510803223
2012-11-21,10.318459510803223
2012-11-23,10.585317611694336
2012-11-26,10.706613540649414
2012-11-27,10.8036527633667
2012-11-28,11.353541374206543
2012-11-29,11.54761791229248
2012-11-30,11.571877479553223
2012-12-03,11.434407234191895
2012-12-04,11.53144359588623
2012-12-05,11.491011619567871
2012-12-06,11.571877479553223
2012-12-07,11.927687644958496
2012-12-10,12.097504615783691
2012-12-11,12.380536079406738
2012-12-12,13.43178939819336
2012-12-13,13.270057678222656
2012-12-14,13.60969352722168
2012-12-17,13.55308723449707
2012-12-18,13.504568099975586
2012-12-19,14.143404960632324
2012-12-20,13.933155059814453
2012-12-21,13.53691291809082
2012-12-24,13.416711807250977
2012-12-26,13.628832817077637
2012-12-27,13.540447235107422
2012-12-28,13.443225860595703
2012-12-31,13.82327938079834
2013-01-02,14.512675285339355
2013-01-03,16.032880783081055
2013-01-04,16.147781372070312
2013-01-07,15.758888244628906
2013-01-08,15.962174415588379
2013-01-09,16.837177276611328
2013-01-10,16.80182647705078
2013-01-11,16.75762939453125
2013-01-14,16.457124710083008
2013-01-15,16.46596336364746
2013-01-16,16.191974639892578
2013-01-17,16.315710067749023
2013-01-18,16.059396743774414
2013-01-22,16.669246673583984
2013-01-23,16.722278594970703
2013-01-24,16.66040802001953
2013-01-25,16.271516799926758
2013-01-28,15.89146614074707
2013-01-29,15.820759773254395
2013-01-30,15.643993377685547
2013-01-31,15.838438034057617
2013-02-01,15.979851722717285
2013-02-04,15.714699745178223
2013-02-05,16.094751358032227
2013-02-06,16.32455062866211
2013-02-07,16.112424850463867
2013-02-08,15.8826265335083
2013-02-11,16.474802017211914
2013-02-12,17.049299240112305
2013-02-13,17.29677391052246
2013-02-14,17.95965576171875
2013-02-15,17.579601287841797
2013-02-19,18.410415649414062
2013-02-20,17.82707977294922
2013-02-21,16.969755172729492
2013-02-22,17.09349250793457
2013-02-25,16.510156631469727
2013-02-26,16.315710067749023
2013-02-27,16.17429542541504
2013-02-28,15.864953994750977
2013-03-01,15.697022438049316
2013-03-04,15.555608749389648
2013-03-05,15.935660362243652
2013-03-06,16.156620025634766
2013-03-07,16.421772003173828
2013-03-08,16.39525604248047
2013-03-11,15.988688468933105
2013-03-12,16.18313217163086
2013-03-13,15.361162185668945
2013-03-14,15.44070816040039
2013-03-15,15.193233489990234
2013-03-18,14.61873722076416
2013-03-19,14.63641357421875
2013-03-20,15.1402006149292
2013-03-21,14.839695930480957
2013-03-22,14.804342269897461
2013-03-25,14.035400390625
2013-03-26,14.167977333068848
2013-03-27,14.106107711791992
2013-03-28,14.141461372375488
2013-04-01,13.938178062438965
2013-04-02,13.876310348510742
2013-04-03,13.531612396240234
2013-04-04,13.681863784790039
2013-04-05,13.531612396240234
2013-04-08,13.920501708984375
2013-04-09,15.953333854675293
2013-04-10,15.829596519470215
2013-04-11,15.697022438049316
2013-04-12,15.52908992767334
2013-04-15,14.707119941711426
2013-04-16,15.157878875732422
2013-04-17,14.839695930480957
2013-04-18,14.804342269897461
2013-04-19,15.175557136535645
2013-04-22,15.944498062133789
2013-04-23,16.58086395263672
2013-04-24,17.040462493896484
2013-04-25,17.173038482666016
2013-04-26,17.393999099731445
2013-04-29,18.154102325439453
2013-04-30,18.012685775756836
2013-05-01,17.623796463012695
2013-05-02,18.02152442932129
2013-05-03,17.906627655029297
2013-05-06,18.07455825805664
2013-05-07,17.526573181152344
2013-05-08,17.712182998657227
2013-05-09,17.87127113342285
2013-05-10,19.046781539916992
2013-05-13,19.762691497802734
2013-05-14,19.506378173828125
2013-05-15,20.142744064331055
2013-05-16,19.842239379882812
2013-05-17,20.88517189025879
2013-05-20,22.573307037353516
2013-05-21,22.838459014892578
2013-05-22,21.008907318115234
2013-05-23,21.49502182006836
2013-05-24,21.963459014892578
2013-05-28,22.36118507385254
2013-05-29,22.219772338867188
2013-05-30,22.900327682495117
2013-05-31,22.025325775146484
2013-06-03,22.007648468017578
2013-06-04,21.67179298400879
2013-06-05,21.30941390991211
2013-06-06,21.89274787902832
2013-06-07,21.71598243713379
2013-06-10,22.93568229675293
2013-06-11,21.85739517211914
2013-06-12,20.832141876220703
2013-06-13,21.123807907104492
2013-06-14,21.1414852142334
2013-06-17,21.963459014892578
2013-06-18,21.68946647644043
2013-06-19,21.18567657470703
2013-06-20,20.001327514648438
2013-06-21,20.319509506225586
2013-06-24,19.471027374267578
2013-06-25,20.019006729125977
2013-06-26,20.496278762817383
2013-06-27,20.840978622436523
2013-06-28,20.991233825683594
2013-07-01,21.47734260559082
2013-07-02,21.16800308227539
2013-07-03,21.061939239501953
2013-07-05,21.85739517211914
2013-07-08,22.05183982849121
2013-07-09,21.56572914123535
2013-07-10,21.91926383972168
2013-07-11,22.714723587036133
2013-07-12,22.449569702148438
2013-07-15,24.358667373657227
2013-07-16,24.570789337158203
2013-07-17,24.376344680786133
2013-07-18,24.535438537597656
2013-07-19,24.34982681274414
2013-07-22,25.03922462463379
2013-07-23,24.968517303466797
2013-07-24,24.234928131103516
2013-07-25,24.61498260498047
2013-07-26,24.50008201599121
2013-07-29,24.721040725708008
2013-07-30,25.145288467407227
2013-07-31,25.207151412963867
2013-08-01,24.606142044067383
2013-08-02,24.208415985107422
2013-08-05,25.55185317993164
2013-08-06,25.171802520751953
2013-08-07,23.085935592651367
2013-08-08,23.66927146911621
2013-08-09,23.90790557861328
2013-08-12,24.234928131103516
2013-08-13,23.85487937927246
2013-08-14,23.92558479309082
2013-08-15,22.829622268676758
2013-08-16,23.368764877319336
2013-08-19,22.608659744262695
2013-08-20,23.430633544921875
2013-08-21,23.76649284362793
2013-08-22,24.791748046875
2013-08-23,25.092256546020508
2013-08-26,24.809425354003906
2013-08-27,23.395280838012695
2013-08-28,23.421794891357422
2013-08-29,23.74881935119629
2013-08-30,24.005128860473633
2013-09-03,25.30437660217285
2013-09-04,25.79048728942871
2013-09-05,26.532915115356445
2013-09-06,26.214731216430664
2013-09-09,26.842262268066406
2013-09-10,27.169282913208008
2013-09-11,26.85993766784668
2013-09-12,26.188217163085938
2013-09-13,26.364986419677734
2013-09-16,26.69200897216797
2013-09-17,26.621301651000977
2013-09-18,27.39908218383789
2013-09-19,27.434436798095703
2013-09-20,27.381404876708984
2013-09-23,26.9571590423584
2013-09-24,27.239990234375
2013-09-25,27.92938804626465
2013-09-26,28.830904006958008
2013-09-27,29.582170486450195
2013-09-30,30.50136375427246
2013-10-01,31.73874282836914
2013-10-02,32.05692672729492
2013-10-03,31.50894546508789
2013-10-04,31.906667709350586
2013-10-07,32.09227752685547
2013-10-08,31.37636947631836
2013-10-09,30.41297721862793
2013-10-10,32.21601867675781
2013-10-11,32.870059967041016
2013-10-14,33.00263595581055
2013-10-15,32.73748016357422
2013-10-16,33.771575927734375
2013-10-17,34.18698501586914
2013-10-18,34.91172790527344
2013-10-21,35.406681060791016
2013-10-22,36.219818115234375
2013-10-23,35.203399658203125
2013-10-24,34.885215759277344
2013-10-25,33.32081604003906
2013-10-28,32.11879348754883
2013-10-29,33.34733581542969
2013-10-30,32.26904296875
2013-10-31,32.09227752685547
2013-11-01,33.29430389404297
2013-11-04,36.06956481933594
2013-11-05,36.520320892333984
2013-11-06,35.8309326171875
2013-11-07,34.01021194458008
2013-11-08,35.53925704956055
2013-11-11,36.75896072387695
2013-11-12,35.291786193847656
2013-11-13,36.23749542236328
2013-11-14,36.18446350097656
2013-11-15,35.8751220703125
2013-11-18,35.15037155151367
2013-11-19,33.80692672729492
2013-11-20,34.2576904296875
2013-11-21,35.070823669433594
2013-11-22,34.63773727416992
2013-11-25,33.886474609375
2013-11-26,34.15163040161133
2013-11-27,34.602394104003906
2013-11-29,34.12511444091797
2013-12-02,33.83344268798828
2013-12-03,33.55945587158203
2013-12-04,33.70086669921875
2013-12-05,32.87889862060547
2013-12-06,31.75642204284668
2013-12-09,30.430654525756836
2013-12-10,31.084697723388672
2013-12-11,29.971059799194336
2013-12-12,29.74126434326172
2013-12-13,29.856159210205078
2013-12-16,30.298078536987305
2013-12-17,31.022829055786133
2013-12-18,30.828388214111328
2013-12-19,31.553133010864258
2013-12-20,30.642780303955078
2013-12-23,30.669296264648438
2013-12-24,30.553773880004883
2013-12-26,30.94778823852539
2013-12-27,31.18956756591797
2013-12-30,32.0402717590332
2013-12-31,31.502988815307617
2014-01-02,33.90287780761719
2014-01-03,34.2431526184082
2014-01-06,34.314788818359375
2014-01-07,35.41623306274414
2014-01-08,35.792327880859375
2014-01-09,35.48786926269531
2014-01-10,36.096797943115234
2014-01-13,34.94163131713867
2014-01-14,36.79526901245117
2014-01-15,37.198238372802734
2014-01-16,38.219078063964844
2014-01-17,37.40420150756836
2014-01-21,36.87586975097656
2014-01-22,37.33256149291992
2014-01-23,36.13261413574219
2014-01-24,33.544673919677734
2014-01-27,34.13569641113281
2014-01-28,35.68487548828125
2014-01-29,34.771488189697266
2014-01-30,35.97142791748047
2014-01-31,35.2192268371582
2014-02-03,33.58049774169922
2014-02-04,34.21628952026367
2014-02-05,33.849143981933594
2014-02-06,34.00137710571289
2014-02-07,35.5684700012207
2014-02-10,36.141571044921875
2014-02-11,35.59532928466797
2014-02-12,36.00724792480469
2014-02-13,37.574337005615234
2014-02-14,37.17137145996094
2014-02-18,39.18620300292969
2014-02-19,38.48773193359375
2014-02-20,38.96232986450195
2014-02-21,38.765323638916016
2014-02-24,40.144371032714844
2014-02-25,39.902591705322266
2014-02-26,41.192081451416016
2014-02-27,42.32038116455078
2014-02-28,41.81892013549805
2014-03-03,40.90552520751953
2014-03-04,43.61882781982422
2014-03-05,43.52032470703125
2014-03-06,44.988914489746094
2014-03-07,44.70235824584961
2014-03-10,43.43077850341797
2014-03-11,42.544254302978516
2014-03-12,42.66961669921875
2014-03-13,41.22789764404297
2014-03-14,41.21894454956055
2014-03-17,42.562156677246094
2014-03-18,43.7352409362793
2014-03-19,43.93224334716797
2014-03-20,43.07258605957031
2014-03-21,41.236854553222656
2014-03-24,40.53837585449219
2014-03-25,39.96527099609375
2014-03-26,38.765323638916016
2014-03-27,38.9533805847168
2014-03-28,39.42798614501953
2014-03-31,39.589168548583984
2014-04-01,40.583152770996094
2014-04-02,41.05775451660156
2014-04-03,40.010047912597656
2014-04-04,39.33843231201172
2014-04-07,37.26987075805664
2014-04-08,38.00416946411133
2014-04-09,39.15038299560547
2014-04-10,36.911685943603516
2014-04-11,35.872928619384766
2014-04-14,35.514732360839844
2014-04-15,34.78044509887695
2014-04-16,36.58035659790039
2014-04-17,36.29380416870117
2014-04-21,36.85795593261719
2014-04-22,38.801151275634766
2014-04-23,38.514591217041016
2014-04-24,39.09665298461914
2014-04-25,37.91462326049805
2014-04-28,36.266937255859375
2014-04-29,36.32066345214844
2014-04-30,36.60722351074219
2014-05-01,37.03705596923828
2014-05-02,36.768409729003906
2014-05-05,36.535579681396484
2014-05-06,35.96247863769531
2014-05-07,34.887901306152344
2014-05-08,34.189430236816406
2014-05-09,34.20733642578125
2014-05-12,35.98038864135742
2014-05-13,35.64906311035156
2014-05-14,35.389366149902344
2014-05-15,34.18046569824219
2014-05-16,33.73272705078125
2014-05-19,33.750640869140625
2014-05-20,33.07007598876953
2014-05-21,34.789390563964844
2014-05-22,35.65801239013672
2014-05-23,36.249027252197266
2014-05-27,36.49976348876953
2014-05-28,36.46394348144531
2014-05-29,37.50270080566406
2014-05-30,36.52663040161133
2014-06-02,36.49081039428711
2014-06-03,35.75651550292969
2014-06-04,35.935611724853516
2014-06-05,36.034114837646484
2014-06-06,35.675926208496094
2014-06-09,35.935611724853516
2014-06-10,35.872928619384766
2014-06-11,36.20425796508789
2014-06-12,36.723636627197266
2014-06-13,37.61015701293945
2014-06-16,38.28177261352539
2014-06-17,39.651851654052734
2014-06-18,39.83095169067383
2014-06-19,39.49066162109375
2014-06-20,40.090641021728516
2014-06-23,39.63394546508789
2014-06-24,38.380271911621094
2014-06-25,39.177249908447266
2014-06-26,39.669761657714844
2014-06-27,39.76826477050781
2014-06-30,39.91154098510742
2014-07-01,39.73244094848633
2014-07-02,39.598121643066406
2014-07-03,40.0279541015625
2014-07-07,38.66682815551758
2014-07-08,37.278831481933594
2014-07-09,37.86089324951172
2014-07-10,37.431060791015625
2014-07-11,37.744476318359375
2014-07-14,37.94148635864258
2014-07-15,37.6728401184082
2014-07-16,37.592247009277344
2014-07-17,36.249027252197266
2014-07-18,37.37733459472656
2014-07-21,37.48479080200195
2014-07-22,38.06684875488281
2014-07-23,37.24301528930664
2014-07-24,37.06391525268555
2014-07-25,36.9206428527832
2014-07-28,37.010189056396484
2014-07-29,36.669898986816406
2014-07-30,36.33857727050781
2014-07-31,35.2998161315918
2014-08-01,34.574485778808594
2014-08-04,34.61925506591797
2014-08-05,35.371463775634766
2014-08-06,35.496822357177734
2014-08-07,36.266937255859375
2014-08-08,36.1505241394043
2014-08-11,37.081825256347656
2014-08-12,36.45499038696289
2014-08-13,37.37733459472656
2014-08-14,37.592247009277344
2014-08-15,37.8250732421875
2014-08-18,38.41608810424805
2014-08-19,38.98024368286133
2014-08-20,39.025020599365234
2014-08-21,39.10560989379883
2014-08-22,39.20410919189453
2014-08-25,39.5264892578125
2014-08-26,39.4996223449707
2014-08-27,39.16829299926758
2014-08-28,38.5504150390625
2014-08-29,38.8548698425293
2014-09-02,38.79219436645508
2014-09-03,39.29365921020508
2014-09-04,39.96527099609375
2014-09-05,40.61896896362305
2014-09-08,40.90552520751953
2014-09-09,39.72349548339844
2014-09-10,40.439876556396484
2014-09-11,40.53837585449219
2014-09-12,40.66374588012695
2014-09-15,38.989200592041016
2014-09-16,38.971290588378906
2014-09-17,39.3742561340332
2014-09-18,39.74140167236328
2014-09-19,39.06083297729492
2014-09-22,37.869850158691406
2014-09-23,37.869850158691406
2014-09-24,38.5772819519043
2014-09-25,37.44002151489258
2014-09-26,37.78925323486328
2014-09-29,37.207191467285156
2014-09-30,36.40126419067383
2014-10-01,35.290863037109375
2014-10-02,35.246089935302734
2014-10-03,35.855018615722656
2014-10-06,34.25210952758789
2014-10-07,33.840187072753906
2014-10-08,34.30583953857422
2014-10-09,32.3447380065918
2014-10-10,31.305984497070312
2014-10-13,29.882164001464844
2014-10-14,30.303043365478516
2014-10-15,30.383636474609375
2014-10-16,31.619403839111328
2014-10-17,32.13877868652344
2014-10-20,33.25812911987305
2014-10-21,34.18046569824219
2014-10-22,33.186485290527344
2014-10-23,33.58049774169922
2014-10-24,33.52676773071289
2014-10-27,32.7656135559082
2014-10-28,33.85810089111328
2014-10-29,33.42826843261719
2014-10-30,33.39244842529297
2014-10-31,34.34165573120117
2014-11-03,34.17151641845703
2014-11-04,33.73272705078125
2014-11-05,32.92679977416992
2014-11-06,33.02530288696289
2014-11-07,32.479061126708984
2014-11-10,32.04922866821289
2014-11-11,31.914907455444336
2014-11-12,31.207473754882812
2014-11-13,30.661235809326172
2014-11-14,31.297025680541992
2014-11-17,30.99256134033203
2014-11-18,32.53279113769531
2014-11-19,32.65816116333008
2014-11-20,33.0163459777832
2014-11-21,33.92972946166992
2014-11-24,33.94764709472656
2014-11-25,33.70586395263672
2014-11-26,33.661094665527344
2014-11-28,31.995498657226562
2014-12-01,30.338865280151367
2014-12-02,30.92091941833496
2014-12-03,31.31493377685547
2014-12-04,31.216434478759766
2014-12-05,31.529850006103516
2014-12-08,30.553773880004883
2014-12-09,30.64332389831543
2014-12-10,30.52691078186035
2014-12-11,30.706008911132812
2014-12-12,30.097084045410156
2014-12-15,29.532930374145508
2014-12-16,29.040416717529297
2014-12-17,29.631431579589844
2014-12-18,30.17767906188965
2014-12-19,30.634370803833008
2014-12-22,30.62541389465332
2014-12-23,30.86719512939453
2014-12-24,31.131793975830078
2014-12-26,31.48763656616211
2014-12-29,30.98580551147461
2014-12-30,30.702960968017578
2014-12-31,31.11354637145996
2015-01-02,31.00405502319336
2015-01-05,30.192001342773438
2015-01-06,29.608055114746094
2015-01-07,29.617176055908203
2015-01-08,30.310617446899414
2015-01-09,30.511348724365234
2015-01-12,30.274120330810547
2015-01-13,30.858070373535156
2015-01-14,30.83982276916504
2015-01-15,29.671924591064453
2015-01-16,29.909151077270508
2015-01-20,29.27046012878418
2015-01-21,29.653675079345703
2015-01-22,29.77229118347168
2015-01-23,30.283241271972656
2015-01-26,31.341651916503906
2015-01-27,31.82523536682129
2015-01-28,30.794200897216797
2015-01-29,31.058799743652344
2015-01-30,30.867197036743164
2015-02-02,31.8343563079834
2015-02-03,33.37635040283203
2015-02-04,33.330726623535156
2015-02-05,33.68657684326172
2015-02-06,33.79607009887695
2015-02-09,33.951171875
2015-02-10,34.39826202392578
2015-02-11,34.5260009765625
2015-02-12,35.164695739746094
2015-02-13,35.39280319213867
2015-02-17,35.40192413330078
2015-02-18,35.48404312133789
2015-02-19,35.018707275390625
2015-02-20,35.07345199584961
2015-02-23,34.78147888183594
2015-02-24,36.022369384765625
2015-02-25,36.177486419677734
2015-02-26,36.013248443603516
2015-02-27,36.04062271118164
2015-03-02,36.962162017822266
2015-03-03,37.518741607666016
2015-03-04,39.15196990966797
2015-03-05,41.16842269897461
2015-03-06,39.95490646362305
2015-03-09,39.31621170043945
2015-03-10,38.549774169921875
2015-03-11,38.95124053955078
2015-03-12,39.36183166503906
2015-03-13,39.042484283447266
2015-03-16,39.38007736206055
2015-03-17,39.964027404785156
2015-03-18,40.67572021484375
2015-03-19,40.566226959228516
2015-03-20,41.36915588378906
2015-03-23,41.487770080566406
2015-03-24,41.96223449707031
2015-03-25,40.17388916015625
2015-03-26,39.98227310180664
2015-03-27,40.55710220336914
2015-03-30,40.94031524658203
2015-03-31,40.53885269165039
2015-04-01,41.15017318725586
2015-04-02,41.6976318359375
2015-04-06,42.12646484375
2015-04-07,41.82536315917969
2015-04-08,42.53705596923828
2015-04-09,43.52246856689453
2015-04-10,43.8144416809082
2015-04-13,44.28890609741211
2015-04-14,44.06991958618164
2015-04-15,44.48051452636719
2015-04-16,44.88197326660156
2015-04-17,43.79619216918945
2015-04-20,43.79619216918945
2015-04-21,44.206787109375
2015-04-22,44.72686767578125
2015-04-23,45.57542037963867
2015-04-24,44.26152420043945
2015-04-27,44.09729766845703
2015-04-28,44.517005920410156
2015-04-29,43.84181594848633
2015-04-30,42.88377380371094
2015-05-01,43.33086013793945
2015-05-04,43.26698684692383
2015-05-05,42.59180450439453
2015-05-06,41.487770080566406
2015-05-07,41.606388092041016
2015-05-08,42.92027282714844
2015-05-11,43.08450698852539
2015-05-12,42.92027282714844
2015-05-13,43.56808853149414
2015-05-14,43.94218063354492
2015-05-15,44.197662353515625
2015-05-18,43.96955490112305
2015-05-19,43.35823440551758
2015-05-20,39.98227310180664
2015-05-21,41.058929443359375
2015-05-22,40.39286422729492
2015-05-26,40.073516845703125
2015-05-27,39.8636589050293
2015-05-28,38.86000061035156
2015-05-29,38.768760681152344
2015-06-01,38.212181091308594
2015-06-02,38.175682067871094
2015-06-03,38.093563079833984
2015-06-04,37.719478607177734
2015-06-05,38.18480682373047
2015-06-08,37.43661880493164
2015-06-09,36.542449951171875
2015-06-10,37.3910026550293
2015-06-11,38.80524826049805
2015-06-12,38.63189697265625
2015-06-15,38.78700256347656
2015-06-16,38.732261657714844
2015-06-17,38.77788543701172
2015-06-18,39.024234771728516
2015-06-19,38.96036911010742
2015-06-22,38.86912536621094
2015-06-23,39.088104248046875
2015-06-24,38.84175109863281
2015-06-25,38.485904693603516
2015-06-26,37.527862548828125
2015-06-29,35.620906829833984
2015-06-30,35.78514862060547
2015-07-01,35.43842315673828
2015-07-02,35.17382049560547
2015-07-06,33.18474197387695
2015-07-07,32.938385009765625
2015-07-08,30.72120475769043
2015-07-09,32.14458465576172
2015-07-10,33.29423522949219
2015-07-13,34.097164154052734
2015-07-14,34.544254302978516
2015-07-15,33.81431198120117
2015-07-16,34.22489929199219
2015-07-17,34.197532653808594
2015-07-20,34.36176681518555
2015-07-21,33.81431198120117
2015-07-22,33.412845611572266
2015-07-23,32.7376594543457
2015-07-24,32.363563537597656
2015-07-27,31.551511764526367
2015-07-28,32.18107986450195
2015-07-29,33.066131591796875
2015-07-30,32.892765045166016
2015-07-31,32.2266960144043
2015-08-03,31.223037719726562
2015-08-04,30.958436965942383
2015-08-05,32.473052978515625
2015-08-06,30.940185546875
2015-08-07,30.374486923217773
2015-08-10,31.168292999267578
2015-08-11,29.909151077270508
2015-08-12,30.201126098632812
2015-08-13,30.392736434936523
2015-08-14,30.26499366760254
2015-08-17,30.64821434020996
2015-08-18,30.210250854492188
2015-08-19,29.06060218811035
2015-08-20,27.418241500854492
2015-08-21,25.684642791748047
2015-08-24,24.653610229492188
2015-08-25,25.219308853149414
2015-08-26,25.73026466369629
2015-08-27,27.089773178100586
2015-08-28,27.4638671875
2015-08-31,26.980281829833984
2015-09-01,26.34158706665039
2015-09-02,26.761301040649414
2015-09-03,27.171890258789062
2015-09-04,26.542320251464844
2015-09-08,27.545982360839844
2015-09-09,27.51861000061035
2015-09-10,27.582477569580078
2015-09-11,27.573354721069336
2015-09-14,27.199264526367188
2015-09-15,27.55510711669922
2015-09-16,27.901824951171875
2015-09-17,27.76496124267578
2015-09-18,26.852542877197266
2015-09-21,26.8890380859375
2015-09-22,26.25946807861328
2015-09-23,25.219308853149414
2015-09-24,24.890836715698242
2015-09-25,24.50762176513672
2015-09-28,23.129863739013672
2015-09-29,23.211984634399414
2015-09-30,24.215648651123047
2015-10-01,24.29776382446289
2015-10-02,26.149978637695312
2015-10-05,27.372621536254883
2015-10-06,27.62809944152832
2015-10-07,28.513147354125977
2015-10-08,28.987607955932617
2015-10-09,28.914613723754883
2015-10-12,28.494897842407227
2015-10-13,28.202924728393555
2015-10-14,29.179216384887695
2015-10-15,29.9000301361084
2015-10-16,29.416446685791016
2015-10-19,28.8233699798584
2015-10-20,28.66826057434082
2015-10-21,27.83795738220215
2015-10-22,28.111682891845703
2015-10-23,28.3580379486084
2015-10-26,27.983943939208984
2015-10-27,26.77042579650879
2015-10-28,27.618976593017578
2015-10-29,27.673721313476562
2015-10-30,27.19013786315918
2015-11-02,27.701093673706055
2015-11-03,28.111682891845703
2015-11-04,27.828832626342773
2015-11-05,27.45473861694336
2015-11-06,27.783212661743164
2015-11-09,27.290504455566406
2015-11-10,25.62077522277832
2015-11-11,25.128070831298828
2015-11-12,24.562366485595703
2015-11-13,24.3433837890625
2015-11-16,25.000328063964844
2015-11-17,23.72294044494629
2015-11-18,24.224769592285156
2015-11-19,23.70469093322754
2015-11-20,24.024036407470703
2015-11-23,24.170026779174805
2015-11-24,24.708354949951172
2015-11-25,24.416379928588867
2015-11-27,24.097030639648438
2015-11-30,24.215648651123047
2015-12-01,24.93645668029785
2015-12-02,25.283178329467773
2015-12-03,25.511281967163086
2015-12-04,25.77588653564453
2015-12-07,25.4565372467041
2015-12-08,25.027700424194336
2015-12-09,25.264930725097656
2015-12-10,25.000328063964844
2015-12-11,24.352510452270508
2015-12-14,25.894498825073242
2015-12-15,26.670061111450195
2015-12-16,29.05147933959961
2015-12-17,28.741254806518555
2015-12-18,29.014978408813477
2015-12-21,30.027767181396484
2015-12-22,28.723005294799805
2015-12-23,29.04235076904297
2015-12-24,29.431560516357422
2015-12-28,28.894081115722656
2015-12-29,28.477073669433594
2015-12-30,28.356603622436523
2015-12-31,28.3936710357666
2016-01-04,28.514141082763672
2016-01-05,28.078598022460938
2016-01-06,27.531850814819336
2016-01-07,25.011266708374023
2016-01-08,25.298538208007812
2016-01-11,24.3903865814209
2016-01-12,23.862173080444336
2016-01-13,23.02815818786621
2016-01-14,23.176427841186523
2016-01-15,21.795663833618164
2016-01-19,21.387920379638672
2016-01-20,21.480592727661133
2016-01-21,21.740062713623047
2016-01-22,22.574081420898438
2016-01-25,21.97173309326172
2016-01-26,23.074491500854492
2016-01-27,22.815021514892578
2016-01-28,22.861352920532227
2016-01-29,23.36176300048828
2016-02-01,23.194961547851562
2016-02-02,22.305339813232422
2016-02-03,22.518478393554688
2016-02-04,22.777950286865234
2016-02-05,22.184873580932617
2016-02-08,20.961647033691406
2016-02-09,20.6187744140625
2016-02-10,19.81255340576172
2016-02-11,18.858068466186523
2016-02-12,18.93220329284668
2016-02-16,20.081295013427734
2016-02-17,20.655841827392578
2016-02-18,20.66510581970215
2016-02-19,20.266632080078125
2016-02-22,20.692909240722656
2016-02-23,20.368566513061523
2016-02-24,20.896778106689453
2016-02-25,20.98944664001465
2016-02-26,21.424991607666016
2016-02-29,21.730796813964844
2016-03-01,21.60106086730957
2016-03-02,22.203405380249023
2016-03-03,22.101470947265625
2016-03-04,22.351675033569336
2016-03-07,22.870620727539062
2016-03-08,22.342411041259766
2016-03-09,22.574081420898438
2016-03-10,22.21267318725586
2016-03-11,22.75014877319336
2016-03-14,22.731616973876953
2016-03-15,22.49994659423828
2016-03-16,22.629682540893555
2016-03-17,22.694551467895508
2016-03-18,22.61115074157715
2016-03-21,22.68528175354004
2016-03-22,21.860532760620117
2016-03-23,20.93384552001953
2016-03-24,20.70217514038086
2016-03-28,20.66510581970215
2016-03-29,20.711441040039062
2016-03-30,20.943113327026367
2016-03-31,20.998714447021484
2016-04-01,20.980180740356445
2016-04-04,20.544639587402344
2016-04-05,20.387100219726562
2016-04-06,20.93384552001953
2016-04-07,20.628040313720703
2016-04-08,20.794843673706055
2016-04-11,20.878246307373047
2016-04-12,21.36012077331543
2016-04-13,21.656661987304688
2016-04-14,21.730796813964844
2016-04-15,21.489856719970703
2016-04-18,21.85126495361328
2016-04-19,21.97173309326172
2016-04-20,22.388744354248047
2016-04-21,22.435077667236328
2016-04-22,22.546281814575195
2016-04-25,22.184873580932617
2016-04-26,22.546281814575195
2016-04-27,22.972557067871094
2016-04-28,22.407276153564453
2016-04-29,22.073671340942383
2016-05-02,21.804933547973633
2016-05-03,21.07284927368164
2016-05-04,20.822643280029297
2016-05-05,20.470502853393555
2016-05-06,20.507570266723633
2016-05-09,20.05349349975586
2016-05-10,19.831087112426758
2016-05-11,20.03495979309082
2016-05-12,19.617952346801758
2016-05-13,19.441879272460938
2016-05-16,19.719886779785156
2016-05-17,19.56235122680664
2016-05-18,19.645753860473633
2016-05-19,19.395545959472656
2016-05-20,19.914491653442383
2016-05-23,20.22029685974121
2016-05-24,20.442703247070312
2016-05-25,20.470502853393555
2016-05-26,20.359298706054688
2016-05-27,20.350032806396484
2016-05-31,20.3963680267334
2016-06-01,20.479768753051758
2016-06-02,20.368566513061523
2016-06-03,19.95155906677246
2016-06-06,20.238832473754883
2016-06-07,20.359298706054688
2016-06-08,20.507570266723633
2016-06-09,20.07202911376953
2016-06-10,19.13607406616211
2016-06-13,18.663463592529297
2016-06-14,18.598596572875977
2016-06-15,18.580060958862305
2016-06-16,18.5615291595459
2016-06-17,18.858068466186523
2016-06-20,19.163877487182617
2016-06-21,19.071205139160156
2016-06-22,18.904401779174805
2016-06-23,19.3214111328125
2016-06-24,18.403993606567383
2016-06-27,17.903581619262695
2016-06-28,18.552263259887695
2016-06-29,19.126808166503906
2016-06-30,19.4233455657959
2016-07-01,19.46041488647461
2016-07-05,19.1082763671875
2016-07-06,19.590150833129883
2016-07-07,19.432615280151367
2016-07-08,19.86815643310547
2016-07-11,20.15542984008789
2016-07-12,20.173965454101562
2016-07-13,19.86815643310547
2016-07-14,19.960826873779297
2016-07-15,19.81255340576172
2016-07-18,20.146162033081055
2016-07-19,19.831087112426758
2016-07-20,20.248096466064453
2016-07-21,20.15542984008789
2016-07-22,20.03495979309082
2016-07-25,20.211029052734375
2016-07-26,20.507570266723633
2016-07-27,20.350032806396484
2016-07-28,19.831087112426758
2016-07-29,19.84962272644043
2016-08-01,20.062761306762695
2016-08-02,19.997892379760742
2016-08-03,20.30369758605957
2016-08-04,20.164697647094727
2016-08-05,20.359298706054688
2016-08-08,20.56317138671875
2016-08-09,20.535369873046875
2016-08-10,19.701353073120117
2016-08-11,19.840354919433594
2016-08-12,19.89595603942871
2016-08-15,20.19249725341797
2016-08-16,19.997892379760742
2016-08-17,19.80328941345215
2016-08-18,20.201763153076172
2016-08-19,20.05349349975586
2016-08-22,19.72915267944336
2016-08-23,19.821821212768555
2016-08-24,19.65501594543457
2016-08-25,19.553083419799805
2016-08-26,19.571617126464844
2016-08-29,19.5345516204834
2016-08-30,19.599416732788086
2016-08-31,19.377012252807617
2016-09-01,19.293609619140625
2016-09-02,19.58088493347168
2016-09-06,19.72915267944336
2016-09-07,19.54381561279297
2016-09-08,19.645753860473633
2016-09-09,19.173141479492188
2016-09-12,19.20094108581543
2016-09-13,18.58932876586914
2016-09-14,18.190855026245117
2016-09-15,18.348390579223633
2016-09-16,18.21865463256836
2016-09-19,18.06111717224121
2016-09-20,18.11672019958496
2016-09-21,18.227920532226562
2016-09-22,18.607864379882812
2016-09-23,18.580060958862305
2016-09-26,18.478126525878906
2016-09-27,18.756132125854492
2016-09-28,18.95073699951172
2016-09-29,18.783933639526367
2016-09-30,18.820999145507812
2016-10-03,18.654197692871094
2016-10-04,18.441059112548828
2016-10-05,19.182411193847656
2016-10-06,19.191675186157227
2016-10-07,18.719064712524414
2016-10-10,19.01560401916504
2016-10-11,18.774667739868164
2016-10-12,18.672733306884766
2016-10-13,18.756132125854492
2016-10-14,18.72833251953125
2016-10-17,18.681997299194336
2016-10-18,18.885868072509766
2016-10-19,19.2102108001709
2016-10-20,19.20094108581543
2016-10-21,19.071205139160156
2016-10-24,18.64493179321289
2016-10-25,18.431791305541992
2016-10-26,18.32059097290039
2016-10-27,18.11672019958496
2016-10-28,17.922115325927734
2016-10-31,17.699710845947266
2016-11-01,17.607040405273438
2016-11-02,17.560707092285156
2016-11-03,17.069562911987305
2016-11-04,16.967626571655273
2016-11-07,17.282699584960938
2016-11-08,17.477306365966797
2016-11-09,16.50428581237793
2016-11-10,16.374547958374023
2016-11-11,16.272611618041992
2016-11-14,16.281879425048828
2016-11-15,16.4116153717041
2016-11-16,16.356016159057617
2016-11-17,16.1984806060791
2016-11-18,16.050209045410156
2016-11-21,15.84633731842041
2016-11-22,16.096542358398438
2016-11-23,16.374547958374023
2016-11-25,16.56915283203125
2016-11-28,16.55061912536621
2016-11-29,16.217010498046875
2016-11-30,16.24481201171875
2016-12-01,16.07801055908203
2016-12-02,16.013141632080078
2016-12-05,16.34674644470215
2016-12-06,16.559886932373047
2016-12-07,16.884225845336914
2016-12-08,17.143699645996094
2016-12-09,17.013961791992188
2016-12-12,16.680356979370117
2016-12-13,16.615488052368164
2016-12-14,16.254079818725586
2016-12-15,16.3004150390625
2016-12-16,16.356016159057617
2016-12-19,16.70815658569336
2016-12-20,16.596952438354492
2016-12-21,16.374547958374023
2016-12-22,16.374547958374023
2016-12-23,16.301599502563477
2016-12-27,16.428043365478516
2016-12-28,16.214061737060547
2016-12-29,16.243240356445312
2016-12-30,16.116796493530273
2017-01-03,16.496129989624023
2017-01-04,16.875463485717773
2017-01-05,16.982454299926758
2017-01-06,16.924095153808594
2017-01-09,16.982454299926758
2017-01-10,17.089445114135742
2017-01-11,17.215890884399414
2017-01-12,17.031085968017578
2017-01-13,17.186708450317383
2017-01-17,17.313154220581055
2017-01-18,17.245067596435547
2017-01-19,17.157529830932617
2017-01-20,17.20616340637207
2017-01-23,17.128353118896484
2017-01-24,17.040813446044922
2017-01-25,17.303428649902344
2017-01-26,17.19643783569336
2017-01-27,17.069992065429688
2017-01-30,16.710111618041992
2017-01-31,16.817102432250977
2017-02-01,16.894916534423828
2017-02-02,16.846284866333008
2017-02-03,16.9921817779541
2017-02-06,16.933822631835938
2017-02-07,16.817102432250977
2017-02-08,16.885190963745117
2017-02-09,16.94354820251465
2017-02-10,17.303428649902344
2017-02-13,17.58549690246582
2017-02-14,17.68276023864746
2017-02-15,18.071821212768555
2017-02-16,17.935651779174805
2017-02-17,18.023189544677734
2017-02-21,18.44142723083496
2017-02-22,18.207990646362305
2017-02-23,18.43170166015625
2017-02-24,18.44142723083496
2017-02-27,18.577598571777344
2017-02-28,18.246896743774414
2017-03-01,18.13990592956543
2017-03-02,17.94537925720215
2017-03-03,17.75084686279297
2017-03-06,17.71194076538086
2017-03-07,17.54659080505371
2017-03-08,17.488231658935547
2017-03-09,17.439599990844727
2017-03-10,17.381240844726562
2017-03-13,17.527137756347656
2017-03-14,17.3228816986084
2017-03-15,17.59522247314453
2017-03-16,17.83838653564453
2017-03-17,17.468778610229492
2017-03-20,17.37151527404785
2017-03-21,17.031085968017578
2017-03-22,16.933822631835938
2017-03-23,16.846284866333008
2017-03-24,16.817102432250977
2017-03-27,16.817102432250977
2017-03-28,16.885190963745117
2017-03-29,16.865737915039062
2017-03-30,16.826828002929688
2017-03-31,16.807376861572266
2017-04-03,16.78792381286621
2017-04-04,16.885190963745117
2017-04-05,16.739290237426758
2017-04-06,16.768470764160156
2017-04-07,16.729564666748047
2017-04-10,17.031085968017578
2017-04-11,17.021360397338867
2017-04-12,17.011632919311523
2017-04-13,16.836557388305664
2017-04-17,16.953275680541992
2017-04-18,16.914369583129883
2017-04-19,16.729564666748047
2017-04-20,16.65175437927246
2017-04-21,16.573942184448242
2017-04-24,16.78792381286621
2017-04-25,16.963001251220703
2017-04-26,17.06026840209961
2017-04-27,17.06026840209961
2017-04-28,17.021360397338867
2017-05-01,16.982454299926758
2017-05-02,17.186708450317383
2017-05-03,17.25479507446289
2017-05-04,17.050540924072266
2017-05-05,17.381240844726562
2017-05-08,17.352062225341797
2017-05-09,17.527137756347656
2017-05-10,17.702213287353516
2017-05-11,17.68276023864746
2017-05-12,17.643856048583984
2017-05-15,17.83838653564453
2017-05-16,17.702213287353516
2017-05-17,17.33260726928711
2017-05-18,17.274250030517578
2017-05-19,17.59522247314453
2017-05-22,17.68276023864746
2017-05-23,17.702213287353516
2017-05-24,17.964828491210938
2017-05-25,18.052366256713867
2017-05-26,17.896743774414062
2017-05-30,18.06209373474121
2017-05-31,18.00373649597168
2017-06-01,18.042640686035156
2017-06-02,18.042640686035156
2017-06-05,17.906471252441406
2017-06-06,18.110727310180664
2017-06-07,17.984281539916992
2017-06-08,18.30525779724121
2017-06-09,18.09127426147461
2017-06-12,17.984281539916992
2017-06-13,18.17881202697754
2017-06-14,17.984281539916992
2017-06-15,17.692487716674805
2017-06-16,17.83838653564453
2017-06-19,18.101001739501953
2017-06-20,18.130178451538086
2017-06-21,18.39279556274414
2017-06-22,18.85966682434082
2017-06-23,19.258453369140625
2017-06-26,19.345991134643555
2017-06-27,19.219547271728516
2017-06-28,19.375171661376953
2017-06-29,19.26818084716797
2017-06-30,19.345991134643555
2017-07-03,19.41407585144043
2017-07-05,19.02501678466797
2017-07-06,18.918025970458984
2017-07-07,19.219547271728516
2017-07-10,19.258453369140625
2017-07-11,19.384897232055664
2017-07-12,19.764230728149414
2017-07-13,19.62805938720703
2017-07-14,20.075477600097656
2017-07-17,20.065750122070312
2017-07-18,20.396451950073242
2017-07-19,20.89250373840332
2017-07-20,20.863325119018555
2017-07-21,20.736879348754883
2017-07-24,20.853599548339844
2017-07-25,20.736879348754883
2017-07-26,20.71742820739746
2017-07-27,20.6298885345459
2017-07-28,21.00922203063965
2017-07-31,21.048126220703125
2017-08-01,21.14539337158203
2017-08-02,20.8146915435791
2017-08-03,21.00922203063965
2017-08-04,21.23293113708496
2017-08-07,21.670625686645508
2017-08-08,21.378828048706055
2017-08-09,21.242658615112305
2017-08-10,20.659069061279297
2017-08-11,20.882776260375977
2017-08-14,21.125938415527344
2017-08-15,21.330196380615234
2017-08-16,21.14539337158203
2017-08-17,20.659069061279297
2017-08-18,21.03839874267578
2017-08-21,20.552074432373047
2017-08-22,20.67852210998535
2017-08-23,20.727153778076172
2017-08-24,20.911954879760742
2017-08-25,20.89250373840332
2017-08-28,20.853599548339844
2017-08-29,20.89250373840332
2017-08-30,20.911954879760742
2017-08-31,21.106487274169922
2017-09-01,21.32046890258789
2017-09-05,21.22320556640625
2017-09-06,21.27183723449707
2017-09-07,21.39828109741211
2017-09-08,21.242658615112305
2017-09-11,21.28156280517578
2017-09-12,21.242658615112305
2017-09-13,21.28156280517578
2017-09-14,21.835973739624023
2017-09-15,21.758163452148438
2017-09-18,21.660898208618164
2017-09-19,21.942964553833008
2017-09-20,21.719255447387695
2017-09-21,21.40800666809082
2017-09-22,21.583086013793945
2017-09-25,20.649341583251953
2017-09-26,20.581254959106445
2017-09-27,21.048126220703125
2017-09-28,20.90222930908203
2017-09-29,21.057851791381836
2017-10-02,21.077306747436523
2017-10-03,21.22320556640625
2017-10-04,21.28156280517578
2017-10-05,21.34964942932129
2017-10-06,21.330196380615234
2017-10-09,21.03839874267578
2017-10-10,21.359375
2017-10-11,21.26211166381836
2017-10-12,21.53445053100586
2017-10-13,21.767887115478516
2017-10-16,21.923511505126953
2017-10-17,22.020776748657227
2017-10-18,22.049955368041992
2017-10-19,21.690074920654297
2017-10-20,21.9040584564209
2017-10-23,22.370929718017578
2017-10-24,22.28339195251465
2017-10-25,22.302845001220703
2017-10-26,22.507099151611328
2017-10-27,23.31439781188965
2017-10-30,23.470022201538086
2017-10-31,23.324125289916992
2017-11-01,23.43111801147461
2017-11-02,23.479751586914062
2017-11-03,23.674280166625977
2017-11-06,24.11197280883789
2017-11-07,23.800724029541016
2017-11-08,23.98552894592285
2017-11-09,23.684005737304688
2017-11-10,23.995256423950195
2017-11-13,24.180057525634766
2017-11-14,24.43294906616211
2017-11-15,23.771547317504883
2017-11-16,24.043886184692383
2017-11-17,23.8785343170166
2017-11-20,24.335681915283203
2017-11-21,24.28704833984375
2017-11-22,24.345407485961914
2017-11-24,24.70528793334961
2017-11-27,24.267595291137695
2017-11-28,24.423219680786133
2017-11-29,23.790996551513672
2017-11-30,23.897987365722656
2017-12-01,23.547836303710938
2017-12-04,22.691905975341797
2017-12-05,22.8475284576416
2017-12-06,22.828075408935547
2017-12-07,23.197683334350586
2017-12-08,23.684005737304688
2017-12-11,23.82017707824707
2017-12-12,23.538110733032227
2017-12-13,23.761817932128906
2017-12-14,23.810449600219727
2017-12-15,23.859085083007812
2017-12-18,24.209238052368164
2017-12-19,24.034160614013672
2017-12-20,24.131423950195312
2017-12-21,24.510761260986328
2017-12-22,24.598299026489258
2017-12-26,24.44483757019043
2017-12-27,24.801259994506836
2017-12-28,24.979473114013672
2017-12-29,24.880464553833008
2018-01-02,25.434907913208008
2018-01-03,25.7319278717041
2018-01-04,25.53391456604004
2018-01-05,25.65272331237793
2018-01-08,25.672523498535156
2018-01-09,25.662622451782227
2018-01-10,25.672523498535156
2018-01-11,26.306167602539062
2018-01-12,26.335872650146484
2018-01-16,25.672523498535156
2018-01-17,25.722026824951172
2018-01-18,25.722026824951172
2018-01-19,25.712125778198242
2018-01-22,25.49431037902832
2018-01-23,25.316097259521484
2018-01-24,24.94977378845215
2018-01-25,25.14778709411621
2018-01-26,25.256694793701172
2018-01-29,25.325998306274414
2018-01-30,24.939870834350586
2018-01-31,24.811161041259766
2018-02-01,24.494338989257812
2018-02-02,23.811189651489258
2018-02-05,22.95973014831543
2018-02-06,23.19734764099121
2018-02-07,22.95973014831543
2018-02-08,22.276580810546875
2018-02-09,22.177574157714844
2018-02-12,22.791419982910156
2018-02-13,23.286453247070312
2018-02-14,23.731983184814453
2018-02-15,24.375532150268555
2018-02-16,24.593345642089844
2018-02-20,24.66265296936035
2018-02-21,24.801259994506836
2018-02-22,24.65275001525879
2018-02-23,24.66265296936035
2018-02-26,24.821062088012695
2018-02-27,24.38543128967285
2018-02-28,24.029006958007812
2018-03-01,24.098312377929688
2018-03-02,24.0686092376709
2018-03-05,24.40523338317871
2018-03-06,24.642850875854492
2018-03-07,24.504240036010742
2018-03-08,24.63294792175293
2018-03-09,24.99927520751953
2018-03-12,25.157686233520508
2018-03-13,24.939870834350586
2018-03-14,25.02897834777832
2018-03-15,24.91016960144043
2018-03-16,24.969573974609375
2018-03-19,25.00917625427246
2018-03-20,25.3656005859375
2018-03-21,25.573516845703125
2018-03-22,24.63294792175293
2018-03-23,24.39533042907715
2018-03-26,25.41510581970215
2018-03-27,24.771560668945312
2018-03-28,24.029006958007812
2018-03-29,24.316125869750977
2018-04-02,24.118114471435547
2018-04-03,24.16761589050293
2018-04-04,24.098312377929688
2018-04-05,24.722055435180664
2018-04-06,24.137914657592773
2018-04-09,24.365631103515625
2018-04-10,24.811161041259766
2018-04-11,24.722055435180664
2018-04-12,24.68245506286621
2018-04-13,24.44483757019043
2018-04-16,24.286426544189453
2018-04-17,24.54384422302246
2018-04-18,25.088382720947266
2018-04-19,25.03887939453125
2018-04-20,25.048778533935547
2018-04-23,24.89036750793457
2018-04-24,24.63294792175293
2018-04-25,24.42503547668457
2018-04-26,24.642850875854492
2018-04-27,24.860666275024414
2018-04-30,24.375532150268555
2018-05-01,24.108211517333984
2018-05-02,24.246822357177734
2018-05-03,24.108211517333984
2018-05-04,24.009204864501953
2018-05-07,24.39533042907715
2018-05-08,24.355730056762695
2018-05-09,24.751758575439453
2018-05-10,25.890336990356445
2018-05-11,25.642820358276367
2018-05-14,26.11805534362793
2018-05-15,26.028949737548828
2018-05-16,26.543785095214844
2018-05-17,26.46457862854004
2018-05-18,26.286365509033203
2018-05-21,26.662593841552734
2018-05-22,26.45467758178711
2018-05-23,26.06855010986328
2018-05-24,25.781431198120117
2018-05-25,25.65272331237793
2018-05-29,25.316097259521484
2018-05-30,25.60321807861328
2018-05-31,25.226991653442383
2018-06-01,24.920068740844727
2018-06-04,23.79138946533203
2018-06-05,23.276554107666016
2018-06-06,23.058738708496094
2018-06-07,22.999332427978516
2018-06-08,22.95973014831543
2018-06-11,22.93992805480957
2018-06-12,23.06863784790039
2018-06-13,23.6032772064209
2018-06-14,23.751785278320312
2018-06-15,23.019134521484375
2018-06-18,23.147842407226562
2018-06-19,23.147842407226562
2018-06-20,23.276554107666016
2018-06-21,23.246849060058594
2018-06-22,23.46466636657715
2018-06-25,23.07853889465332
2018-06-26,23.17754554748535
2018-06-27,22.732013702392578
2018-06-28,22.85082244873047
2018-06-29,22.870624542236328
2018-07-02,23.029037475585938
2018-07-03,22.85082244873047
2018-07-05,23.029037475585938
2018-07-06,23.306255340576172
2018-07-09,23.6923828125
2018-07-10,23.56367301940918
2018-07-11,23.137943267822266
2018-07-12,23.256752014160156
2018-07-13,23.048837661743164
2018-07-16,23.029037475585938
2018-07-17,22.82111930847168
2018-07-18,22.831022262573242
2018-07-19,22.84092140197754
2018-07-20,22.63300895690918
2018-07-23,22.52410125732422
2018-07-24,22.751815795898438
2018-07-25,23.266651153564453
2018-07-26,22.95973014831543
2018-07-27,22.534000396728516
2018-07-30,22.227079391479492
2018-07-31,22.514198303222656
2018-08-01,22.3953914642334
2018-08-02,22.543903350830078
2018-08-03,21.930057525634766
2018-08-06,22.197376251220703
2018-08-07,22.37558937072754
2018-08-08,22.50429916381836
2018-08-09,22.38549041748047
2018-08-10,21.939958572387695
2018-08-13,21.583532333374023
2018-08-14,21.31621551513672
2018-08-15,20.83108139038086
2018-08-16,20.880582809448242
2018-08-17,20.870683670043945
2018-08-20,21.217206954956055
2018-08-21,21.484525680541992
2018-08-22,21.543930053710938
2018-08-23,21.326114654541016
2018-08-24,21.672637939453125
2018-08-27,21.732044219970703
2018-08-28,21.59343147277832
2018-08-29,21.939958572387695
2018-08-30,21.454824447631836
2018-08-31,21.61323356628418
2018-09-04,21.63303565979004
2018-09-05,21.197404861450195
2018-09-06,20.989490509033203
2018-09-07,20.58356285095215
2018-09-10,20.51425552368164
2018-09-11,20.6231632232666
2018-09-12,20.77167510986328
2018-09-13,20.840978622436523
2018-09-14,20.66276741027832
2018-09-17,20.464752197265625
2018-09-18,20.850881576538086
2018-09-19,20.91028594970703
2018-09-20,21.276611328125
2018-09-21,21.3657169342041
2018-09-24,21.217206954956055
2018-09-25,21.157804489135742
2018-09-26,21.098398208618164
2018-09-27,20.751873016357422
2018-09-28,20.5340576171875
2018-10-01,20.5340576171875
2018-10-02,20.801376342773438
2018-10-03,20.652868270874023
2018-10-04,20.415250778198242
2018-10-05,19.94991683959961
2018-10-08,19.712299346923828
2018-10-09,19.494483947753906
2018-10-10,18.969745635986328
2018-10-11,18.70242691040039
2018-10-12,18.890541076660156
2018-10-15,19.246967315673828
2018-10-16,19.58359146118164
2018-10-17,19.415279388427734
2018-10-18,19.048952102661133
2018-10-19,18.870738983154297
2018-10-22,18.732131958007812
2018-10-23,18.227195739746094
2018-10-24,17.702457427978516
2018-10-25,18.088584899902344
2018-10-26,17.68265724182129
2018-10-29,17.524246215820312
2018-10-30,18.01927947998047
2018-10-31,18.306398391723633
2018-11-01,18.940044403076172
2018-11-02,19.266767501831055
2018-11-05,20.29644203186035
2018-11-06,20.18753433227539
2018-11-07,20.801376342773438
2018-11-08,20.227136611938477
2018-11-09,19.989521026611328
2018-11-12,19.791505813598633
2018-11-13,19.652894973754883
2018-11-14,19.48458480834961
2018-11-15,20.02912139892578
2018-11-16,20.256837844848633
2018-11-19,20.098426818847656
2018-11-20,19.57369041442871
2018-11-21,19.900415420532227
2018-11-23,19.880613327026367
2018-11-26,20.43505096435547
2018-11-27,20.959789276123047
2018-11-28,21.59343147277832
2018-11-29,21.375619888305664
2018-11-30,20.840978622436523
2018-12-03,21.17760467529297
2018-12-04,20.58356285095215
2018-12-06,20.613264083862305
2018-12-07,20.0687255859375
2018-12-10,19.900415420532227
2018-12-11,19.910314559936523
2018-12-12,20.08852767944336
2018-12-13,20.147932052612305
2018-12-14,19.850908279418945
2018-12-17,19.395477294921875
2018-12-18,19.22716522216797
2018-12-19,18.85093879699707
2018-12-20,18.51431655883789
2018-12-21,18.286598205566406
2018-12-24,17.956581115722656
2018-12-26,18.654502868652344
2018-12-27,18.475038528442383
2018-12-28,18.51491928100586
2018-12-31,18.494977951049805
2019-01-02,18.734268188476562
2019-01-03,18.534860610961914
2019-01-04,19.392309188842773
2019-01-07,19.75124168395996
2019-01-08,19.761211395263672
2019-01-09,20.040382385253906
2019-01-10,20.479076385498047
2019-01-11,20.32952117919922
2019-01-14,20.289640426635742
2019-01-15,20.299610137939453
2019-01-16,20.199907302856445
2019-01-17,20.548870086669922
2019-01-18,20.39931297302246
2019-01-22,20.150054931640625
2019-01-23,20.538898468017578
2019-01-24,21.186969757080078
2019-01-25,21.695457458496094
2019-01-28,22.1939754486084
2019-01-29,21.93474578857422
2019-01-30,22.42329216003418
2019-01-31,23.22092056274414
2019-02-01,22.65260887145996
2019-02-04,22.92180824279785
2019-02-05,23.07136344909668
2019-02-06,23.210948944091797
2019-02-07,22.832075119018555
2019-02-08,22.672550201416016
2019-02-11,22.8121337890625
2019-02-12,23.051424026489258
2019-02-13,23.22092056274414
2019-02-14,23.549942016601562
2019-02-15,23.161096572875977
2019-02-19,23.928813934326172
2019-02-20,23.809167861938477
2019-02-21,24.317655563354492
2019-02-22,25.085372924804688
2019-02-25,25.135223388671875
2019-02-26,24.89593505859375
2019-02-27,24.746381759643555
2019-02-28,24.846084594726562
2019-03-01,24.975698471069336
2019-03-04,24.89593505859375
2019-03-05,24.656648635864258
2019-03-06,23.948755264282227
2019-03-07,23.350534439086914
2019-03-08,23.1212158203125
2019-03-11,23.938783645629883
2019-03-12,23.998605728149414
2019-03-13,24.098308563232422
2019-03-14,24.038488388061523
2019-03-15,23.948755264282227
2019-03-18,24.437301635742188
2019-03-19,24.586854934692383
2019-03-20,24.696529388427734
2019-03-21,24.108280181884766
2019-03-22,23.200979232788086
2019-03-25,23.051424026489258
2019-03-26,23.001571655273438
2019-03-27,22.941749572753906
2019-03-28,23.07136344909668
2019-03-29,23.091304779052734
2019-04-01,23.530000686645508
2019-04-02,23.669584274291992
2019-04-03,23.998605728149414
2019-04-04,24.257835388183594
2019-04-05,24.7264404296875
2019-04-08,24.89593505859375
2019-04-09,24.427330017089844
2019-04-10,24.796234130859375
2019-04-11,24.3575382232666
2019-04-12,24.537004470825195
2019-04-15,24.646677017211914
2019-04-16,24.856056213378906
2019-04-17,25.085372924804688
2019-04-18,25.015581130981445
2019-04-22,25.244897842407227
2019-04-23,25.534038543701172
2019-04-24,25.504127502441406
2019-04-25,25.42436408996582
2019-04-26,25.474214553833008
2019-04-29,25.294750213623047
2019-04-30,25.015581130981445
2019-05-01,25.294750213623047
2019-05-02,25.374513626098633
2019-05-03,26.13225746154785
2019-05-06,25.474214553833008
2019-05-07,26.07243537902832
2019-05-08,25.68359375
2019-05-09,24.746381759643555
2019-05-10,25.31468963623047
2019-05-13,24.3575382232666
2019-05-14,24.646677017211914
2019-05-15,25.14519500732422
2019-05-16,25.773326873779297
2019-05-17,25.175106048583984
2019-05-20,24.915876388549805
2019-05-21,25.68359375
2019-05-22,25.85308837890625
2019-05-23,25.0056095123291
2019-05-24,25.42436408996582
2019-05-28,25.713504791259766
2019-05-29,25.544008255004883
2019-05-30,25.892969131469727
2019-05-31,25.593860626220703
2019-06-03,26.002643585205078
2019-06-04,26.22199058532715
2019-06-05,26.740447998046875
2019-06-06,26.56098175048828
2019-06-07,26.929885864257812
2019-06-10,27.328699111938477
2019-06-11,27.368581771850586
2019-06-12,26.830181121826172
2019-06-13,27.577957153320312
2019-06-14,27.219024658203125
2019-06-17,26.730478286743164
2019-06-18,27.72751235961914
2019-06-19,27.956830978393555
2019-06-20,28.03659439086914
2019-06-21,27.916948318481445
2019-06-24,27.99671173095703
2019-06-25,27.228994369506836
2019-06-26,27.438373565673828
2019-06-27,28.056533813476562
2019-06-28,28.186147689819336
2019-07-01,28.724546432495117
2019-07-02,28.983774185180664
2019-07-03,29.12335968017578
2019-07-05,29.1732120513916
2019-07-08,29.10342025756836
2019-07-09,28.94389533996582
2019-07-10,28.973804473876953
2019-07-11,28.275882720947266
2019-07-12,28.664724349975586
2019-07-15,28.69463539123535
2019-07-16,28.68466567993164
2019-07-17,28.814279556274414
2019-07-18,28.84419059753418
2019-07-19,28.95386505126953
2019-07-22,28.913982391357422
2019-07-23,28.5849609375
2019-07-24,28.5251407623291
2019-07-25,28.176177978515625
2019-07-26,28.42543601989746
2019-07-29,28.654754638671875
2019-07-30,28.80430793762207
2019-07-31,29.422470092773438
2019-08-01,30.27992057800293
2019-08-02,30.289888381958008
2019-08-05,28.555049896240234
2019-08-06,29.2629451751709
2019-08-07,30.947933197021484
2019-08-08,31.486330032348633
2019-08-09,30.71861457824707
2019-08-12,30.23006820678711
2019-08-13,30.220096588134766
2019-08-14,29.00371551513672
2019-08-15,28.83422088623047
2019-08-16,29.721580505371094
2019-08-19,30.579029083251953
2019-08-20,30.868167877197266
2019-08-21,31.625913619995117
2019-08-22,30.898080825805664
2019-08-23,29.960866928100586
2019-08-26,30.66876220703125
2019-08-27,30.259979248046875
2019-08-28,30.409534454345703
2019-08-29,30.44941520690918
2019-08-30,30.45938491821289
2019-09-03,29.671728134155273
2019-09-04,30.29986000061035
2019-09-05,30.030662536621094
2019-09-06,29.65178871154785
2019-09-09,29.183181762695312
2019-09-10,28.973804473876953
2019-09-11,29.731550216674805
2019-09-12,29.2629451751709
2019-09-13,29.502233505249023
2019-09-16,30.090482711791992
2019-09-17,31.097488403320312
2019-09-18,31.067575454711914
2019-09-19,31.964908599853516
2019-09-20,32.034698486328125
2019-09-23,32.204193115234375
2019-09-24,31.03766441345215
2019-09-25,31.237071990966797
2019-09-26,30.120393753051758
2019-09-27,29.12335968017578
2019-09-30,29.282886505126953
2019-10-01,28.774398803710938
2019-10-02,28.505199432373047
2019-10-03,28.90401268005371
2019-10-04,29.512203216552734
2019-10-07,29.193153381347656
2019-10-08,29.203123092651367
2019-10-09,29.06353759765625
2019-10-10,29.462350845336914
2019-10-11,29.701641082763672
2019-10-14,29.71160888671875
2019-10-15,29.412500381469727
2019-10-16,29.023656845092773
2019-10-17,28.973804473876953
2019-10-18,28.913982391357422
2019-10-21,29.572025299072266
2019-10-22,28.664724349975586
2019-10-23,28.983774185180664
2019-10-24,29.1732120513916
2019-10-25,28.933923721313477
2019-10-28,29.033628463745117
2019-10-29,29.10342025756836
2019-10-30,27.98674201965332
2019-10-31,28.006681442260742
2019-11-01,28.09641456604004
2019-11-04,27.687631607055664
2019-11-05,28.116355895996094
2019-11-06,27.87706756591797
2019-11-07,27.717540740966797
2019-11-08,27.757423400878906
2019-11-11,27.976770401000977
2019-11-12,27.847156524658203
2019-11-13,27.338668823242188
2019-11-14,27.6278076171875
2019-11-15,27.76739501953125
2019-11-18,27.46828269958496
2019-11-19,27.697601318359375
2019-11-20,27.428401947021484
2019-11-21,27.24893569946289
2019-11-22,27.338668823242188
2019-11-25,27.70757293701172
2019-11-26,27.76739501953125
2019-11-27,28.19611930847168
2019-11-29,27.906978607177734
2019-12-02,27.797304153442383
2019-12-03,28.176177978515625
2019-12-04,28.42543601989746
2019-12-05,28.3057918548584
2019-12-06,28.68466567993164
2019-12-09,28.57499122619629
2019-12-10,28.445377349853516
2019-12-11,28.913982391357422
2019-12-12,29.48229217529297
2019-12-13,29.611907958984375
2019-12-16,30.24003791809082
2019-12-17,30.349712371826172
2019-12-18,30.309829711914062
2019-12-19,30.519208908081055
2019-12-20,30.589000701904297
2019-12-23,30.690000534057617
2019-12-24,30.780000686645508
2019-12-26,31.1200008392334
2019-12-27,30.8700008392334
2019-12-30,30.700000762939453
2019-12-31,30.799999237060547
2020-01-02,31.940000534057617
2020-01-03,31.729999542236328
2020-01-06,31.450000762939453
2020-01-07,31.729999542236328
2020-01-08,32.06999969482422
2020-01-09,32.540000915527344
2020-01-10,32.41999816894531
2020-01-13,33.13999938964844
2020-01-14,33.439998626708984
2020-01-15,33.15999984741211
2020-01-16,33.41999816894531
2020-01-17,33.66999816894531
2020-01-21,33.65999984741211
2020-01-22,33.349998474121094
2020-01-23,33.459999084472656
2020-01-24,33.380001068115234
2020-01-27,31.920000076293945
2020-01-28,32.75
2020-01-29,33.06999969482422
2020-01-30,33.09000015258789
2020-01-31,32.150001525878906
2020-02-03,32.59000015258789
2020-02-04,34.20000076293945
2020-02-05,34.77000045776367
2020-02-06,35.13999938964844
2020-02-07,34.790000915527344
2020-02-10,35.189998626708984
2020-02-11,36.59000015258789
2020-02-12,38.34000015258789
2020-02-13,37.66999816894531
2020-02-14,37.5099983215332
2020-02-18,37.70000076293945
2020-02-19,40.7400016784668
2020-02-20,41.86000061035156
2020-02-21,40.77000045776367
2020-02-24,39.2400016784668
2020-02-25,37.81999969482422
2020-02-26,37.900001525878906
2020-02-27,36.4900016784668
2020-02-28,36.470001220703125
2020-03-02,36.9900016784668
2020-03-03,37.130001068115234
2020-03-04,38.52000045776367
2020-03-05,38.33000183105469
2020-03-06,36.880001068115234
2020-03-09,31.93000030517578
2020-03-10,33.099998474121094
2020-03-11,30.969999313354492
2020-03-12,26.549999237060547
2020-03-13,27.170000076293945
2020-03-16,22.799999237060547
2020-03-17,24.5
2020-03-18,22.25
2020-03-19,23.0
2020-03-20,22.75
2020-03-23,22.219999313354492
2020-03-24,25.219999313354492
2020-03-25,26.399999618530273
2020-03-26,27.15999984741211
2020-03-27,24.969999313354492
2020-03-30,25.139999389648438
2020-03-31,25.229999542236328
2020-04-01,23.850000381469727
2020-04-02,24.520000457763672
2020-04-03,23.81999969482422
2020-04-06,25.719999313354492
2020-04-07,26.40999984741211
2020-04-08,27.489999771118164
2020-04-09,27.969999313354492
