Date,VTV
2010-01-04,37.25771713256836
2010-01-05,37.380516052246094
2010-01-06,37.50330352783203
2010-01-07,37.710487365722656
2010-01-08,37.74885559082031
2010-01-11,37.9100341796875
2010-01-12,37.52631378173828
2010-01-13,37.86397933959961
2010-01-14,37.93304443359375
2010-01-15,37.50330352783203
2010-01-19,37.98676300048828
2010-01-20,37.68746566772461
2010-01-21,36.88169479370117
2010-01-22,36.152652740478516
2010-01-25,36.33684158325195
2010-01-26,36.12963104248047
2010-01-27,36.27543258666992
2010-01-28,35.99917221069336
2010-01-29,35.74592208862305
2010-02-01,36.221710205078125
2010-02-02,36.78960418701172
2010-02-03,36.49797821044922
2010-02-04,35.339202880859375
2010-02-05,35.369903564453125
2010-02-08,35.03223419189453
2010-02-09,35.47733688354492
2010-02-10,35.44664764404297
2010-02-11,35.74592208862305
2010-02-12,35.70755386352539
2010-02-16,36.30613708496094
2010-02-17,36.42892074584961
2010-02-18,36.6514778137207
2010-02-19,36.74356460571289
2010-02-22,36.77425003051758
2010-02-23,36.35984802246094
2010-02-24,36.71286392211914
2010-02-25,36.60541915893555
2010-02-26,36.682167053222656
2010-03-01,36.958438873291016
2010-03-02,37.07354736328125
2010-03-03,37.042850494384766
2010-03-04,37.18098068237305
2010-03-05,37.725833892822266
2010-03-08,37.7949104309082
2010-03-09,37.85630416870117
2010-03-10,38.032806396484375
2010-03-11,38.17860794067383
2010-03-12,38.14023971557617
2010-03-15,38.15558624267578
2010-03-16,38.52394104003906
2010-03-17,38.78487777709961
2010-03-18,38.70811462402344
2010-03-19,38.54697799682617
2010-03-22,38.69277572631836
2010-03-23,39.0457878112793
2010-03-24,38.88462829589844
2010-03-25,38.76890563964844
2010-03-26,38.77662658691406
2010-03-29,39.046653747558594
2010-03-30,39.0003547668457
2010-03-31,38.93864059448242
2010-04-01,39.278106689453125
2010-04-05,39.61757278442383
2010-04-06,39.717872619628906
2010-04-07,39.46327209472656
2010-04-08,39.5712890625
2010-04-09,39.85674285888672
2010-04-12,39.94932556152344
2010-04-13,39.94932556152344
2010-04-14,40.419960021972656
2010-04-15,40.45082092285156
2010-04-16,39.68700408935547
2010-04-19,39.864463806152344
2010-04-20,40.27335739135742
2010-04-21,40.15763473510742
2010-04-22,40.24250411987305
2010-04-23,40.543392181396484
2010-04-26,40.35051345825195
2010-04-27,39.36297607421875
2010-04-28,39.74102020263672
2010-04-29,40.26565933227539
2010-04-30,39.632991790771484
2010-05-03,40.173065185546875
2010-05-04,39.278106689453125
2010-05-05,39.00806427001953
2010-05-06,37.634769439697266
2010-05-07,37.19498825073242
2010-05-10,38.80747985839844
2010-05-11,38.72260665893555
2010-05-12,39.20866775512695
2010-05-13,38.74575424194336
2010-05-14,38.059104919433594
2010-05-17,38.059104919433594
2010-05-18,37.50360870361328
2010-05-19,37.32615661621094
2010-05-20,35.85255813598633
2010-05-21,36.43120193481445
2010-05-24,35.87569808959961
2010-05-25,35.9219970703125
2010-05-26,35.7754020690918
2010-05-27,36.986690521240234
2010-05-28,36.55463409423828
2010-06-01,35.85255813598633
2010-06-02,36.77067184448242
2010-06-03,36.863250732421875
2010-06-04,35.58251953125
2010-06-07,35.1273193359375
2010-06-08,35.628814697265625
2010-06-09,35.428218841552734
2010-06-10,36.492916107177734
2010-06-11,36.63179016113281
2010-06-14,36.58549499511719
2010-06-15,37.38016891479492
2010-06-16,37.32615661621094
2010-06-17,37.418739318847656
2010-06-18,37.480472564697266
2010-06-21,37.349300384521484
2010-06-22,36.70122528076172
2010-06-23,36.55463409423828
2010-06-24,35.962127685546875
2010-06-25,36.17957305908203
2010-06-28,36.07085037231445
2010-06-29,35.014739990234375
2010-06-30,34.6652946472168
2010-07-01,34.48667526245117
2010-07-02,34.30030059814453
2010-07-06,34.49443817138672
2010-07-07,35.59715270996094
2010-07-08,35.962127685546875
2010-07-09,36.27275085449219
2010-07-12,36.249446868896484
2010-07-13,36.83185958862305
2010-07-14,36.70760726928711
2010-07-15,36.76974105834961
2010-07-16,35.66704177856445
2010-07-19,35.89999771118164
2010-07-20,36.19509506225586
2010-07-21,35.72140121459961
2010-07-22,36.52125930786133
2010-07-23,36.83185958862305
2010-07-26,37.34438705444336
2010-07-27,37.35992431640625
2010-07-28,37.072601318359375
2010-07-29,36.971641540527344
2010-07-30,36.96388244628906
2010-08-02,37.8103141784668
2010-08-03,37.61617660522461
2010-08-04,37.85691452026367
2010-08-05,37.818092346191406
2010-08-06,37.63172149658203
2010-08-09,37.849151611328125
2010-08-10,37.639488220214844
2010-08-11,36.56783676147461
2010-08-12,36.4591178894043
2010-08-13,36.34263229370117
2010-08-16,36.303810119628906
2010-08-17,36.7231559753418
2010-08-18,36.76974105834961
2010-08-19,36.10190200805664
2010-08-20,35.90776824951172
2010-08-23,35.830116271972656
2010-08-24,35.37194061279297
2010-08-25,35.46513366699219
2010-08-26,35.23215866088867
2010-08-27,35.837886810302734
2010-08-30,35.30205535888672
2010-08-31,35.395240783691406
2010-09-01,36.43582534790039
2010-09-02,36.73868942260742
2010-09-03,37.212364196777344
2010-09-07,36.7231559753418
2010-09-08,36.95612716674805
2010-09-09,37.243431091308594
2010-09-10,37.39875411987305
2010-09-13,37.833614349365234
2010-09-14,37.76372528076172
2010-09-15,37.84137725830078
2010-09-16,37.755958557128906
2010-09-17,37.732662200927734
2010-09-20,38.33060836791992
2010-09-21,38.221893310546875
2010-09-22,37.965633392333984
2010-09-23,37.53853988647461
2010-09-24,38.286746978759766
2010-09-27,38.08346939086914
2010-09-28,38.2789306640625
2010-09-29,38.13037872314453
2010-09-30,38.075645446777344
2010-10-01,38.318023681640625
2010-10-04,38.06001281738281
2010-10-05,38.81841278076172
2010-10-06,38.85750198364258
2010-10-07,38.826229095458984
2010-10-08,38.99040603637695
2010-10-11,39.02167892456055
2010-10-12,39.170223236083984
2010-10-13,39.37350845336914
2010-10-14,39.170223236083984
2010-10-15,38.95913314819336
2010-10-18,39.34224319458008
2010-10-19,38.763675689697266
2010-10-20,39.17805862426758
2010-10-21,39.17805862426758
2010-10-22,39.185874938964844
2010-10-25,39.2562370300293
2010-10-26,39.19369125366211
2010-10-27,39.084232330322266
2010-10-28,39.123329162597656
2010-10-29,39.115501403808594
2010-11-01,39.068603515625
2010-11-02,39.334415435791016
2010-11-03,39.48298263549805
2010-11-04,40.31953048706055
2010-11-05,40.56190490722656
2010-11-08,40.436805725097656
2010-11-09,40.06153106689453
2010-11-10,40.25699996948242
2010-11-11,40.170982360839844
2010-11-12,39.756614685058594
2010-11-15,39.74097442626953
2010-11-16,39.10768127441406
2010-11-17,39.09987258911133
2010-11-18,39.62370300292969
2010-11-19,39.67843246459961
2010-11-22,39.506404876708984
2010-11-23,38.9356803894043
2010-11-24,39.451690673828125
2010-11-26,39.09987258911133
2010-11-29,39.13113784790039
2010-11-30,38.87312698364258
2010-12-01,39.71752166748047
2010-12-02,40.26480484008789
2010-12-03,40.382076263427734
2010-12-06,40.327354431152344
2010-12-07,40.382076263427734
2010-12-08,40.585357666015625
2010-12-09,40.812095642089844
2010-12-10,41.11701202392578
2010-12-13,41.156105041503906
2010-12-14,41.19519805908203
2010-12-15,40.97629165649414
2010-12-16,41.218658447265625
2010-12-17,41.25774383544922
2010-12-20,41.38283920288086
2010-12-21,41.6799430847168
2010-12-22,41.93794631958008
2010-12-23,41.85976028442383
2010-12-27,41.925086975097656
2010-12-28,42.003787994384766
2010-12-29,42.01952362060547
2010-12-30,41.95657730102539
2010-12-31,41.972320556640625
2011-01-03,42.46027755737305
2011-01-04,42.531097412109375
2011-01-05,42.71998596191406
2011-01-06,42.6019287109375
2011-01-07,42.49960708618164
2011-01-10,42.381568908691406
2011-01-11,42.55471420288086
2011-01-12,42.948219299316406
2011-01-13,42.86952590942383
2011-01-14,43.20795822143555
2011-01-18,43.22369384765625
2011-01-19,42.77508544921875
2011-01-20,42.79084014892578
2011-01-21,43.06627655029297
2011-01-24,43.231563568115234
2011-01-25,43.25517654418945
2011-01-26,43.373226165771484
2011-01-27,43.530643463134766
2011-01-28,42.83803939819336
2011-01-31,43.16859436035156
2011-02-01,43.963497161865234
2011-02-02,43.82182312011719
2011-02-03,43.947757720947266
2011-02-04,43.97136306762695
2011-02-07,44.29404067993164
2011-02-08,44.49081039428711
2011-02-09,44.333396911621094
2011-02-10,44.38848876953125
2011-02-11,44.63246536254883
2011-02-14,44.78200912475586
2011-02-15,44.624603271484375
2011-02-16,44.90005874633789
2011-02-17,45.128299713134766
2011-02-18,45.25423049926758
2011-02-22,44.45145034790039
2011-02-23,44.231082916259766
2011-02-24,44.12089538574219
2011-02-25,44.553775787353516
2011-02-28,44.90794372558594
2011-03-01,44.18386459350586
2011-03-02,44.22320556640625
2011-03-03,44.963016510009766
2011-03-04,44.577388763427734
2011-03-07,44.29404067993164
2011-03-08,44.75838851928711
2011-03-09,44.78200912475586
2011-03-10,43.88478469848633
2011-03-11,44.168128967285156
2011-03-14,43.90053939819336
2011-03-15,43.4125862121582
2011-03-16,42.61767578125
2011-03-17,43.20008087158203
2011-03-18,43.4991455078125
2011-03-21,44.097293853759766
2011-03-22,43.93989181518555
2011-03-23,43.963497161865234
2011-03-24,44.29404067993164
2011-03-25,44.44997024536133
2011-03-28,44.37082290649414
2011-03-29,44.6082649230957
2011-03-30,44.98026657104492
2011-03-31,44.89320755004883
2011-04-01,45.1464958190918
2011-04-04,45.18606185913086
2011-04-05,45.217708587646484
2011-04-06,45.399749755859375
2011-04-07,45.27312469482422
2011-04-08,45.1464958190918
2011-04-11,44.988182067871094
2011-04-12,44.616180419921875
2011-04-13,44.51329040527344
2011-04-14,44.537025451660156
2011-04-15,44.798221588134766
2011-04-18,44.212528228759766
2011-04-19,44.48162841796875
2011-04-20,45.019859313964844
2011-04-21,45.1464958190918
2011-04-25,45.11482620239258
2011-04-26,45.58180236816406
2011-04-27,45.89839172363281
2011-04-28,46.10418701171875
2011-04-29,46.22291564941406
2011-05-02,46.15167999267578
2011-05-03,46.0250358581543
2011-05-04,45.69260025024414
2011-05-05,45.241451263427734
2011-05-06,45.399749755859375
2011-05-09,45.55014419555664
2011-05-10,45.930057525634766
2011-05-11,45.44723892211914
2011-05-12,45.62928771972656
2011-05-13,45.281036376953125
2011-05-16,45.12273025512695
2011-05-17,45.12273025512695
2011-05-18,45.51847457885742
2011-05-19,45.58180236816406
2011-05-20,45.17814636230469
2011-05-23,44.65574645996094
2011-05-24,44.65574645996094
2011-05-25,44.766563415527344
2011-05-26,44.90903091430664
2011-05-27,45.13856506347656
2011-05-31,45.58971405029297
2011-06-01,44.55287170410156
2011-06-02,44.45789337158203
2011-06-03,44.054229736328125
2011-06-06,43.55559539794922
2011-06-07,43.50809860229492
2011-06-08,43.3735466003418
2011-06-09,43.698055267333984
2011-06-10,43.175689697265625
2011-06-13,43.294403076171875
2011-06-14,43.76927947998047
2011-06-15,42.993629455566406
2011-06-16,43.15985107421875
2011-06-17,43.365623474121094
2011-06-20,43.54767990112305
2011-06-21,44.03048324584961
2011-06-22,43.76927947998047
2011-06-23,43.54767990112305
2011-06-24,43.09389114379883
2011-06-27,43.40436935424805
2011-06-28,43.81835174560547
2011-06-29,44.248260498046875
2011-06-30,44.62244415283203
2011-07-01,45.27525329589844
2011-07-05,45.10009765625
2011-07-06,45.09215545654297
2011-07-07,45.53000259399414
2011-07-08,45.16378402709961
2011-07-11,44.38360595703125
2011-07-12,44.224369049072266
2011-07-13,44.335845947265625
2011-07-14,44.08108139038086
2011-07-15,44.16865158081055
2011-07-18,43.72282409667969
2011-07-19,44.256221771240234
2011-07-20,44.351749420166016
2011-07-21,45.01253128051758
2011-07-22,44.96476745605469
2011-07-25,44.65427780151367
2011-07-26,44.45524978637695
2011-07-27,43.627288818359375
2011-07-28,43.372520446777344
2011-07-29,43.06203079223633
2011-08-01,42.950592041015625
2011-08-02,41.86787033081055
2011-08-03,42.00321578979492
2011-08-04,39.98902893066406
2011-08-05,39.877567291259766
2011-08-08,37.13096237182617
2011-08-09,38.954071044921875
2011-08-10,37.12300109863281
2011-08-11,38.87446594238281
2011-08-12,38.99386978149414
2011-08-15,40.04475402832031
2011-08-16,39.638736724853516
2011-08-17,39.758155822753906
2011-08-18,38.16590881347656
2011-08-19,37.529014587402344
2011-08-22,37.521060943603516
2011-08-23,38.65153121948242
2011-08-24,39.24068069458008
2011-08-25,38.707271575927734
2011-08-26,39.08940887451172
2011-08-29,40.32339096069336
2011-08-30,40.331356048583984
2011-08-31,40.522430419921875
2011-09-01,40.03679656982422
2011-09-02,38.99386978149414
2011-09-06,38.57990264892578
2011-09-07,39.75019073486328
2011-09-08,39.304359436035156
2011-09-09,38.27737808227539
2011-09-12,38.50028610229492
2011-09-13,38.79484558105469
2011-09-14,39.280479431152344
2011-09-15,39.96514129638672
2011-09-16,40.17212677001953
2011-09-19,39.61484909057617
2011-09-20,39.59892654418945
2011-09-21,38.27737808227539
2011-09-22,37.162811279296875
2011-09-23,37.369789123535156
2011-09-26,38.324493408203125
2011-09-27,38.79783630371094
2011-09-28,38.02764892578125
2011-09-29,38.613304138183594
2011-09-30,37.746856689453125
2011-10-03,36.51136016845703
2011-10-04,37.329681396484375
2011-10-05,37.97951889038086
2011-10-06,38.693538665771484
2011-10-07,38.316471099853516
2011-10-10,39.61616134643555
2011-10-11,39.51988220214844
2011-10-12,40.00925827026367
2011-10-13,39.76858901977539
2011-10-14,40.34621810913086
2011-10-17,39.48778533935547
2011-10-18,40.530738830566406
2011-10-19,40.145652770996094
2011-10-20,40.40237045288086
2011-10-21,41.14045715332031
2011-10-24,41.645896911621094
2011-10-25,40.803504943847656
2011-10-26,41.38115310668945
2011-10-27,42.833248138427734
2011-10-28,42.81720733642578
2011-10-31,41.621826171875
2011-11-01,40.40237045288086
2011-11-02,41.11640167236328
2011-11-03,41.838436126708984
2011-11-04,41.54159927368164
2011-11-07,41.87053298950195
2011-11-08,42.400028228759766
2011-11-09,40.795494079589844
2011-11-10,41.22871780395508
2011-11-11,41.99087142944336
2011-11-14,41.50149154663086
2011-11-15,41.645896911621094
2011-11-16,40.94792938232422
2011-11-17,40.37831497192383
2011-11-18,40.41039276123047
2011-11-21,39.58405685424805
2011-11-22,39.33534622192383
2011-11-23,38.42878341674805
2011-11-25,38.412742614746094
2011-11-28,39.43162155151367
2011-11-29,39.60812759399414
2011-11-30,41.38916015625
2011-12-01,41.260799407958984
2011-12-02,41.36509323120117
2011-12-05,41.806358337402344
2011-12-06,41.93471145629883
2011-12-07,42.1112174987793
2011-12-08,41.12441635131836
2011-12-09,41.81437301635742
2011-12-12,41.1565055847168
2011-12-13,40.827579498291016
2011-12-14,40.530738830566406
2011-12-15,40.779449462890625
2011-12-16,40.85966491699219
2011-12-19,40.33819580078125
2011-12-20,41.52555465698242
2011-12-21,41.86250686645508
2011-12-22,42.38398361206055
2011-12-23,42.72193908691406
2011-12-27,42.689598083496094
2011-12-28,42.18832778930664
2011-12-29,42.63300704956055
2011-12-30,42.438968658447266
2012-01-03,43.093868255615234
2012-01-04,43.085777282714844
2012-01-05,43.2393798828125
2012-01-06,43.11002731323242
2012-01-09,43.24747848510742
2012-01-10,43.67599105834961
2012-01-11,43.764923095703125
2012-01-12,43.84578323364258
2012-01-13,43.627471923828125
2012-01-17,43.6517333984375
2012-01-18,44.14492416381836
2012-01-19,44.306636810302734
2012-01-20,44.46025848388672
2012-01-23,44.44408416748047
2012-01-24,44.33897018432617
2012-01-25,44.5491828918457
2012-01-26,44.2338752746582
2012-01-27,44.193443298339844
2012-01-30,43.98323059082031
2012-01-31,43.910465240478516
2012-02-01,44.37131881713867
2012-02-02,44.44408416748047
2012-02-03,45.0989875793457
2012-02-06,45.0666389465332
2012-02-07,45.17174530029297
2012-02-08,45.30110549926758
2012-02-09,45.29301452636719
2012-02-10,44.93727493286133
2012-02-13,45.220252990722656
2012-02-14,45.08280563354492
2012-02-15,44.880672454833984
2012-02-16,45.478981018066406
2012-02-17,45.67301940917969
2012-02-21,45.6649284362793
2012-02-22,45.4142951965332
2012-02-23,45.600257873535156
2012-02-24,45.63258743286133
2012-02-27,45.786224365234375
2012-02-28,45.85089874267578
2012-02-29,45.61642074584961
2012-03-01,45.891319274902344
2012-03-02,45.75387954711914
2012-03-05,45.63258743286133
2012-03-06,44.880672454833984
2012-03-07,45.236427307128906
2012-03-08,45.600257873535156
2012-03-09,45.75387954711914
2012-03-12,45.81856155395508
2012-03-13,46.71601486206055
2012-03-14,46.57857131958008
2012-03-15,46.88578796386719
2012-03-16,46.95856857299805
2012-03-19,47.06367874145508
2012-03-20,46.926239013671875
2012-03-21,46.82919692993164
2012-03-22,46.400691986083984
2012-03-23,46.618980407714844
2012-03-26,47.22247314453125
2012-03-27,47.0191535949707
2012-03-28,46.78329086303711
2012-03-29,46.69381332397461
2012-03-30,46.91341781616211
2012-04-02,47.20621871948242
2012-04-03,46.94595718383789
2012-04-04,46.506744384765625
2012-04-05,46.31155014038086
2012-04-09,45.76659393310547
2012-04-10,44.945133209228516
2012-04-11,45.34366989135742
2012-04-12,45.937400817871094
2012-04-13,45.34366989135742
2012-04-16,45.555145263671875
2012-04-17,46.14073944091797
2012-04-18,45.937400817871094
2012-04-19,45.75847625732422
2012-04-20,45.85607147216797
2012-04-23,45.53073501586914
2012-04-24,45.91300964355469
2012-04-25,46.28715515136719
2012-04-26,46.636878967285156
2012-04-27,46.6450080871582
2012-04-30,46.48235321044922
2012-05-01,46.86461639404297
2012-05-02,46.628761291503906
2012-05-03,46.31155014038086
2012-05-04,45.67714309692383
2012-05-07,45.73407745361328
2012-05-08,45.555145263671875
2012-05-09,45.205406188964844
2012-05-10,45.48193359375
2012-05-11,45.28673553466797
2012-05-14,44.7580680847168
2012-05-15,44.45712661743164
2012-05-16,44.28633499145508
2012-05-17,43.668190002441406
2012-05-18,43.350990295410156
2012-05-21,43.82272720336914
2012-05-22,43.920310974121094
2012-05-23,43.8389892578125
2012-05-24,44.017921447753906
2012-05-25,43.95286178588867
2012-05-29,44.37579345703125
2012-05-30,43.757652282714844
2012-05-31,43.73326110839844
2012-06-01,42.7003173828125
2012-06-04,42.53765106201172
2012-06-05,42.90365219116211
2012-06-06,43.879661560058594
2012-06-07,43.93659210205078
2012-06-08,44.28633499145508
2012-06-11,43.79019546508789
2012-06-12,44.2781867980957
2012-06-13,44.09925842285156
2012-06-14,44.611671447753906
2012-06-15,45.04273223876953
2012-06-18,44.96953201293945
2012-06-19,45.44940185546875
2012-06-20,45.37620544433594
2012-06-21,44.481529235839844
2012-06-22,44.749935150146484
2012-06-25,44.02747344970703
2012-06-26,44.248634338378906
2012-06-27,44.71553039550781
2012-06-28,44.748287200927734
2012-06-29,45.82133483886719
2012-07-02,45.88685607910156
2012-07-03,46.148983001708984
2012-07-05,45.79676818847656
2012-07-06,45.46092224121094
2012-07-09,45.34624099731445
2012-07-10,44.985836029052734
2012-07-11,45.13328170776367
2012-07-12,44.95307540893555
2012-07-13,45.69028091430664
2012-07-16,45.616573333740234
2012-07-17,46.009735107421875
2012-07-18,46.24728012084961
2012-07-19,46.15717697143555
2012-07-20,45.78038024902344
2012-07-23,45.3953971862793
2012-07-24,44.95307540893555
2012-07-25,45.01860809326172
2012-07-26,45.69846725463867
2012-07-27,46.52577590942383
2012-07-30,46.5012092590332
2012-07-31,46.3619499206543
2012-08-01,46.23089599609375
2012-08-02,45.788578033447266
2012-08-03,46.68141174316406
2012-08-06,46.755130767822266
2012-08-07,46.935325622558594
2012-08-08,47.05820846557617
2012-08-09,47.107357025146484
2012-08-10,47.22202682495117
2012-08-13,47.11553955078125
2012-08-14,47.11553955078125
2012-08-15,47.12372589111328
2012-08-16,47.377655029296875
2012-08-17,47.394039154052734
2012-08-20,47.434993743896484
2012-08-21,47.336708068847656
2012-08-22,47.254783630371094
2012-08-23,46.87798309326172
2012-08-24,47.156490325927734
2012-08-27,47.09096145629883
2012-08-28,47.082767486572266
2012-08-29,47.107357025146484
2012-08-30,46.828857421875
2012-08-31,47.050018310546875
2012-09-04,46.95171356201172
2012-09-05,46.99267578125
2012-09-06,47.942840576171875
2012-09-07,48.22135543823242
2012-09-10,47.99198913574219
2012-09-11,48.180397033691406
2012-09-12,48.2868766784668
2012-09-13,49.07323455810547
2012-09-14,49.20427703857422
2012-09-17,48.925785064697266
2012-09-18,48.86024475097656
2012-09-19,48.901214599609375
2012-09-20,48.95854949951172
2012-09-21,48.95854949951172
2012-09-24,48.94866180419922
2012-09-25,48.503448486328125
2012-09-26,48.28083419799805
2012-09-27,48.627105712890625
2012-09-28,48.41276550292969
2012-10-01,48.55290603637695
2012-10-02,48.660091400146484
2012-10-03,48.800254821777344
2012-10-04,49.253719329833984
2012-10-05,49.32792663574219
2012-10-08,49.23721694946289
2012-10-09,48.866207122802734
2012-10-10,48.54468536376953
2012-10-11,48.60239028930664
2012-10-12,48.31380844116211
2012-10-15,48.70956039428711
2012-10-16,49.14653396606445
2012-10-17,49.57524490356445
2012-10-18,49.68244171142578
2012-10-19,48.94041061401367
2012-10-22,48.874446868896484
2012-10-23,48.14067840576172
2012-10-24,48.03349685668945
2012-10-25,48.24786376953125
2012-10-26,48.12419128417969
2012-10-31,48.2231330871582
2012-11-01,48.6848258972168
2012-11-02,48.264347076416016
2012-11-05,48.305572509765625
2012-11-06,48.73429489135742
2012-11-07,47.51408386230469
2012-11-08,47.01115417480469
2012-11-09,47.02763748168945
2012-11-12,46.994659423828125
2012-11-13,46.755577087402344
2012-11-14,46.128971099853516
2012-11-15,45.99706268310547
2012-11-16,46.23615646362305
2012-11-19,47.035888671875
2012-11-20,47.07711410522461
2012-11-21,47.18428421020508
2012-11-23,47.761417388916016
2012-11-26,47.637760162353516
2012-11-27,47.35743713378906
2012-11-28,47.744937896728516
2012-11-29,47.90983581542969
2012-11-30,47.86861038208008
2012-12-03,47.71195602416992
2012-12-04,47.66249084472656
2012-12-05,48.02526092529297
2012-12-06,48.17366027832031
2012-12-07,48.42924499511719
2012-12-10,48.4869499206543
2012-12-11,48.76727294921875
2012-12-12,48.88270568847656
2012-12-13,48.56940460205078
2012-12-14,48.46222686767578
2012-12-17,49.014610290527344
2012-12-18,49.550514221191406
2012-12-19,49.220741271972656
2012-12-20,49.550514221191406
2012-12-21,49.0970573425293
2012-12-24,48.90585708618164
2012-12-26,48.7728385925293
2012-12-27,48.66478729248047
2012-12-28,48.11611557006836
2012-12-31,48.880916595458984
2013-01-02,50.094635009765625
2013-01-03,50.03644943237305
2013-01-04,50.37727355957031
2013-01-07,50.219329833984375
2013-01-08,50.04475021362305
2013-01-09,50.19438934326172
2013-01-10,50.634979248046875
2013-01-11,50.593414306640625
2013-01-14,50.6432991027832
2013-01-15,50.768001556396484
2013-01-16,50.7264289855957
2013-01-17,51.034000396728516
2013-01-18,51.18364334106445
2013-01-22,51.49121856689453
2013-01-23,51.4662971496582
2013-01-24,51.69074630737305
2013-01-25,52.00663757324219
2013-01-28,51.931819915771484
2013-01-29,52.29759979248047
2013-01-30,52.12302780151367
2013-01-31,51.99001693725586
2013-02-01,52.488792419433594
2013-02-04,51.99001693725586
2013-02-05,52.44724655151367
2013-02-06,52.555301666259766
2013-02-07,52.380714416503906
2013-02-08,52.58855438232422
2013-02-11,52.63011169433594
2013-02-12,52.84626007080078
2013-02-13,52.91276931762695
2013-02-14,52.995887756347656
2013-02-15,52.85456848144531
2013-02-19,53.336734771728516
2013-02-20,52.68000030517578
2013-02-21,52.380714416503906
2013-02-22,52.82963943481445
2013-02-25,51.79050827026367
2013-02-26,52.1313362121582
2013-02-27,52.821319580078125
2013-02-28,52.67168426513672
2013-03-01,52.887821197509766
2013-03-04,53.12890625
2013-03-05,53.561180114746094
2013-03-06,53.75239181518555
2013-03-07,53.8853874206543
2013-03-08,54.06829071044922
2013-03-11,54.29273223876953
2013-03-12,54.251163482666016
2013-03-13,54.30936050415039
2013-03-14,54.641902923583984
2013-03-15,54.616947174072266
2013-03-18,54.30104064941406
2013-03-19,54.17634582519531
2013-03-20,54.53380584716797
2013-03-21,54.16804885864258
2013-03-22,54.41725158691406
2013-03-25,54.250003814697266
2013-03-26,54.67649841308594
2013-03-27,54.63468933105469
2013-03-28,54.80194854736328
2013-04-01,54.71832275390625
2013-04-02,54.7935905456543
2013-04-03,54.266719818115234
2013-04-04,54.58450698852539
2013-04-05,54.42560958862305
2013-04-08,54.71832275390625
2013-04-09,55.00265121459961
2013-04-10,55.5964241027832
2013-04-11,55.77205276489258
2013-04-12,55.57132339477539
2013-04-15,54.32525634765625
2013-04-16,55.044464111328125
2013-04-17,54.30854034423828
2013-04-18,54.116188049316406
2013-04-19,54.6932258605957
2013-04-22,54.88557434082031
2013-04-23,55.487693786621094
2013-04-24,55.50442886352539
2013-04-25,55.7302360534668
2013-04-26,55.67167663574219
2013-04-29,56.01457595825195
2013-04-30,56.01457595825195
2013-05-01,55.454254150390625
2013-05-02,55.90584182739258
2013-05-03,56.390899658203125
2013-05-06,56.52470779418945
2013-05-07,56.82576370239258
2013-05-08,57.101741790771484
2013-05-09,56.80901336669922
2013-05-10,56.97630310058594
2013-05-13,57.00138473510742
2013-05-14,57.67878341674805
2013-05-15,58.096927642822266
2013-05-16,57.87112808227539
2013-05-17,58.439796447753906
2013-05-20,58.48161315917969
2013-05-21,58.56523132324219
2013-05-22,58.13872528076172
2013-05-23,58.07183837890625
2013-05-24,58.02165222167969
2013-05-28,58.39799499511719
2013-05-29,58.07183837890625
2013-05-30,58.339447021484375
2013-05-31,57.46133804321289
2013-06-03,57.820953369140625
2013-06-04,57.53662109375
2013-06-05,56.758853912353516
2013-06-06,57.31918716430664
2013-06-07,58.02165222167969
2013-06-10,58.08018493652344
2013-06-11,57.50315856933594
2013-06-12,57.126827239990234
2013-06-13,57.95476150512695
2013-06-14,57.57005310058594
2013-06-17,57.99656295776367
2013-06-18,58.406341552734375
2013-06-19,57.611873626708984
2013-06-20,56.2403678894043
2013-06-21,56.457794189453125
2013-06-24,55.74365234375
2013-06-25,56.30723571777344
2013-06-26,56.86239242553711
2013-06-27,57.2913703918457
2013-06-28,56.87080764770508
2013-07-01,57.232505798339844
2013-07-02,57.11473846435547
2013-07-03,57.11473846435547
2013-07-05,57.7540397644043
2013-07-08,58.17458724975586
2013-07-09,58.654052734375
2013-07-10,58.58677673339844
2013-07-11,59.31018829345703
2013-07-12,59.41952133178711
2013-07-15,59.66346740722656
2013-07-16,59.41952133178711
2013-07-17,59.57091522216797
2013-07-18,60.025146484375
2013-07-19,60.16814422607422
2013-07-22,60.33638381958008
2013-07-23,60.35318374633789
2013-07-24,59.999908447265625
2013-07-25,60.05881118774414
2013-07-26,60.126094818115234
2013-07-29,59.9410400390625
2013-07-30,59.873748779296875
2013-07-31,59.932647705078125
2013-08-01,60.63920593261719
2013-08-02,60.6728515625
2013-08-05,60.546688079833984
2013-08-06,60.18497085571289
2013-08-07,60.00834274291992
2013-08-08,60.2943115234375
2013-08-09,60.100860595703125
2013-08-12,60.025146484375
2013-08-13,60.13451385498047
2013-08-14,59.823265075683594
2013-08-15,58.96529006958008
2013-08-16,58.780250549316406
2013-08-19,58.283958435058594
2013-08-20,58.561527252197266
2013-08-21,58.14095687866211
2013-08-22,58.61200714111328
2013-08-23,58.96529006958008
2013-08-26,58.61200714111328
2013-08-27,57.6615104675293
2013-08-28,57.81291961669922
2013-08-29,57.905426025390625
2013-08-30,57.728790283203125
2013-09-03,57.86337661743164
2013-09-04,58.283958435058594
2013-09-05,58.342830657958984
2013-09-06,58.283958435058594
2013-09-09,58.83070755004883
2013-09-10,59.36066436767578
2013-09-11,59.596160888671875
2013-09-12,59.35222625732422
2013-09-13,59.554100036621094
2013-09-16,59.999908447265625
2013-09-17,60.23545837402344
2013-09-18,60.84947967529297
2013-09-19,60.6728515625
2013-09-20,60.176570892333984
2013-09-23,59.85251998901367
2013-09-24,59.68330383300781
2013-09-25,59.61561965942383
2013-09-26,59.64944839477539
2013-09-27,59.4040641784668
2013-09-30,59.04872512817383
2013-10-01,59.429473876953125
2013-10-02,59.38716506958008
2013-10-03,58.9387321472168
2013-10-04,59.33639907836914
2013-10-07,58.87104415893555
2013-10-08,58.30417251586914
2013-10-09,58.44801712036133
2013-10-10,59.70020294189453
2013-10-11,60.0809440612793
2013-10-14,60.27554702758789
2013-10-15,59.81865692138672
2013-10-16,60.66477584838867
2013-10-17,61.197811126708984
2013-10-18,61.41779327392578
2013-10-21,61.409305572509766
2013-10-22,61.764678955078125
2013-10-23,61.477027893066406
2013-10-24,61.56161117553711
2013-10-25,61.82393264770508
2013-10-28,61.925437927246094
2013-10-29,62.289241790771484
2013-10-30,61.99310302734375
2013-10-31,61.7562141418457
2013-11-01,61.950828552246094
2013-11-04,62.238494873046875
2013-11-05,62.077735900878906
2013-11-06,62.54308319091797
2013-11-07,61.8154296875
2013-11-08,62.66999816894531
2013-11-11,62.712310791015625
2013-11-12,62.50923538208008
2013-11-13,62.966129302978516
2013-11-14,63.279178619384766
2013-11-15,63.54146957397461
2013-11-18,63.37225341796875
2013-11-19,63.28763961791992
2013-11-20,63.076133728027344
2013-11-21,63.583770751953125
2013-11-22,63.9306640625
2013-11-25,63.879886627197266
2013-11-26,63.752986907958984
2013-11-27,63.86299133300781
2013-11-29,63.719154357910156
2013-12-02,63.62605285644531
2013-12-03,63.32148742675781
2013-12-04,63.279178619384766
2013-12-05,62.83076477050781
2013-12-06,63.65990447998047
2013-12-09,63.84607696533203
2013-12-10,63.59223937988281
2013-12-11,62.805381774902344
2013-12-12,62.58539581298828
2013-12-13,62.6023063659668
2013-12-16,62.94075012207031
2013-12-17,62.69537353515625
2013-12-18,63.82068634033203
2013-12-19,63.76991653442383
2013-12-20,64.09988403320312
2013-12-23,64.2775650024414
2013-12-24,64.45811462402344
2013-12-26,64.76470184326172
2013-12-27,64.85835266113281
2013-12-30,64.79874420166016
2013-12-31,65.0542221069336
2014-01-02,64.45811462402344
2014-01-03,64.5177230834961
2014-01-06,64.45811462402344
2014-01-07,64.78170776367188
2014-01-08,64.73062896728516
2014-01-09,64.87540435791016
2014-01-10,64.9520263671875
2014-01-13,64.2281723022461
2014-01-14,64.78170776367188
2014-01-15,65.1308822631836
2014-01-16,64.96907043457031
2014-01-17,64.67100524902344
2014-01-21,64.75616455078125
2014-01-22,64.74765014648438
2014-01-23,64.12596893310547
2014-01-24,62.87411117553711
2014-01-27,62.635677337646484
2014-01-28,63.0870361328125
2014-01-29,62.60160446166992
2014-01-30,63.10405349731445
2014-01-31,62.652679443359375
2014-02-03,61.273094177246094
2014-02-04,61.5370979309082
2014-02-05,61.46043014526367
2014-02-06,62.1502685546875
2014-02-07,62.91670227050781
2014-02-10,62.925201416015625
2014-02-11,63.66611099243164
2014-02-12,63.68313980102539
2014-02-13,63.972686767578125
2014-02-14,64.38997650146484
2014-02-18,64.38997650146484
2014-02-19,63.947139739990234
2014-02-20,64.44957733154297
2014-02-21,64.3814697265625
2014-02-24,64.73062896728516
2014-02-25,64.54326629638672
2014-02-26,64.61992645263672
2014-02-27,64.91797637939453
2014-02-28,65.13938903808594
2014-03-03,64.7050552368164
2014-03-04,65.62482452392578
2014-03-05,65.61630249023438
2014-03-06,65.8292007446289
2014-03-07,66.00804138183594
2014-03-10,65.95694732666016
2014-03-11,65.57372283935547
2014-03-12,65.565185546875
2014-03-13,64.98609924316406
2014-03-14,64.8413314819336
2014-03-17,65.43745422363281
2014-03-18,65.8973159790039
2014-03-19,65.57372283935547
2014-03-20,66.1017074584961
2014-03-21,66.02506256103516
2014-03-24,65.8973159790039
2014-03-25,66.3083724975586
2014-03-26,65.98297119140625
2014-03-27,65.88019561767578
2014-03-28,66.26555633544922
2014-03-31,66.89071655273438
2014-04-01,67.09623718261719
2014-04-02,67.34458923339844
2014-04-03,67.37883758544922
2014-04-04,66.83077239990234
2014-04-07,66.1285400390625
2014-04-08,66.2912368774414
2014-04-09,66.85645294189453
2014-04-10,65.65752410888672
2014-04-11,65.16084289550781
2014-04-14,65.61473846435547
2014-04-15,66.06859588623047
2014-04-16,66.66805267333984
2014-04-17,66.8050765991211
2014-04-21,66.95922088623047
2014-04-22,67.1390609741211
2014-04-23,67.15617370605469
2014-04-24,67.12194061279297
2014-04-25,66.77937316894531
2014-04-28,67.03630065917969
2014-04-29,67.26750183105469
2014-04-30,67.4644775390625
2014-05-01,67.31031036376953
2014-05-02,67.19900512695312
2014-05-05,67.11335754394531
2014-05-06,66.6338119506836
2014-05-07,67.27607727050781
2014-05-08,67.19900512695312
2014-05-09,67.22470092773438
2014-05-12,67.7385025024414
2014-05-13,67.86695861816406
2014-05-14,67.58434295654297
2014-05-15,66.95063781738281
2014-05-16,67.06197357177734
2014-05-19,67.24183654785156
2014-05-20,66.79650115966797
2014-05-21,67.32744598388672
2014-05-22,67.43877410888672
2014-05-23,67.60149383544922
2014-05-27,67.90121459960938
2014-05-28,67.9183349609375
2014-05-29,68.23518371582031
2014-05-30,68.39791870117188
2014-06-02,68.50067138671875
2014-06-03,68.49211883544922
2014-06-04,68.59487915039062
2014-06-05,69.03162384033203
2014-06-06,69.36560821533203
2014-06-09,69.40841674804688
2014-06-10,69.4598159790039
2014-06-11,69.12581634521484
2014-06-12,68.68052673339844
2014-06-13,68.9887924194336
2014-06-16,69.05729675292969
2014-06-17,69.26284790039062
2014-06-18,69.80235290527344
2014-06-19,69.90510559082031
2014-06-20,70.1534652709961
2014-06-23,70.1363296508789
2014-06-24,69.64893341064453
2014-06-25,69.81253814697266
2014-06-26,69.73503112792969
2014-06-27,69.7867202758789
2014-06-30,69.70919799804688
2014-07-01,70.12257385253906
2014-07-02,70.13975524902344
2014-07-03,70.45840454101562
2014-07-07,70.26033782958984
2014-07-08,69.89866638183594
2014-07-09,70.13118743896484
2014-07-10,69.9503402709961
2014-07-11,70.01060485839844
2014-07-14,70.2689437866211
2014-07-15,70.31200408935547
2014-07-16,70.7856216430664
2014-07-17,70.0794906616211
2014-07-18,70.65647888183594
2014-07-21,70.5186767578125
2014-07-22,70.82008361816406
2014-07-23,70.89756774902344
2014-07-24,70.92340087890625
2014-07-25,70.69092559814453
2014-07-28,70.67369079589844
2014-07-29,70.35506439208984
2014-07-30,70.19143676757812
2014-07-31,68.87390899658203
2014-08-01,68.65861511230469
2014-08-04,69.13224029541016
2014-08-05,68.4002685546875
2014-08-06,68.35721588134766
2014-08-07,67.98693084716797
2014-08-08,68.76194763183594
2014-08-11,68.89974975585938
2014-08-12,68.86528015136719
2014-08-13,69.30447387695312
2014-08-14,69.61448669433594
2014-08-15,69.47669982910156
2014-08-18,70.00200653076172
2014-08-19,70.26033782958984
2014-08-20,70.48423767089844
2014-08-21,70.79425048828125
2014-08-22,70.5789566040039
2014-08-25,70.96647644042969
2014-08-26,71.00091552734375
2014-08-27,71.06120300292969
2014-08-28,71.00091552734375
2014-08-29,71.24203491210938
2014-09-02,71.104248046875
2014-09-03,71.24203491210938
2014-09-04,71.20759582519531
2014-09-05,71.50897979736328
2014-09-08,71.28507995605469
2014-09-09,70.88035583496094
2014-09-10,71.0439682006836
2014-09-11,71.19035339355469
2014-09-12,70.82868957519531
2014-09-15,70.92340087890625
2014-09-16,71.4228744506836
2014-09-17,71.50897979736328
2014-09-18,71.87928009033203
2014-09-19,71.92233276367188
2014-09-22,71.39705657958984
2014-09-23,70.88035583496094
2014-09-24,71.34461212158203
2014-09-25,70.31389617919922
2014-09-26,70.72098541259766
2014-09-29,70.51312255859375
2014-09-30,70.33121490478516
2014-10-01,69.42176818847656
2014-10-02,69.37845611572266
2014-10-03,70.20130157470703
2014-10-06,70.10601806640625
2014-10-07,69.03199005126953
2014-10-08,70.20995330810547
2014-10-09,68.77214050292969
2014-10-10,68.14852905273438
2014-10-13,67.1091537475586
2014-10-14,67.19577026367188
2014-10-15,66.46820068359375
2014-10-16,66.4422378540039
2014-10-17,67.32568359375
2014-10-20,67.79339599609375
2014-10-21,69.00601196289062
2014-10-22,68.59892272949219
2014-10-23,69.20523071289062
2014-10-24,69.82019805908203
2014-10-27,69.69892120361328
2014-10-28,70.45247650146484
2014-10-29,70.43515014648438
2014-10-30,70.83358764648438
2014-10-31,71.5958023071289
2014-11-03,71.58714294433594
2014-11-04,71.47454071044922
2014-11-05,72.03752899169922
2014-11-06,72.29737091064453
2014-11-07,72.39265441894531
2014-11-10,72.64382934570312
2014-11-11,72.64382934570312
2014-11-12,72.53123474121094
2014-11-13,72.55720520019531
2014-11-14,72.57454681396484
2014-11-17,72.7564468383789
2014-11-18,73.076904296875
2014-11-19,72.96430969238281
2014-11-20,73.13753509521484
2014-11-21,73.44935607910156
2014-11-24,73.54462432861328
2014-11-25,73.46666717529297
2014-11-26,73.639892578125
2014-11-28,73.36271667480469
2014-12-01,73.0855712890625
2014-12-02,73.60527801513672
2014-12-03,73.8564453125
2014-12-04,73.80447387695312
2014-12-05,73.99503326416016
2014-12-08,73.58793640136719
2014-12-09,73.39739990234375
2014-12-10,72.18477630615234
2014-12-11,72.55720520019531
2014-12-12,71.3359375
2014-12-15,70.76429748535156
2014-12-16,70.35721588134766
2014-12-17,71.7430419921875
2014-12-18,73.53596496582031
2014-12-19,73.91708374023438
2014-12-22,74.25083923339844
2014-12-23,74.5035171508789
2014-12-24,74.51222229003906
2014-12-26,74.63422393798828
2014-12-29,74.70394134521484
2014-12-30,74.40767669677734
2014-12-31,73.62340545654297
2015-01-02,73.64083862304688
2015-01-05,72.28147888183594
2015-01-06,71.64534759521484
2015-01-07,72.44703674316406
2015-01-08,73.7802505493164
2015-01-09,73.10929870605469
2015-01-12,72.61261749267578
2015-01-13,72.32503509521484
2015-01-14,71.8370590209961
2015-01-15,71.32295227050781
2015-01-16,72.25533294677734
2015-01-20,72.27276611328125
2015-01-21,72.65618896484375
2015-01-22,73.72797393798828
2015-01-23,73.1180191040039
2015-01-26,73.29229736328125
2015-01-27,72.33377838134766
2015-01-28,71.1312484741211
2015-01-29,71.8022232055664
2015-01-30,70.60842895507812
2015-02-02,71.73251342773438
2015-02-03,72.85658264160156
2015-02-04,72.57775115966797
2015-02-05,73.34457397460938
2015-02-06,73.28356170654297
2015-02-09,72.9611587524414
2015-02-10,73.63213348388672
2015-02-11,73.5275650024414
2015-02-12,74.2072525024414
2015-02-13,74.40767669677734
2015-02-17,74.58191680908203
2015-02-18,74.47738647460938
2015-02-19,74.2595443725586
2015-02-20,74.67777252197266
2015-02-23,74.59066009521484
2015-02-24,74.94792175292969
2015-02-25,74.79107666015625
2015-02-26,74.60808563232422
2015-02-27,74.35539245605469
2015-03-02,74.6690673828125
2015-03-03,74.33795928955078
2015-03-04,74.05038452148438
2015-03-05,74.14623260498047
2015-03-06,73.09186553955078
2015-03-09,73.40557098388672
2015-03-10,72.20307159423828
2015-03-11,72.20307159423828
2015-03-12,73.06571197509766
2015-03-13,72.61261749267578
2015-03-16,73.57984161376953
2015-03-17,73.22257232666016
2015-03-18,74.13752746582031
2015-03-19,73.58855438232422
2015-03-20,74.2333984375
2015-03-23,74.2333984375
2015-03-24,73.693115234375
2015-03-25,72.869140625
2015-03-26,72.66754150390625
2015-03-27,72.8340835571289
2015-03-30,73.77201843261719
2015-03-31,73.36881256103516
2015-04-01,72.90422821044922
2015-04-02,73.15841674804688
2015-04-06,73.6492919921875
2015-04-07,73.48275756835938
2015-04-08,73.55289459228516
2015-04-09,73.93856811523438
2015-04-10,74.44697570800781
2015-04-13,74.14018249511719
2015-04-14,74.35054779052734
2015-04-15,74.7450180053711
2015-04-16,74.67489624023438
2015-04-17,73.91227722167969
2015-04-20,74.54340362548828
2015-04-21,74.2541275024414
2015-04-22,74.58719635009766
2015-04-23,74.80635070800781
2015-04-24,74.94661712646484
2015-04-27,74.63105010986328
2015-04-28,75.13945770263672
2015-04-29,74.9378433227539
2015-04-30,74.30672454833984
2015-05-01,75.01676940917969
2015-05-04,75.31477355957031
2015-05-05,74.49955749511719
2015-05-06,74.22783660888672
2015-05-07,74.429443359375
2015-05-08,75.45504760742188
2015-05-11,75.07810974121094
2015-05-12,74.84141540527344
2015-05-13,74.90280151367188
2015-05-14,75.56021118164062
2015-05-15,75.63909149169922
2015-05-18,75.8319320678711
2015-05-19,75.84947204589844
2015-05-20,75.80564880371094
2015-05-21,75.98098754882812
2015-05-22,75.69169616699219
2015-05-26,74.94661712646484
2015-05-27,75.54267883300781
2015-05-28,75.55145263671875
2015-05-29,75.18327331542969
2015-06-01,75.24465942382812
2015-06-02,75.12191009521484
2015-06-03,75.30602264404297
2015-06-04,74.63105010986328
2015-06-05,74.46449279785156
2015-06-08,74.12263488769531
2015-06-09,74.21904754638672
2015-06-10,75.1131591796875
2015-06-11,75.3498306274414
2015-06-12,74.78007507324219
2015-06-15,74.41190338134766
2015-06-16,74.85020446777344
2015-06-17,74.98167419433594
2015-06-18,75.66539001464844
2015-06-19,75.23588562011719
2015-06-22,75.6591567993164
2015-06-23,75.72087097167969
2015-06-24,75.11241149902344
2015-06-25,74.86552429199219
2015-06-26,74.9272689819336
2015-06-29,73.43699645996094
2015-06-30,73.50753784179688
2015-07-01,74.08071899414062
2015-07-02,73.98373413085938
2015-07-06,73.64864349365234
2015-07-07,74.1865234375
2015-07-08,72.99610137939453
2015-07-09,73.16364288330078
2015-07-10,73.98373413085938
2015-07-13,74.68916320800781
2015-07-14,74.997802734375
2015-07-15,74.94489288330078
2015-07-16,75.42105865478516
2015-07-17,75.1917953491211
2015-07-20,75.11241149902344
2015-07-21,74.66270446777344
2015-07-22,74.6186294555664
2015-07-23,74.22180938720703
2015-07-24,73.40172576904297
2015-07-27,72.98728942871094
2015-07-28,73.84264373779297
2015-07-29,74.45989990234375
2015-07-30,74.49517059326172
2015-07-31,74.24824523925781
2015-08-03,74.01017761230469
2015-08-04,73.86026763916016
2015-08-05,74.1512680053711
2015-08-06,73.84264373779297
2015-08-07,73.55164337158203
2015-08-10,74.55687713623047
2015-08-11,73.90435791015625
2015-08-12,73.9308090209961
2015-08-13,73.82498168945312
2015-08-14,74.1512680053711
2015-08-17,74.45108032226562
2015-08-18,74.29235076904297
2015-08-19,73.56926727294922
2015-08-20,72.19364929199219
2015-08-21,70.13903045654297
2015-08-24,67.24671173095703
2015-08-25,66.12679290771484
2015-08-26,68.57823181152344
2015-08-27,70.24485778808594
2015-08-28,70.2801284790039
2015-08-31,69.90975189208984
2015-09-01,67.78461456298828
2015-09-02,68.88687896728516
2015-09-03,69.12496185302734
2015-09-04,67.96096801757812
2015-09-08,69.6540298461914
2015-09-09,68.66641235351562
2015-09-10,68.9926528930664
2015-09-11,69.19551086425781
2015-09-14,68.93097686767578
2015-09-15,69.86566925048828
2015-09-16,70.4829330444336
2015-09-17,70.23603057861328
2015-09-18,69.00151062011719
2015-09-21,69.3521728515625
2015-09-22,68.52654266357422
2015-09-23,68.34900665283203
2015-09-24,68.18032836914062
2015-09-25,68.34013366699219
2015-09-28,66.79541015625
2015-09-29,67.03511810302734
2015-09-30,68.13592529296875
2015-10-01,68.21581268310547
2015-10-02,69.10358428955078
2015-10-05,70.5506591796875
2015-10-06,70.43522644042969
2015-10-07,71.05667114257812
2015-10-08,71.7402572631836
2015-10-09,71.6426010131836
2015-10-12,71.60708618164062
2015-10-13,71.225341796875
2015-10-14,70.87025451660156
2015-10-15,71.90003967285156
2015-10-16,72.21965789794922
2015-10-19,72.09535217285156
2015-10-20,72.12200164794922
2015-10-21,71.66035461425781
2015-10-22,72.87660217285156
2015-10-23,73.60456848144531
2015-10-26,73.32935333251953
2015-10-27,73.10742950439453
2015-10-28,74.08395385742188
2015-10-29,73.79985809326172
2015-10-30,73.34709930419922
2015-11-02,74.28813934326172
2015-11-03,74.44792938232422
2015-11-04,74.21711730957031
2015-11-05,74.11946868896484
2015-11-06,74.17273712158203
2015-11-09,73.47139739990234
2015-11-10,73.66670989990234
2015-11-11,73.42700958251953
2015-11-12,72.2906723022461
2015-11-13,71.77576446533203
2015-11-16,72.92985534667969
2015-11-17,72.77893829345703
2015-11-18,73.84425354003906
2015-11-19,73.78211975097656
2015-11-20,73.83538818359375
2015-11-23,73.70220947265625
2015-11-24,73.90638732910156
2015-11-25,73.81763458251953
2015-11-27,73.91527557373047
2015-11-30,73.74659729003906
2015-12-01,74.5367202758789
2015-12-02,73.6578369140625
2015-12-03,72.66353607177734
2015-12-04,74.08395385742188
2015-12-07,73.60456848144531
2015-12-08,72.86770629882812
2015-12-09,72.56587219238281
2015-12-10,72.7256851196289
2015-12-11,71.37627410888672
2015-12-14,71.72250366210938
2015-12-15,72.7079086303711
2015-12-16,73.77323913574219
2015-12-17,72.71681213378906
2015-12-18,71.43842315673828
2015-12-21,71.98214721679688
2015-12-22,72.77806854248047
2015-12-23,73.82440185546875
2015-12-24,73.69025421142578
2015-12-28,73.430908203125
2015-12-29,74.11058807373047
2015-12-30,73.5918960571289
2015-12-31,72.90328979492188
2016-01-04,72.01791381835938
2016-01-05,72.25044250488281
2016-01-06,71.22197723388672
2016-01-07,69.55860900878906
2016-01-08,68.73585510253906
2016-01-11,68.69111633300781
2016-01-12,69.11143493652344
2016-01-13,67.67162322998047
2016-01-14,68.77162170410156
2016-01-15,67.28707122802734
2016-01-19,67.29603576660156
2016-01-20,66.267578125
2016-01-21,66.57166290283203
2016-01-22,67.75212860107422
2016-01-25,66.57166290283203
2016-01-26,67.71635437011719
2016-01-27,67.3675765991211
2016-01-28,67.65373229980469
2016-01-29,69.43338775634766
2016-02-01,69.31714630126953
2016-02-02,67.9488525390625
2016-02-03,68.50332641601562
2016-02-04,68.7269058227539
2016-02-05,67.96673583984375
2016-02-08,67.2334213256836
2016-02-09,67.15292358398438
2016-02-10,66.98302459716797
2016-02-11,65.88304138183594
2016-02-12,67.3586196899414
2016-02-16,68.39600372314453
2016-02-17,69.41551208496094
2016-02-18,69.31714630126953
2016-02-19,69.1740493774414
2016-02-22,70.139892578125
2016-02-23,69.24559783935547
2016-02-24,69.4602279663086
2016-02-25,70.2829818725586
2016-02-26,70.1130599975586
2016-02-29,69.50495147705078
2016-03-01,71.03418731689453
2016-03-02,71.615478515625
2016-03-03,71.99110412597656
2016-03-04,72.2683334350586
2016-03-07,72.52766418457031
2016-03-08,71.68704223632812
2016-03-09,72.0894775390625
2016-03-10,72.0894775390625
2016-03-11,73.23418426513672
2016-03-14,73.0463638305664
2016-03-15,72.8406753540039
2016-03-16,73.20733642578125
2016-03-17,73.79757690429688
2016-03-18,74.12847900390625
2016-03-21,74.17887115478516
2016-03-22,74.07085418701172
2016-03-23,73.54879760742188
2016-03-24,73.5037841796875
2016-03-28,73.53080749511719
2016-03-29,74.00785064697266
2016-03-30,74.28687286376953
2016-03-31,74.16085815429688
2016-04-01,74.49391174316406
2016-04-04,74.16988372802734
2016-04-05,73.47676086425781
2016-04-06,74.11587524414062
2016-04-07,73.24275970458984
2016-04-08,73.51278686523438
2016-04-11,73.44979095458984
2016-04-12,74.1968765258789
2016-04-13,75.03397369384766
2016-04-14,75.05197143554688
2016-04-15,74.96197509765625
2016-04-18,75.51104736328125
2016-04-19,76.1051254272461
2016-04-20,76.23114776611328
2016-04-21,75.70907592773438
2016-04-22,75.91609954833984
2016-04-25,75.68209075927734
2016-04-26,75.98810577392578
2016-04-27,76.44718933105469
2016-04-28,75.71807861328125
2016-04-29,75.28604125976562
2016-05-02,75.7720947265625
2016-05-03,75.0069808959961
2016-05-04,74.47590637207031
2016-05-05,74.47590637207031
2016-05-06,74.67394256591797
2016-05-09,74.54792785644531
2016-05-10,75.47504425048828
2016-05-11,75.01597595214844
2016-05-12,75.05197143554688
2016-05-13,74.28687286376953
2016-05-16,74.98898315429688
2016-05-17,74.38590240478516
2016-05-18,74.44890594482422
2016-05-19,74.2598876953125
2016-05-20,74.64694213867188
2016-05-23,74.44890594482422
2016-05-24,75.29502868652344
2016-05-25,75.97012329101562
2016-05-26,75.87110137939453
2016-05-27,76.20414733886719
2016-05-31,76.08712768554688
2016-06-01,76.26715850830078
2016-06-02,76.47418212890625
2016-06-03,76.23114776611328
2016-06-06,76.7531967163086
2016-06-07,76.96925354003906
2016-06-08,77.2032470703125
2016-06-09,77.04124450683594
2016-06-10,76.40216827392578
2016-06-13,75.79907989501953
2016-06-14,75.51301574707031
2016-06-15,75.41341400146484
2016-06-16,75.73933410644531
2016-06-17,75.73029327392578
2016-06-20,76.12861633300781
2016-06-21,76.40022277832031
2016-06-22,76.3096923828125
2016-06-23,77.39607238769531
2016-06-24,74.5352554321289
2016-06-27,73.13200378417969
2016-06-28,74.37230682373047
2016-06-29,75.70311737060547
2016-06-30,76.94340515136719
2016-07-01,76.97057342529297
2016-07-05,76.26443481445312
2016-07-06,76.75328826904297
2016-07-07,76.56320190429688
2016-07-08,77.69483947753906
2016-07-11,77.95738220214844
2016-07-12,78.59111022949219
2016-07-13,78.76310729980469
2016-07-14,79.18861389160156
2016-07-15,79.14334869384766
2016-07-18,79.25199890136719
2016-07-19,79.17051696777344
2016-07-20,79.4421157836914
2016-07-21,79.1614761352539
2016-07-22,79.55980682373047
2016-07-25,79.2882080078125
2016-07-26,79.36064910888672
2016-07-27,79.07091522216797
2016-07-28,79.0256576538086
2016-07-29,79.10713195800781
2016-08-01,78.790283203125
2016-08-02,78.35572814941406
2016-08-03,78.64542388916016
2016-08-04,78.69068908691406
2016-08-05,79.49642944335938
2016-08-08,79.54169464111328
2016-08-09,79.54169464111328
2016-08-10,79.2791519165039
2016-08-11,79.68655395507812
2016-08-12,79.59599304199219
2016-08-15,79.83140563964844
2016-08-16,79.46927642822266
2016-08-17,79.63223266601562
2016-08-18,79.87667083740234
2016-08-19,79.7408676147461
2016-08-22,79.67749786376953
2016-08-23,79.80422973632812
2016-08-24,79.55980682373047
2016-08-25,79.51454162597656
2016-08-26,79.30632019042969
2016-08-29,79.84951782226562
2016-08-30,79.81330871582031
2016-08-31,79.64128875732422
2016-09-01,79.54169464111328
2016-09-02,79.96719360351562
2016-09-06,80.07583618164062
2016-09-07,80.10298919677734
2016-09-08,80.13922119140625
2016-09-09,78.30139923095703
2016-09-12,79.32440948486328
2016-09-13,78.00148010253906
2016-09-14,77.70989227294922
2016-09-15,78.44790649414062
2016-09-16,78.09259033203125
2016-09-19,78.22924041748047
2016-09-20,78.1290283203125
2016-09-21,79.01280975341797
2016-09-22,79.4137191772461
2016-09-23,79.02193450927734
2016-09-26,78.32035064697266
2016-09-27,78.77591705322266
2016-09-28,79.38636779785156
2016-09-29,78.630126953125
2016-09-30,79.26793670654297
2016-10-03,79.04015350341797
2016-10-04,78.62103271484375
2016-10-05,79.113037109375
2016-10-06,79.1859130859375
2016-10-07,78.91259765625
2016-10-10,79.30436706542969
2016-10-11,78.36590576171875
2016-10-12,78.42057800292969
2016-10-13,78.15635681152344
2016-10-14,78.18370056152344
2016-10-17,77.98323059082031
2016-10-18,78.42057800292969
2016-10-19,78.6119155883789
2016-10-20,78.44790649414062
2016-10-21,78.30213928222656
2016-10-24,78.56637573242188
2016-10-25,78.52079772949219
2016-10-26,78.68479919433594
2016-10-27,78.60281372070312
2016-10-28,78.32947540283203
2016-10-31,78.4023666381836
2016-11-01,77.93769073486328
2016-11-02,77.4729995727539
2016-11-03,77.24523162841797
2016-11-04,77.12677764892578
2016-11-07,78.80326080322266
2016-11-08,79.0674819946289
2016-11-09,80.41594696044922
2016-11-10,81.23595428466797
2016-11-11,81.08106231689453
2016-11-14,81.64595794677734
2016-11-15,82.23820495605469
2016-11-16,81.7917251586914
2016-11-17,82.11064147949219
2016-11-18,81.99217987060547
2016-11-21,82.52064514160156
2016-11-22,82.7575454711914
2016-11-23,82.8577651977539
2016-11-25,83.28598022460938
2016-11-28,82.86686706542969
2016-11-29,82.92153930664062
2016-11-30,83.1037826538086
2016-12-01,83.33155059814453
2016-12-02,83.23133087158203
2016-12-05,83.68687438964844
2016-12-06,84.03311157226562
2016-12-07,85.15380096435547
2016-12-08,85.31780242919922
2016-12-09,85.81892395019531
2016-12-12,85.8644790649414
2016-12-13,86.31092071533203
2016-12-14,85.5000228881836
2016-12-15,85.9282455444336
2016-12-16,85.82804870605469
2016-12-19,86.05580139160156
2016-12-20,86.33826446533203
2016-12-21,86.1651382446289
2016-12-22,86.11467742919922
2016-12-23,86.17891693115234
2016-12-27,86.28904724121094
2016-12-28,85.57312774658203
2016-12-29,85.53641510009766
2016-12-30,85.37120056152344
2017-01-03,85.94026947021484
2017-01-04,86.40839385986328
2017-01-05,86.0871353149414
2017-01-06,86.16973876953125
2017-01-09,85.70164489746094
2017-01-10,85.69244384765625
2017-01-11,86.00452423095703
2017-01-12,85.74752044677734
2017-01-13,85.86683654785156
2017-01-17,85.40789794921875
2017-01-18,85.55476379394531
2017-01-19,85.18760681152344
2017-01-20,85.58229064941406
2017-01-23,85.28858184814453
2017-01-24,85.91272735595703
2017-01-25,86.55525970458984
2017-01-26,86.5185317993164
2017-01-27,86.380859375
2017-01-30,85.83929443359375
2017-01-31,85.79341125488281
2017-02-01,85.54557800292969
2017-02-02,85.57312774658203
2017-02-03,86.35331726074219
2017-02-06,86.16056823730469
2017-02-07,85.99534606933594
2017-02-08,85.99534606933594
2017-02-09,86.54608917236328
2017-02-10,86.88567352294922
2017-02-13,87.4731216430664
2017-02-14,87.88616180419922
2017-02-15,88.28083038330078
2017-02-16,88.29920959472656
2017-02-17,88.28083038330078
2017-02-21,88.82238006591797
2017-02-22,88.75814056396484
2017-02-23,88.95088958740234
2017-02-24,88.9600601196289
2017-02-27,89.05184936523438
2017-02-28,88.8682861328125
2017-03-01,90.1716537475586
2017-03-02,89.51079559326172
2017-03-03,89.538330078125
2017-03-06,89.23543548583984
2017-03-07,88.92335510253906
2017-03-08,88.70306396484375
2017-03-09,88.77649688720703
2017-03-10,89.06104278564453
2017-03-13,88.98760223388672
2017-03-14,88.64798736572266
2017-03-15,89.40065002441406
2017-03-16,89.27214050292969
2017-03-17,89.04267120361328
2017-03-20,88.77649688720703
2017-03-21,87.51901245117188
2017-03-22,87.61996459960938
2017-03-23,87.59245300292969
2017-03-24,87.4151611328125
2017-03-27,87.21205139160156
2017-03-28,87.9414291381836
2017-03-29,87.90451049804688
2017-03-30,88.33843994140625
2017-03-31,88.05223083496094
2017-04-03,87.86756896972656
2017-04-04,87.98760986328125
2017-04-05,87.62752532958984
2017-04-06,87.90451049804688
2017-04-07,87.793701171875
2017-04-10,87.8029556274414
2017-04-11,87.8029556274414
2017-04-12,87.43363952636719
2017-04-13,86.70425415039062
2017-04-17,87.40592956542969
2017-04-18,87.02739715576172
2017-04-19,86.72272491455078
2017-04-20,87.46134185791016
2017-04-21,87.11972045898438
2017-04-24,88.16302490234375
2017-04-25,88.6246566772461
2017-04-26,88.55078125
2017-04-27,88.3753662109375
2017-04-28,88.0245361328125
2017-05-01,88.03376007080078
2017-05-02,87.97836303710938
2017-05-03,88.0245361328125
2017-05-04,88.0245361328125
2017-05-05,88.39382934570312
2017-05-08,88.31074523925781
2017-05-09,88.03376007080078
2017-05-10,88.25534057617188
2017-05-11,88.03376007080078
2017-05-12,87.68292236328125
2017-05-15,88.19071960449219
2017-05-16,88.07069396972656
2017-05-17,86.52883911132812
2017-05-18,86.66731262207031
2017-05-19,87.35054779052734
2017-05-22,87.7198486328125
2017-05-23,88.03376007080078
2017-05-24,88.11685943603516
2017-05-25,88.3476791381836
2017-05-26,88.36614227294922
2017-05-30,88.19994354248047
2017-05-31,88.07992553710938
2017-06-01,88.88317108154297
2017-06-02,88.9016342163086
2017-06-05,88.88317108154297
2017-06-06,88.70775604248047
2017-06-07,88.8277816772461
2017-06-08,88.92009735107422
2017-06-09,89.63101196289062
2017-06-12,89.80643463134766
2017-06-13,90.10189056396484
2017-06-14,90.00032806396484
2017-06-15,89.87107849121094
2017-06-16,90.00032806396484
2017-06-19,90.48041534423828
2017-06-20,89.89877319335938
2017-06-21,89.5386962890625
2017-06-22,89.46483612060547
2017-06-23,89.4806137084961
2017-06-26,89.73133087158203
2017-06-27,89.24845886230469
2017-06-28,89.94493103027344
2017-06-29,89.45276641845703
2017-06-30,89.66634368896484
2017-07-03,90.2513656616211
2017-07-05,90.24208068847656
2017-07-06,89.40633392333984
2017-07-07,89.83348846435547
2017-07-10,89.77776336669922
2017-07-11,89.57347869873047
2017-07-12,90.09349822998047
2017-07-13,90.2606430053711
2017-07-14,90.56708526611328
2017-07-17,90.55780029296875
2017-07-18,90.41851806640625
2017-07-19,90.80854034423828
2017-07-20,90.8828125
2017-07-21,90.71566009521484
2017-07-24,90.57637786865234
2017-07-25,91.00352478027344
2017-07-26,90.81781768798828
2017-07-27,90.96638488769531
2017-07-28,90.8828125
2017-07-31,91.04995727539062
2017-08-01,91.27283477783203
2017-08-02,91.2635498046875
2017-08-03,91.22639465332031
2017-08-04,91.44926452636719
2017-08-07,91.46784210205078
2017-08-08,91.3006820678711
2017-08-09,91.2635498046875
2017-08-10,90.2142333984375
2017-08-11,90.11206817626953
2017-08-14,90.9013900756836
2017-08-15,90.89209747314453
2017-08-16,90.91996765136719
2017-08-17,89.60133361816406
2017-08-18,89.40633392333984
2017-08-21,89.4806137084961
2017-08-22,90.2606430053711
2017-08-23,90.02849578857422
2017-08-24,89.93565368652344
2017-08-25,90.22350311279297
2017-08-28,90.06564331054688
2017-08-29,90.07492065429688
2017-08-30,90.2699203491211
2017-08-31,90.62281036376953
2017-09-01,90.89209747314453
2017-09-05,90.00062561035156
2017-09-06,90.30707550048828
2017-09-07,90.01921844482422
2017-09-08,90.03777313232422
2017-09-11,91.1335220336914
2017-09-12,91.56070709228516
2017-09-13,91.73713684082031
2017-09-14,91.83927154541016
2017-09-15,92.06214904785156
2017-09-18,92.47074127197266
2017-09-19,92.63787841796875
2017-09-20,92.80503845214844
2017-09-21,92.65646362304688
2017-09-22,92.72657775878906
2017-09-25,92.85746002197266
2017-09-26,92.79203033447266
2017-09-27,93.0538101196289
2017-09-28,93.15664672851562
2017-09-29,93.32493591308594
2017-10-02,93.91393280029297
2017-10-03,94.12896728515625
2017-10-04,94.24118041992188
2017-10-05,94.68058776855469
2017-10-06,94.53099060058594
2017-10-09,94.27855682373047
2017-10-10,94.59644317626953
2017-10-11,94.57774353027344
2017-10-12,94.36270904541016
2017-10-13,94.38140106201172
2017-10-16,94.54035949707031
2017-10-17,94.66189575195312
2017-10-18,94.90496826171875
2017-10-19,95.13871002197266
2017-10-20,95.81185913085938
2017-10-23,95.58746337890625
2017-10-24,95.74641418457031
2017-10-25,95.20414733886719
2017-10-26,95.43787384033203
2017-10-27,95.6716079711914
2017-10-30,95.08261108398438
2017-10-31,95.03585815429688
2017-11-01,95.31633758544922
2017-11-02,95.53137969970703
2017-11-03,95.55941009521484
2017-11-06,95.47527313232422
2017-11-07,95.37242889404297
2017-11-08,95.38178253173828
2017-11-09,95.05455780029297
2017-11-10,94.95170593261719
2017-11-13,95.04520416259766
2017-11-14,94.8208236694336
2017-11-15,94.42816162109375
2017-11-16,95.11067199707031
2017-11-17,94.91431427001953
2017-11-20,95.12934112548828
2017-11-21,95.50333404541016
2017-11-22,95.40048217773438
2017-11-24,95.48462677001953
2017-11-27,95.50333404541016
2017-11-28,96.90572357177734
2017-11-29,97.61628723144531
2017-11-30,98.38291931152344
2017-12-01,98.31747436523438
2017-12-04,98.66339874267578
2017-12-05,98.1024398803711
2017-12-06,97.99958801269531
2017-12-07,98.18657684326172
2017-12-08,98.85039520263672
2017-12-11,99.12151336669922
2017-12-12,99.48614501953125
2017-12-13,99.30850219726562
2017-12-14,98.71014404296875
2017-12-15,99.50482177734375
2017-12-18,100.06580352783203
2017-12-19,99.77595520019531
2017-12-20,99.81336212158203
2017-12-21,100.1303482055664
2017-12-22,100.1209487915039
2017-12-26,100.04569244384766
2017-12-27,100.07391357421875
2017-12-28,100.33729553222656
2017-12-29,100.00807189941406
2018-01-02,100.3184814453125
2018-01-03,100.70413970947266
2018-01-04,101.28733825683594
2018-01-05,101.78588104248047
2018-01-08,101.88932800292969
2018-01-09,102.12449645996094
2018-01-10,102.06806182861328
2018-01-11,102.7735366821289
2018-01-12,103.51664733886719
2018-01-16,103.1874008178711
2018-01-17,104.09981536865234
2018-01-18,103.92111206054688
2018-01-19,104.25032043457031
2018-01-22,105.07808685302734
2018-01-23,105.04045104980469
2018-01-24,105.24739074707031
2018-01-25,105.37908172607422
2018-01-26,106.53606414794922
2018-01-29,105.97169494628906
2018-01-30,104.68301391601562
2018-01-31,104.72063446044922
2018-02-01,104.85232543945312
2018-02-02,102.48193359375
2018-02-05,98.10800170898438
2018-02-06,99.6600341796875
2018-02-07,99.41548156738281
2018-02-08,95.78463745117188
2018-02-09,97.24259948730469
2018-02-12,98.47483825683594
2018-02-13,98.76643371582031
2018-02-14,100.00807189941406
2018-02-15,101.05217742919922
2018-02-16,101.1744613647461
2018-02-20,100.27143859863281
2018-02-21,99.6318130493164
2018-02-22,99.70706939697266
2018-02-23,101.23089599609375
2018-02-26,102.47254180908203
2018-02-27,101.34376525878906
2018-02-28,100.07391357421875
2018-03-01,98.73822021484375
2018-03-02,99.18970489501953
2018-03-05,100.33729553222656
2018-03-06,100.4689712524414
2018-03-07,100.30907440185547
2018-03-08,100.60066986083984
2018-03-09,102.30320739746094
2018-03-12,101.9739990234375
2018-03-13,101.34376525878906
2018-03-14,100.62889862060547
2018-03-15,100.61006927490234
2018-03-16,100.8546371459961
2018-03-19,99.70706939697266
2018-03-20,99.6600341796875
2018-03-21,99.60359954833984
2018-03-22,97.12786865234375
2018-03-23,95.046630859375
2018-03-26,97.66709899902344
2018-03-27,96.4372787475586
2018-03-28,96.4372787475586
2018-03-29,97.6103286743164
2018-04-02,95.4628677368164
2018-04-03,96.79676055908203
2018-04-04,97.92252349853516
2018-04-05,98.58473205566406
2018-04-06,96.54132843017578
2018-04-09,96.90082550048828
2018-04-10,98.4144515991211
2018-04-11,97.78060913085938
2018-04-12,98.69824981689453
2018-04-13,98.34822082519531
2018-04-16,99.21857452392578
2018-04-17,99.84293365478516
2018-04-18,99.8145523071289
2018-04-19,99.64429473876953
2018-04-20,99.07666778564453
2018-04-23,99.19965362548828
2018-04-24,98.36715698242188
2018-04-25,98.4712142944336
2018-04-26,98.95368194580078
2018-04-27,99.09559631347656
2018-04-30,98.01713562011719
2018-05-01,97.8373794555664
2018-05-02,96.85353088378906
2018-05-03,96.48457336425781
2018-05-04,97.52518463134766
2018-05-07,97.71440124511719
2018-05-08,97.68600463867188
2018-05-09,98.51850891113281
2018-05-10,99.44561767578125
2018-05-11,99.75779724121094
2018-05-14,99.93754577636719
2018-05-15,99.47399139404297
2018-05-16,99.87132263183594
2018-05-17,99.8334732055664
2018-05-18,99.44561767578125
2018-05-21,100.26864624023438
2018-05-22,100.14567565917969
2018-05-23,100.10782623291016
2018-05-24,99.82402038574219
2018-05-25,99.48345947265625
2018-05-29,98.07388305664062
2018-05-30,99.48345947265625
2018-05-31,98.61310577392578
2018-06-01,99.5496826171875
2018-06-04,99.82402038574219
2018-06-05,99.8145523071289
2018-06-06,100.71328735351562
2018-06-07,100.96870422363281
2018-06-08,101.30926513671875
2018-06-11,101.42279815673828
2018-06-12,101.29981231689453
2018-06-13,100.86465454101562
2018-06-14,100.77949523925781
2018-06-15,100.72274780273438
2018-06-18,100.35379028320312
2018-06-19,100.11727905273438
2018-06-20,100.0794448852539
2018-06-21,99.53074645996094
2018-06-22,99.84291076660156
2018-06-25,98.99588775634766
2018-06-26,98.94831848144531
2018-06-27,98.34873962402344
2018-06-28,98.76748657226562
2018-06-29,98.81507110595703
2018-07-02,98.95783996582031
2018-07-03,98.8245849609375
2018-07-05,99.51934051513672
2018-07-06,100.109375
2018-07-09,101.06108856201172
2018-07-10,101.50838470458984
2018-07-11,100.65185546875
2018-07-12,101.25143432617188
2018-07-13,101.30853271484375
2018-07-16,101.40369415283203
2018-07-17,101.70824432373047
2018-07-18,102.07939910888672
2018-07-19,101.58451843261719
2018-07-20,101.49887084960938
2018-07-23,101.82244110107422
2018-07-24,102.31732940673828
2018-07-25,103.03111267089844
2018-07-26,103.35468292236328
2018-07-27,103.07868957519531
2018-07-30,103.01206970214844
2018-07-31,103.41179656982422
2018-08-01,102.91690826416016
2018-08-02,103.14531707763672
2018-08-03,103.85907745361328
2018-08-06,104.15411376953125
2018-08-07,104.4967269897461
2018-08-08,104.43961334228516
2018-08-09,104.21121978759766
2018-08-10,103.5260009765625
2018-08-13,102.9359359741211
2018-08-14,103.61164093017578
2018-08-15,102.9930419921875
2018-08-16,104.0779800415039
2018-08-17,104.58238220214844
2018-08-20,104.88693237304688
2018-08-21,105.02015686035156
2018-08-22,104.7536849975586
2018-08-23,104.53478240966797
2018-08-24,105.00113677978516
2018-08-27,105.7719955444336
2018-08-28,105.7815170288086
2018-08-29,106.06702423095703
2018-08-30,105.48648834228516
2018-08-31,105.3722915649414
2018-09-04,105.2771224975586
2018-09-05,105.46745300292969
2018-09-06,105.34373474121094
2018-09-07,105.0582275390625
2018-09-10,105.2771224975586
2018-09-11,105.40084838867188
2018-09-12,105.5436019897461
2018-09-13,106.01944732666016
2018-09-14,106.21930694580078
2018-09-17,106.1431655883789
2018-09-18,106.5714340209961
2018-09-19,106.79032135009766
2018-09-20,107.6278076171875
2018-09-21,107.78962707519531
2018-09-24,107.08534240722656
2018-09-25,106.5714340209961
2018-09-26,106.08606719970703
2018-09-27,106.07654571533203
2018-09-28,106.02960205078125
2018-10-01,106.4798583984375
2018-10-02,106.72894287109375
2018-10-03,106.86305236816406
2018-10-04,106.65229034423828
2018-10-05,106.3170166015625
2018-10-08,106.65229034423828
2018-10-09,106.32657623291016
2018-10-10,103.57717895507812
2018-10-11,101.0289306640625
2018-10-12,101.73783111572266
2018-10-15,101.45044708251953
2018-10-16,103.27062225341797
2018-10-17,103.4334716796875
2018-10-18,102.43716430664062
2018-10-19,102.48507690429688
2018-10-22,101.73783111572266
2018-10-23,101.13430786132812
2018-10-24,98.54776000976562
2018-10-25,99.8314437866211
2018-10-26,98.49027252197266
2018-10-29,98.62440490722656
2018-10-30,100.0709457397461
2018-10-31,100.75111389160156
2018-11-01,101.41212463378906
2018-11-02,101.23011016845703
2018-11-05,102.39884948730469
2018-11-06,102.9353256225586
2018-11-07,104.69801330566406
2018-11-08,104.6117935180664
2018-11-09,103.82625579833984
2018-11-12,102.4467544555664
2018-11-13,102.36053466796875
2018-11-14,101.55581665039062
2018-11-15,102.48507690429688
2018-11-16,103.0311279296875
2018-11-19,102.33179473876953
2018-11-20,100.31043243408203
2018-11-21,100.4254150390625
2018-11-23,99.92725372314453
2018-11-26,101.33548736572266
2018-11-27,101.73783111572266
2018-11-28,103.5292739868164
2018-11-29,103.26103210449219
2018-11-30,104.04658508300781
2018-12-03,104.8321304321289
2018-12-04,101.88154602050781
2018-12-06,101.3929672241211
2018-12-07,99.33331298828125
2018-12-10,99.17044830322266
2018-12-11,99.07464599609375
2018-12-12,99.44824981689453
2018-12-13,99.43869018554688
2018-12-14,97.80052185058594
2018-12-17,95.90372467041016
2018-12-18,95.53010559082031
2018-12-19,94.42842102050781
2018-12-20,93.12556457519531
2018-12-21,91.69818115234375
2018-12-24,89.08077239990234
2018-12-26,92.75788116455078
2018-12-27,93.70370483398438
2018-12-28,93.60718536376953
2018-12-31,94.53370666503906
2019-01-02,94.58196258544922
2019-01-03,92.83509826660156
2019-01-04,95.50848388671875
2019-01-07,96.05860137939453
2019-01-08,96.76313018798828
2019-01-09,96.93685913085938
2019-01-10,97.2843017578125
2019-01-11,97.47733306884766
2019-01-14,97.04302215576172
2019-01-15,97.9212875366211
2019-01-16,98.24942779541016
2019-01-17,98.96361541748047
2019-01-18,100.3340835571289
2019-01-22,99.25314331054688
2019-01-23,99.53303527832031
2019-01-24,99.44617462158203
2019-01-25,99.98664093017578
2019-01-28,99.39791107177734
2019-01-29,99.58129119873047
2019-01-30,100.52711486816406
2019-01-31,101.10618591308594
2019-02-01,101.36676025390625
2019-02-04,101.77210998535156
2019-02-05,101.8975830078125
2019-02-06,101.94583892822266
2019-02-07,101.0868911743164
2019-02-08,101.02897644042969
2019-02-11,101.07723999023438
2019-02-12,102.3897933959961
2019-02-13,102.6889877319336
2019-02-14,102.2257308959961
2019-02-15,103.7120132446289
2019-02-19,103.97260284423828
2019-02-20,104.29108428955078
2019-02-21,104.01119995117188
2019-02-22,104.45516204833984
2019-02-25,104.61922454833984
2019-02-26,104.45516204833984
2019-02-27,104.358642578125
2019-02-28,104.00154876708984
2019-03-01,104.5323715209961
2019-03-04,104.0498046875
2019-03-05,103.80852508544922
2019-03-06,103.13294219970703
2019-03-07,102.4766616821289
2019-03-08,102.29328155517578
2019-03-11,103.6155014038086
2019-03-12,103.8760757446289
2019-03-13,104.60958099365234
2019-03-14,104.5323715209961
2019-03-15,104.93772888183594
2019-03-18,105.48784637451172
2019-03-19,105.32376861572266
2019-03-20,104.36830139160156
2019-03-21,105.20795440673828
2019-03-22,103.47073364257812
2019-03-25,103.2970199584961
2019-03-26,104.17527770996094
2019-03-27,103.7120132446289
2019-03-28,103.99868774414062
2019-03-29,104.59146118164062
2019-04-01,105.8158950805664
2019-04-02,105.55352783203125
2019-04-03,105.57295227050781
2019-04-04,106.0394058227539
2019-04-05,106.50585174560547
2019-04-08,106.5835952758789
2019-04-09,105.89364624023438
2019-04-10,106.18516540527344
2019-04-11,106.20460510253906
2019-04-12,106.87512969970703
2019-04-15,106.75851440429688
2019-04-16,106.99173736572266
2019-04-17,106.72935485839844
2019-04-18,106.75851440429688
2019-04-22,106.75851440429688
2019-04-23,107.50677490234375
2019-04-24,107.20552062988281
2019-04-25,106.8459701538086
2019-04-26,107.38044738769531
2019-04-29,107.65253448486328
2019-04-30,108.10926818847656
2019-05-01,107.28326416015625
2019-05-02,107.04032135009766
2019-05-03,107.8663330078125
2019-05-06,107.50677490234375
2019-05-07,105.90335083007812
2019-05-08,105.62154388427734
2019-05-09,105.37860107421875
2019-05-10,105.99081420898438
2019-05-13,103.87235260009766
2019-05-14,104.53316497802734
2019-05-15,104.75667572021484
2019-05-16,105.60210418701172
2019-05-17,105.18424224853516
2019-05-20,105.02876281738281
2019-05-21,105.82560729980469
2019-05-22,105.4854965209961
2019-05-23,104.34851837158203
2019-05-24,104.63034057617188
2019-05-28,103.23100280761719
2019-05-29,102.65763854980469
2019-05-30,102.62849426269531
2019-05-31,101.26801300048828
2019-06-03,102.23007202148438
2019-06-04,104.27079010009766
2019-06-05,104.91214752197266
2019-06-06,105.563232421875
2019-06-07,106.08798217773438
2019-06-10,106.42810821533203
2019-06-11,106.37953186035156
2019-06-12,106.23374938964844
2019-06-13,106.6807632446289
2019-06-14,106.62246704101562
2019-06-17,106.40867614746094
2019-06-18,107.31241607666016
2019-06-19,107.58451843261719
2019-06-20,108.51741027832031
2019-06-21,108.44938659667969
2019-06-24,108.3327865600586
2019-06-25,107.87605285644531
2019-06-26,107.4193115234375
2019-06-27,107.8486328125
2019-06-28,108.47451782226562
2019-07-01,109.2275619506836
2019-07-02,109.42314147949219
2019-07-03,110.28373718261719
2019-07-05,110.10771179199219
2019-07-08,109.6382827758789
2019-07-09,109.56983184814453
2019-07-10,109.75565338134766
2019-07-11,110.0588150024414
2019-07-12,110.54778289794922
2019-07-15,110.43042755126953
2019-07-16,110.1761703491211
2019-07-17,109.29600524902344
2019-07-18,109.82411193847656
2019-07-19,109.3253402709961
2019-07-22,109.27644348144531
2019-07-23,110.12726593017578
2019-07-24,110.56734466552734
2019-07-25,110.11748504638672
2019-07-26,110.67491912841797
2019-07-29,110.65536499023438
2019-07-30,110.4891128540039
2019-07-31,109.37423706054688
2019-08-01,108.16157531738281
2019-08-02,107.5748062133789
2019-08-05,104.67029571533203
2019-08-06,105.87317657470703
2019-08-07,105.64823150634766
2019-08-08,107.32054138183594
2019-08-09,106.72398376464844
2019-08-12,105.4233169555664
2019-08-13,106.68486785888672
2019-08-14,103.61409759521484
2019-08-15,103.69233703613281
2019-08-16,105.1983871459961
2019-08-19,106.303466796875
2019-08-20,105.24728393554688
2019-08-21,105.90251159667969
2019-08-22,105.98075103759766
2019-08-23,103.47718811035156
2019-08-26,104.45513153076172
2019-08-27,103.80970001220703
2019-08-28,104.74852752685547
2019-08-29,105.85360717773438
2019-08-30,106.12743377685547
2019-09-03,105.73625946044922
2019-09-04,106.76309967041016
2019-09-05,107.97577667236328
2019-09-06,108.17135620117188
2019-09-09,108.97328186035156
2019-09-10,109.56983184814453
2019-09-11,110.40109252929688
2019-09-12,110.53800201416016
2019-09-13,110.66514587402344
2019-09-16,110.36807250976562
2019-09-17,110.36807250976562
2019-09-18,110.39759063720703
2019-09-19,110.28938293457031
2019-09-20,110.10248565673828
2019-09-23,110.14183044433594
2019-09-24,109.41390991210938
2019-09-25,109.81721496582031
2019-09-26,109.51228332519531
2019-09-27,109.47293090820312
2019-09-30,109.79754638671875
2019-10-01,108.21382904052734
2019-10-02,106.29566955566406
2019-10-03,106.88587188720703
2019-10-04,108.34170532226562
2019-10-07,107.84986877441406
2019-10-08,106.1382827758789
2019-10-09,106.94489288330078
2019-10-10,107.67280578613281
2019-10-11,108.725341796875
2019-10-14,108.6269760131836
2019-10-15,109.64015197753906
2019-10-16,109.53195190429688
2019-10-17,109.91558074951172
2019-10-18,109.84672546386719
2019-10-21,110.56480407714844
2019-10-22,110.92876434326172
2019-10-23,111.2042007446289
2019-10-24,110.8894271850586
2019-10-25,111.33207702636719
2019-10-28,111.77472686767578
2019-10-29,112.11901092529297
2019-10-30,112.33541107177734
2019-10-31,111.88292694091797
2019-11-01,113.01415252685547
2019-11-04,113.63386535644531
2019-11-05,113.75190734863281
2019-11-06,113.89945983886719
2019-11-07,114.4207992553711
2019-11-08,114.79460144042969
2019-11-11,114.38145446777344
2019-11-12,114.39129638671875
2019-11-13,114.30276489257812
2019-11-14,114.2142333984375
2019-11-15,115.07003021240234
2019-11-18,115.09954071044922
2019-11-19,114.91263580322266
2019-11-20,114.52900695800781
2019-11-21,114.63721466064453
2019-11-22,115.05035400390625
2019-11-25,115.69957733154297
2019-11-26,115.82745361328125
2019-11-27,116.08321380615234
2019-11-29,115.72908782958984
2019-12-02,115.0896987915039
2019-12-03,114.12570190429688
2019-12-04,114.96183013916016
2019-12-05,115.19790649414062
2019-12-06,116.16190338134766
2019-12-09,115.87664031982422
2019-12-10,115.76844024658203
2019-12-11,116.03402709960938
2019-12-12,117.3423080444336
2019-12-13,116.98818969726562
2019-12-16,117.81446838378906
2019-12-17,117.92267608642578
2019-12-18,117.83414459228516
2019-12-19,118.08007049560547
2019-12-20,118.77847290039062
2019-12-23,118.79814147949219
2019-12-24,118.74759674072266
2019-12-26,119.03502655029297
2019-12-27,119.03502655029297
2019-12-30,118.48990631103516
2019-12-31,118.78723907470703
2020-01-02,119.37201690673828
2020-01-03,118.42052459716797
2020-01-06,118.5691909790039
2020-01-07,118.11327362060547
2020-01-08,118.39078521728516
2020-01-09,118.9359130859375
2020-01-10,118.53945922851562
2020-01-13,119.03502655029297
2020-01-14,119.19361114501953
2020-01-15,119.38191986083984
2020-01-16,120.1649169921875
2020-01-17,120.29376983642578
2020-01-21,119.82793426513672
2020-01-22,119.95677947998047
2020-01-23,119.88739776611328
2020-01-24,118.7376937866211
2020-01-27,117.0824966430664
2020-01-28,117.92496490478516
2020-01-29,117.399658203125
2020-01-30,117.91504669189453
2020-01-31,115.8138427734375
2020-02-03,116.23011779785156
2020-02-04,117.60780334472656
2020-02-05,119.61979675292969
2020-02-06,119.68917846679688
2020-02-07,118.9854736328125
2020-02-10,119.38191986083984
2020-02-11,119.86758422851562
2020-02-12,120.34332275390625
2020-02-13,120.02616119384766
2020-02-14,119.8477554321289
2020-02-18,119.2332534790039
2020-02-19,119.59996795654297
2020-02-20,119.48104095458984
2020-02-21,118.96564483642578
2020-02-24,115.32819366455078
2020-02-25,111.70064544677734
2020-02-26,110.73925018310547
2020-02-27,106.06110382080078
2020-02-28,104.56449127197266
2020-03-02,109.03450012207031
2020-03-03,106.00163269042969
2020-03-04,110.67977905273438
2020-03-05,107.02250671386719
2020-03-06,105.22854614257812
2020-03-09,96.84356689453125
2020-03-10,101.0657958984375
2020-03-11,95.95154571533203
2020-03-12,86.31773376464844
2020-03-13,94.20716094970703
2020-03-16,83.77052307128906
2020-03-17,89.40016174316406
2020-03-18,84.22645568847656
2020-03-19,83.28487396240234
2020-03-20,79.34017181396484
2020-03-23,76.07933807373047
2020-03-24,83.52274322509766
2020-03-25,85.05899810791016
2020-03-26,90.5
2020-03-27,88.11000061035156
2020-03-30,90.80999755859375
2020-03-31,89.05999755859375
2020-04-01,85.2300033569336
2020-04-02,87.44000244140625
2020-04-03,86.11000061035156
2020-04-06,91.25
2020-04-07,91.58999633789062
2020-04-08,95.30000305175781
2020-04-09,97.37000274658203
2020-04-13,95.52999877929688
2020-04-14,97.73999786376953
2020-04-15,95.0199966430664
2020-04-16,94.91000366210938
