Date,XHB
2010-01-04,13.911490440368652
2010-01-05,14.01137638092041
2010-01-06,14.084023475646973
2010-01-07,14.665179252624512
2010-01-08,14.728742599487305
2010-01-11,14.683344841003418
2010-01-12,14.483569145202637
2010-01-13,14.510808944702148
2010-01-14,14.474485397338867
2010-01-15,14.192987442016602
2010-01-19,14.401843070983887
2010-01-20,14.120345115661621
2010-01-21,13.829764366149902
2010-01-22,13.575506210327148
2010-01-25,13.720795631408691
2010-01-26,13.711716651916504
2010-01-27,13.757119178771973
2010-01-28,13.757119178771973
2010-01-29,13.720795631408691
2010-02-01,13.766200065612793
2010-02-02,14.429084777832031
2010-02-03,14.238391876220703
2010-02-04,13.793442726135254
2010-02-05,13.639074325561523
2010-02-08,13.775282859802246
2010-02-09,14.02953815460205
2010-02-10,13.975058555603027
2010-02-11,14.31103801727295
2010-02-12,14.420004844665527
2010-02-16,14.683344841003418
2010-02-17,14.528971672058105
2010-02-18,14.565296173095703
2010-02-19,14.601615905761719
2010-02-22,14.665179252624512
2010-02-23,14.292876243591309
2010-02-24,14.274711608886719
2010-02-25,14.274711608886719
2010-02-26,14.447249412536621
2010-03-01,14.755990028381348
2010-03-02,14.665179252624512
2010-03-03,14.819548606872559
2010-03-04,14.765067100524902
2010-03-05,15.046565055847168
2010-03-08,15.264503479003906
2010-03-09,15.191859245300293
2010-03-10,15.219103813171387
2010-03-11,15.318987846374512
2010-03-12,15.273579597473145
2010-03-15,15.264503479003906
2010-03-16,15.400707244873047
2010-03-17,15.373470306396484
2010-03-18,15.309906005859375
2010-03-19,15.046096801757812
2010-03-22,15.282615661621094
2010-03-23,15.409968376159668
2010-03-24,15.373579025268555
2010-03-25,15.355388641357422
2010-03-26,15.4281587600708
2010-03-29,15.473644256591797
2010-03-30,15.491842269897461
2010-03-31,15.300809860229492
2010-04-01,15.446356773376465
2010-04-05,15.737455368041992
2010-04-06,15.61919116973877
2010-04-07,15.391770362854004
2010-04-08,15.71015739440918
2010-04-09,15.8648099899292
2010-04-12,16.064939498901367
2010-04-13,16.155908584594727
2010-04-14,16.656230926513672
2010-04-15,16.483394622802734
2010-04-16,16.246875762939453
2010-04-19,16.265071868896484
2010-04-20,16.528879165649414
2010-04-21,16.929136276245117
2010-04-22,17.56590461730957
2010-04-23,17.86610221862793
2010-04-26,17.738750457763672
2010-04-27,16.992809295654297
2010-04-28,17.211135864257812
2010-04-29,17.711462020874023
2010-04-30,17.374879837036133
2010-05-03,17.74784278869629
2010-05-04,17.156551361083984
2010-05-05,16.70170783996582
2010-05-06,16.064939498901367
2010-05-07,15.555514335632324
2010-05-10,16.729000091552734
2010-05-11,16.719907760620117
2010-05-12,17.183847427368164
2010-05-13,16.683523178100586
2010-05-14,16.337839126586914
2010-05-17,16.319650650024414
2010-05-18,16.037643432617188
2010-05-19,15.792038917541504
2010-05-20,15.118873596191406
2010-05-21,15.228031158447266
2010-05-24,15.082481384277344
2010-05-25,15.200738906860352
2010-05-26,15.264419555664062
2010-05-27,15.846620559692383
2010-05-28,15.664680480957031
2010-06-01,15.082481384277344
2010-06-02,15.337198257446289
2010-06-03,15.373579025268555
2010-06-04,14.582159996032715
2010-06-07,14.036351203918457
2010-06-08,13.990869522094727
2010-06-09,14.027256965637207
2010-06-10,14.673126220703125
2010-06-11,14.664029121398926
2010-06-14,14.764095306396484
2010-06-15,15.091581344604492
2010-06-16,14.927837371826172
2010-06-17,14.573064804077148
2010-06-18,14.419930458068848
2010-06-21,14.22851848602295
2010-06-22,13.882148742675781
2010-06-23,14.046216011047363
2010-06-24,13.772767066955566
2010-06-25,13.80922794342041
2010-06-28,13.781881332397461
2010-06-29,13.20763874053955
2010-06-30,13.052680015563965
2010-07-01,12.934186935424805
2010-07-02,12.779231071472168
2010-07-06,12.651623725891113
2010-07-07,13.225866317749023
2010-07-08,13.253210067749023
2010-07-09,13.563122749328613
2010-07-12,13.362591743469238
2010-07-13,13.882148742675781
2010-07-14,13.59046459197998
2010-07-15,13.626924514770508
2010-07-16,12.979764938354492
2010-07-19,12.9433012008667
2010-07-20,13.42639446258545
2010-07-21,13.225866317749023
2010-07-22,13.708961486816406
2010-07-23,14.055329322814941
2010-07-26,14.419930458068848
2010-07-27,13.918608665466309
2010-07-28,13.526660919189453
2010-07-29,13.617810249328613
2010-07-30,13.736307144165039
2010-08-02,14.091793060302734
2010-08-03,13.727192878723145
2010-08-04,13.69073486328125
2010-08-05,13.572239875793457
2010-08-06,13.663386344909668
2010-08-09,14.046216011047363
2010-08-10,13.636041641235352
2010-08-11,13.152946472167969
2010-08-12,12.934186935424805
2010-08-13,12.89772891998291
2010-08-16,12.861265182495117
2010-08-17,13.20763874053955
2010-08-18,13.499320030212402
2010-08-19,13.116486549377441
2010-08-20,13.080026626586914
2010-08-23,12.8065767288208
2010-08-24,12.724541664123535
2010-08-25,13.098257064819336
2010-08-26,12.888609886169434
2010-08-27,13.262327194213867
2010-08-30,12.934186935424805
2010-08-31,12.89772891998291
2010-09-01,13.417281150817871
2010-09-02,13.818339347839355
2010-09-03,14.000639915466309
2010-09-07,13.617810249328613
2010-09-08,13.68161392211914
2010-09-09,13.736307144165039
2010-09-10,13.83657169342041
2010-09-13,14.137369155883789
2010-09-14,14.02798843383789
2010-09-15,13.945953369140625
2010-09-16,13.790997505187988
2010-09-17,13.767245292663574
2010-09-20,14.224020957946777
2010-09-21,14.287970542907715
2010-09-22,14.068716049194336
2010-09-23,13.858599662780762
2010-09-24,14.351916313171387
2010-09-27,14.370190620422363
2010-09-28,14.534629821777344
2010-09-29,14.452407836914062
2010-09-30,14.434139251708984
2010-10-01,14.434139251708984
2010-10-04,14.242293357849121
2010-10-05,14.452407836914062
2010-10-06,14.452407836914062
2010-10-07,14.351916313171387
2010-10-08,14.534629821777344
2010-10-11,14.452407836914062
2010-10-12,14.470678329467773
2010-10-13,14.543764114379883
2010-10-14,14.388460159301758
2010-10-15,14.260563850402832
2010-10-18,14.196612358093262
2010-10-19,14.077851295471191
2010-10-20,14.160075187683105
2010-10-21,14.34278392791748
2010-10-22,14.306239128112793
2010-10-25,14.388460159301758
2010-10-26,14.315375328063965
2010-10-27,14.214887619018555
2010-10-28,14.114395141601562
2010-10-29,14.160075187683105
2010-11-01,14.1783447265625
2010-11-02,14.552901268005371
2010-11-03,14.498085975646973
2010-11-04,15.101031303405762
2010-11-05,15.2197904586792
2010-11-08,15.192387580871582
2010-11-09,14.854373931884766
2010-11-10,15.064492225646973
2010-11-11,15.119307518005371
2010-11-12,14.772154808044434
2010-11-15,14.51636028289795
2010-11-16,14.260563850402832
2010-11-17,14.25143051147461
2010-11-18,14.205753326416016
2010-11-19,14.214887619018555
2010-11-22,14.25143051147461
2010-11-23,14.068716049194336
2010-11-24,14.415867805480957
2010-11-26,14.242293357849121
2010-11-29,14.233158111572266
2010-11-30,14.287970542907715
2010-12-01,14.799562454223633
2010-12-02,15.21065616607666
2010-12-03,15.347694396972656
2010-12-06,15.429911613464355
2010-12-07,15.466455459594727
2010-12-08,15.493858337402344
2010-12-09,15.548674583435059
2010-12-10,15.667435646057129
2010-12-13,15.740521430969238
2010-12-14,15.649168014526367
2010-12-15,15.548674583435059
2010-12-16,15.758790969848633
2010-12-17,15.852363586425781
2010-12-20,16.083995819091797
2010-12-21,16.2692928314209
2010-12-22,16.352672576904297
2010-12-23,16.17664337158203
2010-12-27,16.31562042236328
2010-12-28,16.148847579956055
2010-12-29,16.139585494995117
2010-12-30,16.148847579956055
2010-12-31,16.11178207397461
2011-01-03,16.352672576904297
2011-01-04,16.056201934814453
2011-01-05,16.278554916381836
2011-01-06,16.389738082885742
2011-01-07,16.46385383605957
2011-01-10,16.408262252807617
2011-01-11,16.621362686157227
2011-01-12,16.79739761352539
2011-01-13,16.69547462463379
2011-01-14,17.019752502441406
2011-01-18,16.973426818847656
2011-01-19,16.565771102905273
2011-01-20,16.547245025634766
2011-01-21,16.361940383911133
2011-01-24,16.612096786499023
2011-01-25,16.63988494873047
2011-01-26,16.964168548583984
2011-01-27,16.982688903808594
2011-01-28,16.500913619995117
2011-01-31,16.389738082885742
2011-02-01,16.67694664001465
2011-02-02,16.454591751098633
2011-02-03,16.38047218322754
2011-02-04,16.436059951782227
2011-02-07,16.69547462463379
2011-02-08,17.0104923248291
2011-02-09,17.12166976928711
2011-02-10,17.06607437133789
2011-02-11,17.11240577697754
2011-02-14,17.00122833251953
2011-02-15,16.788129806518555
2011-02-16,17.103145599365234
2011-02-17,17.353294372558594
2011-02-18,17.306964874267578
2011-02-22,16.584299087524414
2011-02-23,16.30634880065918
2011-02-24,16.278554916381836
2011-02-25,16.584299087524414
2011-02-28,16.53797721862793
2011-03-01,16.056201934814453
2011-03-02,16.25075912475586
2011-03-03,16.584299087524414
2011-03-04,16.436059951782227
2011-03-07,16.222965240478516
2011-03-08,16.79739761352539
2011-03-09,16.908573150634766
2011-03-10,16.445323944091797
2011-03-11,16.556503295898438
2011-03-14,16.30634880065918
2011-03-15,16.621362686157227
2011-03-16,16.25075912475586
2011-03-17,16.30634880065918
2011-03-18,16.50406265258789
2011-03-21,16.75468635559082
2011-03-22,16.606172561645508
2011-03-23,16.69899559020996
2011-03-24,16.828950881958008
2011-03-25,16.940336227416992
2011-03-28,16.838224411010742
2011-03-29,16.856800079345703
2011-03-30,16.921768188476562
2011-03-31,16.903209686279297
2011-04-01,17.033164978027344
2011-04-04,16.912498474121094
2011-04-05,16.95889663696289
2011-04-06,17.070289611816406
2011-04-07,17.274505615234375
2011-04-08,17.163118362426758
2011-04-11,17.116701126098633
2011-04-12,17.014589309692383
2011-04-13,17.005311965942383
2011-04-14,17.023880004882812
2011-04-15,17.200246810913086
2011-04-18,17.098133087158203
2011-04-19,17.274505615234375
2011-04-20,17.46942901611328
2011-04-21,17.46942901611328
2011-04-25,17.44158363342285
2011-04-26,17.5529727935791
2011-04-27,17.636516571044922
2011-04-28,17.68292999267578
2011-04-29,17.68292999267578
2011-05-02,17.525121688842773
2011-05-03,17.3487606048584
2011-05-04,17.24665641784668
2011-05-05,17.3580379486084
2011-05-06,17.376605987548828
2011-05-09,17.376605987548828
2011-05-10,17.571535110473633
2011-05-11,17.29306411743164
2011-05-12,17.404455184936523
2011-05-13,17.22808837890625
2011-05-16,17.04244613647461
2011-05-17,16.931053161621094
2011-05-18,17.181678771972656
2011-05-19,17.200246810913086
2011-05-20,17.107412338256836
2011-05-23,16.893930435180664
2011-05-24,16.81966781616211
2011-05-25,17.005311965942383
2011-05-26,17.200246810913086
2011-05-27,17.3580379486084
2011-05-31,17.54368782043457
2011-06-01,17.088855743408203
2011-06-02,16.912498474121094
2011-06-03,16.615455627441406
2011-06-06,16.290571212768555
2011-06-07,16.216310501098633
2011-06-08,15.965681076049805
2011-06-09,16.15133285522461
2011-06-10,15.845013618469238
2011-06-13,15.937837600708008
2011-06-14,16.327695846557617
2011-06-15,15.965681076049805
2011-06-16,16.049224853515625
2011-06-17,16.21388053894043
2011-06-20,16.446443557739258
2011-06-21,16.75341033935547
2011-06-22,16.641780853271484
2011-06-23,16.83713150024414
2011-06-24,16.641780853271484
2011-06-27,16.66969108581543
2011-06-28,16.87433433532715
2011-06-29,16.75341033935547
2011-06-30,16.799922943115234
2011-07-01,17.16271209716797
2011-07-05,17.106897354125977
2011-07-06,17.069690704345703
2011-07-07,17.218523025512695
2011-07-08,17.023174285888672
2011-07-11,16.58597183227539
2011-07-12,16.53015899658203
2011-07-13,16.58597183227539
2011-07-14,16.446443557739258
2011-07-15,16.353418350219727
2011-07-18,16.102258682250977
2011-07-19,16.53015899658203
2011-07-20,16.502248764038086
2011-07-21,16.61387825012207
2011-07-22,16.46504020690918
2011-07-25,16.278989791870117
2011-07-26,16.06504249572754
2011-07-27,15.674345970153809
2011-07-28,15.553414344787598
2011-07-29,15.60922622680664
2011-08-01,15.423185348510742
2011-08-02,14.744118690490723
2011-08-03,14.772026062011719
2011-08-04,13.916217803955078
2011-08-05,13.804587364196777
2011-08-08,12.623199462890625
2011-08-09,13.144125938415527
2011-08-10,12.465059280395508
2011-08-11,13.051105499267578
2011-08-12,13.265054702758789
2011-08-15,13.646451950073242
2011-08-16,13.525518417358398
2011-08-17,13.33017349243164
2011-08-18,12.53017520904541
2011-08-19,12.26041030883789
2011-08-22,12.251104354858398
2011-08-23,12.54878044128418
2011-08-24,12.892965316772461
2011-08-25,12.920870780944824
2011-08-26,13.31157112121582
2011-08-29,13.953424453735352
2011-08-30,14.11156177520752
2011-08-31,14.018543243408203
2011-09-01,13.739474296569824
2011-09-02,13.227846145629883
2011-09-06,13.172033309936523
2011-09-07,13.62784481048584
2011-09-08,13.31157112121582
2011-09-09,12.892965316772461
2011-09-12,13.02319622039795
2011-09-13,13.11622142791748
2011-09-14,13.488313674926758
2011-09-15,13.599939346313477
2011-09-16,13.607398986816406
2011-09-19,13.467501640319824
2011-09-20,13.364906311035156
2011-09-21,12.879927635192871
2011-09-22,12.366971015930176
2011-09-23,12.53485107421875
2011-09-26,12.945216178894043
2011-09-27,13.075786590576172
2011-09-28,12.665421485900879
2011-09-29,12.898582458496094
2011-09-30,12.394948959350586
2011-10-03,11.704792022705078
2011-10-04,12.311015129089355
2011-10-05,12.740031242370605
2011-10-06,13.113096237182617
2011-10-07,12.898582458496094
2011-10-10,13.514137268066406
2011-10-11,13.532785415649414
2011-10-12,13.775278091430664
2011-10-13,13.719319343566895
2011-10-14,14.017766952514648
2011-10-17,13.514137268066406
2011-10-18,14.316215515136719
2011-10-19,14.15766429901123
2011-10-20,14.362847328186035
2011-10-21,14.950419425964355
2011-10-24,15.379437446594238
2011-10-25,14.950419425964355
2011-10-26,15.27684497833252
2011-10-27,15.836443901062012
2011-10-28,15.463375091552734
2011-10-31,15.053008079528809
2011-11-01,14.474766731262207
2011-11-02,14.801193237304688
2011-11-03,15.07166576385498
2011-11-04,15.080988883972168
2011-11-07,15.16492748260498
2011-11-08,15.500686645507812
2011-11-09,14.754560470581055
2011-11-10,14.92243766784668
2011-11-11,15.379437446594238
2011-11-14,15.211564064025879
2011-11-15,15.370108604431152
2011-11-16,15.248869895935059
2011-11-17,14.987726211547852
2011-11-18,14.913111686706543
2011-11-21,14.558703422546387
2011-11-22,14.512070655822754
2011-11-23,14.055073738098145
2011-11-25,13.952478408813477
2011-11-28,14.46544075012207
2011-11-29,14.661294937133789
2011-11-30,15.426068305969238
2011-12-01,15.510008811950684
2011-12-02,15.659235954284668
2011-12-05,15.967015266418457
2011-12-06,15.994988441467285
2011-12-07,16.060274124145508
2011-12-08,15.537985801696777
2011-12-09,15.985663414001465
2011-12-12,15.780475616455078
2011-12-13,15.230215072631836
2011-12-14,14.76388931274414
2011-12-15,14.959746360778809
2011-12-16,15.08694839477539
2011-12-19,14.918587684631348
2011-12-20,15.704273223876953
2011-12-21,15.928751945495605
2011-12-22,15.994224548339844
2011-12-23,15.984869003295898
2011-12-27,15.91004467010498
2011-12-28,15.573324203491211
2011-12-29,16.134525299072266
2011-12-30,15.994224548339844
2012-01-03,16.246768951416016
2012-01-04,16.443193435668945
2012-01-05,16.86408805847168
2012-01-06,16.770551681518555
2012-01-09,16.86408805847168
2012-01-10,17.16339683532715
2012-01-11,17.443998336791992
2012-01-12,17.443998336791992
2012-01-13,17.23822593688965
2012-01-17,17.275634765625
2012-01-18,17.88360023498535
2012-01-19,17.930370330810547
2012-01-20,17.472057342529297
2012-01-23,17.397226333618164
2012-01-24,17.677827835083008
2012-01-25,18.05196189880371
2012-01-26,17.818126678466797
2012-01-27,17.95842933654785
2012-01-30,17.715238571166992
2012-01-31,17.462697982788086
2012-02-01,17.9958438873291
2012-02-02,18.192262649536133
2012-02-03,18.977943420410156
2012-02-06,18.921823501586914
2012-02-07,18.85634422302246
2012-02-08,18.903114318847656
2012-02-09,18.94052505493164
2012-02-10,18.669281005859375
2012-02-13,19.0340633392334
2012-02-14,18.818937301635742
2012-02-15,18.57575035095215
2012-02-16,18.72539710998535
2012-02-17,18.80022430419922
2012-02-21,18.56639289855957
2012-02-22,18.29514503479004
2012-02-23,18.65057373046875
2012-02-24,18.37932586669922
2012-02-27,18.678638458251953
2012-02-28,18.62251853942871
2012-02-29,18.82828712463379
2012-03-01,18.772171020507812
2012-03-02,18.52898597717285
2012-03-05,18.61316680908203
2012-03-06,18.05196189880371
2012-03-07,18.472858428955078
2012-03-08,18.903114318847656
2012-03-09,19.277250289916992
2012-03-12,19.398836135864258
2012-03-13,20.0255126953125
2012-03-14,19.913280487060547
2012-03-15,20.41836166381836
2012-03-16,20.15413475036621
2012-03-19,20.182241439819336
2012-03-20,20.022960662841797
2012-03-21,20.238460540771484
2012-03-22,19.985477447509766
2012-03-23,19.891782760620117
2012-03-26,20.13538932800293
2012-03-27,20.304048538208008
2012-03-28,20.350894927978516
2012-03-29,20.210350036621094
2012-03-30,20.004215240478516
2012-04-02,19.854307174682617
2012-04-03,19.854307174682617
2012-04-04,19.666912078857422
2012-04-05,19.666912078857422
2012-04-09,19.507627487182617
2012-04-10,18.683094024658203
2012-04-11,19.2171688079834
2012-04-12,19.704395294189453
2012-04-13,19.423297882080078
2012-04-16,19.488889694213867
2012-04-17,19.751239776611328
2012-04-18,19.479520797729492
2012-04-19,19.23590660095215
2012-04-20,19.207801818847656
2012-04-23,18.96418571472168
2012-04-24,19.23590660095215
2012-04-25,19.62006187438965
2012-04-26,20.004215240478516
2012-04-27,20.519550323486328
2012-04-30,20.16349983215332
2012-05-01,20.40711212158203
2012-05-02,20.810009002685547
2012-05-03,20.463327407836914
2012-05-04,20.116653442382812
2012-05-07,20.107282638549805
2012-05-08,19.854307174682617
2012-05-09,20.004215240478516
2012-05-10,19.92926025390625
2012-05-11,20.182241439819336
2012-05-14,19.779346466064453
2012-05-15,19.891782760620117
2012-05-16,19.73249626159668
2012-05-17,18.711206436157227
2012-05-18,18.48633575439453
2012-05-21,18.861116409301758
2012-05-22,19.179685592651367
2012-05-23,19.37645149230957
2012-05-24,19.629430770874023
2012-05-25,19.713762283325195
2012-05-29,20.16349983215332
2012-05-30,19.460779190063477
2012-05-31,19.40455436706543
2012-06-01,18.308311462402344
2012-06-04,17.85856819152832
2012-06-05,18.2989444732666
2012-06-06,18.65498924255371
2012-06-07,18.7205753326416
2012-06-08,19.09535789489746
2012-06-11,18.45822525024414
2012-06-12,18.76742935180664
2012-06-13,18.355159759521484
2012-06-14,18.823638916015625
2012-06-15,19.05821990966797
2012-06-18,19.435041427612305
2012-06-19,19.642309188842773
2012-06-20,19.463314056396484
2012-06-21,18.56833839416504
2012-06-22,18.700225830078125
2012-06-25,18.41761016845703
2012-06-26,18.813282012939453
2012-06-27,19.14300537109375
2012-06-28,19.331422805786133
2012-06-29,20.113344192504883
2012-07-02,20.28291893005371
2012-07-03,20.3582820892334
2012-07-05,20.584386825561523
2012-07-06,20.43364715576172
2012-07-09,20.33002471923828
2012-07-10,19.924930572509766
2012-07-11,19.727092742919922
2012-07-12,20.00971031188965
2012-07-13,20.367706298828125
2012-07-16,20.160449981689453
2012-07-17,20.179296493530273
2012-07-18,20.311182022094727
2012-07-19,20.452491760253906
2012-07-20,20.377124786376953
2012-07-23,20.320594787597656
2012-07-24,19.896665573120117
2012-07-25,19.679988861083984
2012-07-26,20.273500442504883
2012-07-27,20.612648010253906
2012-07-30,20.254650115966797
2012-07-31,19.821304321289062
2012-08-01,19.63288688659668
2012-08-02,19.755359649658203
2012-08-03,20.19813346862793
2012-08-06,20.339447021484375
2012-08-07,20.716276168823242
2012-08-08,20.885845184326172
2012-08-09,21.13079071044922
2012-08-10,20.857585906982422
2012-08-13,20.914106369018555
2012-08-14,21.008319854736328
2012-08-15,21.074270248413086
2012-08-16,21.752559661865234
2012-08-17,22.072866439819336
2012-08-20,21.667776107788086
2012-08-21,21.582990646362305
2012-08-22,21.922134399414062
2012-08-23,21.818504333496094
2012-08-24,22.063444137573242
2012-08-27,21.940977096557617
2012-08-28,21.97865867614746
2012-08-29,22.119966506958008
2012-08-30,21.950397491455078
2012-08-31,22.223596572875977
2012-09-04,22.477962493896484
2012-09-05,22.402599334716797
2012-09-06,22.939573287963867
2012-09-07,22.977256774902344
2012-09-10,22.873634338378906
2012-09-11,22.977256774902344
2012-09-12,23.429452896118164
2012-09-13,23.834550857543945
2012-09-14,24.371540069580078
2012-09-17,23.99470329284668
2012-09-18,23.759174346923828
2012-09-19,24.173702239990234
2012-09-20,24.22079849243164
2012-09-21,24.457551956176758
2012-09-24,24.165151596069336
2012-09-25,23.750139236450195
2012-09-26,23.203079223632812
2012-09-27,23.61808967590332
2012-09-28,23.42001724243164
2012-10-01,23.29739761352539
2012-10-02,23.42001724243164
2012-10-03,23.93878173828125
2012-10-04,24.108564376831055
2012-10-05,24.372661590576172
2012-10-08,24.184017181396484
2012-10-09,23.589794158935547
2012-10-10,23.51433563232422
2012-10-11,23.33512306213379
2012-10-12,23.221939086914062
2012-10-15,23.750139236450195
2012-10-16,23.94821548461914
2012-10-17,24.41038703918457
2012-10-18,24.68391990661621
2012-10-19,24.627330780029297
2012-10-22,24.53300666809082
2012-10-23,24.419816970825195
2012-10-24,24.438688278198242
2012-10-25,24.165151596069336
2012-10-26,24.07083511352539
2012-10-31,24.561302185058594
2012-11-01,25.306440353393555
2012-11-02,24.86313819885254
2012-11-05,25.2215576171875
2012-11-06,25.18382453918457
2012-11-07,24.929162979125977
2012-11-08,24.4858455657959
2012-11-09,24.212312698364258
2012-11-12,23.85388946533203
2012-11-13,23.863323211669922
2012-11-14,23.21250343322754
2012-11-15,22.967266082763672
2012-11-16,23.47661018371582
2012-11-19,23.94821548461914
2012-11-20,24.495277404785156
2012-11-21,24.551868438720703
2012-11-23,24.8725643157959
2012-11-26,24.74051856994629
2012-11-27,24.7310848236084
2012-11-28,24.77823829650879
2012-11-29,24.787677764892578
2012-11-30,24.825403213500977
2012-12-03,24.721647262573242
2012-12-04,24.797107696533203
2012-12-05,24.193445205688477
2012-12-06,24.117984771728516
2012-12-07,24.12742042541504
2012-12-10,24.09912872314453
2012-12-11,23.985942840576172
2012-12-12,24.382091522216797
2012-12-13,24.33493423461914
2012-12-14,24.146282196044922
2012-12-17,24.844270706176758
2012-12-18,25.363033294677734
2012-12-19,25.249855041503906
2012-12-20,25.33473777770996
2012-12-21,25.0216121673584
2012-12-24,24.87025260925293
2012-12-26,24.624290466308594
2012-12-27,24.624290466308594
2012-12-28,24.501314163208008
2012-12-31,25.163511276245117
2013-01-02,25.83517074584961
2013-01-03,25.910858154296875
2013-01-04,26.118968963623047
2013-01-07,25.939228057861328
2013-01-08,26.024368286132812
2013-01-09,26.251407623291016
2013-01-10,26.232486724853516
2013-01-11,26.270334243774414
2013-01-14,26.166271209716797
2013-01-15,26.36492919921875
2013-01-16,26.147350311279297
2013-01-17,26.629804611206055
2013-01-18,26.686561584472656
2013-01-22,26.781171798706055
2013-01-23,26.989290237426758
2013-01-24,27.28253936767578
2013-01-25,27.537965774536133
2013-01-28,27.254167556762695
2013-01-29,27.528501510620117
2013-01-30,27.263626098632812
2013-01-31,27.263626098632812
2013-02-01,27.197402954101562
2013-02-04,26.875762939453125
2013-02-05,27.083885192871094
2013-02-06,27.04604721069336
2013-02-07,26.781171798706055
2013-02-08,26.88522720336914
2013-02-11,26.847387313842773
2013-02-12,27.660947799682617
2013-02-13,27.67986488342285
2013-02-14,27.575803756713867
2013-02-15,27.509578704833984
2013-02-19,27.45281982421875
2013-02-20,26.232486724853516
2013-02-21,26.100048065185547
2013-02-22,26.431154251098633
2013-02-25,25.513534545898438
2013-02-26,26.270334243774414
2013-02-27,26.837928771972656
2013-02-28,26.771705627441406
2013-03-01,26.85684585571289
2013-03-04,27.197402954101562
2013-03-05,27.613645553588867
2013-03-06,27.67041015625
2013-03-07,27.613645553588867
2013-03-08,27.916366577148438
2013-03-11,28.077180862426758
2013-03-12,27.80284309387207
2013-03-13,27.935279846191406
2013-03-14,28.190702438354492
2013-03-15,28.119693756103516
2013-03-18,28.195436477661133
2013-03-19,28.21436882019043
2013-03-20,28.89606475830078
2013-03-21,28.33745574951172
2013-03-22,28.4132022857666
2013-03-25,28.299583435058594
2013-03-26,28.365859985351562
2013-03-27,28.526805877685547
2013-03-28,28.46053695678711
2013-04-01,27.977672576904297
2013-04-02,27.788318634033203
2013-04-03,27.00248146057129
2013-04-04,27.172903060913086
2013-04-05,27.371732711791992
2013-04-08,27.920867919921875
2013-04-09,27.71257209777832
2013-04-10,27.88299560546875
2013-04-11,27.987140655517578
2013-04-12,28.062883377075195
2013-04-15,26.67110252380371
2013-04-16,27.21077537536621
2013-04-17,26.86992645263672
2013-04-18,26.529083251953125
2013-04-19,27.172903060913086
2013-04-22,27.371732711791992
2013-04-23,28.072359085083008
2013-04-24,28.384794235229492
2013-04-25,28.782447814941406
2013-04-26,28.867658615112305
2013-04-29,28.87712860107422
2013-04-30,28.678295135498047
2013-05-01,28.242780685424805
2013-05-02,28.858186721801758
2013-05-03,29.21796989440918
2013-05-06,29.511478424072266
2013-05-07,29.61562728881836
2013-05-08,29.729236602783203
2013-05-09,29.795513153076172
2013-05-10,30.212100982666016
2013-05-13,30.221567153930664
2013-05-14,30.628684997558594
2013-05-15,30.713897705078125
2013-05-16,30.202634811401367
2013-05-17,30.694957733154297
2013-05-20,30.42039680480957
2013-05-21,30.35411834716797
2013-05-22,29.93753433227539
2013-05-23,30.09848976135254
2013-05-24,30.032211303710938
2013-05-28,30.231037139892578
2013-05-29,29.539886474609375
2013-05-30,29.558815002441406
2013-05-31,29.255836486816406
2013-06-03,29.00020408630371
2013-06-04,28.384794235229492
2013-06-05,28.02501106262207
2013-06-06,28.678295135498047
2013-06-07,28.8865966796875
2013-06-10,28.649890899658203
2013-06-11,28.223838806152344
2013-06-12,28.16703224182129
2013-06-13,29.1895694732666
2013-06-14,29.1895694732666
2013-06-17,29.625091552734375
2013-06-18,29.89019012451172
2013-06-19,29.208505630493164
2013-06-20,27.807254791259766
2013-06-21,27.35714340209961
2013-06-24,26.93072509765625
2013-06-25,27.31924057006836
2013-06-26,27.56561279296875
2013-06-27,28.247886657714844
2013-06-28,27.87832260131836
2013-07-01,28.162599563598633
2013-07-02,27.90675163269043
2013-07-03,28.058364868164062
2013-07-05,27.90675163269043
2013-07-08,27.688796997070312
2013-07-09,28.456357955932617
2013-07-10,28.484785079956055
2013-07-11,29.50819206237793
2013-07-12,29.517667770385742
2013-07-15,29.23338508605957
2013-07-16,28.968059539794922
2013-07-17,29.053340911865234
2013-07-18,28.977537155151367
2013-07-19,29.176528930664062
2013-07-22,29.091245651245117
2013-07-23,29.214431762695312
2013-07-24,28.60797691345215
2013-07-25,28.209980010986328
2013-07-26,28.058364868164062
2013-07-29,27.86884880065918
2013-07-30,28.143651962280273
2013-07-31,28.513212203979492
2013-08-01,28.75011444091797
2013-08-02,29.186004638671875
2013-08-05,29.005966186523438
2013-08-06,28.3426456451416
2013-08-07,27.887798309326172
2013-08-08,28.067840576171875
2013-08-09,27.982561111450195
2013-08-12,28.134174346923828
2013-08-13,27.89727783203125
2013-08-14,27.41400146484375
2013-08-15,27.451902389526367
2013-08-16,27.470853805541992
2013-08-19,26.83596420288086
2013-08-20,27.546663284301758
2013-08-21,27.461380004882812
2013-08-22,27.944650650024414
2013-08-23,27.55613136291504
2013-08-26,27.736183166503906
2013-08-27,27.1202449798584
2013-08-28,27.082345962524414
2013-08-29,27.40452766418457
2013-08-30,27.053911209106445
2013-09-03,27.072864532470703
2013-09-04,27.196054458618164
2013-09-05,27.139192581176758
2013-09-06,27.480329513549805
2013-09-09,28.418455123901367
2013-09-10,28.456357955932617
2013-09-11,28.65535545349121
2013-09-12,28.55111312866211
2013-09-13,28.645875930786133
2013-09-16,28.863819122314453
2013-09-17,29.148101806640625
2013-09-18,30.067276000976562
2013-09-19,29.69770622253418
2013-09-20,29.15427017211914
2013-09-23,28.831806182861328
2013-09-24,29.19220733642578
2013-09-25,29.230140686035156
2013-09-26,29.287044525146484
2013-09-27,29.068906784057617
2013-09-30,29.021488189697266
2013-10-01,29.220653533935547
2013-10-02,29.268077850341797
2013-10-03,28.860261917114258
2013-10-04,28.699026107788086
2013-10-07,28.310182571411133
2013-10-08,27.65576934814453
2013-10-09,27.598865509033203
2013-10-10,28.177398681640625
2013-10-11,28.651607513427734
2013-10-14,28.423988342285156
2013-10-15,27.83597183227539
2013-10-16,28.0920467376709
2013-10-17,28.338632583618164
2013-10-18,28.338632583618164
2013-10-21,28.177398681640625
2013-10-22,28.841291427612305
2013-10-23,28.97406768798828
2013-10-24,29.637956619262695
2013-10-25,29.562088012695312
2013-10-28,29.429309844970703
2013-10-29,29.742290496826172
2013-10-30,29.391366958618164
2013-10-31,28.945619583129883
2013-11-01,28.774904251098633
2013-11-04,29.13530158996582
2013-11-05,28.89820098876953
2013-11-06,28.907676696777344
2013-11-07,28.61366844177246
2013-11-08,28.64212989807129
2013-11-11,28.623157501220703
2013-11-12,28.765417098999023
2013-11-13,29.144784927368164
2013-11-14,29.61899185180664
2013-11-15,29.770734786987305
2013-11-18,29.514665603637695
2013-11-19,29.457763671875
2013-11-20,29.353435516357422
2013-11-21,29.979389190673828
2013-11-22,29.76125717163086
2013-11-25,29.751771926879883
2013-11-26,30.368240356445312
2013-11-27,30.377721786499023
2013-11-29,30.292362213134766
2013-12-02,29.723323822021484
2013-12-03,29.524154663085938
2013-12-04,29.38188934326172
2013-12-05,29.277559280395508
2013-12-06,29.685382843017578
2013-12-09,29.799184799194336
2013-12-10,29.637956619262695
2013-12-11,29.19220733642578
2013-12-12,29.20169448852539
2013-12-13,29.20169448852539
2013-12-16,29.41982650756836
2013-12-17,29.476726531982422
2013-12-18,30.368240356445312
2013-12-19,30.12165641784668
2013-12-20,30.501256942749023
2013-12-23,31.19403076171875
2013-12-24,31.203527450561523
2013-12-26,31.27944564819336
2013-12-27,31.288930892944336
2013-12-30,31.44077491760254
2013-12-31,31.602108001708984
2014-01-02,31.412307739257812
2014-01-03,31.459754943847656
2014-01-06,30.871370315551758
2014-01-07,30.880857467651367
2014-01-08,31.137104034423828
2014-01-09,30.77646827697754
2014-01-10,31.146589279174805
2014-01-13,30.44431495666504
2014-01-14,30.65310287475586
2014-01-15,30.596158981323242
2014-01-16,30.615137100219727
2014-01-17,30.216550827026367
2014-01-21,30.20706558227539
2014-01-22,30.529726028442383
2014-01-23,30.558197021484375
2014-01-24,29.609189987182617
2014-01-27,29.466829299926758
2014-01-28,30.007770538330078
2014-01-29,29.694595336914062
2014-01-30,29.67561149597168
2014-01-31,29.9603214263916
2014-02-03,29.020793914794922
2014-02-04,29.381420135498047
2014-02-05,29.29601287841797
2014-02-06,30.112165451049805
2014-02-07,30.35890769958496
2014-02-10,30.1785945892334
2014-02-11,30.301963806152344
2014-02-12,30.529726028442383
2014-02-13,30.672082901000977
2014-02-14,30.880857467651367
2014-02-18,30.81442642211914
2014-02-19,30.65310287475586
2014-02-20,30.928308486938477
2014-02-21,31.156076431274414
2014-02-24,31.222509384155273
2014-02-25,31.40281867980957
2014-02-26,32.23794174194336
2014-02-27,32.46571350097656
2014-02-28,32.29487991333008
2014-03-03,31.972217559814453
2014-03-04,32.26641082763672
2014-03-05,32.20947265625
2014-03-06,32.11458206176758
2014-03-07,31.94376564025879
2014-03-10,31.63058090209961
2014-03-11,31.516700744628906
2014-03-12,31.478734970092773
2014-03-13,30.94728660583496
2014-03-14,31.004240036010742
2014-03-17,31.326902389526367
2014-03-18,31.602108001708984
2014-03-19,31.564149856567383
2014-03-20,31.203527450561523
2014-03-21,30.81875991821289
2014-03-24,30.590761184692383
2014-03-25,30.68576431274414
2014-03-26,30.144250869750977
2014-03-27,30.09674835205078
2014-03-28,30.628759384155273
2014-03-31,30.92326545715332
2014-04-01,31.23677635192871
2014-04-02,31.369781494140625
2014-04-03,31.293777465820312
2014-04-04,31.027774810791016
2014-04-07,30.182254791259766
2014-04-08,30.29625129699707
2014-04-09,30.53375816345215
2014-04-10,30.001745223999023
2014-04-11,29.68824005126953
2014-04-14,29.669235229492188
2014-04-15,29.621734619140625
2014-04-16,29.95424461364746
2014-04-17,29.85923957824707
2014-04-21,29.925748825073242
2014-04-22,30.220247268676758
2014-04-23,29.811742782592773
2014-04-24,30.125247955322266
2014-04-25,29.460233688354492
2014-04-28,29.44123649597168
2014-04-29,29.41272735595703
2014-04-30,29.450733184814453
2014-05-01,29.735734939575195
2014-05-02,30.172752380371094
2014-05-05,29.783233642578125
2014-05-06,29.194229125976562
2014-05-07,29.17522621154785
2014-05-08,29.156225204467773
2014-05-09,29.422231674194336
2014-05-12,30.068246841430664
2014-05-13,29.9067440032959
2014-05-14,29.260726928710938
2014-05-15,29.02322006225586
2014-05-16,29.32723045349121
2014-05-19,29.32723045349121
2014-05-20,29.06122589111328
2014-05-21,29.165721893310547
2014-05-22,29.716739654541016
2014-05-23,30.191749572753906
2014-05-27,30.25825309753418
2014-05-28,30.039745330810547
2014-05-29,30.049245834350586
2014-05-30,29.925748825073242
2014-06-02,29.93524742126465
2014-06-03,29.982746124267578
2014-06-04,30.058740615844727
2014-06-05,30.31525421142578
2014-06-06,30.790264129638672
2014-06-09,31.132278442382812
2014-06-10,30.91376495361328
2014-06-11,30.51475715637207
2014-06-12,30.324752807617188
2014-06-13,30.191749572753906
2014-06-16,30.45775604248047
2014-06-17,30.590761184692383
2014-06-18,30.68576431274414
2014-06-19,30.71426010131836
2014-06-20,30.587730407714844
2014-06-23,30.64480972290039
2014-06-24,30.64480972290039
2014-06-25,30.88266944885254
2014-06-26,30.778003692626953
2014-06-27,30.939746856689453
2014-06-30,31.158565521240234
2014-07-01,31.415451049804688
2014-07-02,31.12051773071289
2014-07-03,31.396421432495117
2014-07-07,30.88266944885254
2014-07-08,30.701892852783203
2014-07-09,30.473554611206055
2014-07-10,29.969316482543945
2014-07-11,29.845632553100586
2014-07-14,29.845632553100586
2014-07-15,29.598262786865234
2014-07-16,29.826595306396484
2014-07-17,29.236730575561523
2014-07-18,29.446035385131836
2014-07-21,29.48409652709961
2014-07-22,29.874168395996094
2014-07-23,30.045427322387695
2014-07-24,29.550691604614258
2014-07-25,29.25575828552246
2014-07-28,28.79907989501953
2014-07-29,28.684913635253906
2014-07-30,28.561229705810547
2014-07-31,28.028444290161133
2014-08-01,28.076013565063477
2014-08-04,28.323375701904297
2014-08-05,28.218725204467773
2014-08-06,28.266292572021484
2014-08-07,28.152130126953125
2014-08-08,28.865680694580078
2014-08-11,28.94179344177246
2014-08-12,28.703941345214844
2014-08-13,28.846651077270508
2014-08-14,29.30332374572754
2014-08-15,29.094018936157227
2014-08-18,29.626802444458008
2014-08-19,30.226198196411133
2014-08-20,30.226198196411133
2014-08-21,30.197650909423828
2014-08-22,30.302305221557617
2014-08-25,30.140562057495117
2014-08-26,30.226198196411133
2014-08-27,30.24521827697754
2014-08-28,29.969316482543945
2014-08-29,30.016881942749023
2014-09-02,30.016881942749023
2014-09-03,29.66486167907715
2014-09-04,29.836116790771484
2014-09-05,29.940767288208008
2014-09-08,29.883684158325195
2014-09-09,29.721948623657227
2014-09-10,29.817087173461914
2014-09-11,29.817087173461914
2014-09-12,29.493608474731445
2014-09-15,29.4365234375
2014-09-16,29.5887508392334
2014-09-17,29.95979881286621
2014-09-18,29.66486167907715
2014-09-19,29.39417266845703
2014-09-22,28.85089874267578
2014-09-23,28.736522674560547
2014-09-24,28.9080810546875
2014-09-25,28.612619400024414
2014-09-26,28.698396682739258
2014-09-29,28.5554256439209
2014-09-30,28.20277976989746
2014-10-01,27.792940139770508
2014-10-02,28.0693359375
2014-10-03,28.374338150024414
2014-10-06,28.383869171142578
2014-10-07,27.993091583251953
2014-10-08,28.35527801513672
2014-10-09,27.773874282836914
2014-10-10,27.268718719482422
2014-10-13,26.706384658813477
2014-10-14,26.96372413635254
2014-10-15,27.39262580871582
2014-10-16,27.535593032836914
2014-10-17,27.983566284179688
2014-10-20,28.584022521972656
2014-10-21,29.06058692932129
2014-10-22,28.80324363708496
2014-10-23,29.25120735168457
2014-10-24,29.317928314208984
2014-10-27,29.317928314208984
2014-10-28,29.64198875427246
2014-10-29,29.308399200439453
2014-10-30,29.56573486328125
2014-10-31,29.67057991027832
2014-11-03,29.813549041748047
2014-11-04,29.575271606445312
2014-11-05,29.67057991027832
2014-11-06,30.223386764526367
2014-11-07,30.328229904174805
2014-11-10,30.433074951171875
2014-11-11,30.79526138305664
2014-11-12,30.785730361938477
2014-11-13,30.690418243408203
2014-11-14,30.757137298583984
2014-11-17,30.661821365356445
2014-11-18,30.738069534301758
2014-11-19,30.890567779541016
2014-11-20,31.5482234954834
2014-11-21,31.71025848388672
2014-11-24,32.02477264404297
2014-11-25,31.929471969604492
2014-11-26,31.767440795898438
2014-11-28,31.900880813598633
2014-12-01,31.567285537719727
2014-12-02,31.662601470947266
2014-12-03,31.786500930786133
2014-12-04,31.634004592895508
2014-12-05,31.700727462768555
2014-12-08,31.5482234954834
2014-12-09,31.634004592895508
2014-12-10,30.842920303344727
2014-12-11,31.10025405883789
2014-12-12,30.785730361938477
2014-12-15,30.72854232788086
2014-12-16,30.433074951171875
2014-12-17,31.290884017944336
2014-12-18,31.748376846313477
2014-12-19,31.76460075378418
2014-12-22,31.898218154907227
2014-12-23,32.0795783996582
2014-12-24,32.0795783996582
2014-12-26,32.155921936035156
2014-12-29,32.53987503051758
2014-12-30,32.530303955078125
2014-12-31,32.645118713378906
2015-01-02,32.34852600097656
2015-01-05,32.00407791137695
2015-01-06,31.72661018371582
2015-01-07,32.5972900390625
2015-01-08,33.3818473815918
2015-01-09,33.420108795166016
2015-01-12,33.56362533569336
2015-01-13,33.05653762817383
2015-01-14,32.970428466796875
2015-01-15,31.6118106842041
2015-01-16,32.19544219970703
2015-01-20,31.659645080566406
2015-01-21,31.975379943847656
2015-01-22,32.37723159790039
2015-01-23,32.35809326171875
2015-01-26,32.865177154541016
2015-01-27,32.91301727294922
2015-01-28,32.846038818359375
2015-01-29,33.496646881103516
2015-01-30,32.807777404785156
2015-02-02,33.05653762817383
2015-02-03,33.58275604248047
2015-02-04,34.09941864013672
2015-02-05,33.735843658447266
2015-02-06,33.91762924194336
2015-02-09,33.87936019897461
2015-02-10,34.32905197143555
2015-02-11,34.233360290527344
2015-02-12,34.702186584472656
2015-02-13,34.78829574584961
2015-02-17,34.95094680786133
2015-02-18,34.88397216796875
2015-02-19,34.86483383178711
2015-02-20,35.027496337890625
2015-02-23,35.00836181640625
2015-02-24,35.41020584106445
2015-02-25,34.77872085571289
2015-02-26,34.721309661865234
2015-02-27,34.7691535949707
2015-03-02,34.82657241821289
2015-03-03,34.38645553588867
2015-03-04,34.37688064575195
2015-03-05,34.415157318115234
2015-03-06,33.783695220947266
2015-03-09,33.841087341308594
2015-03-10,33.60189437866211
2015-03-11,33.83152770996094
2015-03-12,34.28120803833008
2015-03-13,33.97503662109375
2015-03-16,34.06113815307617
2015-03-17,33.860225677490234
2015-03-18,34.30033874511719
2015-03-19,34.30990219116211
2015-03-20,34.895164489746094
2015-03-23,34.67485427856445
2015-03-24,35.01010513305664
2015-03-25,34.44496536254883
2015-03-26,34.1767692565918
2015-03-27,34.67485427856445
2015-03-30,35.29746627807617
2015-03-31,35.307064056396484
2015-04-01,35.000545501708984
2015-04-02,35.431575775146484
2015-04-06,35.29746627807617
2015-04-07,34.84727096557617
2015-04-08,35.24956512451172
2015-04-09,34.88558578491211
2015-04-10,34.962215423583984
2015-04-13,34.78022766113281
2015-04-14,34.99094772338867
2015-04-15,35.12504959106445
2015-04-16,34.502437591552734
2015-04-17,34.10972213745117
2015-04-20,34.22466278076172
2015-04-21,34.550323486328125
2015-04-22,34.39707946777344
2015-04-23,33.860660552978516
2015-04-24,34.43539047241211
2015-04-27,34.01392364501953
2015-04-28,34.10972213745117
2015-04-29,33.707401275634766
2015-04-30,33.14226531982422
2015-05-01,33.76488494873047
2015-05-04,33.77445602416992
2015-05-05,33.44878387451172
2015-05-06,33.40088653564453
2015-05-07,33.83193588256836
2015-05-08,34.291709899902344
2015-05-11,34.06181716918945
2015-05-12,33.84151077270508
2015-05-13,33.84151077270508
2015-05-14,34.15761184692383
2015-05-15,34.43539047241211
2015-05-18,34.78022766113281
2015-05-19,34.99094772338867
2015-05-20,34.828125
2015-05-21,34.8664436340332
2015-05-22,34.67485427856445
2015-05-26,34.425819396972656
2015-05-27,34.69402313232422
2015-05-28,34.74189758300781
2015-05-29,34.425819396972656
2015-06-01,34.5215950012207
2015-06-02,34.60779571533203
2015-06-03,34.84727096557617
2015-06-04,34.425819396972656
2015-06-05,34.540748596191406
2015-06-08,34.262977600097656
2015-06-09,34.16718673706055
2015-06-10,34.70359420776367
2015-06-11,34.876014709472656
2015-06-12,34.943050384521484
2015-06-15,34.88558578491211
2015-06-16,34.92389678955078
2015-06-17,34.895164489746094
2015-06-18,35.1346435546875
2015-06-19,35.32062530517578
2015-06-22,35.65618896484375
2015-06-23,35.704139709472656
2015-06-24,35.74249267578125
2015-06-25,35.68496322631836
2015-06-26,35.78083419799805
2015-06-29,34.985069274902344
2015-06-30,35.10969543457031
2015-07-01,35.37815856933594
2015-07-02,35.186405181884766
2015-07-06,35.10011672973633
2015-07-07,35.2535285949707
2015-07-08,34.74536895751953
2015-07-09,34.89878845214844
2015-07-10,35.2535285949707
2015-07-13,35.59867477416992
2015-07-14,35.63702392578125
2015-07-15,35.38774490356445
2015-07-16,35.42609405517578
2015-07-17,35.14805221557617
2015-07-20,35.03301239013672
2015-07-21,34.975467681884766
2015-07-22,35.65618896484375
2015-07-23,35.54115295410156
2015-07-24,34.94671630859375
2015-07-27,34.63032531738281
2015-07-28,35.09052276611328
2015-07-29,35.55073928833008
2015-07-30,35.76167297363281
2015-07-31,36.030113220214844
2015-08-03,35.72331237792969
2015-08-04,35.65618896484375
2015-08-05,35.49319839477539
2015-08-06,35.2535285949707
2015-08-07,35.44526672363281
2015-08-10,35.972591400146484
2015-08-11,35.96300506591797
2015-08-12,36.0013427734375
2015-08-13,36.356082916259766
2015-08-14,36.56700897216797
2015-08-17,36.979286193847656
2015-08-18,37.43948745727539
2015-08-19,37.46824645996094
2015-08-20,36.547847747802734
2015-08-21,35.72331237792969
2015-08-24,34.15094757080078
2015-08-25,33.451053619384766
2015-08-26,34.218055725097656
2015-08-27,34.68785095214844
2015-08-28,34.678260803222656
2015-08-31,34.73579025268555
2015-09-01,33.844146728515625
2015-09-02,34.64950180053711
2015-09-03,34.965885162353516
2015-09-04,34.448150634765625
2015-09-08,35.58909606933594
2015-09-09,35.21516418457031
2015-09-10,35.119300842285156
2015-09-11,35.55073928833008
2015-09-14,35.37815856933594
2015-09-15,35.58909606933594
2015-09-16,35.7328987121582
2015-09-17,35.982177734375
2015-09-18,35.21924591064453
2015-09-21,35.02731704711914
2015-09-22,34.33636474609375
2015-09-23,34.384361267089844
2015-09-24,34.250003814697266
2015-09-25,34.30758285522461
2015-09-28,32.9544677734375
2015-09-29,32.349891662597656
2015-09-30,32.84891128540039
2015-10-01,33.24237060546875
2015-10-02,33.37672805786133
2015-10-05,34.33636474609375
2015-10-06,33.86614227294922
2015-10-07,34.46112060546875
2015-10-08,34.88337326049805
2015-10-09,34.86417007446289
2015-10-12,34.960147857666016
2015-10-13,34.50909423828125
2015-10-14,33.770179748535156
2015-10-15,34.18282699584961
2015-10-16,34.374755859375
2015-10-19,34.61466979980469
2015-10-20,34.88337326049805
2015-10-21,34.72022247314453
2015-10-22,34.83538818359375
2015-10-23,34.653053283691406
2015-10-26,34.79700469970703
2015-10-27,34.192420959472656
2015-10-28,34.80659484863281
2015-10-29,34.28838348388672
2015-10-30,34.29798889160156
2015-11-02,34.691436767578125
2015-11-03,34.777809143066406
2015-11-04,34.68183898925781
2015-11-05,34.672245025634766
2015-11-06,34.48031234741211
2015-11-09,33.942909240722656
2015-11-10,34.3267707824707
2015-11-11,34.50909423828125
2015-11-12,33.87574005126953
2015-11-13,33.29994201660156
2015-11-16,33.914127349853516
2015-11-17,33.89493179321289
2015-11-18,34.51871109008789
2015-11-19,34.499507904052734
2015-11-20,34.64344024658203
2015-11-23,34.749019622802734
2015-11-24,35.017723083496094
2015-11-25,35.34400177001953
2015-11-27,35.2960205078125
2015-11-30,34.88337326049805
2015-12-01,35.26722717285156
2015-12-02,34.83538818359375
2015-12-03,34.14443588256836
2015-12-04,34.81618881225586
2015-12-07,34.66264724731445
2015-12-08,34.192420959472656
2015-12-09,33.42470169067383
2015-12-10,33.60704040527344
2015-12-11,33.10801696777344
2015-12-14,32.82011795043945
2015-12-15,33.031246185302734
2015-12-16,33.770179748535156
2015-12-17,33.060035705566406
2015-12-18,32.35921096801758
2015-12-21,32.60915756225586
2015-12-22,32.86872482299805
2015-12-23,33.09944534301758
2015-12-24,33.157127380371094
2015-12-28,33.128292083740234
2015-12-29,33.32054901123047
2015-12-30,33.1667366027832
2015-12-31,32.859107971191406
2016-01-04,32.23422622680664
2016-01-05,32.15731430053711
2016-01-06,31.369009017944336
2016-01-07,30.388423919677734
2016-01-08,29.859682083129883
2016-01-11,29.74431610107422
2016-01-12,30.013498306274414
2016-01-13,28.984846115112305
2016-01-14,28.90793800354004
2016-01-15,28.581079483032227
2016-01-19,28.263832092285156
2016-01-20,27.956199645996094
2016-01-21,28.340744018554688
2016-01-22,29.080984115600586
2016-01-25,28.40803337097168
2016-01-26,28.994461059570312
2016-01-27,28.61953353881836
2016-01-28,28.504169464111328
2016-01-29,29.34054946899414
2016-02-01,29.196346282958984
2016-02-02,28.504169464111328
2016-02-03,28.446489334106445
2016-02-04,28.64837646484375
2016-02-05,27.994653701782227
2016-02-08,27.167890548706055
2016-02-09,27.408226013183594
2016-02-10,27.610111236572266
2016-02-11,26.898706436157227
2016-02-12,27.610111236572266
2016-02-16,28.388805389404297
2016-02-17,28.840646743774414
2016-02-18,28.734893798828125
2016-02-19,28.76373863220215
2016-02-22,29.292476654052734
2016-02-23,29.379003524780273
2016-02-24,29.657800674438477
2016-02-25,29.734704971313477
2016-02-26,30.023113250732422
2016-02-29,29.677026748657227
2016-03-01,30.436494827270508
2016-03-02,30.53263282775879
2016-03-03,30.888330459594727
2016-03-04,30.936397552490234
2016-03-07,30.974855422973633
2016-03-08,30.590309143066406
2016-03-09,30.696060180664062
2016-03-10,30.63838005065918
2016-03-11,31.234418869018555
2016-03-14,31.224807739257812
2016-03-15,31.11905288696289
2016-03-16,31.5228328704834
2016-03-17,31.763158798217773
2016-03-18,32.2176399230957
2016-03-21,32.025062561035156
2016-03-22,31.928773880004883
2016-03-23,31.534008026123047
2016-03-24,31.56289291381836
2016-03-28,31.880634307861328
2016-03-29,32.419837951660156
2016-03-30,32.371700286865234
2016-03-31,32.583534240722656
2016-04-01,32.824249267578125
2016-04-04,32.410213470458984
2016-04-05,32.4390983581543
2016-04-06,32.90127182006836
2016-04-07,32.554649353027344
2016-04-08,32.64130783081055
2016-04-11,32.622047424316406
2016-04-12,32.90127182006836
2016-04-13,33.61380386352539
2016-04-14,33.42122268676758
2016-04-15,33.5463981628418
2016-04-18,33.60417938232422
2016-04-19,33.43085479736328
2016-04-20,33.5560302734375
2016-04-21,33.440486907958984
2016-04-22,33.45011901855469
2016-04-25,33.22865295410156
2016-04-26,33.53677749633789
2016-04-27,33.5463981628418
2016-04-28,32.53538131713867
2016-04-29,32.410213470458984
2016-05-02,32.73759078979492
2016-05-03,32.2176399230957
2016-05-04,32.14060592651367
2016-05-05,32.063575744628906
2016-05-06,32.25614929199219
2016-05-09,32.27540969848633
2016-05-10,32.57390594482422
2016-05-11,31.938405990600586
2016-05-12,31.909523010253906
2016-05-13,31.601402282714844
2016-05-16,31.822856903076172
2016-05-17,31.707319259643555
2016-05-18,31.601402282714844
2016-05-19,31.55326271057129
2016-05-20,31.996183395385742
2016-05-23,31.755468368530273
2016-05-24,32.727962493896484
2016-05-25,32.86276626586914
2016-05-26,32.74720764160156
2016-05-27,33.01682662963867
2016-05-31,32.91090774536133
2016-06-01,33.132362365722656
2016-06-02,33.113101959228516
2016-06-03,32.93016052246094
2016-06-06,32.959041595458984
2016-06-07,33.392333984375
2016-06-08,33.66194534301758
2016-06-09,33.141990661621094
2016-06-10,32.44873046875
2016-06-13,31.928773880004883
2016-06-14,31.716943740844727
2016-06-15,31.909523010253906
2016-06-16,31.928773880004883
2016-06-17,32.190120697021484
2016-06-20,32.50835418701172
2016-06-21,32.392642974853516
2016-06-22,32.34441375732422
2016-06-23,32.710872650146484
2016-06-24,31.49578285217285
2016-06-27,30.560361862182617
2016-06-28,31.34149169921875
2016-06-29,31.871875762939453
2016-06-30,32.34441375732422
2016-07-01,32.54693603515625
2016-07-05,32.12260818481445
2016-07-06,32.739803314208984
2016-07-07,32.845882415771484
2016-07-08,33.63665008544922
2016-07-11,33.86808776855469
2016-07-12,34.022377014160156
2016-07-13,33.94524002075195
2016-07-14,33.89702224731445
2016-07-15,33.91630935668945
2016-07-18,34.07060241699219
2016-07-19,34.01274871826172
2016-07-20,34.33098602294922
2016-07-21,34.09954071044922
2016-07-22,34.35991668701172
2016-07-25,34.50456237792969
2016-07-26,34.80351257324219
2016-07-27,34.62029266357422
2016-07-28,35.18925476074219
2016-07-29,34.793880462646484
2016-08-01,34.85173034667969
2016-08-02,34.41777038574219
2016-08-03,34.54314422607422
2016-08-04,34.42742156982422
2016-08-05,34.86137008666992
2016-08-08,34.83245086669922
2016-08-09,34.78423309326172
2016-08-10,34.61064910888672
2016-08-11,34.87102127075195
2016-08-12,34.78423309326172
2016-08-15,35.02531433105469
2016-08-16,34.72636413574219
2016-08-17,34.35026168823242
2016-08-18,34.47563552856445
2016-08-19,34.50456237792969
2016-08-22,34.62029266357422
2016-08-23,35.23748016357422
2016-08-24,34.93852615356445
2016-08-25,35.01566696166992
2016-08-26,34.68779754638672
2016-08-29,34.97710418701172
2016-08-30,34.98674392700195
2016-08-31,34.85173034667969
2016-09-01,34.73601531982422
2016-09-02,34.85173034667969
2016-09-06,34.78423309326172
2016-09-07,35.006019592285156
2016-09-08,34.65886306762695
2016-09-09,33.07732391357422
2016-09-12,33.520931243896484
2016-09-13,32.94231033325195
2016-09-14,32.85551834106445
2016-09-15,33.07732391357422
2016-09-16,32.691978454589844
2016-09-19,32.952735900878906
2016-09-20,32.653350830078125
2016-09-21,32.991363525390625
2016-09-22,33.35836410522461
2016-09-23,33.26178741455078
2016-09-26,32.98170852661133
2016-09-27,33.14589309692383
2016-09-28,32.923763275146484
2016-09-29,32.49881362915039
2016-09-30,32.77889633178711
2016-10-03,32.5471076965332
2016-10-04,32.50847244262695
2016-10-05,32.691978454589844
2016-10-06,32.96238708496094
2016-10-07,32.35395050048828
2016-10-10,32.46984100341797
2016-10-11,31.919334411621094
2016-10-12,32.102840423583984
2016-10-13,31.793779373168945
2016-10-14,31.784130096435547
2016-10-17,31.726179122924805
2016-10-18,31.793779373168945
2016-10-19,31.74549674987793
2016-10-20,31.52336883544922
2016-10-21,31.513713836669922
2016-10-24,31.793779373168945
2016-10-25,30.712100982666016
2016-10-26,30.557579040527344
2016-10-27,30.171260833740234
2016-10-28,30.4996280670166
2016-10-31,30.53826332092285
2016-11-01,30.161603927612305
2016-11-02,29.997419357299805
2016-11-03,29.89118194580078
2016-11-04,30.30647087097168
2016-11-07,30.83765983581543
2016-11-08,30.789371490478516
2016-11-09,31.18534278869629
2016-11-10,31.98694610595703
2016-11-11,31.97728729248047
2016-11-14,32.373260498046875
2016-11-15,32.373260498046875
2016-11-16,32.08353042602539
2016-11-17,32.730613708496094
2016-11-18,32.720951080322266
2016-11-21,32.94308090209961
2016-11-22,33.068626403808594
2016-11-23,33.174861907958984
2016-11-25,33.41631317138672
2016-11-28,32.991363525390625
2016-11-29,33.16520690917969
2016-11-30,32.691978454589844
2016-12-01,32.38291931152344
2016-12-02,32.4795036315918
2016-12-05,32.87547302246094
2016-12-06,33.19418716430664
2016-12-07,34.044071197509766
2016-12-08,34.43040084838867
2016-12-09,34.29518127441406
2016-12-12,34.102020263671875
2016-12-13,34.179283142089844
2016-12-14,33.763999938964844
2016-12-15,33.39700698852539
2016-12-16,33.468624114990234
2016-12-19,33.594444274902344
2016-12-20,33.7396240234375
2016-12-21,33.90415573120117
2016-12-22,33.246009826660156
2016-12-23,33.178260803222656
2016-12-27,33.429908752441406
2016-12-28,33.05244064331055
2016-12-29,33.00404357910156
2016-12-30,32.76209259033203
2017-01-03,33.0621223449707
2017-01-04,33.575077056884766
2017-01-05,33.4008674621582
2017-01-06,33.12986373901367
2017-01-09,32.9266242980957
2017-01-10,33.08147430419922
2017-01-11,33.207305908203125
2017-01-12,33.10083770751953
2017-01-13,33.255699157714844
2017-01-17,33.178260803222656
2017-01-18,33.178260803222656
2017-01-19,32.955657958984375
2017-01-20,33.11050796508789
2017-01-23,33.216983795166016
2017-01-24,34.194522857666016
2017-01-25,34.581661224365234
2017-01-26,34.3493766784668
2017-01-27,33.98158645629883
2017-01-30,33.55572509765625
2017-01-31,33.39119338989258
2017-02-01,33.39119338989258
2017-02-02,33.216983795166016
2017-02-03,33.497657775878906
2017-02-06,33.28472900390625
2017-02-07,33.255699157714844
2017-02-08,33.3331184387207
2017-02-09,33.671871185302734
2017-02-10,34.07837677001953
2017-02-13,34.05902099609375
2017-02-14,34.03965377807617
2017-02-15,34.300987243652344
2017-02-16,34.24290466308594
2017-02-17,34.26226806640625
2017-02-21,34.67844772338867
2017-02-22,34.69780731201172
2017-02-23,34.533267974853516
2017-02-24,34.67844772338867
2017-02-27,35.21077346801758
2017-02-28,34.862342834472656
2017-03-01,35.6656608581543
2017-03-02,35.45273971557617
2017-03-03,35.568885803222656
2017-03-06,35.21077346801758
2017-03-07,35.201087951660156
2017-03-08,35.53984451293945
2017-03-09,35.45273971557617
2017-03-10,35.820526123046875
2017-03-13,35.74308776855469
2017-03-14,35.59791564941406
2017-03-15,36.091529846191406
2017-03-16,36.372196197509766
2017-03-17,36.30045700073242
2017-03-20,36.184104919433594
2017-03-21,35.6120719909668
2017-03-22,35.592674255371094
2017-03-23,35.728416442871094
2017-03-24,35.65084457397461
2017-03-27,35.64114761352539
2017-03-28,35.9029426574707
2017-03-29,36.019283294677734
2017-03-30,36.087154388427734
2017-03-31,36.09685134887695
2017-04-03,35.835060119628906
2017-04-04,35.660545349121094
2017-04-05,35.447242736816406
2017-04-06,35.70901870727539
2017-04-07,35.63145446777344
2017-04-10,35.7962760925293
2017-04-11,36.077457427978516
2017-04-12,35.679927825927734
2017-04-13,35.582984924316406
2017-04-17,35.96110916137695
2017-04-18,36.03866958618164
2017-04-19,36.17441177368164
2017-04-20,36.31015396118164
2017-04-21,36.378021240234375
2017-04-24,36.57193374633789
2017-04-25,36.7464599609375
2017-04-26,37.10519027709961
2017-04-27,37.07610321044922
2017-04-28,36.65919494628906
2017-05-01,36.484676361083984
2017-05-02,36.43619155883789
2017-05-03,36.32954788208008
2017-05-04,36.4071044921875
2017-05-05,36.649497985839844
2017-05-08,36.56224060058594
2017-05-09,36.911277770996094
2017-05-10,36.94035720825195
2017-05-11,36.80462646484375
2017-05-12,36.4749755859375
2017-05-15,36.8628044128418
2017-05-16,36.80462646484375
2017-05-17,36.184104919433594
2017-05-18,36.2035026550293
2017-05-19,36.59132385253906
2017-05-22,36.73676300048828
2017-05-23,36.484676361083984
2017-05-24,36.6107177734375
2017-05-25,36.504066467285156
2017-05-26,36.368324279785156
2017-05-30,36.30045700073242
2017-05-31,36.34892654418945
2017-06-01,36.7464599609375
2017-06-02,37.095497131347656
2017-06-05,36.853111267089844
2017-06-06,36.59132385253906
2017-06-07,36.649497985839844
2017-06-08,36.71736526489258
2017-06-09,36.88218688964844
2017-06-12,37.1148796081543
2017-06-13,37.52210235595703
2017-06-14,37.77418899536133
2017-06-15,37.52210235595703
2017-06-16,37.400672912597656
2017-06-19,37.78926086425781
2017-06-20,37.633819580078125
2017-06-21,37.517242431640625
2017-06-22,37.41039276123047
2017-06-23,37.16752624511719
2017-06-26,37.41039276123047
2017-06-27,37.099525451660156
2017-06-28,37.507530212402344
2017-06-29,37.002384185791016
2017-06-30,37.42981719970703
2017-07-03,37.42981719970703
2017-07-05,37.4783935546875
2017-07-06,36.97323989868164
2017-07-07,37.52695846557617
2017-07-10,37.633819580078125
2017-07-11,37.361812591552734
2017-07-12,37.52695846557617
2017-07-13,37.70182800292969
2017-07-14,37.7309684753418
2017-07-17,37.74067687988281
2017-07-18,37.49782180786133
2017-07-19,37.81839370727539
2017-07-20,37.361812591552734
2017-07-21,37.575531005859375
2017-07-24,37.37152862548828
2017-07-25,37.54639434814453
2017-07-26,37.53667449951172
2017-07-27,37.594970703125
2017-07-28,37.3132438659668
2017-07-31,37.25495147705078
2017-08-01,37.585243225097656
2017-08-02,37.565818786621094
2017-08-03,37.449249267578125
2017-08-04,37.74067687988281
2017-08-07,37.866966247558594
2017-08-08,37.808685302734375
2017-08-09,37.64353942871094
2017-08-10,36.85667037963867
2017-08-11,37.04124069213867
2017-08-14,37.46867752075195
2017-08-15,37.1286735534668
2017-08-16,37.293819427490234
2017-08-17,36.6915168762207
2017-08-18,36.37094497680664
2017-08-21,36.44865417480469
2017-08-22,36.584659576416016
2017-08-23,36.26408386230469
2017-08-24,36.16694641113281
2017-08-25,36.438941955566406
2017-08-28,36.438941955566406
2017-08-29,36.3903694152832
2017-08-30,36.66238021850586
2017-08-31,37.08980178833008
2017-09-01,37.264671325683594
2017-09-05,37.14809799194336
2017-09-06,37.30353546142578
2017-09-07,37.216102600097656
2017-09-08,37.74067687988281
2017-09-11,37.76982498168945
2017-09-12,38.342979431152344
2017-09-13,37.91554641723633
2017-09-14,37.77953338623047
2017-09-15,37.73088073730469
2017-09-18,37.64329147338867
2017-09-19,37.66276168823242
2017-09-20,37.34159469604492
2017-09-21,37.3513298034668
2017-09-22,37.43891525268555
2017-09-25,37.614097595214844
2017-09-26,37.944984436035156
2017-09-27,38.246673583984375
2017-09-28,38.528900146484375
2017-09-29,38.75273513793945
2017-10-02,38.96684265136719
2017-10-03,39.24906539916992
2017-10-04,39.472904205322266
2017-10-05,39.356117248535156
2017-10-06,39.404781341552734
2017-10-09,39.34638595581055
2017-10-10,39.278263092041016
2017-10-11,39.307464599609375
2017-10-12,39.22960662841797
2017-10-13,39.21987533569336
2017-10-16,39.21014404296875
2017-10-17,39.200416564941406
2017-10-18,39.200416564941406
2017-10-19,39.62861633300781
2017-10-20,40.08600997924805
2017-10-23,40.124942779541016
2017-10-24,40.32931900024414
2017-10-25,39.74540328979492
2017-10-26,40.066551208496094
2017-10-27,40.07627868652344
2017-10-30,39.99842834472656
2017-10-31,40.25146484375
2017-11-01,40.339046478271484
2017-11-02,39.3366584777832
2017-11-03,39.32692337036133
2017-11-06,39.60914611816406
2017-11-07,39.42424011230469
2017-11-08,39.862178802490234
2017-11-09,39.73566818237305
2017-11-10,39.755130767822266
2017-11-13,39.9011116027832
2017-11-14,40.19306564331055
2017-11-15,39.93030548095703
2017-11-16,40.358516693115234
2017-11-17,40.446102142333984
2017-11-20,40.6699333190918
2017-11-21,41.03974533081055
2017-11-22,41.0592155456543
2017-11-24,41.09814453125
2017-11-27,41.0592155456543
2017-11-28,41.8377799987793
2017-11-29,42.4022331237793
2017-11-30,42.6552619934082
2017-12-01,42.47035217285156
2017-12-04,42.95695114135742
2017-12-05,42.25624465942383
2017-12-06,41.808570861816406
2017-12-07,42.129730224609375
2017-12-08,42.441158294677734
2017-12-11,42.16866683959961
2017-12-12,42.0518798828125
2017-12-13,42.19786071777344
2017-12-14,41.88643264770508
2017-12-15,42.22300720214844
2017-12-18,42.89616012573242
2017-12-19,42.75958251953125
2017-12-20,43.110782623291016
2017-12-21,43.15956497192383
2017-12-22,43.0717658996582
2017-12-26,43.28638458251953
2017-12-27,43.29615020751953
2017-12-28,43.46199417114258
2017-12-29,43.1790771484375
2018-01-02,43.364437103271484
2018-01-03,44.027828216552734
2018-01-04,43.9205207824707
2018-01-05,44.31074523925781
2018-01-08,44.476593017578125
2018-01-09,44.437564849853516
2018-01-10,43.9205207824707
2018-01-11,44.730247497558594
2018-01-12,45.08144760131836
2018-01-16,44.55463790893555
2018-01-17,45.16925048828125
2018-01-18,44.94487380981445
2018-01-19,45.442413330078125
2018-01-22,45.6082649230957
2018-01-23,45.5985107421875
2018-01-24,45.588748931884766
2018-01-25,45.12047576904297
2018-01-26,45.17900848388672
2018-01-29,44.31074523925781
2018-01-30,43.940025329589844
2018-01-31,43.65711212158203
2018-02-01,43.364437103271484
2018-02-02,42.11569595336914
2018-02-05,40.457218170166016
2018-02-06,41.549861907958984
2018-02-07,41.6083984375
2018-02-08,39.998695373535156
2018-02-09,40.21331787109375
2018-02-12,40.84744644165039
2018-02-13,40.78891372680664
2018-02-14,41.4718132019043
2018-02-15,41.70595169067383
2018-02-16,41.89130783081055
2018-02-20,41.3742561340332
2018-02-21,41.2279167175293
2018-02-22,41.08158493041992
2018-02-23,41.44254684448242
2018-02-26,41.403526306152344
2018-02-27,40.47672653198242
2018-02-28,39.5499267578125
2018-03-01,39.16945266723633
2018-03-02,39.27676010131836
2018-03-05,39.70601272583008
2018-03-06,40.34990310668945
2018-03-07,40.19380569458008
2018-03-08,40.19380569458008
2018-03-09,41.01329040527344
2018-03-12,41.062076568603516
2018-03-13,41.140113830566406
2018-03-14,40.66208267211914
2018-03-15,40.31087875366211
2018-03-16,40.6060905456543
2018-03-19,40.24440383911133
2018-03-20,40.06845474243164
2018-03-21,40.49856185913086
2018-03-22,39.67744445800781
2018-03-23,38.99318313598633
2018-03-26,40.00979995727539
2018-03-27,39.403743743896484
2018-03-28,39.32554244995117
2018-03-29,39.872955322265625
2018-04-02,38.6119499206543
2018-04-03,39.13981246948242
2018-04-04,40.430137634277344
2018-04-05,40.821144104003906
2018-04-06,39.89249801635742
2018-04-09,39.569915771484375
2018-04-10,39.951148986816406
2018-04-11,39.687217712402344
2018-04-12,39.15935516357422
2018-04-13,39.09093475341797
2018-04-16,39.45262145996094
2018-04-17,39.79474639892578
2018-04-18,40.029354095458984
2018-04-19,39.032283782958984
2018-04-20,38.59239959716797
2018-04-23,38.70970153808594
2018-04-24,38.220947265625
2018-04-25,38.44577407836914
2018-04-26,38.77812957763672
2018-04-27,38.86610412597656
2018-04-30,38.08408737182617
2018-05-01,38.58262634277344
2018-05-02,38.142738342285156
2018-05-03,38.24049377441406
2018-05-04,38.68037414550781
2018-05-07,38.69992446899414
2018-05-08,38.78791046142578
2018-05-09,38.367576599121094
2018-05-10,38.64127731323242
2018-05-11,38.8367805480957
2018-05-14,38.729251861572266
2018-05-15,37.91791915893555
2018-05-16,38.103641510009766
2018-05-17,38.43600082397461
2018-05-18,38.77812957763672
2018-05-21,38.934532165527344
2018-05-22,38.162296295166016
2018-05-23,38.63150405883789
2018-05-24,38.6119499206543
2018-05-25,38.9736328125
2018-05-29,38.9834098815918
2018-05-30,39.02250671386719
2018-05-31,38.39689636230469
2018-06-01,38.494651794433594
2018-06-04,38.95408248901367
2018-06-05,39.20823287963867
2018-06-06,39.45262145996094
2018-06-07,39.64812088012695
2018-06-08,40.400814056396484
2018-06-11,40.45946502685547
2018-06-12,40.93844985961914
2018-06-13,39.941375732421875
2018-06-14,40.07823181152344
2018-06-15,40.05373764038086
2018-06-18,39.69121170043945
2018-06-19,39.60303497314453
2018-06-20,39.681419372558594
2018-06-21,39.27969741821289
2018-06-22,39.044551849365234
2018-06-25,38.56446075439453
2018-06-26,38.868186950683594
2018-06-27,38.43708038330078
2018-06-28,38.43708038330078
2018-06-29,38.750614166259766
2018-07-02,38.72122573852539
2018-07-03,38.83879470825195
2018-07-05,39.31889343261719
2018-07-06,39.42667007446289
2018-07-09,39.95575714111328
2018-07-10,39.887168884277344
2018-07-11,39.54424285888672
2018-07-12,39.67161560058594
2018-07-13,39.896968841552734
2018-07-16,39.73040008544922
2018-07-17,40.308475494384766
2018-07-18,40.24968719482422
2018-07-19,40.622005462646484
2018-07-20,40.171302795410156
2018-07-23,39.73040008544922
2018-07-24,39.044551849365234
2018-07-25,38.31950759887695
2018-07-26,38.57425308227539
2018-07-27,38.378292083740234
2018-07-30,38.34890365600586
2018-07-31,38.81919479370117
2018-08-01,38.58405685424805
2018-08-02,38.57425308227539
2018-08-03,38.69183349609375
2018-08-06,38.7898063659668
2018-08-07,39.16212844848633
2018-08-08,38.92697525024414
2018-08-09,39.034751892089844
2018-08-10,38.535064697265625
2018-08-13,37.849212646484375
2018-08-14,38.26072311401367
2018-08-15,38.26072311401367
2018-08-16,38.44688034057617
2018-08-17,38.672237396240234
2018-08-20,38.799598693847656
2018-08-21,39.798988342285156
2018-08-22,39.67161560058594
2018-08-23,39.65202331542969
2018-08-24,39.573638916015625
2018-08-27,39.80878829956055
2018-08-28,39.63242721557617
2018-08-29,39.51484680175781
2018-08-30,39.18172073364258
2018-08-31,39.211116790771484
2018-09-04,39.3384895324707
2018-09-05,39.66181564331055
2018-09-06,39.54424285888672
2018-09-07,39.1915168762207
2018-09-10,39.49525451660156
2018-09-11,39.63242721557617
2018-09-12,39.80878829956055
2018-09-13,39.416873931884766
2018-09-14,39.55404281616211
2018-09-17,39.27969741821289
2018-09-18,39.42667007446289
2018-09-19,39.407073974609375
2018-09-20,39.289493560791016
2018-09-21,39.19227600097656
2018-09-24,38.6816291809082
2018-09-25,38.60307312011719
2018-09-26,38.259361267089844
2018-09-27,37.97457504272461
2018-09-28,37.748714447021484
2018-10-01,37.611228942871094
2018-10-02,37.39519119262695
2018-10-03,37.25770568847656
2018-10-04,36.786338806152344
2018-10-05,36.51137161254883
2018-10-08,36.59975051879883
2018-10-09,35.54899978637695
2018-10-10,34.90087127685547
2018-10-11,34.3509407043457
2018-10-12,34.23309326171875
2018-10-15,34.22327423095703
2018-10-16,34.989253997802734
2018-10-17,34.32147979736328
2018-10-18,33.584964752197266
2018-10-19,33.02521896362305
2018-10-22,32.671688079833984
2018-10-23,33.20198440551758
2018-10-24,32.053016662597656
2018-10-25,32.98593521118164
2018-10-26,32.0039176940918
2018-10-29,31.601289749145508
2018-10-30,33.19215774536133
2018-10-31,33.378746032714844
2018-11-01,34.47860336303711
2018-11-02,34.331295013427734
2018-11-05,34.694644927978516
2018-11-06,34.59644317626953
2018-11-07,34.8124885559082
2018-11-08,34.419677734375
2018-11-09,34.02687072753906
2018-11-12,33.594783782958984
2018-11-13,34.007232666015625
2018-11-14,33.653709411621094
2018-11-15,33.35910415649414
2018-11-16,33.594783782958984
2018-11-19,33.47694778442383
2018-11-20,33.349281311035156
2018-11-21,33.801002502441406
2018-11-23,33.90903091430664
2018-11-26,34.25273132324219
2018-11-27,34.203636169433594
2018-11-28,35.04816436767578
2018-11-29,34.783023834228516
2018-11-30,34.871402740478516
2018-12-03,35.42133331298828
2018-12-04,33.771541595458984
2018-12-06,34.0661506652832
2018-12-07,33.643882751464844
2018-12-10,33.074317932128906
2018-12-11,32.82881164550781
2018-12-12,33.24125671386719
2018-12-13,32.91719436645508
2018-12-14,32.544029235839844
2018-12-17,32.13158416748047
2018-12-18,32.573482513427734
2018-12-19,32.170860290527344
2018-12-20,31.8271541595459
2018-12-21,31.006624221801758
2018-12-24,30.31627082824707
2018-12-26,31.756145477294922
2018-12-27,31.9632511138916
2018-12-28,31.923799514770508
2018-12-31,32.071739196777344
2019-01-02,32.35773849487305
2019-01-03,31.9632511138916
2019-01-04,33.19602584838867
2019-01-07,33.94554138183594
2019-01-08,34.211822509765625
2019-01-09,34.931758880615234
2019-01-10,34.85286331176758
2019-01-11,34.90217208862305
2019-01-14,34.655616760253906
2019-01-15,34.586585998535156
2019-01-16,34.24141311645508
2019-01-17,34.47810363769531
2019-01-18,34.79369354248047
2019-01-22,34.192100524902344
2019-01-23,34.05403137207031
2019-01-24,34.54713439941406
2019-01-25,34.734519958496094
2019-01-28,34.86272430419922
2019-01-29,35.247352600097656
2019-01-30,35.533355712890625
2019-01-31,36.17439270019531
2019-02-01,36.08563995361328
2019-02-04,36.312461853027344
2019-02-05,36.509708404541016
2019-02-06,36.134944915771484
2019-02-07,36.45053482055664
2019-02-08,36.49984359741211
2019-02-11,36.68722152709961
2019-02-12,37.979164123535156
2019-02-13,37.831233978271484
2019-02-14,37.76219940185547
2019-02-15,38.14682388305664
2019-02-19,38.334205627441406
2019-02-20,38.186275482177734
2019-02-21,38.34407043457031
2019-02-22,38.66951370239258
2019-02-25,38.51172637939453
2019-02-26,38.30461883544922
2019-02-27,38.31447982788086
2019-02-28,37.84109878540039
2019-03-01,38.087650299072266
2019-03-04,38.35393142700195
2019-03-05,37.85096740722656
2019-03-06,37.555091857910156
2019-03-07,37.555091857910156
2019-03-08,37.555091857910156
2019-03-11,37.949581146240234
2019-03-12,37.99888610839844
2019-03-13,37.831233978271484
2019-03-14,37.62413024902344
2019-03-15,37.53910446166992
2019-03-18,37.77638244628906
2019-03-19,37.37103271484375
2019-03-20,37.143646240234375
2019-03-21,37.8851318359375
2019-03-22,37.25239944458008
2019-03-25,37.73683547973633
2019-03-26,37.76649475097656
2019-03-27,38.13229751586914
2019-03-28,38.122413635253906
2019-03-29,38.11252212524414
2019-04-01,38.48820877075195
2019-04-02,38.46843719482422
2019-04-03,38.75514602661133
2019-04-04,39.29890823364258
2019-04-05,39.87232208251953
2019-04-08,39.931644439697266
2019-04-09,39.35822677612305
2019-04-10,39.74380111694336
2019-04-11,40.010738372802734
2019-04-12,40.129371643066406
2019-04-15,40.16891860961914
2019-04-16,40.36665344238281
2019-04-17,40.41608428955078
2019-04-18,40.61381530761719
2019-04-22,40.30733108520508
2019-04-23,40.76211166381836
2019-04-24,40.40619659423828
2019-04-25,39.80311584472656
2019-04-26,40.02062225341797
2019-04-29,40.267784118652344
2019-04-30,40.19858169555664
2019-05-01,40.139259338378906
2019-05-02,40.55448913574219
2019-05-03,41.06859588623047
2019-05-06,40.752227783203125
2019-05-07,40.06016540527344
2019-05-08,39.773460388183594
2019-05-09,39.82289123535156
2019-05-10,39.961299896240234
2019-05-13,39.0715217590332
2019-05-14,39.635047912597656
2019-05-15,39.74380111694336
2019-05-16,40.04039764404297
2019-05-17,39.58561325073242
2019-05-20,39.200042724609375
2019-05-21,39.92176055908203
2019-05-22,39.34833908081055
2019-05-23,38.81446838378906
2019-05-24,39.31867980957031
2019-05-28,38.73537063598633
2019-05-29,38.231163024902344
2019-05-30,38.49809646606445
2019-05-31,37.924678802490234
2019-06-03,38.46843719482422
2019-06-04,39.62516403198242
2019-06-05,39.86243438720703
2019-06-06,39.971187591552734
2019-06-07,40.218353271484375
2019-06-10,40.39631271362305
2019-06-11,40.22823715209961
2019-06-12,40.18869400024414
2019-06-13,40.87086486816406
2019-06-14,40.999385833740234
2019-06-17,40.702789306640625
2019-06-18,40.8906364440918
2019-06-19,40.663246154785156
2019-06-20,41.12791442871094
2019-06-21,40.725608825683594
2019-06-24,40.59679412841797
2019-06-25,40.11125564575195
2019-06-26,40.21034622192383
2019-06-27,40.8246955871582
2019-06-28,41.300323486328125
2019-07-01,41.637229919433594
2019-07-02,41.637229919433594
2019-07-03,41.95431137084961
2019-07-05,41.686771392822266
2019-07-08,41.53813934326172
2019-07-09,41.25078201293945
2019-07-10,41.41923141479492
2019-07-11,41.369693756103516
2019-07-12,42.13267517089844
2019-07-15,42.083133697509766
2019-07-16,42.42993927001953
2019-07-17,42.03358459472656
2019-07-18,41.984039306640625
2019-07-19,41.58768844604492
2019-07-22,41.32014465332031
2019-07-23,41.10214614868164
2019-07-24,41.300323486328125
2019-07-25,41.59759521484375
2019-07-26,41.2805061340332
2019-07-29,40.84451675415039
2019-07-30,41.607505798339844
2019-07-31,41.27060317993164
2019-08-01,40.73551940917969
2019-08-02,40.527435302734375
2019-08-05,39.77435302734375
2019-08-06,40.329254150390625
2019-08-07,40.66615295410156
2019-08-08,41.25078201293945
2019-08-09,40.725608825683594
2019-08-12,40.190528869628906
2019-08-13,40.785064697265625
2019-08-14,39.68517303466797
2019-08-15,39.68517303466797
2019-08-16,40.24007797241211
2019-08-19,40.87424087524414
2019-08-20,41.0625114440918
2019-08-21,41.666954040527344
2019-08-22,41.7462272644043
2019-08-23,40.56706619262695
2019-08-26,40.80488204956055
2019-08-27,40.55715560913086
2019-08-28,41.00305938720703
2019-08-29,41.47868728637695
2019-08-30,41.666954040527344
2019-09-03,40.90397262573242
2019-09-04,41.45886993408203
2019-09-05,41.91468048095703
2019-09-06,42.023677825927734
2019-09-09,42.40021514892578
2019-09-10,42.667755126953125
2019-09-11,43.262290954589844
2019-09-12,43.27219772338867
2019-09-13,43.222652435302734
2019-09-16,42.90556716918945
2019-09-17,42.9947509765625
2019-09-18,43.01456832885742
2019-09-19,42.94520568847656
2019-09-20,42.79120635986328
2019-09-23,42.84088134765625
2019-09-24,42.77133560180664
2019-09-25,43.198551177978516
2019-09-26,43.367454528808594
2019-09-27,43.2581672668457
2019-09-30,43.79467010498047
2019-10-01,43.188621520996094
2019-10-02,42.483211517333984
2019-10-03,42.62230682373047
2019-10-04,43.30784225463867
2019-10-07,43.16875076293945
2019-10-08,42.73159408569336
2019-10-09,42.8806266784668
2019-10-10,43.069393157958984
2019-10-11,43.66551208496094
2019-10-14,43.675445556640625
2019-10-15,44.192081451416016
2019-10-16,44.54975128173828
2019-10-17,44.9670295715332
2019-10-18,45.12599563598633
2019-10-21,45.10612487792969
2019-10-22,45.2750244140625
2019-10-23,45.096187591552734
2019-10-24,45.453857421875
2019-10-25,45.702239990234375
2019-10-28,45.38431167602539
2019-10-29,45.13593292236328
2019-10-30,45.26509094238281
2019-10-31,45.23527908325195
2019-11-01,45.77178955078125
2019-11-04,45.41411590576172
2019-11-05,45.15580368041992
2019-11-06,45.38431167602539
2019-11-07,44.87760925292969
2019-11-08,44.92729187011719
2019-11-11,45.29489517211914
2019-11-12,45.44392776489258
2019-11-13,45.483665466308594
2019-11-14,45.67243576049805
2019-11-15,45.38431167602539
2019-11-18,45.5830192565918
2019-11-19,45.08625793457031
2019-11-20,45.096187591552734
2019-11-21,44.79813003540039
2019-11-22,44.94716262817383
2019-11-25,45.433990478515625
2019-11-26,46.1195182800293
2019-11-27,46.00029754638672
2019-11-29,45.62275695800781
2019-12-02,45.00677490234375
2019-12-03,44.65903854370117
2019-12-04,45.046512603759766
2019-12-05,45.49360275268555
2019-12-06,45.69230651855469
2019-12-09,45.573081970214844
2019-12-10,45.304832458496094
2019-12-11,45.702239990234375
2019-12-12,45.62275695800781
2019-12-13,45.49360275268555
2019-12-16,45.59295654296875
2019-12-17,45.49360275268555
2019-12-18,45.28496170043945
2019-12-19,45.10612487792969
2019-12-20,45.565162658691406
2019-12-23,45.216651916503906
2019-12-24,45.495460510253906
2019-12-26,45.445674896240234
2019-12-27,45.356056213378906
2019-12-30,45.246524810791016
2019-12-31,45.316226959228516
2020-01-02,45.455631256103516
2020-01-03,45.216651916503906
2020-01-06,45.555206298828125
2020-01-07,45.346099853515625
2020-01-08,45.78422546386719
2020-01-09,45.88380432128906
2020-01-10,45.943546295166016
2020-01-13,46.32192611694336
2020-01-14,46.49120330810547
2020-01-15,47.04882049560547
2020-01-16,47.40728759765625
2020-01-17,47.3973274230957
2020-01-21,47.77571105957031
2020-01-22,47.964900970458984
2020-01-23,48.53247833251953
2020-01-24,47.895198822021484
2020-01-27,47.506858825683594
2020-01-28,48.432899475097656
2020-01-29,47.994773864746094
2020-01-30,47.935028076171875
2020-01-31,46.77996826171875
2020-02-03,47.07868957519531
2020-02-04,47.29775619506836
2020-02-05,48.22379684448242
2020-02-06,48.0246467590332
2020-02-07,47.715965270996094
2020-02-10,48.15409469604492
2020-02-11,48.602176666259766
2020-02-12,48.831199645996094
2020-02-13,48.78141403198242
2020-02-14,49.00047302246094
2020-02-18,48.671878814697266
2020-02-19,48.711708068847656
2020-02-20,49.020389556884766
2020-02-21,48.761497497558594
2020-02-24,47.556644439697266
2020-02-25,45.873844146728516
2020-02-26,44.748653411865234
2020-02-27,43.62346649169922
2020-02-28,42.478363037109375
2020-03-02,44.00184631347656
2020-03-03,43.61350631713867
2020-03-04,45.774269104003906
2020-03-05,44.14125442504883
2020-03-06,42.98619079589844
2020-03-09,39.3816032409668
2020-03-10,40.88517761230469
2020-03-11,37.80833435058594
2020-03-12,33.51668167114258
2020-03-13,35.040164947509766
2020-03-16,28.597715377807617
2020-03-17,28.508098602294922
2020-03-18,25.590576171875
2020-03-19,26.87508201599121
2020-03-20,25.49100112915039
2020-03-23,24.719999313354492
2020-03-24,28.540000915527344
2020-03-25,30.56999969482422
2020-03-26,31.920000076293945
2020-03-27,30.610000610351562
2020-03-30,30.809999465942383
2020-03-31,29.790000915527344
2020-04-01,27.34000015258789
2020-04-02,27.239999771118164
2020-04-03,26.479999542236328
2020-04-06,29.81999969482422
2020-04-07,30.579999923706055
2020-04-08,32.560001373291016
2020-04-09,33.79999923706055
2020-04-13,32.279998779296875
2020-04-14,33.18000030517578
2020-04-15,31.329999923706055
2020-04-16,31.219999313354492
